[
  {
    "category": "1",
    "app": "Chrome",
    "id": "1",
    "context": "學英文",
    "time": "2017/05/25 11:36:19",
    "event": "type"
  },
  {
    "category": "1",
    "app": "Chrome",
    "id": "2",
    "context": "學英文",
    "time": "2017/05/25 11:36:19",
    "event": "click"
  },
  {
    "category": "1",
    "app": "Chrome",
    "id": "3",
    "context": "學英文",
    "time": "2017/05/25 11:36:19",
    "event": "slide"
  },
  {
    "category": "1",
    "app": "Chrome",
    "id": "4",
    "context": "看美劇學英文，一定要知道的四大技巧-etalking線上英語",
    "time": "2017/05/25 11:36:19",
    "event": "click"
  },
  {
    "category": "1",
    "app": "Chrome",
    "id": "5",
    "context": "看美劇學英文，一定要知道的四大技巧-etalking線上英語",
    "time": "2017/05/25 11:36:19",
    "event": "slide"
  },
  {
    "category": "1",
    "app": "Chrome",
    "id": "6",
    "context": "老師！我不會寫筆記！別擔心，今天推薦你用這些抄筆記法，背單字超實用-voicetube英文學習部落格：教你學英文的好方法",
    "time": "2017/05/25 11:37:00",
    "event": "click"
  },
  {
    "category": "1",
    "app": "Chrome",
    "id": "7",
    "context": "老師！我不會寫筆記！別擔心，今天推薦你用這些抄筆記法，背單字超實用-voicetube英文學習部落格：教你學英文的好方法",
    "time": "2017/05/25 11:37:00",
    "event": "slide"
  }
]