[
  {
    "category": "2",
    "app": "Chrome",
    "id": "8",
    "context": "臺塑關係企業招募職缺網",
    "time": "2017/05/25 11:39:01",
    "event": "type"
  },
  {
    "category": "2",
    "app": "Chrome",
    "id": "9",
    "context": "臺塑關係企業招募職缺網",
    "time": "2017/05/25 11:39:01",
    "event": "click"
  },
  {
    "category": "2",
    "app": "Chrome",
    "id": "10",
    "context": "臺塑關係企業招募職缺網",
    "time": "2017/05/25 11:39:01",
    "event": "slide"
  },
  {
    "category": "2",
    "app": "Chrome",
    "id": "11",
    "context": "臺塑企業人才招募網臺塑企業招募職缺將不定期開放，竭誠的歡迎您加入臺塑企業這個大家庭！",
    "time": "2017/05/25 11:39:20",
    "event": "click"
  },
  {
    "category": "2",
    "app": "Chrome",
    "id": "12",
    "context": "臺塑企業人才招募網臺塑企業招募職缺將不定期開放，竭誠的歡迎您加入臺塑企業這個大家庭！",
    "time": "2017/05/25 11:39:20",
    "event": "slide"
  },
  {
    "category": "2",
    "app": "Chrome",
    "id": "13",
    "context": "104人力銀行招募職缺",
    "time": "2017/05/25 11:42:00",
    "event": "type"
  },
  {
    "category": "2",
    "app": "Chrome",
    "id": "14",
    "context": "104人力銀行招募職缺",
    "time": "2017/05/25 11:42:00",
    "event": "click"
  },
  {
    "category": "2",
    "app": "Chrome",
    "id": "15",
    "context": "104人力銀行招募職缺",
    "time": "2017/05/25 11:42:00",
    "event": "slide"
  },
  {
    "category": "2",
    "app": "Chrome",
    "id": "16",
    "context": "會員登入-104人力銀行招募職缺",
    "time": "2017/05/25 11:42:00",
    "event": "click"
  },
  {
    "category": "2",
    "app": "Chrome",
    "id": "17",
    "context": "會員登入-104人力銀行招募職缺",
    "time": "2017/05/25 11:42:00",
    "event": "slide"
  },
  {
    "category": "2",
    "app": "Chrome",
    "id": "18",
    "context": "104人力銀行招募職缺-工作機會數領先",
    "time": "2017/05/25 11:42:17",
    "event": "slide"
  },
  {
    "category": "2",
    "app": "Chrome",
    "id": "19",
    "context": "大學生畢業找工作建議與職缺推薦招募職缺-社會新鮮人專區",
    "time": "2017/05/25 11:42:49",
    "event": "click"
  },
  {
    "category": "2",
    "app": "Chrome",
    "id": "20",
    "context": "大學生畢業找工作建議與職缺推薦招募職缺-社會新鮮人專區",
    "time": "2017/05/25 11:42:49",
    "event": "slide"
  },
  {
    "category": "2",
    "app": "Chrome",
    "id": "21",
    "context": "看過我的公司-104人力銀行招募職缺",
    "time": "2017/05/25 11:43:33",
    "event": "click"
  },
  {
    "category": "2",
    "app": "Chrome",
    "id": "22",
    "context": "看過我的公司-104人力銀行招募職缺",
    "time": "2017/05/25 11:43:33",
    "event": "slide"
  },
  {
    "category": "2",
    "app": "Chrome",
    "id": "23",
    "context": "配對工作-104人力銀行招募職缺",
    "time": "2017/05/25 11:43:56",
    "event": "click"
  },
  {
    "category": "2",
    "app": "Chrome",
    "id": "24",
    "context": "配對工作-104人力銀行招募職缺",
    "time": "2017/05/25 11:43:56",
    "event": "slide"
  }
]