[
  {
    "category": "3",
    "app": "Chrome",
    "id": "25",
    "context": "夾娃娃技巧",
    "time": "2017/05/25 11:50:51",
    "event": "type"
  },
  {
    "category": "3",
    "app": "Chrome",
    "id": "26",
    "context": "夾娃娃技巧",
    "time": "2017/05/25 11:50:51",
    "event": "click"
  },
  {
    "category": "3",
    "app": "Chrome",
    "id": "27",
    "context": "夾娃娃技巧",
    "time": "2017/05/25 11:50:51",
    "event": "slide"
  },
  {
    "category": "3",
    "app": "Chrome",
    "id": "28",
    "context": "高手親授：夾娃娃祕技，一試真的靈驗了|新唐人電視臺(手機版)",
    "time": "2017/05/25 11:51:28",
    "event": "click"
  },
  {
    "category": "3",
    "app": "Chrome",
    "id": "29",
    "context": "高手親授：夾娃娃祕技，一試真的靈驗了|新唐人電視臺(手機版)",
    "time": "2017/05/25 11:51:28",
    "event": "slide"
  },
  {
    "category": "3",
    "app": "Chrome",
    "id": "30",
    "context": "剪娃娃機技巧",
    "time": "2017/05/25 11:54:17",
    "event": "slide"
  }
]