[
  {
    "category": "1",
    "app": "Messenger",
    "id": "1",
    "context": "沒有啦覺得這個實驗應該很好玩嗯嗯而且應該很簡單嗯…....妳聽過惠蓀幹訓嗎？那啥新生訓練的哦呃…據說很有意義的幹部訓練學生會辦的學校協辦什麼活動阿什麼幹部不限有點類似成長營?!激發你的潛能我好像在小禮堂外面有看到海報實驗開始了欸很奇妙的實驗",
    "time": "2017/06/07 10:42:20",
    "event": "slide"
  },
  {
    "category": "1",
    "app": "Messenger",
    "id": "2",
    "context": "就是先下載一個名為\"手機使用測試\"的影片然後讓我滑手機滑一個小時不要看影片玩遊戲就好*的app.",
    "time": "2017/06/07 10:43:40",
    "event": "type"
  },
  {
    "category": "1",
    "app": "Messenger",
    "id": "4",
    "context": "沒有啦覺得這個實驗應該很好玩嗯嗯而且應該很簡單嗯…....妳聽過惠蓀幹訓嗎？那啥新生訓練的哦呃…據說很有意義的幹部訓練學生會辦的學校協辦什麼活動阿什麼幹部不限有點類似成長營?!激發你的潛能我好像在小禮堂外面有看到海報實驗開始了欸很奇妙的實驗就是先下載一個名為\"手機使用測試\"的影片然後讓我滑手機滑一個小時不要看影片玩遊戲就好*的app.",
    "time": "2017/06/07 10:43:42",
    "event": "slide"
  },
  {
    "category": "1",
    "app": "Messenger",
    "id": "5",
    "context": "沒有啦覺得這個實驗應該很好玩嗯嗯而且應該很簡單嗯…....妳聽過惠蓀幹訓嗎？那啥新生訓練的哦呃…據說很有意義的幹部訓練學生會辦的學校協辦什麼活動阿什麼幹部不限有點類似成長營?!激發你的潛能我好像在小禮堂外面有看到海報實驗開始了欸很奇妙的實驗就是先下載一個名為\"手機使用測試\"的影片然後讓我滑手機滑一個小時不要看影片玩遊戲就好*的app.不是影片感覺就是要調查使用習慣跟頻率吧不然就是在開發輔助app之類的",
    "time": "2017/06/07 10:43:55",
    "event": "slide"
  },
  {
    "category": "1",
    "app": "Messenger",
    "id": "6",
    "context": "對呀應該是前者來滑手機也蠻輕鬆的",
    "time": "2017/06/07 10:43:17",
    "event": "type"
  },
  {
    "category": "1",
    "app": "Messenger",
    "id": "8",
    "context": "沒有啦覺得這個實驗應該很好玩嗯嗯而且應該很簡單嗯…....妳聽過惠蓀幹訓嗎？那啥新生訓練的哦呃…據說很有意義的幹部訓練學生會辦的學校協辦什麼活動阿什麼幹部不限有點類似成長營?!激發你的潛能我好像在小禮堂外面有看到海報實驗開始了欸很奇妙的實驗就是先下載一個名為\"手機使用測試\"的影片然後讓我滑手機滑一個小時不要看影片玩遊戲就好*的app.不是影片感覺就是要調查使用習慣跟頻率吧不然就是在開發輔助app之類的對呀應該是前者來滑手機也蠻輕鬆的",
    "time": "2017/06/07 10:43:18",
    "event": "slide"
  },
  {
    "category": "1",
    "app": "Messenger",
    "id": "9",
    "context": "沒有啦覺得這個實驗應該很好玩嗯嗯而且應該很簡單嗯…....妳聽過惠蓀幹訓嗎？那啥新生訓練的哦呃…據說很有意義的幹部訓練學生會辦的學校協辦什麼活動阿什麼幹部不限有點類似成長營?!激發你的潛能我好像在小禮堂外面有看到海報實驗開始了欸很奇妙的實驗就是先下載一個名為\"手機使用測試\"的影片然後讓我滑手機滑一個小時不要看影片玩遊戲就好*的app.不是影片感覺就是要調查使用習慣跟頻率吧不然就是在開發輔助app之類的對呀應該是前者來滑手機也蠻輕鬆的嗯啊...",
    "time": "2017/06/07 10:43:24",
    "event": "slide"
  }
]