[
  {
    "category": "11",
    "app": "Dcard",
    "id": "29",
    "context": "zebra到底有什麼問題？相信住男宿的大家都知道也看過一名隨意亂塗鴉的低下限人士留下的zebra鬼畫符本來我是覺得在一些不起眼的地方畫，還比較可以讓人以\"藝術\"的眼光看待、包容然而今天在出文院車棚進外圍環道的時候，很自然地看了一下凸面鏡，卻發現連降低風險，真正有安全性需求的公物，上面都有亂七八糟的塗鴉影響面鏡可見度此舉真的令人無法忍受想請問大家，這種行為真的無法制止嗎？也奉勸那名塗鴉人士，若有良知，請自行清除隨意留下的塗鴉，特別是有可能危害到他人安全的地方不要讓自己所謂的態度，害自己成了過街老鼠",
    "time": "2017/06/07 11:17:00",
    "event": "click"
  },
  {
    "category": "11",
    "app": "Dcard",
    "id": "30",
    "context": "zebra到底有什麼問題？相信住男宿的大家都知道也看過一名隨意亂塗鴉的低下限人士留下的zebra鬼畫符本來我是覺得在一些不起眼的地方畫，還比較可以讓人以\"藝術\"的眼光看待、包容然而今天在出文院車棚進外圍環道的時候，很自然地看了一下凸面鏡，卻發現連降低風險，真正有安全性需求的公物，上面都有亂七八糟的塗鴉影響面鏡可見度此舉真的令人無法忍受想請問大家，這種行為真的無法制止嗎？也奉勸那名塗鴉人士，若有良知，請自行清除隨意留下的塗鴉，特別是有可能危害到他人安全的地方不要讓自己所謂的態度，害自己成了過街老鼠",
    "time": "2017/06/07 11:17:00",
    "event": "slide"
  }
]