[
  {
    "category": "12",
    "app": "Dcard",
    "id": "33",
    "context": "單身這件事在你有自己的事情要忙，且充實自己的時候沒有心思去想著感情這回事的時候通常愛情都會不經意的在這個時候來找你，你不想要都不行相反的如果整天想著「好想交女朋友喔」「為什麼我總是單身」然後整天嚷嚷「人帥真好，人醜性騷擾」我真心覺得沒救了..你不愛惜自己，充實自己，你居然還有時間奢望別人來愛你，欣賞你，來認識你。充實自己都快沒時間了，還有時間在那自我咆哮。別傻了。你以為愛情這東西真的會從天而降來給你嗎？胖就練身材沒錢就找工作醜就花心思打扮自己沒有男人/女人會喜歡一個不求上進的男生只要你肯做，肯對自己努力付出，先別說別人看不看的到，自己一定有所感覺。不要再抱怨了、時間是給你奮鬥的不是給你浪費來抱怨的。一個喜歡觀察人事物的路人183",
    "time": "2017/06/07 11:22:35",
    "event": "click"
  },
  {
    "category": "12",
    "app": "Dcard",
    "id": "34",
    "context": "單身這件事在你有自己的事情要忙，且充實自己的時候沒有心思去想著感情這回事的時候通常愛情都會不經意的在這個時候來找你，你不想要都不行相反的如果整天想著「好想交女朋友喔」「為什麼我總是單身」然後整天嚷嚷「人帥真好，人醜性騷擾」我真心覺得沒救了..你不愛惜自己，充實自己，你居然還有時間奢望別人來愛你，欣賞你，來認識你。充實自己都快沒時間了，還有時間在那自我咆哮。別傻了。你以為愛情這東西真的會從天而降來給你嗎？胖就練身材沒錢就找工作醜就花心思打扮自己沒有男人/女人會喜歡一個不求上進的男生只要你肯做，肯對自己努力付出，先別說別人看不看的到，自己一定有所感覺。不要再抱怨了、時間是給你奮鬥的不是給你浪費來抱怨的。一個喜歡觀察人事物的路人183",
    "time": "2017/06/07 11:22:35",
    "event": "slide"
  },
  {
    "category": "12",
    "app": "Dcard",
    "id": "35",
    "context": "醫學生的另一半生病卻只能自己照顧自己，睡了一整天很精神，突然有感來發個文。——我是分隔線——男朋友是醫學生，我們在不同的縣市念書。我跟他是在clerk見習醫師的時候開始的（不得不說他clerk時期真的有夠閑），到他現在剛進intern－實習醫師其實在決定交往前已經有考慮過之後的相處時間會變很少，知道他不可能像身邊的情侶一樣天天見。但從來沒有交過男朋友的我認為自己是一個很獨立的人，覺得反正不常見面也不會怎樣（攤手）之前魯了十幾年還不是自己活的好好的，纔不會在意區區一個男生呢事實證明，話不要說得太早我現在真的好想他⋯⋯上上禮拜他拿到了醫院的公務機，就是一個無論你在吃飯睡覺拉屎開車約會還是幹嘛都要放在身邊的電話，電話一來我男朋友就要飛奔到醫院的最強小三因為自己也是另類的醫生，所以很能體會在救急的當下，其他東西都比不上病患的性命雖然很不捨得，可是他們就是為別人的生命負責的人啊記得我發給他：我一定會非常非常非常的想你後，我們倆沈默了好幾分鐘，就像他說的一樣，我不敢想像他隨時都有可能被call走——前幾天一直練舞流汗又風吹，下雨又沒穿雨衣直接淋雨（想說反正練完舞身體都是濕的，真的有夠懶），就一不小心感冒了不能見面，他也只能叫我吃個acetaminophen昨天懶得出門看醫生，結果今天還該死的生理期來，上個廁所差點暈倒，想吐可是不想讓男朋友擔心，就沒有跟他說了也知道他根本無法抽空來看我，醫院裏多的是比我嚴重的病人，而病人們很需要他，我這比起來根本超普通的病當醫生的另一半，很多事情都要習慣自己去面對但在忙的時候，突然想起有一個人正在別的地方想著妳，一起努力著，就覺得沒那麼孤單了每天都等著你對我說：寶貝我終於下班了?然後對間歇性鳳梨體質的你說：親愛的辛苦你了❤️醫護人員的另一半大家都辛苦了——現在才發現自己打了好長一篇喔???謝謝你們看完單純自己有感而發不喜勿酸同樣角色可以代入軍人警察消防員喔啾咪只是剛好我男朋友是醫生無法體會其他職業的辛酸－我最需要的醫生是你啊",
    "time": "2017/06/07 11:22:41",
    "event": "click"
  },
  {
    "category": "12",
    "app": "Dcard",
    "id": "36",
    "context": "醫學生的另一半生病卻只能自己照顧自己，睡了一整天很精神，突然有感來發個文。——我是分隔線——男朋友是醫學生，我們在不同的縣市念書。我跟他是在clerk見習醫師的時候開始的（不得不說他clerk時期真的有夠閑），到他現在剛進intern－實習醫師其實在決定交往前已經有考慮過之後的相處時間會變很少，知道他不可能像身邊的情侶一樣天天見。但從來沒有交過男朋友的我認為自己是一個很獨立的人，覺得反正不常見面也不會怎樣（攤手）之前魯了十幾年還不是自己活的好好的，纔不會在意區區一個男生呢事實證明，話不要說得太早我現在真的好想他⋯⋯上上禮拜他拿到了醫院的公務機，就是一個無論你在吃飯睡覺拉屎開車約會還是幹嘛都要放在身邊的電話，電話一來我男朋友就要飛奔到醫院的最強小三因為自己也是另類的醫生，所以很能體會在救急的當下，其他東西都比不上病患的性命雖然很不捨得，可是他們就是為別人的生命負責的人啊記得我發給他：我一定會非常非常非常的想你後，我們倆沈默了好幾分鐘，就像他說的一樣，我不敢想像他隨時都有可能被call走——前幾天一直練舞流汗又風吹，下雨又沒穿雨衣直接淋雨（想說反正練完舞身體都是濕的，真的有夠懶），就一不小心感冒了不能見面，他也只能叫我吃個acetaminophen昨天懶得出門看醫生，結果今天還該死的生理期來，上個廁所差點暈倒，想吐可是不想讓男朋友擔心，就沒有跟他說了也知道他根本無法抽空來看我，醫院裏多的是比我嚴重的病人，而病人們很需要他，我這比起來根本超普通的病當醫生的另一半，很多事情都要習慣自己去面對但在忙的時候，突然想起有一個人正在別的地方想著妳，一起努力著，就覺得沒那麼孤單了每天都等著你對我說：寶貝我終於下班了?然後對間歇性鳳梨體質的你說：親愛的辛苦你了❤️醫護人員的另一半大家都辛苦了——現在才發現自己打了好長一篇喔???謝謝你們看完單純自己有感而發不喜勿酸同樣角色可以代入軍人警察消防員喔啾咪只是剛好我男朋友是醫生無法體會其他職業的辛酸－我最需要的醫生是你啊",
    "time": "2017/06/07 11:22:41",
    "event": "slide"
  },
  {
    "category": "12",
    "app": "Dcard",
    "id": "37",
    "context": "情侶9個重要的事今天是跟閃的1000天所以有感而發的想跟大家分享情侶9個需要注意並重要的事情但但但！都是我自己的經驗所以沒有所謂對錯～如果現在有男女朋友的或是目前單身的都可以參考啦??以下??????1信任感、安全感這真的對我自己來說很重要，我覺得兩個人在一起就是要給對方有信任，一方面對方可以放心，一方面對方不會因為這件事而跟你吵架，而要怎麼樣纔算是好的信任跟給對方安全感呢？我認為跟對方在一起就不該多跟異性有太多私底下的接觸，例如用手機聊天、單獨跟異性約出去等等有很多，我知道對某些人來說這樣限制很多，但我覺得這是基本尊重還有能避免讓自己出軌的事。正確來說，兩個人要先溝通好彼此的底線，才能給彼此信任跟安全感。但重要的事你要求對方要做到的事自己也要做好會比較恰當（我個人覺得啦2不隔夜吵很多人都說隔夜吵架不好，我認為是真的，當一件事情不馬上解決當下和好很容易會有翻舊帳或隔天繼續為這件事情吵架的情況發生，所以為了避免我覺得當下和好是很重要的～3沒有所謂的無理取鬧我自認為我是一個不會無理取鬧的人，因為所有的鬧一定都會有原因的！可是就偏偏男生不知道你為什麼生氣，這時候溝通真的就很重要了，妳必須跟他說你怎麼了（不然他永遠都不會知道），或者女生不說她怎麼了在生悶氣的時候男生需要趕快的思考剛剛發生了什麼事或今天做了什麼事情當下她不開心！4偶爾要給個小驚喜驚喜不一定要多用心準備，可以是送個金莎或是對方想要很久的東西，又或者是主動說聲我愛你等等都好，我覺得都能讓對方知道你是在乎的。5陪他做想做的事情或支持他這個我覺得對於男生很重要，他很需要有個支柱，還有在他不知道該怎麼辦的時候鼓勵他給他建議。還有妳可能會嫌他打電動打很久之類的，那就陪他一起玩吧。相反的女生看韓劇你也要一起陪他看?6要一起定一個目標並且一起完成像我跟閃的目標就是他上北科我上北護，所以我會為了他讀書，他也為了我讀書？（我不知道?）還有一起結婚一起生小孩等等也可以計畫一起存錢出國玩等等但重點是需要兩個人一起才能達成的目標。7是要能一起走一輩子的人這對我來說也蠻重要的，我交男朋友的目的就是能交一個能在一起一輩子的人，所以就代表一定是要能結婚的那種！老實說我前幾任都不是以這個心態在一起的，所以自然而然覺得分手也沒關係，當下只想要有人陪而已，但這真的不好，你浪費了你的時間也浪費了別人的時間，那不如不要在一起比較好。8融入彼此的生活這點我很謝謝閃，他完全融入了我的生活，我的朋友、我的家人、從小到大去的教會，他都融入了，反而是我我還在學習??融入彼此的生活是需要時間的，但融入彼此的生活的好處就是你可以完完全全瞭解這個人的過去跟他所有的一切。但壞處就是分手會很慘?9同一個信仰或一樣的價值觀這點我也很謝謝閃，他願意來教會，現在也是慕道友還服事兒主，每天晚上如果沒有意外都會一起睡前禱告，謝謝上帝讓我們見面等等感謝上帝或是幫對方的需要禱告。如果沒有信仰也沒關係至少價值觀要一樣這樣對彼此都好，不然真的會很常吵架等等的?------------------------------感謝你看完我的文也祝福你跟你男女朋友都能幸福♥️沒有的也不要難過在這段時間好好的讓自己過得好讓自己有魅力，只是時間還沒到而已加油?",
    "time": "2017/06/07 11:26:28",
    "event": "click"
  },
  {
    "category": "12",
    "app": "Dcard",
    "id": "38",
    "context": "情侶9個重要的事今天是跟閃的1000天所以有感而發的想跟大家分享情侶9個需要注意並重要的事情但但但！都是我自己的經驗所以沒有所謂對錯～如果現在有男女朋友的或是目前單身的都可以參考啦??以下??????1信任感、安全感這真的對我自己來說很重要，我覺得兩個人在一起就是要給對方有信任，一方面對方可以放心，一方面對方不會因為這件事而跟你吵架，而要怎麼樣纔算是好的信任跟給對方安全感呢？我認為跟對方在一起就不該多跟異性有太多私底下的接觸，例如用手機聊天、單獨跟異性約出去等等有很多，我知道對某些人來說這樣限制很多，但我覺得這是基本尊重還有能避免讓自己出軌的事。正確來說，兩個人要先溝通好彼此的底線，才能給彼此信任跟安全感。但重要的事你要求對方要做到的事自己也要做好會比較恰當（我個人覺得啦2不隔夜吵很多人都說隔夜吵架不好，我認為是真的，當一件事情不馬上解決當下和好很容易會有翻舊帳或隔天繼續為這件事情吵架的情況發生，所以為了避免我覺得當下和好是很重要的～3沒有所謂的無理取鬧我自認為我是一個不會無理取鬧的人，因為所有的鬧一定都會有原因的！可是就偏偏男生不知道你為什麼生氣，這時候溝通真的就很重要了，妳必須跟他說你怎麼了（不然他永遠都不會知道），或者女生不說她怎麼了在生悶氣的時候男生需要趕快的思考剛剛發生了什麼事或今天做了什麼事情當下她不開心！4偶爾要給個小驚喜驚喜不一定要多用心準備，可以是送個金莎或是對方想要很久的東西，又或者是主動說聲我愛你等等都好，我覺得都能讓對方知道你是在乎的。5陪他做想做的事情或支持他這個我覺得對於男生很重要，他很需要有個支柱，還有在他不知道該怎麼辦的時候鼓勵他給他建議。還有妳可能會嫌他打電動打很久之類的，那就陪他一起玩吧。相反的女生看韓劇你也要一起陪他看?6要一起定一個目標並且一起完成像我跟閃的目標就是他上北科我上北護，所以我會為了他讀書，他也為了我讀書？（我不知道?）還有一起結婚一起生小孩等等也可以計畫一起存錢出國玩等等但重點是需要兩個人一起才能達成的目標。7是要能一起走一輩子的人這對我來說也蠻重要的，我交男朋友的目的就是能交一個能在一起一輩子的人，所以就代表一定是要能結婚的那種！老實說我前幾任都不是以這個心態在一起的，所以自然而然覺得分手也沒關係，當下只想要有人陪而已，但這真的不好，你浪費了你的時間也浪費了別人的時間，那不如不要在一起比較好。8融入彼此的生活這點我很謝謝閃，他完全融入了我的生活，我的朋友、我的家人、從小到大去的教會，他都融入了，反而是我我還在學習??融入彼此的生活是需要時間的，但融入彼此的生活的好處就是你可以完完全全瞭解這個人的過去跟他所有的一切。但壞處就是分手會很慘?9同一個信仰或一樣的價值觀這點我也很謝謝閃，他願意來教會，現在也是慕道友還服事兒主，每天晚上如果沒有意外都會一起睡前禱告，謝謝上帝讓我們見面等等感謝上帝或是幫對方的需要禱告。如果沒有信仰也沒關係至少價值觀要一樣這樣對彼此都好，不然真的會很常吵架等等的?------------------------------感謝你看完我的文也祝福你跟你男女朋友都能幸福♥️沒有的也不要難過在這段時間好好的讓自己過得好讓自己有魅力，只是時間還沒到而已加油?",
    "time": "2017/06/07 11:26:28",
    "event": "slide"
  },
  {
    "category": "12",
    "app": "Dcard",
    "id": "39",
    "context": "愛她就不能跟她上牀?希望原po能跟男友百年好合不知道他能撐多久呵呵文章中只一直看到提到這不是妳的義務責任一點也不感覺有任何考慮妳男友的想法（就跟你買了一個麵包，現在不餓，所以還沒吃一樣。幹嘛我只是不餓還沒吃，你就說我不喜歡==？我傻嗎？不喜歡買來銃三小）看到這就覺得可笑，同理可證妳男友也是買了塊麵包他餓了想吃，麵包卻說你都餓了20幾年了還差現在嗎，不覺得很奇怪嗎呵呵這明明就只是一個價值觀的問題，合就做不合就分，真的沒必要把想做愛的男性醜化成這樣，這只會讓其他女性更認為想做愛是什麼丟臉的事。",
    "time": "2017/06/07 11:26:59",
    "event": "click"
  },
  {
    "category": "12",
    "app": "Dcard",
    "id": "40",
    "context": "愛她就不能跟她上牀?希望原po能跟男友百年好合不知道他能撐多久呵呵文章中只一直看到提到這不是妳的義務責任一點也不感覺有任何考慮妳男友的想法（就跟你買了一個麵包，現在不餓，所以還沒吃一樣。幹嘛我只是不餓還沒吃，你就說我不喜歡==？我傻嗎？不喜歡買來銃三小）看到這就覺得可笑，同理可證妳男友也是買了塊麵包他餓了想吃，麵包卻說你都餓了20幾年了還差現在嗎，不覺得很奇怪嗎呵呵這明明就只是一個價值觀的問題，合就做不合就分，真的沒必要把想做愛的男性醜化成這樣，這只會讓其他女性更認為想做愛是什麼丟臉的事。",
    "time": "2017/06/07 11:26:59",
    "event": "slide"
  },
  {
    "category": "12",
    "app": "Dcard",
    "id": "41",
    "context": "如果我記的沒有錯，那段麵包，我談的是不需要不等於不喜歡。不知道是我的遣詞用字不當還是你斷章取義了。再者，我不認為想做愛有錯啊。就像那篇有一個女孩子說的，這可以是愛欲可以是交流，只是不需要是“責任”。此外，感激你的祝福。真的我也覺得原原po的想法過於偏頗還說我可以接受幫男友弄但是他也有手為何不是他弄真覺得不要用太過強勢的態度要別人跟自己一樣價值觀不同罷了一直爭沒什麼意義",
    "time": "2017/06/07 11:27:49",
    "event": "click"
  },
  {
    "category": "12",
    "app": "Dcard",
    "id": "42",
    "context": "如果我記的沒有錯，那段麵包，我談的是不需要不等於不喜歡。不知道是我的遣詞用字不當還是你斷章取義了。再者，我不認為想做愛有錯啊。就像那篇有一個女孩子說的，這可以是愛欲可以是交流，只是不需要是“責任”。此外，感激你的祝福。真的我也覺得原原po的想法過於偏頗還說我可以接受幫男友弄但是他也有手為何不是他弄真覺得不要用太過強勢的態度要別人跟自己一樣價值觀不同罷了一直爭沒什麼意義",
    "time": "2017/06/07 11:27:49",
    "event": "slide"
  },
  {
    "category": "12",
    "app": "Dcard",
    "id": "53",
    "context": "你即將成為別人的新娘我們當初在一起大約也有5年多的時間了吧而我們都曾因為貪玩傷害了對方但也陪對方經歷了很多大大小小的事情家裡過年會帶著你到處拜年所有的親戚朋友都幾乎認定你是我們家的媳婦而你也陪我熬過失去家人的痛苦最後我們還是選擇分開了感情中已經沒有信任那在一起也失去了意義我單身之後也不乏女生告白我卻拒絕了我想在完全放下你之後的感情纔算對他們公平但我依然無法忘記你在一起太久生活有太多的點滴與你相關但當我再次聯絡你的時候你卻無法忘記當初我帶給你的傷害縱然對彼此都還有感情但已經不適合在一起了之後我和別人在一起了試著藉由另一段感情沖淡我們間的回憶我知道這樣很糟糕我選擇了一個愛我的只希望不要再一次在感情中傷痕累累我以為感情是可以培養的最後卻證明我錯的一塌糊塗時間慢慢的過去了我試過也努力過卻再也沒有人能帶給我相同的感覺我還是不爭氣的密你希望能再次得到你的消息就算是用朋友的身分得到的是你即將結婚的消息心中涌上的卻是滿滿的後悔或許註定今生我們只能像是兩條平行線不再有交集或許註定今生我們的緣分將盡前陣子將你當初分開時所分享給我的每一首歌聽過一遍才明白當初的你有多麼難過那首你就不要想起我唱的有多麼聲嘶力竭掏心掏肺你是我今生最想娶的女人如今即將成為別人的新娘我能奉上的只有祝福希望你在這段感情中能過得安穩且幸福別再為愛受苦祝你幸福",
    "time": "2017/06/07 11:33:45",
    "event": "click"
  },
  {
    "category": "12",
    "app": "Dcard",
    "id": "54",
    "context": "你即將成為別人的新娘我們當初在一起大約也有5年多的時間了吧而我們都曾因為貪玩傷害了對方但也陪對方經歷了很多大大小小的事情家裡過年會帶著你到處拜年所有的親戚朋友都幾乎認定你是我們家的媳婦而你也陪我熬過失去家人的痛苦最後我們還是選擇分開了感情中已經沒有信任那在一起也失去了意義我單身之後也不乏女生告白我卻拒絕了我想在完全放下你之後的感情纔算對他們公平但我依然無法忘記你在一起太久生活有太多的點滴與你相關但當我再次聯絡你的時候你卻無法忘記當初我帶給你的傷害縱然對彼此都還有感情但已經不適合在一起了之後我和別人在一起了試著藉由另一段感情沖淡我們間的回憶我知道這樣很糟糕我選擇了一個愛我的只希望不要再一次在感情中傷痕累累我以為感情是可以培養的最後卻證明我錯的一塌糊塗時間慢慢的過去了我試過也努力過卻再也沒有人能帶給我相同的感覺我還是不爭氣的密你希望能再次得到你的消息就算是用朋友的身分得到的是你即將結婚的消息心中涌上的卻是滿滿的後悔或許註定今生我們只能像是兩條平行線不再有交集或許註定今生我們的緣分將盡前陣子將你當初分開時所分享給我的每一首歌聽過一遍才明白當初的你有多麼難過那首你就不要想起我唱的有多麼聲嘶力竭掏心掏肺你是我今生最想娶的女人如今即將成為別人的新娘我能奉上的只有祝福希望你在這段感情中能過得安穩且幸福別再為愛受苦祝你幸福",
    "time": "2017/06/07 11:33:45",
    "event": "slide"
  },
  {
    "category": "12",
    "app": "Dcard",
    "id": "55",
    "context": "沒有像一開始一樣喜歡你了：我沒有像以前喜歡你那樣那麼喜歡你了。在一起兩個月前1/2的熱戀中1/4的冷淡後1/4的冷戰5/4up的朋友又或許不如朋友分手那晚妳說妳沒勇氣不知道怎麼提分手於是我提了分手或許是我自作聰明但我心疼的是妳在我的愛裡掙扎如此不如讓妳自由的飛這短暫的時間我們經歷的是愛的甜和酸澀這短暫的時間我們談了場冰山一角的戀愛很多事來不及做話也來不及說：欸，妳家的鑰匙我放妳桌上了。那晚我在妳房間我們抱著哭抱著笑那晚我們在熱淚中相擁那晚我吻了妳最後一次妳的淚是熱的但妳的脣很冷或許我真的很失敗才能讓一個真的喜歡我的女生在一個月內不再愛我了或許我給的愛是窒息。關於適合不適合不愛了就都沒意義了吧我們的愛或許就像這顆石頭吧顯露出的一角已是滿滿尖銳或凹陷的傷痕這樣的我們真的免強不來了吧對於放下妳我還需要一點時間因為我真的愛妳",
    "time": "2017/06/07 11:34:03",
    "event": "click"
  },
  {
    "category": "12",
    "app": "Dcard",
    "id": "56",
    "context": "沒有像一開始一樣喜歡你了：我沒有像以前喜歡你那樣那麼喜歡你了。在一起兩個月前1/2的熱戀中1/4的冷淡後1/4的冷戰5/4up的朋友又或許不如朋友分手那晚妳說妳沒勇氣不知道怎麼提分手於是我提了分手或許是我自作聰明但我心疼的是妳在我的愛裡掙扎如此不如讓妳自由的飛這短暫的時間我們經歷的是愛的甜和酸澀這短暫的時間我們談了場冰山一角的戀愛很多事來不及做話也來不及說：欸，妳家的鑰匙我放妳桌上了。那晚我在妳房間我們抱著哭抱著笑那晚我們在熱淚中相擁那晚我吻了妳最後一次妳的淚是熱的但妳的脣很冷或許我真的很失敗才能讓一個真的喜歡我的女生在一個月內不再愛我了或許我給的愛是窒息。關於適合不適合不愛了就都沒意義了吧我們的愛或許就像這顆石頭吧顯露出的一角已是滿滿尖銳或凹陷的傷痕這樣的我們真的免強不來了吧對於放下妳我還需要一點時間因為我真的愛妳",
    "time": "2017/06/07 11:34:03",
    "event": "slide"
  },
  {
    "category": "12",
    "app": "Dcard",
    "id": "59",
    "context": "如何叫醒女友每天早上我都是準時的人體鬧鐘工作內容就是打電話給我的金魚腦女友叫她起牀慣例10:00第一通起牀氣鬧鐘再來就是10:30第二通貪睡鬧鐘今天她很難叫一直發出像豬叫的聲音然後語無倫次所以想了一個新點子(第二通撥號中...)她:喂…ㄍㄡˊ(豬叫)我:起牀啦臭頭豬!她:嗯~~~我:你清醒沒?她:嗯~~~~我:真的?她:嗯~~~~~ㄍㄡˊ我:我不信,不然我出個題目你回答的出來就ok她:嗯...我:1+1等於多少?她:2...我:很好,哪5+3等於?她:5...我:........妳根本沒清醒啊(翻桌)她:不對是8我:好,那1587+3964等於多少?她:.............靠我不會啦!我:哈哈哈!好啦我醒著也不會,不然最後一題21+51等於?她:嗯.......22嗎?我:好吧你沒救了...她:ㄍㄡˊ所以到底清醒沒我也不知道了仔細想想這樣好像是數學老師錯吧?金魚腦女友的日常",
    "time": "2017/06/07 11:35:39",
    "event": "click"
  },
  {
    "category": "12",
    "app": "Dcard",
    "id": "60",
    "context": "如何叫醒女友每天早上我都是準時的人體鬧鐘工作內容就是打電話給我的金魚腦女友叫她起牀慣例10:00第一通起牀氣鬧鐘再來就是10:30第二通貪睡鬧鐘今天她很難叫一直發出像豬叫的聲音然後語無倫次所以想了一個新點子(第二通撥號中...)她:喂…ㄍㄡˊ(豬叫)我:起牀啦臭頭豬!她:嗯~~~我:你清醒沒?她:嗯~~~~我:真的?她:嗯~~~~~ㄍㄡˊ我:我不信,不然我出個題目你回答的出來就ok她:嗯...我:1+1等於多少?她:2...我:很好,哪5+3等於?她:5...我:........妳根本沒清醒啊(翻桌)她:不對是8我:好,那1587+3964等於多少?她:.............靠我不會啦!我:哈哈哈!好啦我醒著也不會,不然最後一題21+51等於?她:嗯.......22嗎?我:好吧你沒救了...她:ㄍㄡˊ所以到底清醒沒我也不知道了仔細想想這樣好像是數學老師錯吧?金魚腦女友的日常",
    "time": "2017/06/07 11:35:39",
    "event": "slide"
  },
  {
    "category": "12",
    "app": "Dcard",
    "id": "61",
    "context": "當年輕成為一種煎熬，你，只能孤單面對？她喜歡你以前我也會傳愛心，但是是一種帶有感謝之情的意思，比如你幫了我一個大忙，我會說謝謝你喔♥但是後來發現傳愛心會被誤解成其他意思，我就沒再傳過了。所以我覺得不要單憑這個判斷吧！有可能對方跟我之前一樣並沒什麼意思",
    "time": "2017/06/07 11:36:12",
    "event": "click"
  },
  {
    "category": "12",
    "app": "Dcard",
    "id": "62",
    "context": "當年輕成為一種煎熬，你，只能孤單面對？她喜歡你以前我也會傳愛心，但是是一種帶有感謝之情的意思，比如你幫了我一個大忙，我會說謝謝你喔♥但是後來發現傳愛心會被誤解成其他意思，我就沒再傳過了。所以我覺得不要單憑這個判斷吧！有可能對方跟我之前一樣並沒什麼意思",
    "time": "2017/06/07 11:36:12",
    "event": "slide"
  }
]