[
  {
    "category": "13",
    "app": "Chrome",
    "id": "43",
    "context": "nba臺灣|聯合新聞網提供nba美國職籃完整資訊，包含中文字幕影音、精彩highlights、文字轉播、最新消息、精彩圖輯、球隊與球員詳細數據、賽程比分、名家專欄等內容。",
    "time": "2017/06/07 11:29:26",
    "event": "click"
  },
  {
    "category": "13",
    "app": "Chrome",
    "id": "44",
    "context": "nba臺灣|聯合新聞網提供nba美國職籃完整資訊，包含中文字幕影音、精彩highlights、文字轉播、最新消息、精彩圖輯、球隊與球員詳細數據、賽程比分、名家專欄等內容。",
    "time": "2017/06/07 11:29:26",
    "event": "slide"
  },
  {
    "category": "13",
    "app": "Chrome",
    "id": "45",
    "context": "nbataiwan|賽程提供nba美國職籃完整資訊，包含中文字幕影音、精彩highlights、文字轉播、最新消息、精彩圖輯、球隊與球員詳細數據、賽程比分、名家專欄等內容。",
    "time": "2017/06/07 11:29:55",
    "event": "click"
  },
  {
    "category": "13",
    "app": "Chrome",
    "id": "46",
    "context": "nbataiwan|賽程提供nba美國職籃完整資訊，包含中文字幕影音、精彩highlights、文字轉播、最新消息、精彩圖輯、球隊與球員詳細數據、賽程比分、名家專欄等內容。",
    "time": "2017/06/07 11:29:55",
    "event": "slide"
  },
  {
    "category": "13",
    "app": "Dcard",
    "id": "63",
    "context": "＃籃球進攻犯規先附上影片https://m.facebook.com/story.php?story_fbid=1820134594950186&id=1376695819294068裡面提到防守球員是可以沿著同一方向移動所以說如果有一個一直往自己衝然後自己的後移速度比較慢（一直有在退）結果被撞倒的話還是進攻犯規囉？",
    "time": "2017/06/07 11:36:36",
    "event": "click"
  },
  {
    "category": "13",
    "app": "Dcard",
    "id": "64",
    "context": "＃籃球進攻犯規先附上影片https://m.facebook.com/story.php?story_fbid=1820134594950186&id=1376695819294068裡面提到防守球員是可以沿著同一方向移動所以說如果有一個一直往自己衝然後自己的後移速度比較慢（一直有在退）結果被撞倒的話還是進攻犯規囉？",
    "time": "2017/06/07 11:36:36",
    "event": "slide"
  }
]