[
  {
    "category": "14",
    "app": "Dcard",
    "id": "49",
    "context": "面試完有一種無力感這是抱怨文不喜可先離開謝謝每次投了履歷就希望公司可以叫我去面試投了上下大概20多家都已讀不回比line還要煎熬有了面試機會去了面試也談得很開心感覺有機會上了！結果不是等通知不然就叫我留意電話每天都注意手機有沒有漏接偏偏打來的都是不是我要的已經沒有動力推著我了我還能走多久呢？",
    "time": "2017/06/07 11:32:38",
    "event": "click"
  },
  {
    "category": "14",
    "app": "Dcard",
    "id": "50",
    "context": "面試完有一種無力感這是抱怨文不喜可先離開謝謝每次投了履歷就希望公司可以叫我去面試投了上下大概20多家都已讀不回比line還要煎熬有了面試機會去了面試也談得很開心感覺有機會上了！結果不是等通知不然就叫我留意電話每天都注意手機有沒有漏接偏偏打來的都是不是我要的已經沒有動力推著我了我還能走多久呢？",
    "time": "2017/06/07 11:32:38",
    "event": "slide"
  }
]