[
  {
    "category": "15",
    "app": "Dcard",
    "id": "51",
    "context": "關於下大雨的麥當勞外送為一個前外送員，其實我還蠻同意那篇文原po的想法的。畢竟如果雨大到騎車出去很危險，外送的時候不只視線不清楚，也很容易因為積水犁田但是我不懂，明明他那篇文表達的這麼清楚，希望大家不要抱怨雨天外送速度慢以及餐點溫度的問題，為甚麼下面回應全都在鬼打牆說：「不爽不要當外送員」「你如果沒能力改變公司就閉嘴」「難道警察醫生能因為工作的風險所以不做嗎」之類的話嘿！朋友們！我們不是都已經去送了嗎？雨天騎車要降低車速，我相信大家都知道吧？那為什麼要抱怨外送等很久呢？下雨溫度低大家也都知道吧？那為什麼要抱怨餐點溫度不夠高呢？想吃熱騰騰的現做餐點，為甚麼會叫外送呢？少一點抱怨，多給辛苦的人一點笑容，別人上班辛苦的時候稍微有一點同理心，拿到餐點的時候給他一個笑容跟他說一聲辛苦了不就好了嗎？真不懂迴文硬要嘴的人在想什麼，滿滿的鬼打牆回應，文章不看完就斷章取義，我看很多人根本就只是為了罵人而罵人，而不是針對事情討論吧。",
    "time": "2017/06/07 11:33:36",
    "event": "click"
  },
  {
    "category": "15",
    "app": "Dcard",
    "id": "52",
    "context": "關於下大雨的麥當勞外送為一個前外送員，其實我還蠻同意那篇文原po的想法的。畢竟如果雨大到騎車出去很危險，外送的時候不只視線不清楚，也很容易因為積水犁田但是我不懂，明明他那篇文表達的這麼清楚，希望大家不要抱怨雨天外送速度慢以及餐點溫度的問題，為甚麼下面回應全都在鬼打牆說：「不爽不要當外送員」「你如果沒能力改變公司就閉嘴」「難道警察醫生能因為工作的風險所以不做嗎」之類的話嘿！朋友們！我們不是都已經去送了嗎？雨天騎車要降低車速，我相信大家都知道吧？那為什麼要抱怨外送等很久呢？下雨溫度低大家也都知道吧？那為什麼要抱怨餐點溫度不夠高呢？想吃熱騰騰的現做餐點，為甚麼會叫外送呢？少一點抱怨，多給辛苦的人一點笑容，別人上班辛苦的時候稍微有一點同理心，拿到餐點的時候給他一個笑容跟他說一聲辛苦了不就好了嗎？真不懂迴文硬要嘴的人在想什麼，滿滿的鬼打牆回應，文章不看完就斷章取義，我看很多人根本就只是為了罵人而罵人，而不是針對事情討論吧。",
    "time": "2017/06/07 11:33:36",
    "event": "slide"
  }
]