[
  {
    "category": "16",
    "app": "Dcard",
    "id": "57",
    "context": "早餐店店員態度昨天和朋友去某間早餐店吃早餐，因為一開始沒什麼人我們就坐在角落的四人桌旁邊椅子放揹包。後來人越來越多，我們隔壁是兩人桌來三人要來吃早餐，他們拉了我後面兩人桌的一張椅子過去～（所以後面那兩人桌只剩一個椅子過沒多久，我們吃到剩兩塊蛋餅，店員就來說，我們有四個客人，你們可以換到後面那桌嗎？謝謝。然後發現椅子只剩一張，店員就問一下隔壁的你們三個人喔？他們說對，然後店員就走了...我們兩個就傻眼，這樣是要我們兩個坐哪=.=我們就默默趕快吃完走出去～（店員也都沒有要來補椅子）走出去才發現那四個客人根本都還沒進來，還在點單=—=難得早上去吃早餐～感覺就很差?他們可能想多點客人，但前面進去吃的也是客人吧～沒位子本來就要等了，要別人換位子也要去搬張椅子給我們吧",
    "time": "2017/06/07 11:34:34",
    "event": "click"
  },
  {
    "category": "16",
    "app": "Dcard",
    "id": "58",
    "context": "早餐店店員態度昨天和朋友去某間早餐店吃早餐，因為一開始沒什麼人我們就坐在角落的四人桌旁邊椅子放揹包。後來人越來越多，我們隔壁是兩人桌來三人要來吃早餐，他們拉了我後面兩人桌的一張椅子過去～（所以後面那兩人桌只剩一個椅子過沒多久，我們吃到剩兩塊蛋餅，店員就來說，我們有四個客人，你們可以換到後面那桌嗎？謝謝。然後發現椅子只剩一張，店員就問一下隔壁的你們三個人喔？他們說對，然後店員就走了...我們兩個就傻眼，這樣是要我們兩個坐哪=.=我們就默默趕快吃完走出去～（店員也都沒有要來補椅子）走出去才發現那四個客人根本都還沒進來，還在點單=—=難得早上去吃早餐～感覺就很差?他們可能想多點客人，但前面進去吃的也是客人吧～沒位子本來就要等了，要別人換位子也要去搬張椅子給我們吧",
    "time": "2017/06/07 11:34:34",
    "event": "slide"
  }
]