[
  {
    "category": "17",
    "app": "Dcard",
    "id": "47",
    "context": "#問第一次租套房我跟我男友住的地方有點距離，騎車大概要30分鐘.......加上他下班已經晚了，平日能相處的時間只有3個小時左右只有假日能膩在一起。我們討論過要租個小套房，這樣沒有安排活動的時候就能去待著，而且\"感覺上\"比去旅館省錢。(如果下豪大雨我們會去旅館待一整天，平日不想吃宵夜時，只有公園能去，一下就要回家了....而且蚊子很多)但是我們沒有租過房子(都是住家裡，父母在租的)想請問該注意什麼嗎?位於中和區/永和區價錢大概是多少呢?要求不多：乾淨不漏水不發黴有牀有桌子有浴室有熱水有電風扇ps沒有要過夜電費應該不會太貴吧??感恩大家~",
    "time": "2017/06/07 11:32:08",
    "event": "click"
  },
  {
    "category": "17",
    "app": "Dcard",
    "id": "48",
    "context": "#問第一次租套房我跟我男友住的地方有點距離，騎車大概要30分鐘.......加上他下班已經晚了，平日能相處的時間只有3個小時左右只有假日能膩在一起。我們討論過要租個小套房，這樣沒有安排活動的時候就能去待著，而且\"感覺上\"比去旅館省錢。(如果下豪大雨我們會去旅館待一整天，平日不想吃宵夜時，只有公園能去，一下就要回家了....而且蚊子很多)但是我們沒有租過房子(都是住家裡，父母在租的)想請問該注意什麼嗎?位於中和區/永和區價錢大概是多少呢?要求不多：乾淨不漏水不發黴有牀有桌子有浴室有熱水有電風扇ps沒有要過夜電費應該不會太貴吧??感恩大家~",
    "time": "2017/06/07 11:32:08",
    "event": "slide"
  }
]