[
  {
    "category": "2",
    "app": "Dcard",
    "id": "10",
    "context": "#圖騎機車時嚴禁的三種穿搭今天心血來潮，想去墾丁走走於是機車一催；一回家整個悲劇top3：手飾襯衫反穿沒蓋到?top2：破褲為什麼下面那兩個小洞沒有??top1：涼拖鞋乾，我姊快笑死?奉勸大家騎車趴趴走行頭真的要有(蠻好笑的,但碰到熱水真的刺刺刺",
    "time": "2017/06/07 11:08:27",
    "event": "click"
  },
  {
    "category": "2",
    "app": "Dcard",
    "id": "11",
    "context": "#圖騎機車時嚴禁的三種穿搭今天心血來潮，想去墾丁走走於是機車一催；一回家整個悲劇top3：手飾襯衫反穿沒蓋到?top2：破褲為什麼下面那兩個小洞沒有??top1：涼拖鞋乾，我姊快笑死?奉勸大家騎車趴趴走行頭真的要有(蠻好笑的,但碰到熱水真的刺刺刺",
    "time": "2017/06/07 11:08:27",
    "event": "slide"
  }
]