[
  {
    "category": "3",
    "app": "Dcard",
    "id": "12",
    "context": "瞬間解開了處女情節小弟魯沒見過世面我一直都很有處女情節因為我也是處男直到最近一個很好的女生朋友被劈腿了她說完了他們的故事還說她墮了胎問我她是不是很髒我聽了真的很難過我瞬間明白女孩是真的把男孩認定成未來的老公把自己交給了男孩因為女孩以為牽手就會是一輩子可惜後來因為某種原因分開如果因為這樣遇見有處女情節的男生那對女孩多麼不公平呀～她曾經深愛過付出過結果受了傷還要被貼上這樣的標籤我瞬間想通了放下一切處女情節想法給曾經跟我一樣有處女情節的男生我送你們一段我的想法你沒有過去不代表別人不能沒有過去在這個上了牀也不一定有結果的年代對誰永遠都不會公平的",
    "time": "2017/06/07 11:09:24",
    "event": "click"
  },
  {
    "category": "3",
    "app": "Dcard",
    "id": "13",
    "context": "瞬間解開了處女情節小弟魯沒見過世面我一直都很有處女情節因為我也是處男直到最近一個很好的女生朋友被劈腿了她說完了他們的故事還說她墮了胎問我她是不是很髒我聽了真的很難過我瞬間明白女孩是真的把男孩認定成未來的老公把自己交給了男孩因為女孩以為牽手就會是一輩子可惜後來因為某種原因分開如果因為這樣遇見有處女情節的男生那對女孩多麼不公平呀～她曾經深愛過付出過結果受了傷還要被貼上這樣的標籤我瞬間想通了放下一切處女情節想法給曾經跟我一樣有處女情節的男生我送你們一段我的想法你沒有過去不代表別人不能沒有過去在這個上了牀也不一定有結果的年代對誰永遠都不會公平的",
    "time": "2017/06/07 11:09:24",
    "event": "slide"
  }
]