[
  {
    "category": "4",
    "app": "Dcard",
    "id": "14",
    "context": "轉學考昆蟲系轉學考快到了，聽說轉學考通常是出各系平時的期中&期末考題.所以上來這裡希望能取得一些幫助（昆蟲系大一上學期期中or期末試題）.目前菜b8我已經有先抓歷屆轉學考考題來做了.但還是想說看看昆蟲系大一期中期末題目，若有昆蟲系大一的同學樂意幫忙，麻煩在下面留個言，謝謝.（菜b8我願意以請吃飯作為酬謝）",
    "time": "2017/06/07 11:12:41",
    "event": "click"
  },
  {
    "category": "4",
    "app": "Dcard",
    "id": "15",
    "context": "轉學考昆蟲系轉學考快到了，聽說轉學考通常是出各系平時的期中&期末考題.所以上來這裡希望能取得一些幫助（昆蟲系大一上學期期中or期末試題）.目前菜b8我已經有先抓歷屆轉學考考題來做了.但還是想說看看昆蟲系大一期中期末題目，若有昆蟲系大一的同學樂意幫忙，麻煩在下面留個言，謝謝.（菜b8我願意以請吃飯作為酬謝）",
    "time": "2017/06/07 11:12:41",
    "event": "slide"
  }
]