[
  {
    "category": "5",
    "app": "Dcard",
    "id": "17",
    "context": "校門口關東煮吃法如題每次去校門口的關東煮不小心就破百了請問大家怎麼夾才能便宜又多呢？",
    "time": "2017/06/07 11:13:33",
    "event": "click"
  },
  {
    "category": "5",
    "app": "Dcard",
    "id": "18",
    "context": "校門口關東煮吃法如題每次去校門口的關東煮不小心就破百了請問大家怎麼夾才能便宜又多呢？",
    "time": "2017/06/07 11:13:33",
    "event": "slide"
  },
  {
    "category": "5",
    "app": "Dcard",
    "id": "31",
    "context": "#問臺中太陽餅請問愛吃太陽餅的帥哥美女們小妹想請問一下臺中哪間太陽餅最正宗最好吃？每家扛棒都說自己是起始店實在令小妹困惑許久麻煩各位大發慈悲幫小妹解惑???謝謝☺️☺️☺️",
    "time": "2017/06/07 11:17:05",
    "event": "click"
  },
  {
    "category": "5",
    "app": "Dcard",
    "id": "32",
    "context": "#問臺中太陽餅請問愛吃太陽餅的帥哥美女們小妹想請問一下臺中哪間太陽餅最正宗最好吃？每家扛棒都說自己是起始店實在令小妹困惑許久麻煩各位大發慈悲幫小妹解惑???謝謝☺️☺️☺️",
    "time": "2017/06/07 11:17:05",
    "event": "slide"
  }
]