[
  {
    "category": "6",
    "app": "Dcard",
    "id": "19",
    "context": "#八卦蟬學社我最近對禪學社有點好奇查了一下背後有宗教性質的團體又好像一定要參加一個怪怪的營隊請問有沒有禪學社的掛阿？",
    "time": "2017/06/07 11:14:45",
    "event": "click"
  },
  {
    "category": "6",
    "app": "Dcard",
    "id": "20",
    "context": "#八卦蟬學社我最近對禪學社有點好奇查了一下背後有宗教性質的團體又好像一定要參加一個怪怪的營隊請問有沒有禪學社的掛阿？",
    "time": "2017/06/07 11:14:45",
    "event": "slide"
  }
]