[
  {
    "category": "7",
    "app": "Dcard",
    "id": "16",
    "context": "中興大學",
    "time": "2017/06/07 11:13:20",
    "event": "click"
  },
  {
    "category": "7",
    "app": "Dcard",
    "id": "21",
    "context": "【興大醫創】創新創業人才培育計畫-學員招募中☛☛興大醫創❁創新創業人才培育計畫☚☚　　　　招募至6/18日止想知道自己更多的可能性嗎？對於難以捉摸的未來，感到不安與徬徨嗎？ 如果機會就在眼前，你有勇氣踏出來嘗試嗎？主辦單位✺興大醫創✺由教育部與中興大學共同合作。致力於培育未來創新創業人才的初期育成機構，提供對生醫/創新/創業有興趣者，為期兩個月的系列培訓課程，建立創業基礎概念、培養跨領域的創新思維。並提供專業輔導資源（顧問、業師及相關創業資源）致力於透過人才培育促進生醫創新發展的平臺✈✈✈無論你有無創業經驗，只要你想創新、你想創業、你想自我突破，都歡迎你加入我們，成為具競爭力的未來跨領域人才！報名資訊▐ 報名日期▐ 即日起至6月18日（日）止▐ 報名條件▐「不限領域、不限專業」，大學生、碩博士生、學術專才、業界菁英等，皆可報名！▐報名費用▐ 免費！為保障課程品質，收取保證金1000元/人             於第一堂課 6月28日（三）時繳交▐參與方式▐ 可個人報名或組隊報名。（個人報名我們會依情況協助你找到適合的夥伴！）▐ 報名方式▐臺中巡迴說明會報名網址：https://goo.gl/ngeymy培訓學員招募中（請務必至線上報名）：https://goo.gl/z4iuqz課程資訊▐ 上課時間▌6月28日 （三） - 8月31日 （四）▐上課地點▌中興大學生命科學大樓1樓聯絡我們▐官方網站▐ https://www.nchu.edu.tw/~biomednchu/ ▐ 粉絲專頁▐ https://www.facebook.com/biomednchu/▐ 連絡電話▐ 04-22840416轉616（石小姐） ▐ 聯絡信箱▐ biomednchu@gmail.com ▐ 聯絡地址▐ 402臺中市南區興大路145號（生命科學大樓6樓）我們提供▌精實培育課程與系列工作坊 ▌課程涵蓋需求探索、商業企劃、募資簡報、法規、行銷、行銷拓展、產品開發等，建立紮實創業基礎知識，瞭解商業實務運作模式。➤五大主題式課程，讓你建構跨領域能力，滿載而歸！　✺ 需求探勘&定義需求　✺ 創意發想　✺ 基礎創業知識建構　✺創業企劃書撰寫　✺ 原型製作及測試▌團隊交流與激盪▌以「團隊合作」模式學習如何與跨領域夥伴合作，經由腦力激盪與創意發想，共同開發生醫相關產品或服務。▌人脈資源▌跨領域專業顧問及業師輔導橫跨智財概要、行銷廣告、募資簡報、商業企劃等資源輔導，業界導師將成為你在探索路上指引方向的北極星。 ▌初期創業獎金▌總獎金高達45萬！！依照最終評比結果，投資各隊5-10萬不等的創業基金",
    "time": "2017/06/07 11:15:05",
    "event": "click"
  },
  {
    "category": "7",
    "app": "Dcard",
    "id": "22",
    "context": "【興大醫創】創新創業人才培育計畫-學員招募中☛☛興大醫創❁創新創業人才培育計畫☚☚　　　　招募至6/18日止想知道自己更多的可能性嗎？對於難以捉摸的未來，感到不安與徬徨嗎？ 如果機會就在眼前，你有勇氣踏出來嘗試嗎？主辦單位✺興大醫創✺由教育部與中興大學共同合作。致力於培育未來創新創業人才的初期育成機構，提供對生醫/創新/創業有興趣者，為期兩個月的系列培訓課程，建立創業基礎概念、培養跨領域的創新思維。並提供專業輔導資源（顧問、業師及相關創業資源）致力於透過人才培育促進生醫創新發展的平臺✈✈✈無論你有無創業經驗，只要你想創新、你想創業、你想自我突破，都歡迎你加入我們，成為具競爭力的未來跨領域人才！報名資訊▐ 報名日期▐ 即日起至6月18日（日）止▐ 報名條件▐「不限領域、不限專業」，大學生、碩博士生、學術專才、業界菁英等，皆可報名！▐報名費用▐ 免費！為保障課程品質，收取保證金1000元/人             於第一堂課 6月28日（三）時繳交▐參與方式▐ 可個人報名或組隊報名。（個人報名我們會依情況協助你找到適合的夥伴！）▐ 報名方式▐臺中巡迴說明會報名網址：https://goo.gl/ngeymy培訓學員招募中（請務必至線上報名）：https://goo.gl/z4iuqz課程資訊▐ 上課時間▌6月28日 （三） - 8月31日 （四）▐上課地點▌中興大學生命科學大樓1樓聯絡我們▐官方網站▐ https://www.nchu.edu.tw/~biomednchu/ ▐ 粉絲專頁▐ https://www.facebook.com/biomednchu/▐ 連絡電話▐ 04-22840416轉616（石小姐） ▐ 聯絡信箱▐ biomednchu@gmail.com ▐ 聯絡地址▐ 402臺中市南區興大路145號（生命科學大樓6樓）我們提供▌精實培育課程與系列工作坊 ▌課程涵蓋需求探索、商業企劃、募資簡報、法規、行銷、行銷拓展、產品開發等，建立紮實創業基礎知識，瞭解商業實務運作模式。➤五大主題式課程，讓你建構跨領域能力，滿載而歸！　✺ 需求探勘&定義需求　✺ 創意發想　✺ 基礎創業知識建構　✺創業企劃書撰寫　✺ 原型製作及測試▌團隊交流與激盪▌以「團隊合作」模式學習如何與跨領域夥伴合作，經由腦力激盪與創意發想，共同開發生醫相關產品或服務。▌人脈資源▌跨領域專業顧問及業師輔導橫跨智財概要、行銷廣告、募資簡報、商業企劃等資源輔導，業界導師將成為你在探索路上指引方向的北極星。 ▌初期創業獎金▌總獎金高達45萬！！依照最終評比結果，投資各隊5-10萬不等的創業基金",
    "time": "2017/06/07 11:15:05",
    "event": "slide"
  }
]