[
  {
    "category": "8",
    "app": "Dcard",
    "id": "23",
    "context": "男宿附近修腳踏車如果不想跑遠可以去五權南路上三和興車行阿伯人還不錯不過他說話好像含著滷蛋",
    "time": "2017/06/07 11:16:01",
    "event": "click"
  },
  {
    "category": "8",
    "app": "Dcard",
    "id": "24",
    "context": "男宿附近修腳踏車如果不想跑遠可以去五權南路上三和興車行阿伯人還不錯不過他說話好像含著滷蛋",
    "time": "2017/06/07 11:16:01",
    "event": "slide"
  }
]