[
  {
    "category": "9",
    "app": "Dcard",
    "id": "25",
    "context": "請問泳鏡哪裡買?先感謝回答的大大們小妹上次游泳不知為何泳鏡中間就斷了qq但因為本身有近視所以不能帶一般泳鏡想請問除了泳池外還有哪裡會販售泳鏡?",
    "time": "2017/06/07 11:16:26",
    "event": "click"
  },
  {
    "category": "9",
    "app": "Dcard",
    "id": "26",
    "context": "請問泳鏡哪裡買?先感謝回答的大大們小妹上次游泳不知為何泳鏡中間就斷了qq但因為本身有近視所以不能帶一般泳鏡想請問除了泳池外還有哪裡會販售泳鏡?",
    "time": "2017/06/07 11:16:26",
    "event": "slide"
  }
]