[
  {
    "category": "2",
    "app": "Chrome",
    "id": "3",
    "context": "天氣預報",
    "time": "2017/07/05 16:20:20",
    "event": "type"
  },
  {
    "category": "2",
    "app": "Chrome",
    "id": "4",
    "context": "天氣預報",
    "time": "2017/07/05 16:20:20",
    "event": "slide"
  },
  {
    "category": "2",
    "app": "Chrome",
    "id": "5",
    "context": "天氣預報-中央氣象局",
    "time": "2017/07/05 16:20:36",
    "event": "click"
  },
  {
    "category": "2",
    "app": "Chrome",
    "id": "6",
    "context": "天氣預報",
    "time": "2017/07/05 16:20:39",
    "event": "slide"
  },
  {
    "category": "2",
    "app": "Chrome",
    "id": "7",
    "context": "天氣預報",
    "time": "2017/07/05 16:20:40",
    "event": "click"
  },
  {
    "category": "2",
    "app": "Chrome",
    "id": "8",
    "context": "天氣預報",
    "time": "2017/07/05 16:20:42",
    "event": "slide"
  },
  {
    "category": "2",
    "app": "Chrome",
    "id": "9",
    "context": "臺中市天氣預報",
    "time": "2017/07/05 16:20:51",
    "event": "click"
  },
  {
    "category": "2",
    "app": "Chrome",
    "id": "10",
    "context": "臺中市天氣預報",
    "time": "2017/07/05 16:20:51",
    "event": "slide"
  },
  {
    "category": "2",
    "app": "Chrome",
    "id": "11",
    "context": "天氣預報",
    "time": "2017/07/05 16:20:52",
    "event": "click"
  },
  {
    "category": "2",
    "app": "Chrome",
    "id": "12",
    "context": "天氣預報",
    "time": "2017/07/05 16:20:54",
    "event": "slide"
  },
  {
    "category": "2",
    "app": "Chrome",
    "id": "13",
    "context": "縣市天氣預報",
    "time": "2017/07/05 16:22:10",
    "event": "click"
  },
  {
    "category": "2",
    "app": "Chrome",
    "id": "14",
    "context": "縣市天氣預報",
    "time": "2017/07/05 16:22:11",
    "event": "slide"
  },
  {
    "category": "2",
    "app": "Chrome",
    "id": "15",
    "context": "天氣預報",
    "time": "2017/07/05 16:22:12",
    "event": "type"
  },
  {
    "category": "2",
    "app": "Chrome",
    "id": "16",
    "context": "天氣預報",
    "time": "2017/07/05 16:22:12",
    "event": "slide"
  },
  {
    "category": "2",
    "app": "Chrome",
    "id": "17",
    "context": "天氣預報",
    "time": "2017/07/05 16:22:19",
    "event": "click"
  },
  {
    "category": "2",
    "app": "Chrome",
    "id": "18",
    "context": "天氣預報",
    "time": "2017/07/05 16:22:19",
    "event": "slide"
  }
]