[
  {
    "category": "7",
    "app": "Chrome",
    "id": "26",
    "context": "衣櫥收納",
    "time": "2017/07/05 16:28:47",
    "event": "type"
  },
  {
    "category": "7",
    "app": "Chrome",
    "id": "27",
    "context": "衣櫥收納-google搜尋",
    "time": "2017/07/05 16:28:48",
    "event": "slide"
  },
  {
    "category": "7",
    "app": "Chrome",
    "id": "28",
    "context": "收納櫃衣櫥",
    "time": "2017/07/05 16:28:52",
    "event": "click"
  },
  {
    "category": "7",
    "app": "Chrome",
    "id": "29",
    "context": "收納櫃衣櫥-生活市集",
    "time": "2017/07/05 16:28:54",
    "event": "slide"
  },
  {
    "category": "7",
    "app": "Chrome",
    "id": "30",
    "context": "收納櫃衣櫥-生活市集|你的腦叫你一直買",
    "time": "2017/07/05 16:28:55",
    "event": "click"
  },
  {
    "category": "7",
    "app": "Chrome",
    "id": "31",
    "context": "衣櫥收納-google搜尋",
    "time": "2017/07/05 16:30:11",
    "event": "click"
  },
  {
    "category": "7",
    "app": "Chrome",
    "id": "32",
    "context": "衣櫥收納",
    "time": "2017/07/05 16:30:13",
    "event": "click"
  },
  {
    "category": "7",
    "app": "Chrome",
    "id": "33",
    "context": "衣櫥收納-google搜尋",
    "time": "2017/07/05 16:30:14",
    "event": "slide"
  },
  {
    "category": "7",
    "app": "Chrome",
    "id": "34",
    "context": "組合櫃",
    "time": "2017/07/05 16:30:29",
    "event": "type"
  },
  {
    "category": "7",
    "app": "Chrome",
    "id": "35",
    "context": "組合櫃-google搜尋",
    "time": "2017/07/05 16:30:31",
    "event": "slide"
  },
  {
    "category": "7",
    "app": "Chrome",
    "id": "36",
    "context": "組合式收納櫃-pchome購物中心",
    "time": "2017/07/05 16:30:41",
    "event": "click"
  },
  {
    "category": "7",
    "app": "Chrome",
    "id": "37",
    "context": "組合櫃-google搜尋",
    "time": "2017/07/05 16:30:42",
    "event": "slide"
  },
  {
    "category": "7",
    "app": "Chrome",
    "id": "38",
    "context": "組合式收納櫃-pchome購物中心",
    "time": "2017/07/05 16:30:44",
    "event": "click"
  },
  {
    "category": "7",
    "app": "Chrome",
    "id": "39",
    "context": "組合式收納櫃-pchome購物中心",
    "time": "2017/07/05 16:31:35",
    "event": "slide"
  },
  {
    "category": "7",
    "app": "Chrome",
    "id": "40",
    "context": "組合收納櫃",
    "time": "2017/07/05 16:31:57",
    "event": "type"
  },
  {
    "category": "7",
    "app": "Chrome",
    "id": "42",
    "context": "組合式收納櫃-pchome購物中心",
    "time": "2017/07/05 16:31:59",
    "event": "slide"
  },
  {
    "category": "7",
    "app": "Chrome",
    "id": "43",
    "context": "搜尋結果：組合收納櫃-pchome線上購物",
    "time": "2017/07/05 16:31:59",
    "event": "click"
  },
  {
    "category": "7",
    "app": "Chrome",
    "id": "44",
    "context": "搜尋結果：組合收納櫃-pchome線上購物",
    "time": "2017/07/05 16:32:00",
    "event": "slide"
  },
  {
    "category": "7",
    "app": "Chrome",
    "id": "45",
    "context": "搜尋結果：組合收納櫃-pchome線上購物",
    "time": "2017/07/05 16:32:37",
    "event": "click"
  },
  {
    "category": "7",
    "app": "Chrome",
    "id": "46",
    "context": "搜尋結果：組合收納櫃-pchome線上購物",
    "time": "2017/07/05 16:32:47",
    "event": "slide"
  },
  {
    "category": "7",
    "app": "Chrome",
    "id": "47",
    "context": "▼組合收納櫃任選2件$998-pchome購物中心",
    "time": "2017/07/05 16:33:59",
    "event": "click"
  },
  {
    "category": "7",
    "app": "Chrome",
    "id": "48",
    "context": "▼組合收納櫃任選2件$998-pchome購物中心",
    "time": "2017/07/05 16:33:59",
    "event": "slide"
  },
  {
    "category": "7",
    "app": "Chrome",
    "id": "49",
    "context": "╠廚房衛浴",
    "time": "2017/07/05 16:34:44",
    "event": "click"
  },
  {
    "category": "7",
    "app": "Chrome",
    "id": "50",
    "context": "╠廚房衛浴-pchome購物中心",
    "time": "2017/07/05 16:34:45",
    "event": "slide"
  },
  {
    "category": "7",
    "app": "Chrome",
    "id": "51",
    "context": "╠衣架/曬衣架",
    "time": "2017/07/05 16:35:37",
    "event": "click"
  },
  {
    "category": "7",
    "app": "Chrome",
    "id": "52",
    "context": "鐵架王層架↘53折up-pchome購物中心",
    "time": "2017/07/05 16:35:38",
    "event": "slide"
  },
  {
    "category": "7",
    "app": "Chrome",
    "id": "53",
    "context": "momo衣櫃",
    "time": "2017/07/05 16:36:53",
    "event": "type"
  },
  {
    "category": "7",
    "app": "Chrome",
    "id": "54",
    "context": "momo衣櫃-google搜尋",
    "time": "2017/07/05 16:36:54",
    "event": "click"
  },
  {
    "category": "7",
    "app": "Chrome",
    "id": "55",
    "context": "momo衣櫃-google搜尋",
    "time": "2017/07/05 16:36:55",
    "event": "slide"
  },
  {
    "category": "7",
    "app": "Chrome",
    "id": "56",
    "context": "momoshop.com.tw-momo購物網-衣櫃‎廣告www.momoshop.com.tw/‎",
    "time": "2017/07/05 16:37:02",
    "event": "click"
  },
  {
    "category": "7",
    "app": "Chrome",
    "id": "57",
    "context": "拉門式衣櫥,衣櫃/衣架,層架/櫥櫃/屏風,傢俱寢飾-momo購物網行動版",
    "time": "2017/07/05 16:37:05",
    "event": "click"
  },
  {
    "category": "7",
    "app": "Chrome",
    "id": "61",
    "context": "拉門式衣櫥,衣櫃/衣架,層架/櫥櫃/屏風,傢俱寢飾-momo購物網行動版",
    "time": "2017/07/05 16:37:44",
    "event": "click"
  },
  {
    "category": "7",
    "app": "Chrome",
    "id": "62",
    "context": "拉門式衣櫥,衣櫃/衣架,層架/櫥櫃/屏風,傢俱寢飾-momo購物網行動版",
    "time": "2017/07/05 16:37:45",
    "event": "slide"
  },
  {
    "category": "7",
    "app": "Chrome",
    "id": "68",
    "context": "拉門式衣櫥,衣櫃/衣架,層架/櫥櫃/屏風,傢俱寢飾-momo購物網行動版",
    "time": "2017/07/05 16:38:03",
    "event": "click"
  },
  {
    "category": "7",
    "app": "Chrome",
    "id": "69",
    "context": "拉門式衣櫥,衣櫃/衣架,層架/櫥櫃/屏風,傢俱寢飾-momo購物網行動版",
    "time": "2017/07/05 16:38:04",
    "event": "slide"
  },
  {
    "category": "7",
    "app": "Chrome",
    "id": "71",
    "context": "拉門式衣櫥,衣櫃/衣架,層架/櫥櫃/屏風,傢俱寢飾-momo購物網行動版",
    "time": "2017/07/05 16:38:16",
    "event": "slide"
  },
  {
    "category": "7",
    "app": "Chrome",
    "id": "72",
    "context": "拉門式衣櫥,衣櫃/衣架,層架/櫥櫃/屏風,傢俱寢飾-momo購物網行動版",
    "time": "2017/07/05 16:38:20",
    "event": "click"
  },
  {
    "category": "7",
    "app": "Chrome",
    "id": "73",
    "context": "拉門式衣櫥,衣櫃/衣架,層架/櫥櫃/屏風,傢俱寢飾-momo購物網行動版",
    "time": "2017/07/05 16:38:20",
    "event": "slide"
  },
  {
    "category": "7",
    "app": "Chrome",
    "id": "74",
    "context": "衣櫃/衣架",
    "time": "2017/07/05 16:38:34",
    "event": "click"
  },
  {
    "category": "7",
    "app": "Chrome",
    "id": "75",
    "context": "衣櫃/衣架,層架/櫥櫃/屏風,傢俱寢飾-momo購物網行動版",
    "time": "2017/07/05 16:38:37",
    "event": "click"
  },
  {
    "category": "7",
    "app": "Chrome",
    "id": "76",
    "context": "衣櫃/衣架,層架/櫥櫃/屏風,傢俱寢飾-momo購物網行動版",
    "time": "2017/07/05 16:38:40",
    "event": "slide"
  },
  {
    "category": "7",
    "app": "Chrome",
    "id": "77",
    "context": "伸縮衣櫥伸縮衣櫥",
    "time": "2017/07/05 16:38:50",
    "event": "click"
  },
  {
    "category": "7",
    "app": "Chrome",
    "id": "78",
    "context": "伸縮衣櫥,衣櫃/衣架,層架/櫥櫃/屏風,傢俱寢飾-momo購物網行動版",
    "time": "2017/07/05 16:38:53",
    "event": "click"
  },
  {
    "category": "7",
    "app": "Chrome",
    "id": "79",
    "context": "伸縮衣櫥,衣櫃/衣架,層架/櫥櫃/屏風,傢俱寢飾-momo購物網行動版",
    "time": "2017/07/05 16:38:54",
    "event": "slide"
  },
  {
    "category": "7",
    "app": "Chrome",
    "id": "80",
    "context": "衣櫃/衣架,層架/櫥櫃/屏風,傢俱寢飾-momo購物網行動版",
    "time": "2017/07/05 16:39:00",
    "event": "click"
  },
  {
    "category": "7",
    "app": "Chrome",
    "id": "81",
    "context": "衣櫃/衣架,層架/櫥櫃/屏風,傢俱寢飾-momo購物網行動版",
    "time": "2017/07/05 16:39:03",
    "event": "slide"
  },
  {
    "category": "7",
    "app": "Chrome",
    "id": "82",
    "context": "衣櫃/衣架,層架/櫥櫃/屏風,傢俱寢飾-momo購物網行動版",
    "time": "2017/07/05 16:39:12",
    "event": "click"
  },
  {
    "category": "7",
    "app": "Chrome",
    "id": "83",
    "context": "衣櫃/衣架,層架/櫥櫃/屏風,傢俱寢飾-momo購物網行動版",
    "time": "2017/07/05 16:40:56",
    "event": "slide"
  },
  {
    "category": "7",
    "app": "Chrome",
    "id": "84",
    "context": "衣櫃/衣架,層架/櫥櫃/屏風,傢俱寢飾-momo購物網行動版",
    "time": "2017/07/05 16:40:58",
    "event": "click"
  },
  {
    "category": "7",
    "app": "Chrome",
    "id": "85",
    "context": "衣櫃/衣架,層架/櫥櫃/屏風,傢俱寢飾-momo購物網行動版",
    "time": "2017/07/05 16:41:36",
    "event": "slide"
  },
  {
    "category": "7",
    "app": "Chrome",
    "id": "86",
    "context": "衣櫃/衣架,層架/櫥櫃/屏風,傢俱寢飾-momo購物網行動版",
    "time": "2017/07/05 16:41:39",
    "event": "click"
  },
  {
    "category": "7",
    "app": "Chrome",
    "id": "87",
    "context": "衣櫃/衣架,層架/櫥櫃/屏風,傢俱寢飾-momo購物網行動版",
    "time": "2017/07/05 16:41:40",
    "event": "slide"
  },
  {
    "category": "7",
    "app": "Chrome",
    "id": "88",
    "context": "衣櫃/衣架,層架/櫥櫃/屏風,傢俱寢飾-momo購物網行動版",
    "time": "2017/07/05 16:41:59",
    "event": "slide"
  },
  {
    "category": "7",
    "app": "Chrome",
    "id": "89",
    "context": "衣櫃/衣架,層架/櫥櫃/屏風,傢俱寢飾-momo購物網行動版",
    "time": "2017/07/05 16:42:00",
    "event": "click"
  },
  {
    "category": "7",
    "app": "Chrome",
    "id": "90",
    "context": "衣櫃/衣架,層架/櫥櫃/屏風,傢俱寢飾-momo購物網行動版",
    "time": "2017/07/05 16:42:41",
    "event": "slide"
  },
  {
    "category": "7",
    "app": "Chrome",
    "id": "91",
    "context": "衣櫃/衣架,層架/櫥櫃/屏風,傢俱寢飾-momo購物網行動版",
    "time": "2017/07/05 16:42:44",
    "event": "click"
  },
  {
    "category": "7",
    "app": "Chrome",
    "id": "92",
    "context": "衣櫃/衣架,層架/櫥櫃/屏風,傢俱寢飾-momo購物網行動版",
    "time": "2017/07/05 16:42:45",
    "event": "slide"
  },
  {
    "category": "7",
    "app": "Chrome",
    "id": "93",
    "context": "衣櫃/衣架,層架/櫥櫃/屏風,傢俱寢飾-momo購物網行動版",
    "time": "2017/07/05 16:43:04",
    "event": "slide"
  },
  {
    "category": "7",
    "app": "Chrome",
    "id": "94",
    "context": "衣櫃/衣架,層架/櫥櫃/屏風,傢俱寢飾-momo購物網行動版",
    "time": "2017/07/05 16:43:07",
    "event": "click"
  },
  {
    "category": "7",
    "app": "Chrome",
    "id": "95",
    "context": "衣櫃/衣架,層架/櫥櫃/屏風,傢俱寢飾-momo購物網行動版",
    "time": "2017/07/05 16:43:23",
    "event": "slide"
  },
  {
    "category": "7",
    "app": "Chrome",
    "id": "96",
    "context": "衣櫃/衣架,層架/櫥櫃/屏風,傢俱寢飾-momo購物網行動版",
    "time": "2017/07/05 16:43:26",
    "event": "click"
  },
  {
    "category": "7",
    "app": "Chrome",
    "id": "97",
    "context": "衣櫃/衣架,層架/櫥櫃/屏風,傢俱寢飾-momo購物網行動版",
    "time": "2017/07/05 16:43:27",
    "event": "slide"
  },
  {
    "category": "7",
    "app": "Chrome",
    "id": "98",
    "context": "搜尋結果：組合收納櫃-pchome線上購物",
    "time": "2017/07/05 16:44:54",
    "event": "slide"
  },
  {
    "category": "7",
    "app": "Chrome",
    "id": "99",
    "context": "【ikloo】6格收納櫃/組合櫃",
    "time": "2017/07/05 16:44:56",
    "event": "click"
  },
  {
    "category": "7",
    "app": "Chrome",
    "id": "100",
    "context": "搜尋結果：組合收納櫃-pchome線上購物",
    "time": "2017/07/05 16:44:56",
    "event": "slide"
  },
  {
    "category": "7",
    "app": "Chrome",
    "id": "101",
    "context": "搜尋結果：組合收納櫃-pchome線上購物",
    "time": "2017/07/05 16:44:57",
    "event": "click"
  },
  {
    "category": "7",
    "app": "Chrome",
    "id": "102",
    "context": "搜尋結果：組合收納櫃-pchome線上購物",
    "time": "2017/07/05 16:44:58",
    "event": "slide"
  },
  {
    "category": "7",
    "app": "Chrome",
    "id": "103",
    "context": "組合櫃",
    "time": "2017/07/05 16:45:00",
    "event": "type"
  },
  {
    "category": "7",
    "app": "Chrome",
    "id": "104",
    "context": "組合櫃-google搜尋",
    "time": "2017/07/05 16:45:01",
    "event": "click"
  },
  {
    "category": "7",
    "app": "Chrome",
    "id": "105",
    "context": "組合櫃-google搜尋https://www.google.com.tw/search?client=ms-android-htc-rev&ei=mancwb7ocotl0as4p4swcw&q=組合櫃&oq=組合櫃&gs_l=mobile-gws-serp.12..0l5.6560.14192.0.15516.14.10.3.0.0.0.234.1543.0j6j3.9.0....0...1.1j4.64.mobile-gws-serp..2.11.1551.3..35i39k1j0i131k1j0i10k1.5xxcxuxzfbc#xxri=0",
    "time": "2017/07/05 16:45:01",
    "event": "slide"
  }
]