[
  {
    "category": "1",
    "app": "MoPTT",
    "id": "1",
    "context": "Re: [新聞] 15歲少女肚痛送醫才知懷孕　兇手竟是阿公 ※ 引述《meiyouo (開洋葷)》之銘言： : 15歲少女肚痛送醫才知懷孕　兇手竟是亂倫變態阿公   怎麼會用“兇手”來稱呼阿公？   這時候不是該用“少女腹中的小孩的爸爸”來稱呼嗎  是說  阿公假如跟孫女生下小孩  這樣那個小孩要怎麼稱呼阿公？  爸爸？阿祖？畜生？     斗雞？  ",
    "time": "2017/06/07 10:47:28",
    "event": "click"
  },
  {
    "category": "1",
    "app": "MoPTT",
    "id": "2",
    "context": "Re: [新聞] 15歲少女肚痛送醫才知懷孕　兇手竟是阿公 ※ 引述《meiyouo (開洋葷)》之銘言： : 15歲少女肚痛送醫才知懷孕　兇手竟是亂倫變態阿公   怎麼會用“兇手”來稱呼阿公？   這時候不是該用“少女腹中的小孩的爸爸”來稱呼嗎  是說  阿公假如跟孫女生下小孩  這樣那個小孩要怎麼稱呼阿公？  爸爸？阿祖？畜生？     斗雞？  ",
    "time": "2017/06/07 10:47:28",
    "event": "slide"
  },
  {
    "category": "2",
    "app": "MoPTT",
    "id": "3",
    "context": "Re: [問卦] 『學歷不重要，會教才重要』？   你一定選哈佛的呀， 所以你選擇了馬英九而不是賈伯斯呀。  實名制的確可以讓很多謊報學歷的補教師現形呀， 不會所有謊報學歷的補教師的教得又猛又棒， 也不會所有高學歷的補教師的座無虛席。  另外家教、才藝老師、健身教練這些要不要都實名制？ 聽說某些行業的老師私生活才多采多姿唷>///<   ",
    "time": "2017/06/07 10:47:50",
    "event": "click"
  },
  {
    "category": "2",
    "app": "MoPTT",
    "id": "4",
    "context": "Re: [問卦] 『學歷不重要，會教才重要』？   你一定選哈佛的呀， 所以你選擇了馬英九而不是賈伯斯呀。  實名制的確可以讓很多謊報學歷的補教師現形呀， 不會所有謊報學歷的補教師的教得又猛又棒， 也不會所有高學歷的補教師的座無虛席。  另外家教、才藝老師、健身教練這些要不要都實名制？ 聽說某些行業的老師私生活才多采多姿唷>///<   ",
    "time": "2017/06/07 10:47:50",
    "event": "slide"
  },
  {
    "category": "3",
    "app": "MoPTT",
    "id": "5",
    "context": "[問卦] 生科成功的案例 最近認識一個妹子 剛剛得知她是生科系 這讓我不禁眉頭一皺 大家都常說唸生科一生科科  我開始思考未來追這妹子是不是要養她 她目前大一而已 還有很多可能性 吧  所以說有沒有甚麼唸生科成功的案例 可以安慰我一下 ",
    "time": "2017/06/07 10:48:02",
    "event": "click"
  },
  {
    "category": "3",
    "app": "MoPTT",
    "id": "6",
    "context": "[問卦] 生科成功的案例 最近認識一個妹子 剛剛得知她是生科系 這讓我不禁眉頭一皺 大家都常說唸生科一生科科  我開始思考未來追這妹子是不是要養她 她目前大一而已 還有很多可能性 吧  所以說有沒有甚麼唸生科成功的案例 可以安慰我一下 ",
    "time": "2017/06/07 10:48:02",
    "event": "slide"
  },
  {
    "category": "4",
    "app": "MoPTT",
    "id": "7",
    "context": "Re: [問卦] 補習班實名制到底實名在哪裡？ ※ 引述《ptt80357 (Z8)》之銘言： : 今天上網（短期補習班資訊管理系統）想看個以前補習班老師的學歷，結果100間補習班有99.5間都沒登錄老師資料？ : 我說這個網站到底是有什麼屁用？只能查該補習班有沒有政府立案而已？ : 立法三讀是三讀爽的？這個法到底有沒有“強制”補習班老師登錄啊？ : 有八卦鄉民可以解答一下嗎？  這個系統沒有老師學歷很正常  因為有些補教老師根本是假學歷  專門拿來騙那些白痴學生用的  當然不可能把真正的學歷寫上去  要不然學生發現真相以後  那些老師想要幹免費炮就不容易了 ",
    "time": "2017/06/07 10:48:18",
    "event": "click"
  },
  {
    "category": "4",
    "app": "MoPTT",
    "id": "8",
    "context": "Re: [問卦] 補習班實名制到底實名在哪裡？ ※ 引述《ptt80357 (Z8)》之銘言： : 今天上網（短期補習班資訊管理系統）想看個以前補習班老師的學歷，結果100間補習班有99.5間都沒登錄老師資料？ : 我說這個網站到底是有什麼屁用？只能查該補習班有沒有政府立案而已？ : 立法三讀是三讀爽的？這個法到底有沒有“強制”補習班老師登錄啊？ : 有八卦鄉民可以解答一下嗎？  這個系統沒有老師學歷很正常  因為有些補教老師根本是假學歷  專門拿來騙那些白痴學生用的  當然不可能把真正的學歷寫上去  要不然學生發現真相以後  那些老師想要幹免費炮就不容易了 ",
    "time": "2017/06/07 10:48:18",
    "event": "slide"
  },
  {
    "category": "5",
    "app": "MoPTT",
    "id": "9",
    "context": "[問卦] 陳月星的傳道、授業、解惑? 師者，傳道、授業、解惑也。  那麼對於陳月星來說  傳道--> \"道\"指的是不是\"人體的x道\" ?  授業--> \"業\"是不是\"夜\",指的是\"少女的初夜\" ?  解惑--> 是不是\"解貨\" ?  ---  有沒有8掛?",
    "time": "2017/06/07 10:50:08",
    "event": "click"
  },
  {
    "category": "5",
    "app": "MoPTT",
    "id": "10",
    "context": "[問卦] 陳月星的傳道、授業、解惑? 師者，傳道、授業、解惑也。  那麼對於陳月星來說  傳道--> \"道\"指的是不是\"人體的x道\" ?  授業--> \"業\"是不是\"夜\",指的是\"少女的初夜\" ?  解惑--> 是不是\"解貨\" ?  ---  有沒有8掛?",
    "time": "2017/06/07 10:50:08",
    "event": "slide"
  },
  {
    "category": "6",
    "app": "MoPTT",
    "id": "11",
    "context": "Re: [問卦] 陳星女兒新狀態是在講她爸嗎 我只好奇她有沒有動過整形手術而已  前陣子新聞上不是有好幾個(中國裔)高級外省人(*)權貴的女兒想出道進演藝圈的？  長相都非常非常 普  陳星的女兒雖然總是畫著濃妝，我很好奇她\"先天\"底子是否只是跟那些一樣",
    "time": "2017/06/07 10:50:21",
    "event": "click"
  },
  {
    "category": "6",
    "app": "MoPTT",
    "id": "12",
    "context": "Re: [問卦] 陳星女兒新狀態是在講她爸嗎 我只好奇她有沒有動過整形手術而已  前陣子新聞上不是有好幾個(中國裔)高級外省人(*)權貴的女兒想出道進演藝圈的？  長相都非常非常 普  陳星的女兒雖然總是畫著濃妝，我很好奇她\"先天\"底子是否只是跟那些一樣",
    "time": "2017/06/07 10:50:21",
    "event": "slide"
  },
  {
    "category": "7",
    "app": "MoPTT",
    "id": "13",
    "context": "Re: [新聞] 陳星翻版？》 哄上床和權勢性侵大不同 ※ 引述《wyvernlee (廢死不可!)》之銘言： : 1.媒體來源: : 自由 : 2.完整新聞標題: : 陳星翻版？》 哄上床和權勢性侵大不同 : 3.完整新聞內文: : 〔記者張瑞楨／台中報導〕儀隊教練雷曜任與女學生上床，在同樣證據之下，一、二 : 審法官卻有不同判決，有人認為是補教名師陳星被控涉嫌誘姦案的效應；律師鄭懿瀛 : 認為，理論上，法官判決不能受輿論事件影響，但實際上，一般民眾不會這麼想。至 : 於上訴三審是否能翻案？他認為難度很高。 : 律師︰三審難翻案 : 該案一、二審法官見解的最大差異，是一審法官認為雷男用甜言蜜語哄女孩上床，女 : 方又已成年，雷男行徑可惡卻未觸法；二審卻認為雷男利用權勢性侵害與猥褻其中一 : 人。鄭懿瀛認為，一般人會認為法官受陳星案的影響，對與女學生發生性關係的狼師 : 或教練，給予更嚴苛的審視，至於是否真的如此？只有法官自己知道。 : 如果雷曜任上訴三審，有機會翻案嗎？鄭懿瀛指出，三審是法律審，若無明確用法錯 : 誤，恐怕很難翻案。 : 4.完整新聞連結 (或短網址): :  http://news.ltn.com.tw/news/society/paper/1107165 : 5.備註: : 工讀生上班啦!! 目田講你們老闆壞話，目田好壞壞，工讀生快救駕!!  不可能用 甜言蜜語哄  已成年女孩上床是犯法  如果這樣判 二審簡直就亂判  以後會有多少人會莫明其妙  變成性侵犯 自由心證判性侵  那法官以後 錢豈不收到手軟  必然是有證據明是非自願 ",
    "time": "2017/06/07 10:50:32",
    "event": "click"
  },
  {
    "category": "7",
    "app": "MoPTT",
    "id": "14",
    "context": "Re: [新聞] 陳星翻版？》 哄上床和權勢性侵大不同 ※ 引述《wyvernlee (廢死不可!)》之銘言： : 1.媒體來源: : 自由 : 2.完整新聞標題: : 陳星翻版？》 哄上床和權勢性侵大不同 : 3.完整新聞內文: : 〔記者張瑞楨／台中報導〕儀隊教練雷曜任與女學生上床，在同樣證據之下，一、二 : 審法官卻有不同判決，有人認為是補教名師陳星被控涉嫌誘姦案的效應；律師鄭懿瀛 : 認為，理論上，法官判決不能受輿論事件影響，但實際上，一般民眾不會這麼想。至 : 於上訴三審是否能翻案？他認為難度很高。 : 律師︰三審難翻案 : 該案一、二審法官見解的最大差異，是一審法官認為雷男用甜言蜜語哄女孩上床，女 : 方又已成年，雷男行徑可惡卻未觸法；二審卻認為雷男利用權勢性侵害與猥褻其中一 : 人。鄭懿瀛認為，一般人會認為法官受陳星案的影響，對與女學生發生性關係的狼師 : 或教練，給予更嚴苛的審視，至於是否真的如此？只有法官自己知道。 : 如果雷曜任上訴三審，有機會翻案嗎？鄭懿瀛指出，三審是法律審，若無明確用法錯 : 誤，恐怕很難翻案。 : 4.完整新聞連結 (或短網址): :  http://news.ltn.com.tw/news/society/paper/1107165 : 5.備註: : 工讀生上班啦!! 目田講你們老闆壞話，目田好壞壞，工讀生快救駕!!  不可能用 甜言蜜語哄  已成年女孩上床是犯法  如果這樣判 二審簡直就亂判  以後會有多少人會莫明其妙  變成性侵犯 自由心證判性侵  那法官以後 錢豈不收到手軟  必然是有證據明是非自願 ",
    "time": "2017/06/07 10:50:32",
    "event": "slide"
  },
  {
    "category": "8",
    "app": "MoPTT",
    "id": "15",
    "context": "[問卦] 為何鄉民騷擾陳星家人卻不騷擾陳進興的 鄉民不是都喜歡罪誅九族嗎！ 明明陳進興做的壞事多好幾倍 但鄉民只會挑陳星家人 卻不敢去騷擾陳進興的家人 到底是什麼原因  有沒有BG",
    "time": "2017/06/07 10:51:14",
    "event": "click"
  },
  {
    "category": "8",
    "app": "MoPTT",
    "id": "16",
    "context": "[問卦] 為何鄉民騷擾陳星家人卻不騷擾陳進興的 鄉民不是都喜歡罪誅九族嗎！ 明明陳進興做的壞事多好幾倍 但鄉民只會挑陳星家人 卻不敢去騷擾陳進興的家人 到底是什麼原因  有沒有BG",
    "time": "2017/06/07 10:51:14",
    "event": "slide"
  },
  {
    "category": "7",
    "app": "MoPTT",
    "id": "17",
    "context": "[問卦] 陳星若判無罪,代表法院鼓勵老師幹女學生? 如題  檢察官如果不起訴陳星 法官如果不判處陳星有罪 是不是明示： 法院鼓勵老師幹女學生？  那麼家長送女兒去學校或補習班時 是不是要替女兒投保貞操險？ 或是請學校或班主任出示老師的陽痿證明？ 如此才能讓家長放心 ",
    "time": "2017/06/07 10:51:29",
    "event": "click"
  },
  {
    "category": "7",
    "app": "MoPTT",
    "id": "18",
    "context": "[問卦] 陳星若判無罪,代表法院鼓勵老師幹女學生? 如題  檢察官如果不起訴陳星 法官如果不判處陳星有罪 是不是明示： 法院鼓勵老師幹女學生？  那麼家長送女兒去學校或補習班時 是不是要替女兒投保貞操險？ 或是請學校或班主任出示老師的陽痿證明？ 如此才能讓家長放心 ",
    "time": "2017/06/07 10:51:29",
    "event": "slide"
  },
  {
    "category": "7",
    "app": "MoPTT",
    "id": "19",
    "context": "Re: [新聞] 陳星憐妻曾想成全 他戳破「扮演無辜的狼 陳星這傢伙真的很假掰 編故事編到不合常識 當時雙方都在談判現場了 卻講得好像他老婆是在現場才被突然告知這件事一樣 進而問他「你愛我還是愛她」、甚至一度想退出婚姻成全  拜託 當大家白癡隨你怎麼講就怎麼信嗎？  你老婆會跟你到現場談判 一定是利害與立場跟你陳星一致 才會跟你一起去談判 她如果還有疑慮問「你愛我還是愛她」、甚至一度想退出婚姻成全 就不會跟你一起去談判啦  如果你陳星是在談判之前就向你老婆坦白搞女學生 你老婆知情的瞬間問你「你愛我還是愛她」、甚至一度想退出婚姻成全 這種情節大家還比較相信  夫妻都已經一起去現場談判了 你老婆才問你「你愛我還是愛她」、甚至一度想退出婚姻成全 搞得好像去談判現場才被告知老公搞女學生 這情節合乎常理、常識嗎？  支那文學系教你寫劇本寫這麼爛嗎？ 要編故事 至少要符合常識啦  智商太低寫劇本會被笑啦   ※ 引述《ruei18 (ruei18)》之銘言： : 1.媒體來源: : 蘋果日報 : 2.完整新聞標題: : 陳星憐妻曾想成全　他戳破「扮演無辜的狼」 : 3.完整新聞內文: : 補教名師陳星（本名陳國星）前天透過律師表示，當年他和妻子謝如玉，與林奕含及林家: 父母在飯店談判時，妻子只質問他「你愛我還是愛她」，甚至一度想退出婚姻成全他跟林: 女，但最終是林家父母要求分手，妻子選擇原諒。對此，兩性作家許常德向陳星提出4連 : 問，並直指他「一再的想扮演無辜的狼」。 : 補教名師陳星（本名陳國星）前天透過律師表示，當年他和妻子謝如玉，與林奕含及林家: 父母在飯店談判時，妻子只質問他「你愛我還是愛她」，甚至一度想退出婚姻成全他跟林: 女，但最終是林家父母要求分手，妻子選擇原諒。對此，兩性作家許常德向陳星提出4連: 問，並直指他「一再的想扮演無辜的狼」。 : 許常德今在臉書po文，「真正傷害妻子的是老師，不要再說是別人或媒體了」，連問陳星: ：「要不是你對女學生下手，你的妻子何來問你愛誰呢。（都會問這話，這妻子還會在前: 陣子被媒體刻意拍到時說相信老公清白？）要不是你隱瞞，你的妻子不會最後一個知道。: 要不是你事發後神隱，不會有那麽多人焦慮和評論。要不是你對此事始終不老實，不會有: 那麽多猜測和報導傷了你的家人。」 : 許常德接著說：「其實你的不捨都很會傷到人，因為都是事後的，且一再的想扮演無辜的: 狼。都會外遇了，怎麼還催眠自己是會怕妻子受傷的老公呢。」直白說法1小時吸引超過1: 千個網友按讚。（娛樂中心／綜合報導） : 4.完整新聞連結 (或短網址): :  https://goo.gl/TU80Q7 : 5.備註: : ※ 一個人一天只能張貼一則新聞，被刪或自刪也算額度內，超貼者水桶，請注意  ",
    "time": "2017/06/07 10:51:43",
    "event": "click"
  },
  {
    "category": "7",
    "app": "MoPTT",
    "id": "20",
    "context": "Re: [新聞] 陳星憐妻曾想成全 他戳破「扮演無辜的狼 陳星這傢伙真的很假掰 編故事編到不合常識 當時雙方都在談判現場了 卻講得好像他老婆是在現場才被突然告知這件事一樣 進而問他「你愛我還是愛她」、甚至一度想退出婚姻成全  拜託 當大家白癡隨你怎麼講就怎麼信嗎？  你老婆會跟你到現場談判 一定是利害與立場跟你陳星一致 才會跟你一起去談判 她如果還有疑慮問「你愛我還是愛她」、甚至一度想退出婚姻成全 就不會跟你一起去談判啦  如果你陳星是在談判之前就向你老婆坦白搞女學生 你老婆知情的瞬間問你「你愛我還是愛她」、甚至一度想退出婚姻成全 這種情節大家還比較相信  夫妻都已經一起去現場談判了 你老婆才問你「你愛我還是愛她」、甚至一度想退出婚姻成全 搞得好像去談判現場才被告知老公搞女學生 這情節合乎常理、常識嗎？  支那文學系教你寫劇本寫這麼爛嗎？ 要編故事 至少要符合常識啦  智商太低寫劇本會被笑啦   ※ 引述《ruei18 (ruei18)》之銘言： : 1.媒體來源: : 蘋果日報 : 2.完整新聞標題: : 陳星憐妻曾想成全　他戳破「扮演無辜的狼」 : 3.完整新聞內文: : 補教名師陳星（本名陳國星）前天透過律師表示，當年他和妻子謝如玉，與林奕含及林家: 父母在飯店談判時，妻子只質問他「你愛我還是愛她」，甚至一度想退出婚姻成全他跟林: 女，但最終是林家父母要求分手，妻子選擇原諒。對此，兩性作家許常德向陳星提出4連 : 問，並直指他「一再的想扮演無辜的狼」。 : 補教名師陳星（本名陳國星）前天透過律師表示，當年他和妻子謝如玉，與林奕含及林家: 父母在飯店談判時，妻子只質問他「你愛我還是愛她」，甚至一度想退出婚姻成全他跟林: 女，但最終是林家父母要求分手，妻子選擇原諒。對此，兩性作家許常德向陳星提出4連: 問，並直指他「一再的想扮演無辜的狼」。 : 許常德今在臉書po文，「真正傷害妻子的是老師，不要再說是別人或媒體了」，連問陳星: ：「要不是你對女學生下手，你的妻子何來問你愛誰呢。（都會問這話，這妻子還會在前: 陣子被媒體刻意拍到時說相信老公清白？）要不是你隱瞞，你的妻子不會最後一個知道。: 要不是你事發後神隱，不會有那麽多人焦慮和評論。要不是你對此事始終不老實，不會有: 那麽多猜測和報導傷了你的家人。」 : 許常德接著說：「其實你的不捨都很會傷到人，因為都是事後的，且一再的想扮演無辜的: 狼。都會外遇了，怎麼還催眠自己是會怕妻子受傷的老公呢。」直白說法1小時吸引超過1: 千個網友按讚。（娛樂中心／綜合報導） : 4.完整新聞連結 (或短網址): :  https://goo.gl/TU80Q7 : 5.備註: : ※ 一個人一天只能張貼一則新聞，被刪或自刪也算額度內，超貼者水桶，請注意  ",
    "time": "2017/06/07 10:51:43",
    "event": "slide"
  },
  {
    "category": "7",
    "app": "MoPTT",
    "id": "21",
    "context": "Re: [新聞] 陳星憐妻曾想成全 他戳破「扮演無辜的狼 1.媒體來源: 蘋果日報   2.完整新聞標題: 陳星憐妻曾想成全　他戳破「扮演無辜的狼」   3.完整新聞內文:  補教名師陳星（本名陳國星）前天透過律師表示，當年他和妻子謝如玉，與林奕含及林家父母在飯店談判時，妻子只質問他「你愛我還是愛她」，甚至一度想退出婚姻成全他跟林女，但最終是林家父母要求分手，妻子選擇原諒。對此，兩性作家許常德向陳星提出4連問，並直指他「一再的想扮演無辜的狼」。  補教名師陳星（本名陳國星）前天透過律師表示，當年他和妻子謝如玉，與林奕含及林家父母在飯店談判時，妻子只質問他「你愛我還是愛她」，甚至一度想退出婚姻成全他跟林女，但最終是林家父母要求分手，妻子選擇原諒。對此，兩性作家許常德向陳星提出4連問，並直指他「一再的想扮演無辜的狼」。  許常德今在臉書po文，「真正傷害妻子的是老師，不要再說是別人或媒體了」，連問陳星：「要不是你對女學生下手，你的妻子何來問你愛誰呢。（都會問這話，這妻子還會在前陣子被媒體刻意拍到時說相信老公清白？）要不是你隱瞞，你的妻子不會最後一個知道。要不是你事發後神隱，不會有那麽多人焦慮和評論。要不是你對此事始終不老實，不會有那麽多猜測和報導傷了你的家人。」 許常德接著說：「其實你的不捨都很會傷到人，因為都是事後的，且一再的想扮演無辜的狼。都會外遇了，怎麼還催眠自己是會怕妻子受傷的老公呢。」直白說法1小時吸引超過1千個網友按讚。（娛樂中心／綜合報導）   4.完整新聞連結 (或短網址): https://goo.gl/TU80Q7  5.備註: ※ 一個人一天只能張貼一則新聞，被刪或自刪也算額度內，超貼者水桶，請注意",
    "time": "2017/06/07 10:52:51",
    "event": "click"
  },
  {
    "category": "7",
    "app": "MoPTT",
    "id": "22",
    "context": "Re: [新聞] 陳星憐妻曾想成全 他戳破「扮演無辜的狼 1.媒體來源: 蘋果日報   2.完整新聞標題: 陳星憐妻曾想成全　他戳破「扮演無辜的狼」   3.完整新聞內文:  補教名師陳星（本名陳國星）前天透過律師表示，當年他和妻子謝如玉，與林奕含及林家父母在飯店談判時，妻子只質問他「你愛我還是愛她」，甚至一度想退出婚姻成全他跟林女，但最終是林家父母要求分手，妻子選擇原諒。對此，兩性作家許常德向陳星提出4連問，並直指他「一再的想扮演無辜的狼」。  補教名師陳星（本名陳國星）前天透過律師表示，當年他和妻子謝如玉，與林奕含及林家父母在飯店談判時，妻子只質問他「你愛我還是愛她」，甚至一度想退出婚姻成全他跟林女，但最終是林家父母要求分手，妻子選擇原諒。對此，兩性作家許常德向陳星提出4連問，並直指他「一再的想扮演無辜的狼」。  許常德今在臉書po文，「真正傷害妻子的是老師，不要再說是別人或媒體了」，連問陳星：「要不是你對女學生下手，你的妻子何來問你愛誰呢。（都會問這話，這妻子還會在前陣子被媒體刻意拍到時說相信老公清白？）要不是你隱瞞，你的妻子不會最後一個知道。要不是你事發後神隱，不會有那麽多人焦慮和評論。要不是你對此事始終不老實，不會有那麽多猜測和報導傷了你的家人。」 許常德接著說：「其實你的不捨都很會傷到人，因為都是事後的，且一再的想扮演無辜的狼。都會外遇了，怎麼還催眠自己是會怕妻子受傷的老公呢。」直白說法1小時吸引超過1千個網友按讚。（娛樂中心／綜合報導）   4.完整新聞連結 (或短網址): https://goo.gl/TU80Q7  5.備註: ※ 一個人一天只能張貼一則新聞，被刪或自刪也算額度內，超貼者水桶，請注意",
    "time": "2017/06/07 10:52:51",
    "event": "slide"
  },
  {
    "category": "2",
    "app": "MoPTT",
    "id": "23",
    "context": "[問卦] 『學歷不重要，會教才重要』？ 看到補教業的學歷造假被抓包 一些鄉民說『學歷不重要，會教才重要』 似乎言之成理  大家補習的時候， 會特別去查老師的學歷嗎？",
    "time": "2017/06/07 10:54:12",
    "event": "click"
  },
  {
    "category": "2",
    "app": "MoPTT",
    "id": "24",
    "context": "[問卦] 『學歷不重要，會教才重要』？ 看到補教業的學歷造假被抓包 一些鄉民說『學歷不重要，會教才重要』 似乎言之成理  大家補習的時候， 會特別去查老師的學歷嗎？",
    "time": "2017/06/07 10:54:12",
    "event": "slide"
  },
  {
    "category": "8",
    "app": "MoPTT",
    "id": "25",
    "context": "[問卦] 校長、督學的畢業生致詞都是怎麼想出來的 每年畢業典禮，台上的長官話都講不完  校長一年至少要講一篇，  督學更猛，要去各學校參加，至少要講5篇吧  到底是是怎麼想出那麼多廢話的 ",
    "time": "2017/06/07 10:55:06",
    "event": "click"
  },
  {
    "category": "8",
    "app": "MoPTT",
    "id": "26",
    "context": "[問卦] 校長、督學的畢業生致詞都是怎麼想出來的 每年畢業典禮，台上的長官話都講不完  校長一年至少要講一篇，  督學更猛，要去各學校參加，至少要講5篇吧  到底是是怎麼想出那麼多廢話的 ",
    "time": "2017/06/07 10:55:06",
    "event": "slide"
  },
  {
    "category": "8",
    "app": "MoPTT",
    "id": "27",
    "context": "Re: [爆卦] 數甲之戰，U大確定參戰!  ※ 引述《Ho1liday (江湖唯有英雄志)》之銘言： : 文章代碼(AID): #1OSputCG : 推 UNIQLOCK: 我條件都說好了 <3 也可以錄影放上網路 01/09 21:03 : → UNIQLOCK: 不用解釋阿，我就帶高職畢業證書+本人考數甲90 有問題? 01/09 21:06 : U大確定帶高職畢業證書參戰，大家可以去原文底下卡位雞排惹 : 作者 smallfinger (厭倦) 看板 Gossiping : 標題 Re: [問卦] 高中物理念得好的人數學好像都不錯? : 時間 Mon Jan 9 15:39:33 2017 : ────────────────────────────────────── ─ : 推 UNIQLOCK: 數甲90分 你以為吃素哦，我認真 你也認真OK? 在那邊陰 01/09 20:31 : 推 UNIQLOCK: 是男人就光明正大 直接戰啦 不要再廢話 01/09 20:32 : : 600雞排是有點不切實際 : 你贏了我怕我會很麻煩 太多份 : : 那就這樣吧 : 推文的家扶1萬 : 慈善機構6000 : 愛盲1萬 : 我加碼到1萬 : 當天我領現金等你 : : 共3萬6 > 3萬 : : 所以是幾月幾號幾點在哪裡? : : 為了避免你找槍手 : 請你現在告訴我你的證明身分方式 : 看是要告訴我學校 姓名 : 自拍一張照片傳到我私信 : (反正你也一直在私信嗆我) : : 再來 : 你輸了你打算怎麼處理? :  還有人記得數甲之戰嗎?  不知道UNIQLOCK大大準備的如何  指考只剩下24天了",
    "time": "2017/06/07 10:55:37",
    "event": "click"
  },
  {
    "category": "8",
    "app": "MoPTT",
    "id": "28",
    "context": "Re: [爆卦] 數甲之戰，U大確定參戰!  ※ 引述《Ho1liday (江湖唯有英雄志)》之銘言： : 文章代碼(AID): #1OSputCG : 推 UNIQLOCK: 我條件都說好了 <3 也可以錄影放上網路 01/09 21:03 : → UNIQLOCK: 不用解釋阿，我就帶高職畢業證書+本人考數甲90 有問題? 01/09 21:06 : U大確定帶高職畢業證書參戰，大家可以去原文底下卡位雞排惹 : 作者 smallfinger (厭倦) 看板 Gossiping : 標題 Re: [問卦] 高中物理念得好的人數學好像都不錯? : 時間 Mon Jan 9 15:39:33 2017 : ────────────────────────────────────── ─ : 推 UNIQLOCK: 數甲90分 你以為吃素哦，我認真 你也認真OK? 在那邊陰 01/09 20:31 : 推 UNIQLOCK: 是男人就光明正大 直接戰啦 不要再廢話 01/09 20:32 : : 600雞排是有點不切實際 : 你贏了我怕我會很麻煩 太多份 : : 那就這樣吧 : 推文的家扶1萬 : 慈善機構6000 : 愛盲1萬 : 我加碼到1萬 : 當天我領現金等你 : : 共3萬6 > 3萬 : : 所以是幾月幾號幾點在哪裡? : : 為了避免你找槍手 : 請你現在告訴我你的證明身分方式 : 看是要告訴我學校 姓名 : 自拍一張照片傳到我私信 : (反正你也一直在私信嗆我) : : 再來 : 你輸了你打算怎麼處理? :  還有人記得數甲之戰嗎?  不知道UNIQLOCK大大準備的如何  指考只剩下24天了",
    "time": "2017/06/07 10:55:37",
    "event": "slide"
  },
  {
    "category": "8",
    "app": "MoPTT",
    "id": "29",
    "context": "[新聞] 上台大才是「好學生」　新竹高中校長一 http://www.ettoday.net/news/20170606/939136.htm  上台大才是「好學生」　新竹高中校長一封信惹怒學生  2017年06月6日 19:18  記者鄒鎮宇／綜合報導  新竹高中校長李明昭5月1日公布了一封「致高三同學的一封信」說，今年名校錄取率少很多，希望指考大家好好衝刺。這讓學生們非常不滿，覺得校長眼中只有升學率，轉而發上「靠北竹中」的粉絲專頁，引起熱烈討論。對此，校長室張姓秘書說，「校長尊重學生的想法，並不需要再多做解釋。」  有一名新竹高中高三應屆畢業生在臉書「靠北竹中」上發文，開頭就自稱自己是對學校升學率沒有貢獻的人，他看到他的同學為了夢想和志向放棄台大、清大，非常感動，覺得升學率不是一切，但校方卻只拿能不能進入名校來做唯一的評量，還把過去的數據拿出來做比較，完全把學生的可能性量化，讓他覺得這根本不是竹中五育並進、全人教育的精神和風氣，相當失望。  這篇文章和校長的信一出，引發網友熱烈討論，不少畢業校友和學生都在下面留言說，「看了母校校長的信，只覺得心痛」、「考上台大日子沒有比較好啦，真的」、「哪天錄取率破50%，校長會不會辦感謝祭啊」，還有人開玩笑地說「身為校友，痛心疾首的建議學校將沒有考上台、清、交、成、政等領先大學群的學生通通退學，以傲視全國的百分之百綠取率，證明竹中是非常有實力的。」  也有畢業校友以過來人的身分留言說，當初他就是因為太在意升學榜單而忽略了興趣，後來讀不下去被退學，再花時間重考，唸了一間被認為「普通」的大學，也建議學弟們不要繞遠路，知道興趣在哪就去追尋。  竹中校長室張姓秘書也說，雖然學生可能對此有些誤解，但這是「校長為了鼓勵學生才說的話，希望學生能更加努力」。他還強調，「校長也尊重每個學生的想法，因此不需要再多做任何解釋」。 ",
    "time": "2017/06/07 10:56:34",
    "event": "click"
  },
  {
    "category": "8",
    "app": "MoPTT",
    "id": "30",
    "context": "[新聞] 上台大才是「好學生」　新竹高中校長一 http://www.ettoday.net/news/20170606/939136.htm  上台大才是「好學生」　新竹高中校長一封信惹怒學生  2017年06月6日 19:18  記者鄒鎮宇／綜合報導  新竹高中校長李明昭5月1日公布了一封「致高三同學的一封信」說，今年名校錄取率少很多，希望指考大家好好衝刺。這讓學生們非常不滿，覺得校長眼中只有升學率，轉而發上「靠北竹中」的粉絲專頁，引起熱烈討論。對此，校長室張姓秘書說，「校長尊重學生的想法，並不需要再多做解釋。」  有一名新竹高中高三應屆畢業生在臉書「靠北竹中」上發文，開頭就自稱自己是對學校升學率沒有貢獻的人，他看到他的同學為了夢想和志向放棄台大、清大，非常感動，覺得升學率不是一切，但校方卻只拿能不能進入名校來做唯一的評量，還把過去的數據拿出來做比較，完全把學生的可能性量化，讓他覺得這根本不是竹中五育並進、全人教育的精神和風氣，相當失望。  這篇文章和校長的信一出，引發網友熱烈討論，不少畢業校友和學生都在下面留言說，「看了母校校長的信，只覺得心痛」、「考上台大日子沒有比較好啦，真的」、「哪天錄取率破50%，校長會不會辦感謝祭啊」，還有人開玩笑地說「身為校友，痛心疾首的建議學校將沒有考上台、清、交、成、政等領先大學群的學生通通退學，以傲視全國的百分之百綠取率，證明竹中是非常有實力的。」  也有畢業校友以過來人的身分留言說，當初他就是因為太在意升學榜單而忽略了興趣，後來讀不下去被退學，再花時間重考，唸了一間被認為「普通」的大學，也建議學弟們不要繞遠路，知道興趣在哪就去追尋。  竹中校長室張姓秘書也說，雖然學生可能對此有些誤解，但這是「校長為了鼓勵學生才說的話，希望學生能更加努力」。他還強調，「校長也尊重每個學生的想法，因此不需要再多做任何解釋」。 ",
    "time": "2017/06/07 10:56:34",
    "event": "slide"
  },
  {
    "category": "2",
    "app": "MoPTT",
    "id": "31",
    "context": "[ＦＢ] 柯志恩:補教老師學歷是不能說的秘密嗎？ ＦＢ卦點說明：  教育部終身教育司竟在6月4日(星期日)以line要求 關閉「直轄市及各縣市短期補習班資訊管理系統」 中關於老師學經歷的部分。  身為維護教育公開透明的官員，淪為補教業的打手。   ＦＢ連結： https://www.facebook.com/KoChihEn/  ＦＢ內容：   柯志恩 18 hrs ? 補教老師學歷是不能說的秘密嗎？  暑假來臨，正值補習班招生旺季，也是家長與學生正要選擇補習班並繳費之際，但對於補習班的資訊公開，教育部的動作不只是聲聲慢，甚至還大開倒車！  教育部終身教育司竟在6月4日(星期日)以line要求關閉「直轄市及各縣市短期補習班資訊管理系統」中關於老師學經歷的部分，理由是：「補習及進修教育法」修法只有要求對外公告姓名，並沒有提及學經歷要公佈，以及依照「個資法」規定，除非徵得當事人同意， 否則學經歷不得於網站公告。收到這消息後，上網去看了一下這個平台，原本有的學經歷真的不見了！  若今天是餐廳應徵廚師，自然不需要其學歷，只要求烹飪相關證照即可；學校教師則是經教師甄試，並有教師證，且須以真名、真學歷示人；補教老師並無教師證等證明，以其學歷公開作為選擇依據，何錯之有？總不能大學肄業的人來教高中生數學吧？  如果教育部認為教師之學歷屬於個資法保障範圍，是否全國所有學校老師也應一併將學歷從網頁上移除？若不，則請解釋補教老師和學校老師之間為何可以有雙重標準之理由何在！",
    "time": "2017/06/07 10:56:42",
    "event": "click"
  },
  {
    "category": "2",
    "app": "MoPTT",
    "id": "32",
    "context": "[ＦＢ] 柯志恩:補教老師學歷是不能說的秘密嗎？ ＦＢ卦點說明：  教育部終身教育司竟在6月4日(星期日)以line要求 關閉「直轄市及各縣市短期補習班資訊管理系統」 中關於老師學經歷的部分。  身為維護教育公開透明的官員，淪為補教業的打手。   ＦＢ連結： https://www.facebook.com/KoChihEn/  ＦＢ內容：   柯志恩 18 hrs ? 補教老師學歷是不能說的秘密嗎？  暑假來臨，正值補習班招生旺季，也是家長與學生正要選擇補習班並繳費之際，但對於補習班的資訊公開，教育部的動作不只是聲聲慢，甚至還大開倒車！  教育部終身教育司竟在6月4日(星期日)以line要求關閉「直轄市及各縣市短期補習班資訊管理系統」中關於老師學經歷的部分，理由是：「補習及進修教育法」修法只有要求對外公告姓名，並沒有提及學經歷要公佈，以及依照「個資法」規定，除非徵得當事人同意， 否則學經歷不得於網站公告。收到這消息後，上網去看了一下這個平台，原本有的學經歷真的不見了！  若今天是餐廳應徵廚師，自然不需要其學歷，只要求烹飪相關證照即可；學校教師則是經教師甄試，並有教師證，且須以真名、真學歷示人；補教老師並無教師證等證明，以其學歷公開作為選擇依據，何錯之有？總不能大學肄業的人來教高中生數學吧？  如果教育部認為教師之學歷屬於個資法保障範圍，是否全國所有學校老師也應一併將學歷從網頁上移除？若不，則請解釋補教老師和學校老師之間為何可以有雙重標準之理由何在！",
    "time": "2017/06/07 10:56:42",
    "event": "slide"
  },
  {
    "category": "8",
    "app": "MoPTT",
    "id": "33",
    "context": "Re: [問卦] 要怎樣才能考上醫學系？ ※ 引述《daisy100 (hey)》之銘言： : 是這樣子的 : 我身邊有個大嬸 : 每天在逼他小孩考醫學系 : 重點 : 唉 : 我不敢講破欸 : 我覺得是基因遺傳欸 : 看他媽的樣子 : 我想一百年都考不上 : 但是我小孬孬 : 不敢明講 : 但是她每天都在問我 : 我該怎麼回答呢 : 到底要怎樣才能考上醫學系 : 有卦？  當然是基因的問題啊，漢人只能閃一旁劃土牛界玩沙吧  考上很簡單我教你  找個原住民結婚  或是搬去澎釣綠蘭龜金馬東沙太平住當島主  天天修幹還是躺著上  以上魯妹我的淺見 ",
    "time": "2017/06/07 10:58:25",
    "event": "click"
  },
  {
    "category": "8",
    "app": "MoPTT",
    "id": "34",
    "context": "Re: [問卦] 要怎樣才能考上醫學系？ ※ 引述《daisy100 (hey)》之銘言： : 是這樣子的 : 我身邊有個大嬸 : 每天在逼他小孩考醫學系 : 重點 : 唉 : 我不敢講破欸 : 我覺得是基因遺傳欸 : 看他媽的樣子 : 我想一百年都考不上 : 但是我小孬孬 : 不敢明講 : 但是她每天都在問我 : 我該怎麼回答呢 : 到底要怎樣才能考上醫學系 : 有卦？  當然是基因的問題啊，漢人只能閃一旁劃土牛界玩沙吧  考上很簡單我教你  找個原住民結婚  或是搬去澎釣綠蘭龜金馬東沙太平住當島主  天天修幹還是躺著上  以上魯妹我的淺見 ",
    "time": "2017/06/07 10:58:25",
    "event": "slide"
  },
  {
    "category": "9",
    "app": "MoPTT",
    "id": "35",
    "context": "[新聞] 「難以想像的下午」女學生日記揭系主任 1.媒體來源: ※ 例如蘋果日報、奇摩新聞  蘋果 2.完整新聞標題: ※ 標題沒有寫出來 ---> 依照板規刪除文章 「難以想像的下午」女學生日記揭系主任淫行  3.完整新聞內文: ※ 社論特稿都不能貼! 違者退文，貼廣告也會被退文喔!  台北市一所家商廣告設計系林姓主任2014年指導校內一名女學生參加比賽及報考大學，還認她為乾女兒，卻在私人工作室熊抱、強吻這名女學生，還在車上對她襲胸摸大腿，女學生在日記寫下「夢魘」、「一次比一次更讓人厭惡」，最後不甘受辱怒提告，新北地院今依對少女強制猥褻等罪判林男2年2月徒刑，其中8個月可易科罰金24萬元。  判決指出，林男（51歲）在台北市某家商擔任廣告設計科主任，2013年則擔任被害女學生的繪畫科教師，隔年該女參加美術版畫比賽、報考台北藝術大學，林男也擔任她的指導老師，還因欣賞女學生的才華，加上膝下無兒女，因而認她當乾女兒。 2014年10月間，林男邀女學生到他位於新北市土城區的工作室觀賞版畫作品，當天林男因罹患末期腎衰竭，自行在臥室洗腎後，竟無恥要求女學生躺臥身旁問她：「我可以吻妳嗎？」女學生不敢拒絕，隨即被強吻。  事後林男又多次邀女學生到他工作室，佯稱要幫她按摩，竟要女學生趴在床上，他則緊貼在女學生後背猥褻約5分鐘，另一次正面熊抱女學生，直到女學生說快無法呼吸才鬆手。 更離譜的是，還有一次林男要女學生躺臥在床，他再趴上身強吻、襲胸並企圖強脫她褲子，女學生推開他說「褲子快掉了」，林男竟回稱：「掉了最好。」所幸女學生抗拒才未遭性侵，事後林男還趁送女學生回家時，在車上強吻女學生並襲胸摸大腿。 被害女學生不甘受辱，先後記事本、日記寫下「難以想像的下午」、「夢魘」、「無法掙扎」、「學不會拒絕別人，他的親吻撫摸，一次比一次更讓人厭惡。」等字句，還向同學訴苦，最後在同學規勸，鼓起勇氣向學校舉發。 新北地院開庭時，女學生提出林男傳送給她的簡訊，內容包括「我的生命如脫胎換骨」、「很喜愛妳，常將妳當情人對待，如果我沒有老婆，真的想娶妳」，「自古英雄過此關， 吾今終知苦難擔，思緒當絕起無端，汝能告知法何方？」法官痛批林男身為人師卻不遵守師道，玷污教育，惡性非輕，今依對少女利用權勢猥褻、強制猥褻等罪合併判他2年2月徒刑。仍可上訴。（孫友廉／新北報導） 【更多新聞，請看《蘋果陪審團》粉絲團】  >>加入蘋果日報粉絲團94即時94狂！4.完整新聞連結 (或短網址): ※ 當新聞連結過長時，需提供短網址方便網友點擊  http://m.appledaily.com.tw/realtimenews/article/local/20170607/1134151/ 5.備註: ※ 一個人一天只能張貼一則新聞，被刪或自刪也算額度內，超貼者水桶，請注意  洗腎版陳星 ",
    "time": "2017/06/07 10:58:57",
    "event": "slide"
  },
  {
    "category": "9",
    "app": "MoPTT",
    "id": "36",
    "context": "[新聞] 「難以想像的下午」女學生日記揭系主任 1.媒體來源: ※ 例如蘋果日報、奇摩新聞  蘋果 2.完整新聞標題: ※ 標題沒有寫出來 ---> 依照板規刪除文章 「難以想像的下午」女學生日記揭系主任淫行  3.完整新聞內文: ※ 社論特稿都不能貼! 違者退文，貼廣告也會被退文喔!  台北市一所家商廣告設計系林姓主任2014年指導校內一名女學生參加比賽及報考大學，還認她為乾女兒，卻在私人工作室熊抱、強吻這名女學生，還在車上對她襲胸摸大腿，女學生在日記寫下「夢魘」、「一次比一次更讓人厭惡」，最後不甘受辱怒提告，新北地院今依對少女強制猥褻等罪判林男2年2月徒刑，其中8個月可易科罰金24萬元。  判決指出，林男（51歲）在台北市某家商擔任廣告設計科主任，2013年則擔任被害女學生的繪畫科教師，隔年該女參加美術版畫比賽、報考台北藝術大學，林男也擔任她的指導老師，還因欣賞女學生的才華，加上膝下無兒女，因而認她當乾女兒。 2014年10月間，林男邀女學生到他位於新北市土城區的工作室觀賞版畫作品，當天林男因罹患末期腎衰竭，自行在臥室洗腎後，竟無恥要求女學生躺臥身旁問她：「我可以吻妳嗎？」女學生不敢拒絕，隨即被強吻。  事後林男又多次邀女學生到他工作室，佯稱要幫她按摩，竟要女學生趴在床上，他則緊貼在女學生後背猥褻約5分鐘，另一次正面熊抱女學生，直到女學生說快無法呼吸才鬆手。 更離譜的是，還有一次林男要女學生躺臥在床，他再趴上身強吻、襲胸並企圖強脫她褲子，女學生推開他說「褲子快掉了」，林男竟回稱：「掉了最好。」所幸女學生抗拒才未遭性侵，事後林男還趁送女學生回家時，在車上強吻女學生並襲胸摸大腿。 被害女學生不甘受辱，先後記事本、日記寫下「難以想像的下午」、「夢魘」、「無法掙扎」、「學不會拒絕別人，他的親吻撫摸，一次比一次更讓人厭惡。」等字句，還向同學訴苦，最後在同學規勸，鼓起勇氣向學校舉發。 新北地院開庭時，女學生提出林男傳送給她的簡訊，內容包括「我的生命如脫胎換骨」、「很喜愛妳，常將妳當情人對待，如果我沒有老婆，真的想娶妳」，「自古英雄過此關， 吾今終知苦難擔，思緒當絕起無端，汝能告知法何方？」法官痛批林男身為人師卻不遵守師道，玷污教育，惡性非輕，今依對少女利用權勢猥褻、強制猥褻等罪合併判他2年2月徒刑。仍可上訴。（孫友廉／新北報導） 【更多新聞，請看《蘋果陪審團》粉絲團】  >>加入蘋果日報粉絲團94即時94狂！4.完整新聞連結 (或短網址): ※ 當新聞連結過長時，需提供短網址方便網友點擊  http://m.appledaily.com.tw/realtimenews/article/local/20170607/1134151/ 5.備註: ※ 一個人一天只能張貼一則新聞，被刪或自刪也算額度內，超貼者水桶，請注意  洗腎版陳星 ",
    "time": "2017/06/07 10:58:57",
    "event": "click"
  },
  {
    "category": "10",
    "app": "Facebook",
    "id": "37",
    "context": "果凍筆要買嗎？-翻轉教育 三下剛開學，學生們比著寒假去哪裡玩過的特殊經歷，也開始分享起他們新到手的精美文具。對於這種孩子之間的交流，我一向沒甚麼興趣，繼續埋頭批改我的作業，直到一個嶄新的",
    "time": "2017/06/07 11:05:55",
    "event": "click"
  },
  {
    "category": "10",
    "app": "Facebook",
    "id": "38",
    "context": "果凍筆要買嗎？-翻轉教育 三下剛開學，學生們比著寒假去哪裡玩過的特殊經歷，也開始分享起他們新到手的精美文具。對於這種孩子之間的交流，我一向沒甚麼興趣，繼續埋頭批改我的作業，直到一個嶄新的",
    "time": "2017/06/07 11:05:55",
    "event": "slide"
  },
  {
    "category": "11",
    "app": "Messenger",
    "id": "39",
    "context": "……:: 老師你好瘋喔………… 老師我買蘇信城的教師用的課竟然跟學生版的一樣……… 幹嘛還要標教師版啊? 沒有差阿 無敵每本都直接赴解答喔???",
    "time": "2017/06/07 11:11:51",
    "event": "slide"
  },
  {
    "category": "11",
    "app": "Messenger",
    "id": "40",
    "context": "沒 又不同老師 ",
    "time": "2017/06/07 11:11:51",
    "event": "type"
  },
  {
    "category": "3",
    "app": "Messenger",
    "id": "41",
    "context": "傳送",
    "time": "2017/06/07 11:11:51",
    "event": "click"
  },
  {
    "category": "11",
    "app": "Messenger",
    "id": "42",
    "context": "……:: 老師你好瘋喔………… 老師我買蘇信城的教師用的課竟然跟學生版的一樣……… 幹嘛還要標教師版啊? 沒有差阿 無敵每本都直接赴解答喔??? 是 沒分學生跟老師",
    "time": "2017/06/07 11:11:51",
    "event": "slide"
  },
  {
    "category": "4",
    "app": "Messenger",
    "id": "43",
    "context": "我先洗澡 今天好熱 什麼東西啊  好大 按摩床>< 以後可以買這個嗎 太誇張了吧 我在做瀏覽網頁測試 真的哦",
    "time": "2017/06/07 11:13:25",
    "event": "slide"
  },
  {
    "category": "4",
    "app": "Messenger",
    "id": "44",
    "context": "不知道是不是把我畫面記錄 所以不要傳怪怪的圖片過來喔",
    "time": "2017/06/07 11:13:25",
    "event": "type"
  },
  {
    "category": "3",
    "app": "Messenger",
    "id": "45",
    "context": "傳送",
    "time": "2017/06/07 11:13:25",
    "event": "click"
  },
  {
    "category": "4",
    "app": "Messenger",
    "id": "46",
    "context": "我先洗澡 今天好熱 什麼東西啊  好大 按摩床>< 以後可以買這個嗎 太誇張了吧 我在做瀏覽網頁測試 真的哦 不知道是不是把我畫面記錄 所以不要傳怪怪的圖片過來喔",
    "time": "2017/06/07 11:13:25",
    "event": "slide"
  },
  {
    "category": "11",
    "app": "Messenger",
    "id": "47",
    "context": "……:: 老師你好瘋喔………… 老師我買蘇信城的教師用的課竟然跟學生版的一樣……… 幹嘛還要標教師版啊? 沒有差阿 無敵每本都直接赴解答喔??? 是 沒分學生跟老師 物理化學可以用那本?",
    "time": "2017/06/07 11:15:00",
    "event": "slide"
  },
  {
    "category": "11",
    "app": "Messenger",
    "id": "48",
    "context": " 沒 又不同老師",
    "time": "2017/06/07 11:15:00",
    "event": "type"
  },
  {
    "category": "3",
    "app": "Messenger",
    "id": "49",
    "context": "傳送",
    "time": "2017/06/07 11:15:00",
    "event": "click"
  },
  {
    "category": "11",
    "app": "Messenger",
    "id": "50",
    "context": "……:: 老師你好瘋喔………… 老師我買蘇信城的教師用的課竟然跟學生版的一樣……… 幹嘛還要標教師版啊? 沒有差阿 無敵每本都直接赴解答喔??? 是 沒分學生跟老師 物理化學可以用那本? 沒 又不同老師",
    "time": "2017/06/07 11:15:00",
    "event": "slide"
  },
  {
    "category": "11",
    "app": "Messenger",
    "id": "51",
    "context": "……:: 老師你好瘋喔………… 老師我買蘇信城的教師用的課竟然跟學生版的一樣……… 幹嘛還要標教師版啊? 沒有差阿 無敵每本都直接赴解答喔??? 是 沒分學生跟老師 物理化學可以用那本? 沒 又不同老師 那些物理化學的老師功力也沒比老師強 沒比鄭老師強?",
    "time": "2017/06/07 11:15:00",
    "event": "slide"
  },
  {
    "category": "4",
    "app": "Messenger",
    "id": "52",
    "context": "什麼東西啊  好大 按摩床>< 以後可以買這個嗎 太誇張了吧 我在做瀏覽網頁測試 真的哦 不知道是不是把我畫面記錄 所以不要傳怪怪的圖片過來喔 可以買嗎 ",
    "time": "2017/06/07 11:15:18",
    "event": "slide"
  },
  {
    "category": "4",
    "app": "Messenger",
    "id": "53",
    "context": "沒寫價格",
    "time": "2017/06/07 11:15:18",
    "event": "type"
  },
  {
    "category": "3",
    "app": "Messenger",
    "id": "54",
    "context": "傳送",
    "time": "2017/06/07 11:15:18",
    "event": "click"
  },
  {
    "category": "4",
    "app": "Messenger",
    "id": "55",
    "context": "什麼東西啊  好大 按摩床>< 以後可以買這個嗎 太誇張了吧 我在做瀏覽網頁測試 真的哦 不知道是不是把我畫面記錄 所以不要傳怪怪的圖片過來喔 可以買嗎 沒寫價格",
    "time": "2017/06/07 11:15:18",
    "event": "slide"
  },
  {
    "category": "11",
    "app": "Messenger",
    "id": "56",
    "context": "……:: 老師你好瘋喔………… 老師我買蘇信城的教師用的課竟然跟學生版的一樣……… 幹嘛還要標教師版啊? 沒有差阿 無敵每本都直接赴解答喔??? 是 沒分學生跟老師 物理化學可以用那本? 沒 又不同老師 那些物理化學的老師功力也沒比老師強 沒比鄭老師強?",
    "time": "2017/06/07 11:15:00",
    "event": "slide"
  },
  {
    "category": "11",
    "app": "Messenger",
    "id": "57",
    "context": "沒啦  基本題寫熟就很強了",
    "time": "2017/06/07 11:15:45",
    "event": "type"
  },
  {
    "category": "3",
    "app": "Messenger",
    "id": "58",
    "context": "傳送",
    "time": "2017/06/07 11:15:00",
    "event": "click"
  },
  {
    "category": "11",
    "app": "Messenger",
    "id": "59",
    "context": "……:: 老師你好瘋喔………… 老師我買蘇信城的教師用的課竟然跟學生版的一樣……… 幹嘛還要標教師版啊? 沒有差阿 無敵每本都直接赴解答喔??? 是 沒分學生跟老師 物理化學可以用那本? 沒 又不同老師 那些物理化學的老師功力也沒比老師強 沒比鄭老師強? 沒啦  基本題寫熟就很強了",
    "time": "2017/06/07 11:15:00",
    "event": "slide"
  },
  {
    "category": "4",
    "app": "Messenger",
    "id": "60",
    "context": "什麼東西啊  好大 按摩床>< 以後可以買這個嗎 太誇張了吧 我在做瀏覽網頁測試 真的哦 不知道是不是把我畫面記錄 所以不要傳怪怪的圖片過來喔 可以買嗎 沒寫價格 你覺得ㄌㄟ ",
    "time": "2017/06/07 11:17:06",
    "event": "slide"
  },
  {
    "category": "4",
    "app": "Messenger",
    "id": "61",
    "context": "按摩椅容易壞  這個會不會也容易壞啊 要不要10萬啊  ",
    "time": "2017/06/07 11:17:06",
    "event": "type"
  },
  {
    "category": "3",
    "app": "Messenger",
    "id": "62",
    "context": "傳送",
    "time": "2017/06/07 11:17:06",
    "event": "click"
  },
  {
    "category": "4",
    "app": "Messenger",
    "id": "63",
    "context": "什麼東西啊  好大 按摩床>< 以後可以買這個嗎 太誇張了吧 我在做瀏覽網頁測試 真的哦 不知道是不是把我畫面記錄 所以不要傳怪怪的圖片過來喔 可以買嗎 沒寫價格 你覺得ㄌㄟ 按摩椅容易壞  這個會不會也容易壞啊 要不要10萬啊 ",
    "time": "2017/06/07 11:17:06",
    "event": "slide"
  },
  {
    "category": "12",
    "app": "Facebook",
    "id": "64",
    "context": "給展是給面子？已故漫畫宗師鄭問遭「極度羞辱！」被日本漫畫界譽為「亞洲至寶」的台灣漫畫大師鄭問於3月過世，國內外不少人積極邀約鄭問畫展，但台北市漫畫工會理事長鍾孟舜卻有無限感慨，昨天在臉書 貼文中說碰到了一些事，「我覺得這實在是對畫家極度羞辱！」鍾孟舜首先先感謝故宮給鄭問很大的尊榮和尊重，他感到萬分感激，「我們一定把鄭問首展留在台灣！」但回顧這些日子以來跟一些單位的接洽，卻讓他心很痛。他說，香港、中國大陸來談鄭問畫展，都會詢問授權金，與相關費用，但台灣幾個單位來談，都只是問可不可以拿鄭問老師的圖來展，「 甚至有些單位拿鄭問老師的畫展為名申請標案經費，卻從未詢問過漫畫工會，及家人。 事後才來問可不可以拿鄭問老師的畫來展，問我們同不同意。但問的時候連一張紙都沒有，場地在哪，場地多大，是否文宣宣傳，是否保險，是否有經費，完全都不知道，就希望我們立刻同意。不同意還要一直遊說&hellip;&hellip;」「 我覺得這實在是對畫家極度羞辱，漫畫家又怎可能參加這種單位活動！」 不尊重的態度，讓鍾孟舜想問「是否台灣人對漫畫，就是覺得給你展就是給你面子呢？」「如果連鄭問老師都不尊重，那還有誰能受到尊重呢？」他也趁機幫師母宣告，有鄭老師展覽需求都需經過漫畫工會詢問，請大家不要在沒有任何詢問之下，用老師的名字申請標案經費。被日本漫畫界譽為「亞洲至寶」的台灣漫畫大師鄭問（本名鄭進文），3月因心肌梗塞過世，享年58歲，漫迷震驚不捨。鄭問漫畫採中西合璧，首度將傳統水墨結合西方人物寫實素描，更是首位獲日本漫畫家協會「優秀賞」的非日籍漫畫家。（即時新聞中心／綜合報導） （本篇圖文由《蘋果日報》提供",
    "time": "2017/06/07 11:28:01",
    "event": "click"
  },
  {
    "category": "12",
    "app": "Facebook",
    "id": "65",
    "context": "給展是給面子？已故漫畫宗師鄭問遭「極度羞辱！」被日本漫畫界譽為「亞洲至寶」的台灣漫畫大師鄭問於3月過世，國內外不少人積極邀約鄭問畫展，但台北市漫畫工會理事長鍾孟舜卻有無限感慨，昨天在臉書 貼文中說碰到了一些事，「我覺得這實在是對畫家極度羞辱！」鍾孟舜首先先感謝故宮給鄭問很大的尊榮和尊重，他感到萬分感激，「我們一定把鄭問首展留在台灣！」但回顧這些日子以來跟一些單位的接洽，卻讓他心很痛。他說，香港、中國大陸來談鄭問畫展，都會詢問授權金，與相關費用，但台灣幾個單位來談，都只是問可不可以拿鄭問老師的圖來展，「 甚至有些單位拿鄭問老師的畫展為名申請標案經費，卻從未詢問過漫畫工會，及家人。 事後才來問可不可以拿鄭問老師的畫來展，問我們同不同意。但問的時候連一張紙都沒有，場地在哪，場地多大，是否文宣宣傳，是否保險，是否有經費，完全都不知道，就希望我們立刻同意。不同意還要一直遊說&hellip;&hellip;」「 我覺得這實在是對畫家極度羞辱，漫畫家又怎可能參加這種單位活動！」 不尊重的態度，讓鍾孟舜想問「是否台灣人對漫畫，就是覺得給你展就是給你面子呢？」「如果連鄭問老師都不尊重，那還有誰能受到尊重呢？」他也趁機幫師母宣告，有鄭老師展覽需求都需經過漫畫工會詢問，請大家不要在沒有任何詢問之下，用老師的名字申請標案經費。被日本漫畫界譽為「亞洲至寶」的台灣漫畫大師鄭問（本名鄭進文），3月因心肌梗塞過世，享年58歲，漫迷震驚不捨。鄭問漫畫採中西合璧，首度將傳統水墨結合西方人物寫實素描，更是首位獲日本漫畫家協會「優秀賞」的非日籍漫畫家。（即時新聞中心／綜合報導） （本篇圖文由《蘋果日報》提供",
    "time": "2017/06/07 11:28:01",
    "event": "slide"
  },
  {
    "category": "13",
    "app": "MoPTT",
    "id": "66",
    "context": "[討論] 跑課老師如何談鐘點費？ 最近開始朝跑課生涯邁進，但對於什麼時間點談鐘點費感到有點模糊？  像上一個案子，試教完後明顯感覺的出來對方很喜歡我，我們也在討論可以怎麼喬雙方的時間。到最後相談甚歡，對方承諾會在期限內給我正式回覆。  但問題來了，像這種好像70%～80%有合作機會，但對方又說會給明確回覆，到底要什麼時候談鐘點比較好？  （手機排版請見諒）",
    "time": "2017/06/07 11:30:12",
    "event": "click"
  },
  {
    "category": "13",
    "app": "MoPTT",
    "id": "67",
    "context": "[討論] 跑課老師如何談鐘點費？ 最近開始朝跑課生涯邁進，但對於什麼時間點談鐘點費感到有點模糊？  像上一個案子，試教完後明顯感覺的出來對方很喜歡我，我們也在討論可以怎麼喬雙方的時間。到最後相談甚歡，對方承諾會在期限內給我正式回覆。  但問題來了，像這種好像70%～80%有合作機會，但對方又說會給明確回覆，到底要什麼時候談鐘點比較好？  （手機排版請見諒）",
    "time": "2017/06/07 11:30:12",
    "event": "slide"
  },
  {
    "category": "14",
    "app": "MoPTT",
    "id": "68",
    "context": "Re: [上台] 淡水補習班徵高二物理老師 ※ 引述《kidd0429 (廢鐵罐頭)》之銘言： : 對象: 高二.高三(5人內小班) : 1.負責人: 賴冠笙主任 : 2.地點: 新北市淡水區 : 3.科目：物理 : 4.補習班名稱:拓璞文理(立案字號府教社字第1022590280) : 5.上課時間：面談 8月起上課 : 6.時薪：600~1000 : 7.條件：需有自編講義(高三學測複習需有經驗) : 8.聯絡方式：請先站內信 提醒去淡水跑課的老師 這家補習班已經積欠我兩個月的薪水 四月時主任說”忘了”把現金放在櫃檯給老師 一直拖到四月底才領到三月的薪水 五月時主任又再度”忘了”老師的薪水 我當下立即停課並告知學生原委 學生無奈地說 : 喔~~老師這我們能了解 (@@?....) 一停課主任有立即傳訊息 希望我給他帳號 他用匯款的方式 我告知他要四月連同五月有上課的薪資一併給我 而且下次上課開始 每次上課前我要先拿到該堂鐘點 主任回了”收到” 之後到現在就沒下文了 目前已跟勞工局檢舉 也準備發存證信函 我是不會去上課 只是覺得這批高二的學生很可憐 有可能已經再找人或另有頂替的人選 總之提醒辛苦的各位老師 ",
    "time": "2017/06/07 11:30:36",
    "event": "click"
  },
  {
    "category": "14",
    "app": "MoPTT",
    "id": "69",
    "context": "Re: [上台] 淡水補習班徵高二物理老師 ※ 引述《kidd0429 (廢鐵罐頭)》之銘言： : 對象: 高二.高三(5人內小班) : 1.負責人: 賴冠笙主任 : 2.地點: 新北市淡水區 : 3.科目：物理 : 4.補習班名稱:拓璞文理(立案字號府教社字第1022590280) : 5.上課時間：面談 8月起上課 : 6.時薪：600~1000 : 7.條件：需有自編講義(高三學測複習需有經驗) : 8.聯絡方式：請先站內信 提醒去淡水跑課的老師 這家補習班已經積欠我兩個月的薪水 四月時主任說”忘了”把現金放在櫃檯給老師 一直拖到四月底才領到三月的薪水 五月時主任又再度”忘了”老師的薪水 我當下立即停課並告知學生原委 學生無奈地說 : 喔~~老師這我們能了解 (@@?....) 一停課主任有立即傳訊息 希望我給他帳號 他用匯款的方式 我告知他要四月連同五月有上課的薪資一併給我 而且下次上課開始 每次上課前我要先拿到該堂鐘點 主任回了”收到” 之後到現在就沒下文了 目前已跟勞工局檢舉 也準備發存證信函 我是不會去上課 只是覺得這批高二的學生很可憐 有可能已經再找人或另有頂替的人選 總之提醒辛苦的各位老師 ",
    "time": "2017/06/07 11:30:36",
    "event": "slide"
  },
  {
    "category": "14",
    "app": "MoPTT",
    "id": "70",
    "context": "[家教] 台中市烏日 國中國文&英文 1.對象:明道國一生 ←(年齡、性別缺一不可) 2.地點:明道中學附近 ←(請注意自身安全、財物等。) 3.科目：國中國文、國中英文 4.上課時間：一禮拜一次，每次兩小時 5.時薪：500←(不能打\"面議、詳談、可議、自行開價等；若限制禁言14天。) 6.條件：學生在這兩科表現很不理想，希望可以找到引起學生學習意願 且可以安排複習的老師，家長非常客氣，希望可以找到有耐心又有經驗的 老師。←(依據法令規範，不得限制性別(優先)、國籍(優先)等， 若限制則禁言30天且退文。) 7.聯絡方式：站內信，請附上聯絡方式，再交給家長選較適合的老師(若有限定電話需要在哪些時間撥打 請在此區附註) 8.附註：(例如資料中要特別註明學歷或是家教經驗等等)   提醒:所張貼文章須符合法令所規範的薪資，且不得限制性別等規定。  如違反將按照板規處分。 如違反將按照板規處分。  ----  如使用者對於本篇文章想回覆者，請記得按M，回覆至作者信箱 誤發至板上三天內有權自行刪除一次，再犯者水桶兩週。",
    "time": "2017/06/07 11:31:14",
    "event": "click"
  },
  {
    "category": "14",
    "app": "MoPTT",
    "id": "71",
    "context": "[家教] 台中市烏日 國中國文&英文 1.對象:明道國一生 ←(年齡、性別缺一不可) 2.地點:明道中學附近 ←(請注意自身安全、財物等。) 3.科目：國中國文、國中英文 4.上課時間：一禮拜一次，每次兩小時 5.時薪：500←(不能打\"面議、詳談、可議、自行開價等；若限制禁言14天。) 6.條件：學生在這兩科表現很不理想，希望可以找到引起學生學習意願 且可以安排複習的老師，家長非常客氣，希望可以找到有耐心又有經驗的 老師。←(依據法令規範，不得限制性別(優先)、國籍(優先)等， 若限制則禁言30天且退文。) 7.聯絡方式：站內信，請附上聯絡方式，再交給家長選較適合的老師(若有限定電話需要在哪些時間撥打 請在此區附註) 8.附註：(例如資料中要特別註明學歷或是家教經驗等等)   提醒:所張貼文章須符合法令所規範的薪資，且不得限制性別等規定。  如違反將按照板規處分。 如違反將按照板規處分。  ----  如使用者對於本篇文章想回覆者，請記得按M，回覆至作者信箱 誤發至板上三天內有權自行刪除一次，再犯者水桶兩週。",
    "time": "2017/06/07 11:31:14",
    "event": "slide"
  },
  {
    "category": "14",
    "app": "MoPTT",
    "id": "72",
    "context": "Re: [家教] 台中 或彰化 一對一英文口說 shismile Re: [家教] 台北/新北 游泳教練 ※ 引述《anwilka (allan)》之銘言： : 1.對象: 28歲男 : 2.地點: 台中或彰化皆可 : 3.科目：英文 : 4.上課時間：面議！希望一週2-3次 : 5.時薪：600up : 6.條件： : 7.聯絡方式：站內信換line : 8.附註：希望是有經驗的！可以規劃學習方向！目標兩年內後英文溝通無障礙 : 提醒:所張貼文章須符合法令所規範的薪資，且不得限制性別等規定。 : 如違反將按照板規處分。 : ---- : 如使用者對於本篇文章想回覆者，請記得按M，回覆至作者信箱 : 誤發至板上三天內有權自行刪除一次，再犯者水桶兩週。  年齡性別：25，女 游泳經驗：自幼稚園至今，四式皆可。 教學經驗：自大一至今，海泳亦可教學。 LINE ID ：ycchung92  工作為做二休二，時間另外再約即可。 地點暫定為中正運動中心，不知您方便嗎？  有意願再請您加 LINE 詳談，謝謝。",
    "time": "2017/06/07 11:31:21",
    "event": "click"
  },
  {
    "category": "14",
    "app": "MoPTT",
    "id": "73",
    "context": "Re: [家教] 台中 或彰化 一對一英文口說 shismile Re: [家教] 台北/新北 游泳教練 ※ 引述《anwilka (allan)》之銘言： : 1.對象: 28歲男 : 2.地點: 台中或彰化皆可 : 3.科目：英文 : 4.上課時間：面議！希望一週2-3次 : 5.時薪：600up : 6.條件： : 7.聯絡方式：站內信換line : 8.附註：希望是有經驗的！可以規劃學習方向！目標兩年內後英文溝通無障礙 : 提醒:所張貼文章須符合法令所規範的薪資，且不得限制性別等規定。 : 如違反將按照板規處分。 : ---- : 如使用者對於本篇文章想回覆者，請記得按M，回覆至作者信箱 : 誤發至板上三天內有權自行刪除一次，再犯者水桶兩週。  年齡性別：25，女 游泳經驗：自幼稚園至今，四式皆可。 教學經驗：自大一至今，海泳亦可教學。 LINE ID ：ycchung92  工作為做二休二，時間另外再約即可。 地點暫定為中正運動中心，不知您方便嗎？  有意願再請您加 LINE 詳談，謝謝。",
    "time": "2017/06/07 11:31:21",
    "event": "slide"
  },
  {
    "category": "15",
    "app": "Messenger",
    "id": "74",
    "context": "【遠傳提醒通知】您的SIM卡具備悠遊卡功能，即日開通享免記名費/電信帳單折抵等優惠，詳洽 wallet.friday.tw (傳輸另計) ",
    "time": "2017/06/07 11:32:20",
    "event": "slide"
  },
  {
    "category": "16",
    "app": "MoPTT",
    "id": "75",
    "context": "[閒聊] 快機保的老闆可能要回東部去了 首先先跟大家說個晚安 (很少發閒聊文，如違規了請告知我，我即刻刪除貼文> <)  如題所述，快機保的老闆是我某位朋友很聊得來的好友 雖然我本身並無跟快機保的老闆接觸過 也沒有在快機保修過車或換機油 如此一來應該可以避免掉業配的嫌疑吧(?)  聽聞我朋友時常對我說老闆的佛心事蹟，他可說是非常忠厚老實之人 對於別人的需求只要在不會太誇張的範圍內 他都不吝於伸出援手  但目前老闆遭逢困難，我對我自己沒辦法幫上他的忙感到很抱歉 原先的租屋處老闆不打算繼續租下去 正尋求新的好位置中 只不過...對方一聽到是機車行 各個退避三舍，再不然就是獅子大開口@@  老闆的預設租金範圍落在每月20000上下 希望台中版的版友能幫佛心老闆多加留意台中的租屋資訊 希望他能繼續留在台中這溫暖且不易淹水、遭受天災影響的台中  拜託各位了 真的非常感謝Orz  ",
    "time": "2017/06/07 11:32:37",
    "event": "click"
  },
  {
    "category": "16",
    "app": "MoPTT",
    "id": "76",
    "context": "[閒聊] 快機保的老闆可能要回東部去了 首先先跟大家說個晚安 (很少發閒聊文，如違規了請告知我，我即刻刪除貼文> <)  如題所述，快機保的老闆是我某位朋友很聊得來的好友 雖然我本身並無跟快機保的老闆接觸過 也沒有在快機保修過車或換機油 如此一來應該可以避免掉業配的嫌疑吧(?)  聽聞我朋友時常對我說老闆的佛心事蹟，他可說是非常忠厚老實之人 對於別人的需求只要在不會太誇張的範圍內 他都不吝於伸出援手  但目前老闆遭逢困難，我對我自己沒辦法幫上他的忙感到很抱歉 原先的租屋處老闆不打算繼續租下去 正尋求新的好位置中 只不過...對方一聽到是機車行 各個退避三舍，再不然就是獅子大開口@@  老闆的預設租金範圍落在每月20000上下 希望台中版的版友能幫佛心老闆多加留意台中的租屋資訊 希望他能繼續留在台中這溫暖且不易淹水、遭受天災影響的台中  拜託各位了 真的非常感謝Orz  ",
    "time": "2017/06/07 11:32:37",
    "event": "slide"
  },
  {
    "category": "4",
    "app": "MoPTT",
    "id": "77",
    "context": "[新聞] 補習班實名制好威　英文名師從「留加碩士 etnews 新聞雲 補習班實名制好威　英文名師從「留加碩士」變台科大二技生  記者黃君瀚／台北報導  才女作家林奕含自殺事件震驚全國，進而催生補習班「實名制」，名師本名和最高學歷全都得上網登錄。不過有網友發現，台南市一名許姓英文名師（本名楊XX），在線上教學網站上學歷寫得是政大外文系、加拿大UBC（英屬哥倫比亞大學）英文教學碩士，但在教育局的資料卻是台科大工業管理系。  網友爆料，他在某多媒體英語教學網站上發現，許師學歷為政大外文系、加拿大UBC英文教學碩士，經歷更是顯赫，包含全民英檢指導顧問、經濟部商業司外交事務英文翻譯顧問，更多次登上電視台接受採訪。  不過，他在「台南市短期補習班資訊管理系統」查證，輸入許師目前任教的補習班，卻發現「最高學歷」大不同，根據這筆今年5月18日登錄的資料，許師學歷只有大學，讀的是台科大工業管理系，過去是「二技」（二年制技術學院）體系。  他更踢爆，政大根本就沒有外文系，只有「英語系」，他批評許師學歷騙很大，「要瞎扯也有點水準好嗎？順便亮出大安高工的學歷好嗎？」  記者致電台南市許師目前任教的某文理短期補習班查證，職員表示，不清楚台南市教育局資料是誰上去登錄，也不了解補習班老師的真實學歷。她強調，補習班對外宣傳或製作文宣資料時，都沒有放許姓英文名師的學歷，只強調教學成績。  此外，記者上台南市教育局查詢時，3位老師「學歷」那一欄位已全部撤掉，不清楚識系統問題，或是補習班人員更改。  爆料貼上網，吸引網友熱烈討論，一派認為補習班老師會教最重要，學歷影響不大，「你會  另一派網友批評，學歷造假和會不會教書無關，這是在欺騙家長和學生，「學歷造假」、「  http://www.ettoday.net/news/20170606/938641.htm  真的滿威的  -- ！！！！！！！！！！！！！！簽名檔破300000點擊率啦！！！！！！！！！！！！！！ Fw: [問卦] 電影：決勝21點的機率問題  https://goo.gl/2BpbB7 #1MfN3FgZ (joke) ！！！！！！！！！！！！！！簽名檔破300000點擊率啦！！！！！！！ ",
    "time": "2017/06/07 11:34:45",
    "event": "click"
  },
  {
    "category": "4",
    "app": "MoPTT",
    "id": "78",
    "context": "[新聞] 補習班實名制好威　英文名師從「留加碩士 etnews 新聞雲 補習班實名制好威　英文名師從「留加碩士」變台科大二技生  記者黃君瀚／台北報導  才女作家林奕含自殺事件震驚全國，進而催生補習班「實名制」，名師本名和最高學歷全都得上網登錄。不過有網友發現，台南市一名許姓英文名師（本名楊XX），在線上教學網站上學歷寫得是政大外文系、加拿大UBC（英屬哥倫比亞大學）英文教學碩士，但在教育局的資料卻是台科大工業管理系。  網友爆料，他在某多媒體英語教學網站上發現，許師學歷為政大外文系、加拿大UBC英文教學碩士，經歷更是顯赫，包含全民英檢指導顧問、經濟部商業司外交事務英文翻譯顧問，更多次登上電視台接受採訪。  不過，他在「台南市短期補習班資訊管理系統」查證，輸入許師目前任教的補習班，卻發現「最高學歷」大不同，根據這筆今年5月18日登錄的資料，許師學歷只有大學，讀的是台科大工業管理系，過去是「二技」（二年制技術學院）體系。  他更踢爆，政大根本就沒有外文系，只有「英語系」，他批評許師學歷騙很大，「要瞎扯也有點水準好嗎？順便亮出大安高工的學歷好嗎？」  記者致電台南市許師目前任教的某文理短期補習班查證，職員表示，不清楚台南市教育局資料是誰上去登錄，也不了解補習班老師的真實學歷。她強調，補習班對外宣傳或製作文宣資料時，都沒有放許姓英文名師的學歷，只強調教學成績。  此外，記者上台南市教育局查詢時，3位老師「學歷」那一欄位已全部撤掉，不清楚識系統問題，或是補習班人員更改。  爆料貼上網，吸引網友熱烈討論，一派認為補習班老師會教最重要，學歷影響不大，「你會  另一派網友批評，學歷造假和會不會教書無關，這是在欺騙家長和學生，「學歷造假」、「  http://www.ettoday.net/news/20170606/938641.htm  真的滿威的  -- ！！！！！！！！！！！！！！簽名檔破300000點擊率啦！！！！！！！！！！！！！！ Fw: [問卦] 電影：決勝21點的機率問題  https://goo.gl/2BpbB7 #1MfN3FgZ (joke) ！！！！！！！！！！！！！！簽名檔破300000點擊率啦！！！！！！！ ",
    "time": "2017/06/07 11:34:45",
    "event": "slide"
  }
]