[
  {
    "category": "1",
    "app": "MoPTT",
    "id": "1",
    "context": "[問題] 兩萬內遊戲手機選擇 爬過一些文，兩萬內的手機大概就華為mate9,三星s7e,htc 10,華碩zf3d,sony xz ,oppo r9s還有iphone se等等。  玩遊戲當然是iphone屌打沒話說，但se螢幕太小不太能接受，懇請各位大大幫小的出點意見。  需求就打遊戲(shadowverse ,傳說對決，皇室戰爭)，充電快(或續航不錯)，10000~20000的手機(可稍捏一點)。   -- ※ 發信站: 批踢踢實業坊(ptt.cc), 來自: 180.205.136.109 ※ 瀏覽網頁版 ※ ",
    "time": "2017/05/23 14:07:04",
    "event": "click"
  },
  {
    "category": "1",
    "app": "MoPTT",
    "id": "2",
    "context": "[問題] 兩萬內遊戲手機選擇 爬過一些文，兩萬內的手機大概就華為mate9,三星s7e,htc 10,華碩zf3d,sony xz ,oppo r9s還有iphone se等等。  玩遊戲當然是iphone屌打沒話說，但se螢幕太小不太能接受，懇請各位大大幫小的出點意見。  需求就打遊戲(shadowverse ,傳說對決，皇室戰爭)，充電快(或續航不錯)，10000~20000的手機(可稍捏一點)。   -- ※ 發信站: 批踢踢實業坊(ptt.cc), 來自: 180.205.136.109 ※ 瀏覽網頁版 ※ ",
    "time": "2017/05/23 14:07:04",
    "event": "slide"
  },
  {
    "category": "2",
    "app": "MoPTT",
    "id": "3",
    "context": "[多區/一般]長期假日賣場試飲人員 本人同意並願意遵守現行法律、本站使用者條款、本站各級規定、本板所有規範， 本人願意為本文內容負責，並保証本文內容皆詳盡屬實，若違反相關規範，願受處分。    提醒：以上兩行文字不得刪除修改，誤刪者請至本板板規第37條複製範本。 各項★除有特別規定外均為必填項目，應詳實填寫，不得模糊籠統。 非必填項目亦應保留預設格式中之項目不得刪除。 各欄位灰色括號內文字為範本，使用者可自行刪除。 範本僅供參考，實際以各項規定為準。 在本板徵求保母、托嬰、陪玩、幼保、救生員、游泳教練、看護、護理師等， 或其它需專業執照方可執業之工作者，雇主應自行審核資格，避免發生憾事。 於本板徵才所衍生的任何損害，由使用者自負責任，本站與本板不負任何責任。 以上提醒文字看完後得以Ctrl+Y刪除之。  本文僅授權發表於PTT實業坊，未經同意不得轉載至其它網站，本人保留一切訴訟權。 ★《工作期間》 (每週工時不得逾六日、應依法提供例假、補休)  工作日期：六月份起每週六、日 排班方式：每個週末上班，若當週週末有事可請假 每日工作時間：11：00~19：00(可彈性調整) 每日休息時間︰上班時間內自擇一小時休息 休息有無計薪供餐：有計薪無供餐  ★《工作待遇》 (法定最低工資為每小時新台幣133元，日薪、按件計酬換算時薪不得低於上開標準)  　平常日工資：$1200/天 國定假日工資：(應為上開約定之2倍以上並補休，未填者視為依法規定) 延長工時工資：(前2小時應為上開約定之1.33倍、後2小時1.66倍，未填者視為依法規定)勞健保、勞退︰依法規定投保、提撥(不得刪除或變更此項) 工資發放日：隔月16號  ★《工作內容》 (工作地點應填寫完整地址、勞務內容應詳盡、確實填寫，不得模稜兩可)  工作地點︰新北市/台中市的家樂福 勞務內容︰給客人試飲紅酒、介紹及銷售  ★《事業登記資料》 (應填單位登記之完整名稱、完整地址)  單位名稱：泰德利股份有限公司 單位地址：新北市五股區五工路149號5樓   ★《聯絡資訊》 (正確姓氏稱謂範例如下：) (張三、張先生、張小姐、張老師、張教授、張醫師、張律師、張經理) (Chang, San、San Chang、Mr. Chang、Ms. Chang、Dr. Chang、Prof. Chang)  聯絡人姓氏稱謂︰柯小姐 聯絡方式︰請寄簡歷至 Vivian.ko@tied.com.tw 是否回覆報名者：只回錄取者  ◎《其他資訊》 (非特殊事由不得限定工作能力以外之徵才條件，受訓期間有勞務行為者應正常給薪)  需求人數：新北市.台中市各一位 通知方式：電話或E-mail聯絡 面試時間：待通知 受訓時間：待通知 截止時間：徵滿為止   強烈建議雇主在徵到人後，修改標題註明「已徵得」或其同義詞，體諒勞工心情",
    "time": "2017/05/23 14:08:09",
    "event": "click"
  },
  {
    "category": "2",
    "app": "MoPTT",
    "id": "4",
    "context": "[多區/一般]長期假日賣場試飲人員 本人同意並願意遵守現行法律、本站使用者條款、本站各級規定、本板所有規範， 本人願意為本文內容負責，並保証本文內容皆詳盡屬實，若違反相關規範，願受處分。    提醒：以上兩行文字不得刪除修改，誤刪者請至本板板規第37條複製範本。 各項★除有特別規定外均為必填項目，應詳實填寫，不得模糊籠統。 非必填項目亦應保留預設格式中之項目不得刪除。 各欄位灰色括號內文字為範本，使用者可自行刪除。 範本僅供參考，實際以各項規定為準。 在本板徵求保母、托嬰、陪玩、幼保、救生員、游泳教練、看護、護理師等， 或其它需專業執照方可執業之工作者，雇主應自行審核資格，避免發生憾事。 於本板徵才所衍生的任何損害，由使用者自負責任，本站與本板不負任何責任。 以上提醒文字看完後得以Ctrl+Y刪除之。  本文僅授權發表於PTT實業坊，未經同意不得轉載至其它網站，本人保留一切訴訟權。 ★《工作期間》 (每週工時不得逾六日、應依法提供例假、補休)  工作日期：六月份起每週六、日 排班方式：每個週末上班，若當週週末有事可請假 每日工作時間：11：00~19：00(可彈性調整) 每日休息時間︰上班時間內自擇一小時休息 休息有無計薪供餐：有計薪無供餐  ★《工作待遇》 (法定最低工資為每小時新台幣133元，日薪、按件計酬換算時薪不得低於上開標準)  　平常日工資：$1200/天 國定假日工資：(應為上開約定之2倍以上並補休，未填者視為依法規定) 延長工時工資：(前2小時應為上開約定之1.33倍、後2小時1.66倍，未填者視為依法規定)勞健保、勞退︰依法規定投保、提撥(不得刪除或變更此項) 工資發放日：隔月16號  ★《工作內容》 (工作地點應填寫完整地址、勞務內容應詳盡、確實填寫，不得模稜兩可)  工作地點︰新北市/台中市的家樂福 勞務內容︰給客人試飲紅酒、介紹及銷售  ★《事業登記資料》 (應填單位登記之完整名稱、完整地址)  單位名稱：泰德利股份有限公司 單位地址：新北市五股區五工路149號5樓   ★《聯絡資訊》 (正確姓氏稱謂範例如下：) (張三、張先生、張小姐、張老師、張教授、張醫師、張律師、張經理) (Chang, San、San Chang、Mr. Chang、Ms. Chang、Dr. Chang、Prof. Chang)  聯絡人姓氏稱謂︰柯小姐 聯絡方式︰請寄簡歷至 Vivian.ko@tied.com.tw 是否回覆報名者：只回錄取者  ◎《其他資訊》 (非特殊事由不得限定工作能力以外之徵才條件，受訓期間有勞務行為者應正常給薪)  需求人數：新北市.台中市各一位 通知方式：電話或E-mail聯絡 面試時間：待通知 受訓時間：待通知 截止時間：徵滿為止   強烈建議雇主在徵到人後，修改標題註明「已徵得」或其同義詞，體諒勞工心情",
    "time": "2017/05/23 14:08:09",
    "event": "slide"
  },
  {
    "category": "3",
    "app": "MoPTT",
    "id": "5",
    "context": "[問題] 偉文補習班請益 代po 請問有沒有中興的同學在偉文補習的呢？ 想要問一下書的問題～ 可以解答的人就麻煩在下面留言就好 我在請原po去站內 ",
    "time": "2017/05/23 14:08:23",
    "event": "click"
  },
  {
    "category": "3",
    "app": "MoPTT",
    "id": "6",
    "context": "[問題] 偉文補習班請益 代po 請問有沒有中興的同學在偉文補習的呢？ 想要問一下書的問題～ 可以解答的人就麻煩在下面留言就好 我在請原po去站內 ",
    "time": "2017/05/23 14:08:23",
    "event": "slide"
  },
  {
    "category": "4",
    "app": "MoPTT",
    "id": "7",
    "context": "[贈送] Seal POD 物 品： SealPOD 膠膜 有六包，一包是茶用的  到期日(食品及美妝品請加上到期日): 無  領取地點： 南區 期 限：送出為止  聯絡方法：站內信  備 註： Nespresso 自填膠囊用 ",
    "time": "2017/05/23 14:10:03",
    "event": "click"
  },
  {
    "category": "4",
    "app": "MoPTT",
    "id": "8",
    "context": "[贈送] Seal POD 物 品： SealPOD 膠膜 有六包，一包是茶用的  到期日(食品及美妝品請加上到期日): 無  領取地點： 南區 期 限：送出為止  聯絡方法：站內信  備 註： Nespresso 自填膠囊用 ",
    "time": "2017/05/23 14:10:03",
    "event": "slide"
  },
  {
    "category": "5",
    "app": "MoPTT",
    "id": "9",
    "context": "[情報] 電腦家 Toshiba 1TB 行動硬碟$1488 今天剛好在pchome看到 toshiba 1TB USB3.0 2.5吋行動硬碟 http://24h.m.pchome.com.tw/prod/DRAA1U-A9005ZKTE 可以使用折價卷 原價1788-300=1488 如果搭配花旗週二活動還有100的刷卡金 1388買到toshiba 應該滿超值的 分享給各位 第一次發文如有違法版規 自刪  ",
    "time": "2017/05/23 14:10:40",
    "event": "click"
  },
  {
    "category": "5",
    "app": "MoPTT",
    "id": "10",
    "context": "[情報] 電腦家 Toshiba 1TB 行動硬碟$1488 今天剛好在pchome看到 toshiba 1TB USB3.0 2.5吋行動硬碟 http://24h.m.pchome.com.tw/prod/DRAA1U-A9005ZKTE 可以使用折價卷 原價1788-300=1488 如果搭配花旗週二活動還有100的刷卡金 1388買到toshiba 應該滿超值的 分享給各位 第一次發文如有違法版規 自刪  ",
    "time": "2017/05/23 14:10:40",
    "event": "slide"
  },
  {
    "category": "11",
    "app": "MoPTT",
    "id": "11",
    "context": "Shadowverse",
    "time": "2017/05/23 14:11:03",
    "event": "click"
  },
  {
    "category": "6",
    "app": "MoPTT",
    "id": "12",
    "context": "[心得] Re: [閒聊] 聊一下這次的改動 大家好 這是我和朋友針對 這次版本改動 對於環境影響 的討論影片  https://youtu.be/clrlEMgp21Q  希望可以跟大家討論看看 不然只有我們兩個人 好像總有些地方沒有講到R  但是.....我不知道能不能在這裡PR自己的影片 如果不行 我會自D 謝謝了",
    "time": "2017/05/23 14:11:03",
    "event": "click"
  },
  {
    "category": "6",
    "app": "MoPTT",
    "id": "13",
    "context": "[心得] Re: [閒聊] 聊一下這次的改動 大家好 這是我和朋友針對 這次版本改動 對於環境影響 的討論影片  https://youtu.be/clrlEMgp21Q  希望可以跟大家討論看看 不然只有我們兩個人 好像總有些地方沒有講到R  但是.....我不知道能不能在這裡PR自己的影片 如果不行 我會自D 謝謝了",
    "time": "2017/05/23 14:11:03",
    "event": "slide"
  },
  {
    "category": "7",
    "app": "MoPTT",
    "id": "14",
    "context": "[閒聊] 樁的能力發動 像打這種前中期的皇家 有時對面攻擊力偏偏都剛好在4ww 如果只是純鋪場隱身 643又是一陣尷尬  感覺如果能殺4攻的怪 中期組合能變的更強勢啊 ",
    "time": "2017/05/23 14:11:10",
    "event": "click"
  },
  {
    "category": "7",
    "app": "MoPTT",
    "id": "15",
    "context": "[閒聊] 樁的能力發動 像打這種前中期的皇家 有時對面攻擊力偏偏都剛好在4ww 如果只是純鋪場隱身 643又是一陣尷尬  感覺如果能殺4攻的怪 中期組合能變的更強勢啊 ",
    "time": "2017/05/23 14:11:10",
    "event": "slide"
  },
  {
    "category": "8",
    "app": "Facebook",
    "id": "16",
    "context": "牌組詳細｜Shadowverse Portal｜Shadowverse卡片一覧＆牌組製作模擬器",
    "time": "2017/05/23 14:43:06",
    "event": "click"
  },
  {
    "category": "8",
    "app": "Facebook",
    "id": "17",
    "context": "牌組詳細｜Shadowverse Portal｜Shadowverse卡片一覧＆牌組製作模擬器",
    "time": "2017/05/23 14:43:06",
    "event": "slide"
  },
  {
    "category": "8",
    "app": "Facebook",
    "id": "18",
    "context": "次元超越｜Shadowverse Portal｜Shadowverse卡片一覧＆牌組製作模擬器",
    "time": "2017/05/23 14:43:31",
    "event": "click"
  },
  {
    "category": "8",
    "app": "Facebook",
    "id": "19",
    "context": "次元超越｜Shadowverse Portal｜Shadowverse卡片一覧＆牌組製作模擬器",
    "time": "2017/05/23 14:43:31",
    "event": "slide"
  },
  {
    "category": "8",
    "app": "Facebook",
    "id": "20",
    "context": "魔炎毀滅者｜Shadowverse Portal｜Shadowverse卡片一覧＆牌組製作模擬器",
    "time": "2017/05/23 14:43:49",
    "event": "click"
  },
  {
    "category": "8",
    "app": "Facebook",
    "id": "21",
    "context": "魔炎毀滅者｜Shadowverse Portal｜Shadowverse卡片一覧＆牌組製作模擬器",
    "time": "2017/05/23 14:43:49",
    "event": "slide"
  },
  {
    "category": "10",
    "app": "MoPTT",
    "id": "22",
    "context": "marvel",
    "time": "2017/05/23 14:57:20",
    "event": "click"
  },
  {
    "category": "9",
    "app": "MoPTT",
    "id": "23",
    "context": "[新聞] 起乩「鯉魚仙子」上身 乩童進香「游」進 新聞連結： http://news.ltn.com.tw/news/life/breakingnews/2074096  新聞內容：  府城武勝宮日前前往台南市西港慶安宮進香，乩童稱被「鯉魚仙子」上身， 影片中的乩童趴在地上，前方因為魚不能沒有水，有人灑水藉此開路， 引起許多路人圍觀。   《三立新聞》報導，過程中乩童不發一語，靠著手寫和廟宇工作人員溝通， 目擊民眾透露，乩童用肚子和手的往前「游」，游過天爐後再爬起來。   乩童光是從廟前進入到參拜大廳，約20公尺距離就要游30分鐘，相當費力。 西港慶安宮是全台開基鯉魚公祖廟，慶安宮總務組長謝武昌透露， 他在廟裡工作3年多，還是第一次看到將鯉魚當作乩身，用「游」的進香。   大家怎麼看@@?   -- ※ 發信站: 批踢踢實業坊(ptt.cc), 來自: 180.204.51.104 ※ 瀏覽網頁版 ※  我對乩童文化不熟悉，網路上喜歡大樹久堂慈后宮巷仔媽的乩身，覺得有氣質。看到這篇報導疑惑的是靈不能適應人體構造嗎？沒有貶意，謝謝各位大大   新聞原稿就打這樣，我有發現但沒有去修正@@   謝謝大大解釋，我不懂，只是看到新聞轉貼分享而已@@(為什麼鯉魚可以保平安?)   @@   狼兄好！   不是人，是貓@@   可以去YouTube 上看我說的那位媽祖乩身，超氣質   玻璃心？諷～刺～我QQ已檢舉，哼  我開玩笑的@@   人生也是如此，被既定的約定俗成的、聽說的、告誡的，慢慢想像力就少了@@",
    "time": "2017/05/23 14:57:47",
    "event": "click"
  },
  {
    "category": "9",
    "app": "MoPTT",
    "id": "24",
    "context": "[新聞] 起乩「鯉魚仙子」上身 乩童進香「游」進 新聞連結： http://news.ltn.com.tw/news/life/breakingnews/2074096  新聞內容：  府城武勝宮日前前往台南市西港慶安宮進香，乩童稱被「鯉魚仙子」上身， 影片中的乩童趴在地上，前方因為魚不能沒有水，有人灑水藉此開路， 引起許多路人圍觀。   《三立新聞》報導，過程中乩童不發一語，靠著手寫和廟宇工作人員溝通， 目擊民眾透露，乩童用肚子和手的往前「游」，游過天爐後再爬起來。   乩童光是從廟前進入到參拜大廳，約20公尺距離就要游30分鐘，相當費力。 西港慶安宮是全台開基鯉魚公祖廟，慶安宮總務組長謝武昌透露， 他在廟裡工作3年多，還是第一次看到將鯉魚當作乩身，用「游」的進香。   大家怎麼看@@?   -- ※ 發信站: 批踢踢實業坊(ptt.cc), 來自: 180.204.51.104 ※ 瀏覽網頁版 ※  我對乩童文化不熟悉，網路上喜歡大樹久堂慈后宮巷仔媽的乩身，覺得有氣質。看到這篇報導疑惑的是靈不能適應人體構造嗎？沒有貶意，謝謝各位大大   新聞原稿就打這樣，我有發現但沒有去修正@@   謝謝大大解釋，我不懂，只是看到新聞轉貼分享而已@@(為什麼鯉魚可以保平安?)   @@   狼兄好！   不是人，是貓@@   可以去YouTube 上看我說的那位媽祖乩身，超氣質   玻璃心？諷～刺～我QQ已檢舉，哼  我開玩笑的@@   人生也是如此，被既定的約定俗成的、聽說的、告誡的，慢慢想像力就少了@@",
    "time": "2017/05/23 14:57:47",
    "event": "slide"
  },
  {
    "category": "9",
    "app": "MoPTT",
    "id": "25",
    "context": "Re: [閒聊] 大女兒闖大禍了 自從上次大女兒闖禍後,眾神明幫忙後 很快過了兩周,這陣子的表現跟過去相比,確實有很明顯改善 專注寫作業時間拉長,不像以前寫作業,寫三個字要花一個小時 真會吐血 上週五考國字聽寫,只錯一個字,老婆開心死了!!! 前一天晚上,幫她複習國字,發現國字學習能力比以前進步許多 只要寫2,3次就背起來了...以前是寫國字,背到後面,忘了前面 在學校的表現一樣不佳.... 這問題請教過許多神明.... 簡單說學校有外靈干擾,無法專注上課,造成發呆的現象 這些外靈本來就是當地的居民,且又不會害人 只是女兒有靈異體質,感應到這些外靈受到影響 神明也無法幫忙 所幸,前幾天,看文章,某篇文章讓我產生感應 聯絡對方,談了很久,這週六對方在南部處理事情,順便將大女兒的天靈蓋關起來 不讓她受外靈干擾 後來請示帝君,才知道對方是帝君安排的貴人,大女兒時機已到 由貴人相助,解決問題 等天靈蓋關後,我再來觀察在學校的表現是否有改善  -- ※ 發信站: 批踢踢實業坊(ptt.cc), 來自: 59.120.103.214 ※ 瀏覽網頁版 ※ 謝謝 謝謝 人與靈界本來就是重疊,只是互不相犯,除非有靈異體質的人才能感應到靈的存在 謝謝你的建議,其實很多事情也要小女可以接受,如果她不想帶 買了也沒用 我也請帝君,菩薩多幫忙....很多事要人也要神 ",
    "time": "2017/05/23 14:58:21",
    "event": "click"
  },
  {
    "category": "9",
    "app": "MoPTT",
    "id": "26",
    "context": "Re: [閒聊] 大女兒闖大禍了 自從上次大女兒闖禍後,眾神明幫忙後 很快過了兩周,這陣子的表現跟過去相比,確實有很明顯改善 專注寫作業時間拉長,不像以前寫作業,寫三個字要花一個小時 真會吐血 上週五考國字聽寫,只錯一個字,老婆開心死了!!! 前一天晚上,幫她複習國字,發現國字學習能力比以前進步許多 只要寫2,3次就背起來了...以前是寫國字,背到後面,忘了前面 在學校的表現一樣不佳.... 這問題請教過許多神明.... 簡單說學校有外靈干擾,無法專注上課,造成發呆的現象 這些外靈本來就是當地的居民,且又不會害人 只是女兒有靈異體質,感應到這些外靈受到影響 神明也無法幫忙 所幸,前幾天,看文章,某篇文章讓我產生感應 聯絡對方,談了很久,這週六對方在南部處理事情,順便將大女兒的天靈蓋關起來 不讓她受外靈干擾 後來請示帝君,才知道對方是帝君安排的貴人,大女兒時機已到 由貴人相助,解決問題 等天靈蓋關後,我再來觀察在學校的表現是否有改善  -- ※ 發信站: 批踢踢實業坊(ptt.cc), 來自: 59.120.103.214 ※ 瀏覽網頁版 ※ 謝謝 謝謝 人與靈界本來就是重疊,只是互不相犯,除非有靈異體質的人才能感應到靈的存在 謝謝你的建議,其實很多事情也要小女可以接受,如果她不想帶 買了也沒用 我也請帝君,菩薩多幫忙....很多事要人也要神 ",
    "time": "2017/05/23 14:58:21",
    "event": "slide"
  },
  {
    "category": "9",
    "app": "MoPTT",
    "id": "27",
    "context": "[找文] 沒有鬼，但是人很可怕的文 每天都一定要上飄板逛逛  最近特別喜歡有關「人」的故事  尤其是知人知面不知心的那種無力感  真的會使人毛好久    想要請問飄板的各位  有沒有推薦文中沒有鬼  但是卻有恐怖的人的文章呢？    印象最深刻的大概就是Ｇ縣廚了！  還有「USO！JAPAN」拍成影片的都市傳說  記得不久前也看過一篇「姊姊好友愛上姐夫，送詛咒巧克力給姊姊」的    哎呀真的很愛這類型  雖然有用關鍵字搜尋過了  但是沒有找到類似的找文文章  麻煩大家推薦了！  -- ※ 發信站: 批踢踢實業坊(ptt.cc), 來自: 123.241.42.215 ※ 瀏覽網頁版 ※ 謝謝您～  我記得那篇！！！  記得文章把原PO形容得像是個有錢帥哥 XD 天哪謝謝您！！！  題外話：有一篇雖然有鬼，但我很喜歡！  是「NoSleep- 別睡著」  推薦給有興趣的人 XD 天哪您真專業！！！  真的是太太太感謝您了！  馬上來惡補文章 <3 ",
    "time": "2017/05/23 14:58:58",
    "event": "click"
  },
  {
    "category": "9",
    "app": "MoPTT",
    "id": "28",
    "context": "[找文] 沒有鬼，但是人很可怕的文 每天都一定要上飄板逛逛  最近特別喜歡有關「人」的故事  尤其是知人知面不知心的那種無力感  真的會使人毛好久    想要請問飄板的各位  有沒有推薦文中沒有鬼  但是卻有恐怖的人的文章呢？    印象最深刻的大概就是Ｇ縣廚了！  還有「USO！JAPAN」拍成影片的都市傳說  記得不久前也看過一篇「姊姊好友愛上姐夫，送詛咒巧克力給姊姊」的    哎呀真的很愛這類型  雖然有用關鍵字搜尋過了  但是沒有找到類似的找文文章  麻煩大家推薦了！  -- ※ 發信站: 批踢踢實業坊(ptt.cc), 來自: 123.241.42.215 ※ 瀏覽網頁版 ※ 謝謝您～  我記得那篇！！！  記得文章把原PO形容得像是個有錢帥哥 XD 天哪謝謝您！！！  題外話：有一篇雖然有鬼，但我很喜歡！  是「NoSleep- 別睡著」  推薦給有興趣的人 XD 天哪您真專業！！！  真的是太太太感謝您了！  馬上來惡補文章 <3 ",
    "time": "2017/05/23 14:58:58",
    "event": "slide"
  },
  {
    "category": "9",
    "app": "MoPTT",
    "id": "29",
    "context": "[經驗] 神像不要隨便帶回家 聽一位修佛的法師演講時講的:  有一位未婚的女性簡稱A吧,有一次和友人去新加坡自助旅行,  因緣際會下參觀了當地一間道場, 發現道場內擺滿了各式各樣小小的觀世音神像,而且可以供信徒結緣帶回家  於是A就挑了一尊帶回了台灣的家裡，就擺在房間的床頭櫃上 沒想到當天晚上就夢到一個長得像豬八戒的男人到她床前 說要娶她當妻子,她當然是嚇得拒絕，但是那男人仍持續不休的向她求歡  第二天醒來，她以為只是一場夢，不以為意 但到晚上睡覺做夢又夢到那個男的,這次場景竟變成她穿著新娘服，而那個男的 穿著新郎裝,說從今以後你就是我的妻子了，並強行壓倒她做夫妻做的事  之後連續好幾天都是同樣的夢，她覺得很困擾,因實在太逼真，便告訴同住的母親 母親一聽就說一定是女兒想嫁人啦，才會做這種春夢  立刻就聯絡媒人幫女兒介紹適當的對像相親，很快的找到一位條件不錯的男性 在A的母親強力撮合下，就這樣嫁了出去  然而問題並沒有解決,因為從結婚開始,這位女性打死都不肯讓老公碰她,要是老公 一碰她,她就大吼大叫又抓又踢，讓老公無法近身  在忍了一段時間後，終於老公受不了,只好把A送回娘家，並對丈母娘說要離婚  A的母親一聽才發覺事態嚴重，連忙問A怎麼回事，A才告知她夢裡的老公有交代 不能給別的男人碰，所以她才不讓老公碰她  原來這春夢一直都沒消失，每天晚上那個長得像豬八戒的男人都會入夢來和A做夫妻之事嚴重影響現實生活,導致夫妻都快離婚  最後A的母親只好帶A來找法師，希望尋求幫助，法師便和A詳談 才知道原來是A從新加坡帶回來的那尊觀世音神像搞的鬼,  雖然說外觀是觀世音神像，但不見得就真的是觀世音,而且還是從不知名道場帶回來的 搞不好他們拜的不是什麼正神  其實這神像早已被邪靈入侵,所以A等於是把邪靈帶回家了,  處理方法就是把這尊神像交給法師處理，然後再用煮過的葉子放進她的洗澡水讓她泡 (抱歉我忘記是什麼葉子了)  從此以後A再也沒有夢過那個男的了，與老公也重修舊好，夫妻圓滿.  這個故事就是告訴我們不要隨便帶神像回家      ",
    "time": "2017/05/23 14:59:11",
    "event": "click"
  },
  {
    "category": "9",
    "app": "MoPTT",
    "id": "30",
    "context": "[經驗] 神像不要隨便帶回家 聽一位修佛的法師演講時講的:  有一位未婚的女性簡稱A吧,有一次和友人去新加坡自助旅行,  因緣際會下參觀了當地一間道場, 發現道場內擺滿了各式各樣小小的觀世音神像,而且可以供信徒結緣帶回家  於是A就挑了一尊帶回了台灣的家裡，就擺在房間的床頭櫃上 沒想到當天晚上就夢到一個長得像豬八戒的男人到她床前 說要娶她當妻子,她當然是嚇得拒絕，但是那男人仍持續不休的向她求歡  第二天醒來，她以為只是一場夢，不以為意 但到晚上睡覺做夢又夢到那個男的,這次場景竟變成她穿著新娘服，而那個男的 穿著新郎裝,說從今以後你就是我的妻子了，並強行壓倒她做夫妻做的事  之後連續好幾天都是同樣的夢，她覺得很困擾,因實在太逼真，便告訴同住的母親 母親一聽就說一定是女兒想嫁人啦，才會做這種春夢  立刻就聯絡媒人幫女兒介紹適當的對像相親，很快的找到一位條件不錯的男性 在A的母親強力撮合下，就這樣嫁了出去  然而問題並沒有解決,因為從結婚開始,這位女性打死都不肯讓老公碰她,要是老公 一碰她,她就大吼大叫又抓又踢，讓老公無法近身  在忍了一段時間後，終於老公受不了,只好把A送回娘家，並對丈母娘說要離婚  A的母親一聽才發覺事態嚴重，連忙問A怎麼回事，A才告知她夢裡的老公有交代 不能給別的男人碰，所以她才不讓老公碰她  原來這春夢一直都沒消失，每天晚上那個長得像豬八戒的男人都會入夢來和A做夫妻之事嚴重影響現實生活,導致夫妻都快離婚  最後A的母親只好帶A來找法師，希望尋求幫助，法師便和A詳談 才知道原來是A從新加坡帶回來的那尊觀世音神像搞的鬼,  雖然說外觀是觀世音神像，但不見得就真的是觀世音,而且還是從不知名道場帶回來的 搞不好他們拜的不是什麼正神  其實這神像早已被邪靈入侵,所以A等於是把邪靈帶回家了,  處理方法就是把這尊神像交給法師處理，然後再用煮過的葉子放進她的洗澡水讓她泡 (抱歉我忘記是什麼葉子了)  從此以後A再也沒有夢過那個男的了，與老公也重修舊好，夫妻圓滿.  這個故事就是告訴我們不要隨便帶神像回家      ",
    "time": "2017/05/23 14:59:11",
    "event": "slide"
  },
  {
    "category": "9",
    "app": "MoPTT",
    "id": "31",
    "context": "[經驗] 軍中有鬼.. 如是我聞...(這是聽說的意思喔）   那是發生在50年前的事情  以下以第一人稱雄說：  當時我在軍中非常之乖巧 服從的要命 遵守本分 但是偏偏有些人就是白目 喜歡挑戰權威就算了 還喜歡挑戰鬼神喔....  在那時軍中有個傳言甚恐 那就是哞哞庫房鬧鬼 半夜時常會聽到  叱叱....鏘....吼.....潺潺.....噗哈....等等聲音  有些是東西被互撞的聲音 有些是東西被甩掉的聲音 有些則是祂發出來的聲音...  當我們正在質疑這件事的真實性之後 有一位白目的同梯 大放厥詞 不相信就算了還想證明給我媽看...  於是那一天 他不知道用了什麼方法跑到了庫房睡  隔天我們看到他 睡眼惺忪、臉神蒼白、六神無主、三魂七魄看似分身乏術。 於是我們問了他發生什麼事？  他娓娓道出：  我在那裡睡覺被東西砸啦！ 天空中飛著各式各樣的道具、鍋子、掃把 全部飛過來打我 起初以為是做夢 後來發現會痛啊！ 這真是鬧鬼啊！          哎呀.....真是的呢！ 這種事情還真的不能不相信呢。",
    "time": "2017/05/23 14:59:19",
    "event": "click"
  },
  {
    "category": "9",
    "app": "MoPTT",
    "id": "32",
    "context": "[經驗] 軍中有鬼.. 如是我聞...(這是聽說的意思喔）   那是發生在50年前的事情  以下以第一人稱雄說：  當時我在軍中非常之乖巧 服從的要命 遵守本分 但是偏偏有些人就是白目 喜歡挑戰權威就算了 還喜歡挑戰鬼神喔....  在那時軍中有個傳言甚恐 那就是哞哞庫房鬧鬼 半夜時常會聽到  叱叱....鏘....吼.....潺潺.....噗哈....等等聲音  有些是東西被互撞的聲音 有些是東西被甩掉的聲音 有些則是祂發出來的聲音...  當我們正在質疑這件事的真實性之後 有一位白目的同梯 大放厥詞 不相信就算了還想證明給我媽看...  於是那一天 他不知道用了什麼方法跑到了庫房睡  隔天我們看到他 睡眼惺忪、臉神蒼白、六神無主、三魂七魄看似分身乏術。 於是我們問了他發生什麼事？  他娓娓道出：  我在那裡睡覺被東西砸啦！ 天空中飛著各式各樣的道具、鍋子、掃把 全部飛過來打我 起初以為是做夢 後來發現會痛啊！ 這真是鬧鬼啊！          哎呀.....真是的呢！ 這種事情還真的不能不相信呢。",
    "time": "2017/05/23 14:59:19",
    "event": "slide"
  },
  {
    "category": "10",
    "app": "MoPTT",
    "id": "33",
    "context": "半夜起床上廁所 十多年前發生的事，不知道為什麼，這段經歷滿恐怖的，我卻不甚記憶，直到最近常上馬佛版才想起來。  我大學畢業後沒多久，在北部找了一個新工作，公司配有一間舊宿舍，沒什麼裝潢，但有水電和基本家具，三間套房加上公共客廳，給我們這些從南部北上打拼的員工暫住，我和玉芳正好同一天報到，因為還沒找到合適的地方落腳，就先搬到宿舍。  搬進去沒幾天……    大家應該都能體會，半夜想上廁所的時候，都是迷迷糊糊的起床，甚至燈也沒開，就半夢半醒的走去廁所尿尿，有時候尿到一半還會在馬桶上睡著。   那一天我就是在馬桶上睡著了，突然耳朵聽到“啪”一聲，廁所的燈瞬間亮起，照得四周一片光明，我一下子清醒，卻矇的分不清東西南北，想說現在幾點了，白天了嗎之類，癡呆了很久才想到，啊我是來尿尿的。  隨便穿起褲子，走出廁所門要去關燈的時候 （開關就在廁所對面的牆上）   剛跨出廁所門一步，馬上覺得前方有異 !           大家先想想看，三更半夜，神智迷糊之際，如果眼前突然出現一樣“奇怪”的東西，可能大腦還來不及反應，就會有種格格不入的感覺，我當下就是一陣突兀，然後停下腳步。               啊！啊啊啊！那什麼啊啊啊啊啊 !    不誇張，當我發現奇怪的點就是“電燈開關”下面蹲著一個小女孩，我當時全身皮膚麻到要炸開了。               她正對著我，抱膝蹲在電燈開關的下面，穿著無袖的白洋裝，一頭濕淋淋的黑髮!  對，我看到一頭濕淋淋的黑髮，整頭的黑長髮就披在她白洋裝上，看不到臉。      我當下超想暈過去的，但沒有，我一整個腿軟，想往左邊閃電步伐躲回床上，又想到整晚廁所燈沒關的話很浪費電 。  （真的不知道為什麼在這種情況下，我居然還能在乎浪費電! ）  內心天人交戰的時候，大概出現什麼防衛機轉了吧，沒想到越是這種情境，人越會做出詭異的決定，我腰一彎，手向前一伸，天真的想越過小女孩的上方關電燈。   手快碰到開關的時候，我僵硬又彎曲的姿勢好像在環抱她，小女孩的身體就在我前面30公分處，這姿勢根本是找死啊，可是我的手還在緩緩往前伸。       “滴 ” “滴滴”  小女孩的黑髮落下水珠，滴在地上。  我瞬間神智清醒，沒意外的話這小女孩不是人耶，現在這個姿勢，她臉抬起來跟我對看怎麼辦，她抓住我腿的話怎麼辦？     在幾乎碰到開關之前，我終於做出正確選擇，向右轉，開門逃出房間，當我一屁股坐進客廳沙發，抖個不停，面前的時鐘顯示是凌晨三點多，房間我是不敢進去了，就在沙發上窩 到天亮，室友玉芳起床的時候，我謊稱房間裡好像有老鼠，我不敢進去，可以幫我去看看嗎？  玉芳大剌剌的，一副女漢子的樣子，蟑螂老鼠這種小動物沒在怕的，進了我房間，她說小琪，哪有老鼠，跑了吧，欸妳廁所燈沒關，我幫妳關囉。   “ 玉芳妳……關廁所燈的時候 ……有看到什麼嗎？”  “ 沒有啊，但是妳房間地板濕濕的耶，是不是哪裡漏水啊，地上有一攤水，妳進去要小心一點 ”   我剛好用漏水這個理由，跟玉芳說我要搬到另一個套房，想著下班以後趁天還沒黑，要趕快回來整理東西。   上班的時候，坐在我後面的組長，突然靠過來偷偷的問我，聽說老闆讓妳跟玉芳去住宿舍喔，妳們住的還好嗎？  “幹嘛這樣問？”  “欸……妳別說我講的，那裡好像不乾淨耶，聽住過的人說有一個小女孩還是母女什麼的……反正有問題啦，老闆之前被騙買到凶宅，又脫手不了，才拿來當員工宿舍，不然妳以為在北部有房子不出租，拿來給員工住，天底下有這樣佛心的老闆嗎？妳們還是趕快搬家好了，不過之前住過的人後來也都很快就離職了耶，太詭異了”    聽完組長的話，我整個背脊發冷，趕緊去找玉芳，一五一十把昨晚遇到的事說出來，沒想到玉芳說，剛報到的時候，就有人跟她說宿舍不乾淨叫她不要住，不過住好幾天了都沒事，她覺得是大家以訛傳訛，現在我也遇到了，那怎麼辦？搬家嗎？可是臨時去哪裡找房子啊……   我說什麼都要搬的了，先住親戚家也行，我根本沒膽子跟小女孩共處一室，只要想到她黑髮下不知道是什麽樣子，萬一哪天她心情好，跟我來個面對面我不就嚇死。  玉芳後來半推半就，在我強迫之下，也胡亂收拾了行李，跟我住到親戚家去。    隔天我們把鑰匙交還給老闆，他好像毫不意外，也沒說什麼，就這樣默默的把鑰匙收下。 過沒幾個月，我也離職了，但不是組長想的什麼詭異的原因，是因為薪水太少。",
    "time": "2017/05/23 15:00:10",
    "event": "click"
  },
  {
    "category": "10",
    "app": "MoPTT",
    "id": "34",
    "context": "半夜起床上廁所 十多年前發生的事，不知道為什麼，這段經歷滿恐怖的，我卻不甚記憶，直到最近常上馬佛版才想起來。  我大學畢業後沒多久，在北部找了一個新工作，公司配有一間舊宿舍，沒什麼裝潢，但有水電和基本家具，三間套房加上公共客廳，給我們這些從南部北上打拼的員工暫住，我和玉芳正好同一天報到，因為還沒找到合適的地方落腳，就先搬到宿舍。  搬進去沒幾天……    大家應該都能體會，半夜想上廁所的時候，都是迷迷糊糊的起床，甚至燈也沒開，就半夢半醒的走去廁所尿尿，有時候尿到一半還會在馬桶上睡著。   那一天我就是在馬桶上睡著了，突然耳朵聽到“啪”一聲，廁所的燈瞬間亮起，照得四周一片光明，我一下子清醒，卻矇的分不清東西南北，想說現在幾點了，白天了嗎之類，癡呆了很久才想到，啊我是來尿尿的。  隨便穿起褲子，走出廁所門要去關燈的時候 （開關就在廁所對面的牆上）   剛跨出廁所門一步，馬上覺得前方有異 !           大家先想想看，三更半夜，神智迷糊之際，如果眼前突然出現一樣“奇怪”的東西，可能大腦還來不及反應，就會有種格格不入的感覺，我當下就是一陣突兀，然後停下腳步。               啊！啊啊啊！那什麼啊啊啊啊啊 !    不誇張，當我發現奇怪的點就是“電燈開關”下面蹲著一個小女孩，我當時全身皮膚麻到要炸開了。               她正對著我，抱膝蹲在電燈開關的下面，穿著無袖的白洋裝，一頭濕淋淋的黑髮!  對，我看到一頭濕淋淋的黑髮，整頭的黑長髮就披在她白洋裝上，看不到臉。      我當下超想暈過去的，但沒有，我一整個腿軟，想往左邊閃電步伐躲回床上，又想到整晚廁所燈沒關的話很浪費電 。  （真的不知道為什麼在這種情況下，我居然還能在乎浪費電! ）  內心天人交戰的時候，大概出現什麼防衛機轉了吧，沒想到越是這種情境，人越會做出詭異的決定，我腰一彎，手向前一伸，天真的想越過小女孩的上方關電燈。   手快碰到開關的時候，我僵硬又彎曲的姿勢好像在環抱她，小女孩的身體就在我前面30公分處，這姿勢根本是找死啊，可是我的手還在緩緩往前伸。       “滴 ” “滴滴”  小女孩的黑髮落下水珠，滴在地上。  我瞬間神智清醒，沒意外的話這小女孩不是人耶，現在這個姿勢，她臉抬起來跟我對看怎麼辦，她抓住我腿的話怎麼辦？     在幾乎碰到開關之前，我終於做出正確選擇，向右轉，開門逃出房間，當我一屁股坐進客廳沙發，抖個不停，面前的時鐘顯示是凌晨三點多，房間我是不敢進去了，就在沙發上窩 到天亮，室友玉芳起床的時候，我謊稱房間裡好像有老鼠，我不敢進去，可以幫我去看看嗎？  玉芳大剌剌的，一副女漢子的樣子，蟑螂老鼠這種小動物沒在怕的，進了我房間，她說小琪，哪有老鼠，跑了吧，欸妳廁所燈沒關，我幫妳關囉。   “ 玉芳妳……關廁所燈的時候 ……有看到什麼嗎？”  “ 沒有啊，但是妳房間地板濕濕的耶，是不是哪裡漏水啊，地上有一攤水，妳進去要小心一點 ”   我剛好用漏水這個理由，跟玉芳說我要搬到另一個套房，想著下班以後趁天還沒黑，要趕快回來整理東西。   上班的時候，坐在我後面的組長，突然靠過來偷偷的問我，聽說老闆讓妳跟玉芳去住宿舍喔，妳們住的還好嗎？  “幹嘛這樣問？”  “欸……妳別說我講的，那裡好像不乾淨耶，聽住過的人說有一個小女孩還是母女什麼的……反正有問題啦，老闆之前被騙買到凶宅，又脫手不了，才拿來當員工宿舍，不然妳以為在北部有房子不出租，拿來給員工住，天底下有這樣佛心的老闆嗎？妳們還是趕快搬家好了，不過之前住過的人後來也都很快就離職了耶，太詭異了”    聽完組長的話，我整個背脊發冷，趕緊去找玉芳，一五一十把昨晚遇到的事說出來，沒想到玉芳說，剛報到的時候，就有人跟她說宿舍不乾淨叫她不要住，不過住好幾天了都沒事，她覺得是大家以訛傳訛，現在我也遇到了，那怎麼辦？搬家嗎？可是臨時去哪裡找房子啊……   我說什麼都要搬的了，先住親戚家也行，我根本沒膽子跟小女孩共處一室，只要想到她黑髮下不知道是什麽樣子，萬一哪天她心情好，跟我來個面對面我不就嚇死。  玉芳後來半推半就，在我強迫之下，也胡亂收拾了行李，跟我住到親戚家去。    隔天我們把鑰匙交還給老闆，他好像毫不意外，也沒說什麼，就這樣默默的把鑰匙收下。 過沒幾個月，我也離職了，但不是組長想的什麼詭異的原因，是因為薪水太少。",
    "time": "2017/05/23 15:00:10",
    "event": "slide"
  },
  {
    "category": "10",
    "app": "MoPTT",
    "id": "35",
    "context": "[翻譯]日本怪談-咒語 上一篇感謝大家的捧場> < 於是我又試著再翻了一篇， 一樣如果有什麼意見都可以提出來喔!!  ------------  原文網址： https://goo.gl/mbJGK6  以下正文：   有一天，我結束工作從公司出來時，看到已經轉職進了大企業，並且搬去東京的前同事─ ─海斗(假名)。 海斗跟我同期進公司，以前常常一起發牢騷。但這次的他看起來很憔悴，臉上掛著虛弱的微笑。 總而言之，我們找了家居酒屋坐下來聊了聊。  剛決定要搬去東京的海斗，盡可能地尋找租金便宜的房子，就在這時碰上了這間凶宅。 房仲業者也有提前告知這間房子有問題，不過當時的海斗認為『世界上怎麼可能會有鬼。』甚至覺得，『租金這麼便宜真是幸運！』，便早早地簽下了契約。  「……第一次覺得有異狀，是把行李搬進房子的時候。」  「才剛進門，就全身寒毛直立。像是貧血一樣渾身冰冷、牙齒打顫。」  「就在那個瞬間，連我自己都還沒反應過來的時候，我小小聲地說了。……『我回來了。』……就好像身體變得不是自己的。」  從那之後，只要在那房子裡，就會發生各種奇怪的事情。 比如不管在房子裡的哪邊、在做什麼，總會感受到一股視線。明明就沒有放任何東西的地方會莫名出現家具或是餐具。不管換了多少次的燈泡，總會不時閃爍。 其中海斗對於那股視線感受最強烈的地方，是每當他坐在床上的時候。  正好床的另一頭有個櫥櫃。 海斗下定了決心，把櫥櫃打開了一個縫隙，從中往裡面看。    視線，對上了。    櫥櫃裡面，有個女人張著黑亮的眼睛看著他，海斗忍不住嚇得大叫。 雖然幾乎快要暈過去，但他還是努力飛奔出門，逃離那間房子。  「在旅館過了幾天，請房屋仲介再幫我找找其他房子。……一邊這麼做的同時，漸漸覺得『為什麼我非得遭受這種事。』想到這邊忍不住煩躁了起來。」  「既然是在櫥櫃裡，這就代表那個櫥櫃裡應該有些什麼。」  晚上回去太可怕了，於是等到禮拜日，光天化日下回到了那間房子。 打開櫥櫃後發現，什麼也沒有。 但是絕對有些什麼，海斗這麼想著然後查看了櫥櫃上方的空間，摸了摸頂部的天花板，竟然可以移動。  他慎重地把板子取下，用準備好的手電筒往內一照，一片黑暗之中，被手電筒的燈光照亮的地方，有個女人抱膝而坐。  「『哇啊！』忍不住大叫的瞬間，那個女人的身影就消失了。」  海斗把這當成是眼花看錯，又在天花板裡用手電筒到處照了照卻什麼也找不到。  「可是啊，櫥櫃天花板的那塊板子意外的重呢，正當我這麼想著用手電筒照了之後，發現了。」  用透明膠帶固定在上面，透明塑膠袋包著五本筆記本。  「袋子上都是灰塵，不過裡面卻很乾淨。筆記本是迪士尼跟hello kitty之類的可愛圖案。」  提起勇氣把筆記本翻開的剎那，海斗慘叫出聲。 裡面用紅色原子筆，幾乎沒有留白的寫滿了。    『希望海斗趕快回來』『希望海斗趕快回來』『希望海斗趕快回來』『希望海斗趕快回來』『希望海斗趕快回來』……    「但是啊，最讓我感到害怕的是，在那之後……」  海斗快要哭出來似的，臉上的表情有些扭曲。  「想也不想的把筆記丟了出去，看到封面上寫著『海斗 謝謝你回來』……不是紅色原子筆，是像血跡一樣的字……剛才明明就沒有的！」  海斗崩潰地抱著頭，我等了一會兒他才冷靜下來。  「……不過啊，你已經搬離那個房子了不是嗎？」  海斗虛弱地笑著搖了搖頭。  「我也是這麼想的……可是……」  海斗把行李搬進新房子的瞬間，一個聲音響起。       『歡 迎 回 來』…… ＊＊＊＊＊希望這篇有恐怖到XD其實我不太會挑文章~想多多練習翻譯就上來獻醜惹orz這個網站還有幾篇蠻有趣(?的最近有時間就翻一下~然後其實我也不太知道去哪邊找日本怪談><是之前有大大翻過這個網站的文，可以的話能不能推一下什麼網站比較好呢~(私心希望排版好看一點的不然我超容易眼花)(如果覺得我要求太多也可以不要理我XDDD)總之謝謝看完的大家:)--※發信站:批踢踢實業坊(ptt.cc),來自:122.147.26.102※瀏覽網頁版※天涯海角~~~另類意味上的脫魯QQ其實我也是...但原文是カイト我想不到(懶得想)其他的名字~快鬥就怪盜基德惹XDDD不然海翔海人我都不喜歡(喂勇敢去愛(?這樣好像有點太熱情惹(抖對，他是說以前常一起發牢騷，但這次看到他看起來很憔悴，是我中文沒表達好QQ我想想該怎麼改!!謝謝你~~試著分句了不知道有沒有比較好XD",
    "time": "2017/05/23 15:02:13",
    "event": "click"
  },
  {
    "category": "10",
    "app": "MoPTT",
    "id": "36",
    "context": "[翻譯]日本怪談-咒語 上一篇感謝大家的捧場> < 於是我又試著再翻了一篇， 一樣如果有什麼意見都可以提出來喔!!  ------------  原文網址： https://goo.gl/mbJGK6  以下正文：   有一天，我結束工作從公司出來時，看到已經轉職進了大企業，並且搬去東京的前同事─ ─海斗(假名)。 海斗跟我同期進公司，以前常常一起發牢騷。但這次的他看起來很憔悴，臉上掛著虛弱的微笑。 總而言之，我們找了家居酒屋坐下來聊了聊。  剛決定要搬去東京的海斗，盡可能地尋找租金便宜的房子，就在這時碰上了這間凶宅。 房仲業者也有提前告知這間房子有問題，不過當時的海斗認為『世界上怎麼可能會有鬼。』甚至覺得，『租金這麼便宜真是幸運！』，便早早地簽下了契約。  「……第一次覺得有異狀，是把行李搬進房子的時候。」  「才剛進門，就全身寒毛直立。像是貧血一樣渾身冰冷、牙齒打顫。」  「就在那個瞬間，連我自己都還沒反應過來的時候，我小小聲地說了。……『我回來了。』……就好像身體變得不是自己的。」  從那之後，只要在那房子裡，就會發生各種奇怪的事情。 比如不管在房子裡的哪邊、在做什麼，總會感受到一股視線。明明就沒有放任何東西的地方會莫名出現家具或是餐具。不管換了多少次的燈泡，總會不時閃爍。 其中海斗對於那股視線感受最強烈的地方，是每當他坐在床上的時候。  正好床的另一頭有個櫥櫃。 海斗下定了決心，把櫥櫃打開了一個縫隙，從中往裡面看。    視線，對上了。    櫥櫃裡面，有個女人張著黑亮的眼睛看著他，海斗忍不住嚇得大叫。 雖然幾乎快要暈過去，但他還是努力飛奔出門，逃離那間房子。  「在旅館過了幾天，請房屋仲介再幫我找找其他房子。……一邊這麼做的同時，漸漸覺得『為什麼我非得遭受這種事。』想到這邊忍不住煩躁了起來。」  「既然是在櫥櫃裡，這就代表那個櫥櫃裡應該有些什麼。」  晚上回去太可怕了，於是等到禮拜日，光天化日下回到了那間房子。 打開櫥櫃後發現，什麼也沒有。 但是絕對有些什麼，海斗這麼想著然後查看了櫥櫃上方的空間，摸了摸頂部的天花板，竟然可以移動。  他慎重地把板子取下，用準備好的手電筒往內一照，一片黑暗之中，被手電筒的燈光照亮的地方，有個女人抱膝而坐。  「『哇啊！』忍不住大叫的瞬間，那個女人的身影就消失了。」  海斗把這當成是眼花看錯，又在天花板裡用手電筒到處照了照卻什麼也找不到。  「可是啊，櫥櫃天花板的那塊板子意外的重呢，正當我這麼想著用手電筒照了之後，發現了。」  用透明膠帶固定在上面，透明塑膠袋包著五本筆記本。  「袋子上都是灰塵，不過裡面卻很乾淨。筆記本是迪士尼跟hello kitty之類的可愛圖案。」  提起勇氣把筆記本翻開的剎那，海斗慘叫出聲。 裡面用紅色原子筆，幾乎沒有留白的寫滿了。    『希望海斗趕快回來』『希望海斗趕快回來』『希望海斗趕快回來』『希望海斗趕快回來』『希望海斗趕快回來』……    「但是啊，最讓我感到害怕的是，在那之後……」  海斗快要哭出來似的，臉上的表情有些扭曲。  「想也不想的把筆記丟了出去，看到封面上寫著『海斗 謝謝你回來』……不是紅色原子筆，是像血跡一樣的字……剛才明明就沒有的！」  海斗崩潰地抱著頭，我等了一會兒他才冷靜下來。  「……不過啊，你已經搬離那個房子了不是嗎？」  海斗虛弱地笑著搖了搖頭。  「我也是這麼想的……可是……」  海斗把行李搬進新房子的瞬間，一個聲音響起。       『歡 迎 回 來』…… ＊＊＊＊＊希望這篇有恐怖到XD其實我不太會挑文章~想多多練習翻譯就上來獻醜惹orz這個網站還有幾篇蠻有趣(?的最近有時間就翻一下~然後其實我也不太知道去哪邊找日本怪談><是之前有大大翻過這個網站的文，可以的話能不能推一下什麼網站比較好呢~(私心希望排版好看一點的不然我超容易眼花)(如果覺得我要求太多也可以不要理我XDDD)總之謝謝看完的大家:)--※發信站:批踢踢實業坊(ptt.cc),來自:122.147.26.102※瀏覽網頁版※天涯海角~~~另類意味上的脫魯QQ其實我也是...但原文是カイト我想不到(懶得想)其他的名字~快鬥就怪盜基德惹XDDD不然海翔海人我都不喜歡(喂勇敢去愛(?這樣好像有點太熱情惹(抖對，他是說以前常一起發牢騷，但這次看到他看起來很憔悴，是我中文沒表達好QQ我想想該怎麼改!!謝謝你~~試著分句了不知道有沒有比較好XD",
    "time": "2017/05/23 15:02:13",
    "event": "slide"
  }
]