[
  {
    "category": "1",
    "app": "JPTT",
    "id": "1",
    "context": "[趣事] 當我收到詐騙簡訊・・・  其實他的資料是對的 XDDD  http://imgur.com/9bYp3sc",
    "time": "2017/05/24 11:06:17",
    "event": "click"
  },
  {
    "category": "1",
    "app": "JPTT",
    "id": "2",
    "context": "[趣事] 當我收到詐騙簡訊・・・  其實他的資料是對的 XDDD  http://imgur.com/9bYp3sc",
    "time": "2017/05/24 11:06:17",
    "event": "slide"
  },
  {
    "category": "2",
    "app": "JPTT",
    "id": "3",
    "context": "[ＸＤ] 跪求這部應該非洲電影的電影名  XD  以前只看過退蛋彈殼狂噴的動圖  好想知道片名，太好笑了XD https://m.facebook.com/story.php?story_fbid=780290945462113&id=769956569828884    -- posted from bbs reader hybrid on my samsung SM-G955F ",
    "time": "2017/05/24 11:06:40",
    "event": "click"
  },
  {
    "category": "2",
    "app": "JPTT",
    "id": "4",
    "context": "[ＸＤ] 跪求這部應該非洲電影的電影名  XD  以前只看過退蛋彈殼狂噴的動圖  好想知道片名，太好笑了XD https://m.facebook.com/story.php?story_fbid=780290945462113&id=769956569828884    -- posted from bbs reader hybrid on my samsung SM-G955F ",
    "time": "2017/05/24 11:06:40",
    "event": "slide"
  },
  {
    "category": "3",
    "app": "JPTT",
    "id": "5",
    "context": "[猜謎] 哪個藝人不穿ALT的衣服  F4的團員  穿了演藝生涯就ALT+F4惹呵",
    "time": "2017/05/24 11:06:54",
    "event": "click"
  },
  {
    "category": "3",
    "app": "JPTT",
    "id": "6",
    "context": "[猜謎] 哪個藝人不穿ALT的衣服  F4的團員  穿了演藝生涯就ALT+F4惹呵",
    "time": "2017/05/24 11:06:54",
    "event": "slide"
  },
  {
    "category": "4",
    "app": "JPTT",
    "id": "7",
    "context": "[大笑] 有著設計師魂的阿嬤  魯蛇我朋友因為上班方便，平日跟阿嬤同住  平時洗衣物都習慣自己手洗，但熱心的阿嬤偶爾會幫忙一併丟洗衣機  就在今天一下班回家跑去陽台收衣服，以為阿嬤把舅舅衣服吊在我陽台  仔細一看，乾  是我的耶!  罵了幾句髒話後直接笑出來!  制服由右方變成左方那樣  http://imgur.com/a/oM2OV  魯蛇我朋友怕阿嬤難過，不敢問怎麼做到的...  染的均勻就算了，還變得蠻好看的！  差點以為阿嬤是知名設計師 Sit dowm please 哈哈  不過阿嬤...這件衣服應該進不了公司了阿...T_T  只能說阿嬤真是太厲害了拉！  --  魯蛇我朋友怕阿嬤難過，不敢問怎麼做到的...  染的均勻就算了，還變得蠻好看的！  差點以為阿嬤是知名設計師 Sit dowm please 哈哈  不過阿嬤...這件衣服應該進不了公司了阿...T_T  只能說阿嬤真是太厲害了拉！",
    "time": "2017/05/24 11:07:12",
    "event": "click"
  },
  {
    "category": "4",
    "app": "JPTT",
    "id": "8",
    "context": "[大笑] 有著設計師魂的阿嬤  魯蛇我朋友因為上班方便，平日跟阿嬤同住  平時洗衣物都習慣自己手洗，但熱心的阿嬤偶爾會幫忙一併丟洗衣機  就在今天一下班回家跑去陽台收衣服，以為阿嬤把舅舅衣服吊在我陽台  仔細一看，乾  是我的耶!  罵了幾句髒話後直接笑出來!  制服由右方變成左方那樣  http://imgur.com/a/oM2OV  魯蛇我朋友怕阿嬤難過，不敢問怎麼做到的...  染的均勻就算了，還變得蠻好看的！  差點以為阿嬤是知名設計師 Sit dowm please 哈哈  不過阿嬤...這件衣服應該進不了公司了阿...T_T  只能說阿嬤真是太厲害了拉！  --  魯蛇我朋友怕阿嬤難過，不敢問怎麼做到的...  染的均勻就算了，還變得蠻好看的！  差點以為阿嬤是知名設計師 Sit dowm please 哈哈  不過阿嬤...這件衣服應該進不了公司了阿...T_T  只能說阿嬤真是太厲害了拉！",
    "time": "2017/05/24 11:07:12",
    "event": "slide"
  },
  {
    "category": "5",
    "app": "JPTT",
    "id": "9",
    "context": "[大哭] 一秒把Mac變磚塊  笨版潛水黨員～ 首po請大家小力鞭www  小女子我是準備進入研究所的菜鳥，實驗室慣例會發配一台Mac給實驗生使用。由於從小 深受windows的潛移默化，所以決定先來熟悉一下Mac的使用方式。  由於一次意外，我的滑鼠放在家裡，接著都用觸控板來打天下。  前情提要結束，開始一個人在房間（外宿）研究Mac。即使是古老機型，從快捷鍵設定到 手勢設定仍然十分順利，我想我已經快要成為Mac人了，跟著配樂-金曲PAPAPA，我的手指 也開心的跟著打節奏，當我回過神來，我發現了我的畫面......  http://imgur.com/IvDQVs5  嗯，請問隔壁的在嗎？ 可以借我滑鼠嗎QQ  準備嘗試所有手勢及按鍵第88次 ",
    "time": "2017/05/24 11:08:13",
    "event": "click"
  },
  {
    "category": "5",
    "app": "JPTT",
    "id": "10",
    "context": "[大哭] 一秒把Mac變磚塊  笨版潛水黨員～ 首po請大家小力鞭www  小女子我是準備進入研究所的菜鳥，實驗室慣例會發配一台Mac給實驗生使用。由於從小 深受windows的潛移默化，所以決定先來熟悉一下Mac的使用方式。  由於一次意外，我的滑鼠放在家裡，接著都用觸控板來打天下。  前情提要結束，開始一個人在房間（外宿）研究Mac。即使是古老機型，從快捷鍵設定到 手勢設定仍然十分順利，我想我已經快要成為Mac人了，跟著配樂-金曲PAPAPA，我的手指 也開心的跟著打節奏，當我回過神來，我發現了我的畫面......  http://imgur.com/IvDQVs5  嗯，請問隔壁的在嗎？ 可以借我滑鼠嗎QQ  準備嘗試所有手勢及按鍵第88次 ",
    "time": "2017/05/24 11:08:13",
    "event": "slide"
  },
  {
    "category": "6",
    "app": "JPTT",
    "id": "11",
    "context": "[恍神] 雞蛋（布丁）牛奶冰  夏天到了 我和男友在悶熱的中午時分來到冰店 他表示想吃布丁牛奶冰 我就下車去幫他買，一邊脫安全帽一邊想著  “布丁牛奶冰” 等於 “雞蛋布丁牛奶冰”  這時腦袋一抽 “布丁” = “雞蛋” 喔 原來是雞蛋牛奶冰啊（悲劇  於是我微笑著對吃飯中的老闆娘們說 我要一個雞蛋牛奶冰 瞬間看到幾位阿姨傻眼 因為這是一家剉冰店啊啊啊 但阿姨本著客製化的精神，以及“不要管客人腦袋在想什麼，做就對了”的想法 還是搗鼓出了一碗東西給我 於是 我得到了 生蛋黃+糖漿煉乳+冰 的 雞蛋牛奶冰  順帶一提真的有這種冰存在，長的還很美型 （圖源：朵朵。旅遊時光  美食@臺南） http://i.imgur.com/CTbVlhC.jpg but我的冰是 http://i.imgur.com/rgKB8lI.jpg 誰敢吃啊啊啊啊啊（ 一臉尷尬的拿過去給男友 然後再一臉尷尬的被命令去重買 開口的時候根本不敢看老闆娘的臉（羞 這件事告訴我們 不要去重組食物的名字 雖然這種蠢事大概也就我幹的出來  啊對了 蛋黃遇冰會凝固，咬起來別有一番風味喔 （淚）",
    "time": "2017/05/24 11:09:55",
    "event": "click"
  },
  {
    "category": "6",
    "app": "JPTT",
    "id": "12",
    "context": "[恍神] 雞蛋（布丁）牛奶冰  夏天到了 我和男友在悶熱的中午時分來到冰店 他表示想吃布丁牛奶冰 我就下車去幫他買，一邊脫安全帽一邊想著  “布丁牛奶冰” 等於 “雞蛋布丁牛奶冰”  這時腦袋一抽 “布丁” = “雞蛋” 喔 原來是雞蛋牛奶冰啊（悲劇  於是我微笑著對吃飯中的老闆娘們說 我要一個雞蛋牛奶冰 瞬間看到幾位阿姨傻眼 因為這是一家剉冰店啊啊啊 但阿姨本著客製化的精神，以及“不要管客人腦袋在想什麼，做就對了”的想法 還是搗鼓出了一碗東西給我 於是 我得到了 生蛋黃+糖漿煉乳+冰 的 雞蛋牛奶冰  順帶一提真的有這種冰存在，長的還很美型 （圖源：朵朵。旅遊時光  美食@臺南） http://i.imgur.com/CTbVlhC.jpg but我的冰是 http://i.imgur.com/rgKB8lI.jpg 誰敢吃啊啊啊啊啊（ 一臉尷尬的拿過去給男友 然後再一臉尷尬的被命令去重買 開口的時候根本不敢看老闆娘的臉（羞 這件事告訴我們 不要去重組食物的名字 雖然這種蠢事大概也就我幹的出來  啊對了 蛋黃遇冰會凝固，咬起來別有一番風味喔 （淚）",
    "time": "2017/05/24 11:09:55",
    "event": "slide"
  },
  {
    "category": "7",
    "app": "JPTT",
    "id": "13",
    "context": "[大哭] 從天而降的貓咪   現在租的地方是一樓平房,一房一廳一衛,也有廚房.原本的排油煙機,前房客自己買的已經搬走,只留下排風管線.因此三不五時,會有野貓來訪.沿著風管進入來到輕鋼架天花板 就算是貓步輕悄,還是能聽到他們的聲音,然後躲在邊邊角角地方尿尿,正所謂到此一遊 的概念?  某天晚上,我正在洗澡,就聽到天花板上微微震動.心想:不會吧~這麼巧?想說趕快戰鬥澡 開溜,只可惜天不從人願,轟隆一聲巨響,天花板整個塌陷,從天而降毛小孩.因為他在空 中沒有著力點,我的肩膀成了他的依靠(誤).就被狠狠抓了幾下,他乘亂跳回天花板跑了, 只留下光溜溜的我,還有受傷的肩膀,真是驚魂未定.  之後請房東修理補強天花板,風管再塞住,就很少有貓咪來訪了 QQ ",
    "time": "2017/05/24 11:10:46",
    "event": "click"
  },
  {
    "category": "7",
    "app": "JPTT",
    "id": "14",
    "context": "[大哭] 從天而降的貓咪   現在租的地方是一樓平房,一房一廳一衛,也有廚房.原本的排油煙機,前房客自己買的已經搬走,只留下排風管線.因此三不五時,會有野貓來訪.沿著風管進入來到輕鋼架天花板 就算是貓步輕悄,還是能聽到他們的聲音,然後躲在邊邊角角地方尿尿,正所謂到此一遊 的概念?  某天晚上,我正在洗澡,就聽到天花板上微微震動.心想:不會吧~這麼巧?想說趕快戰鬥澡 開溜,只可惜天不從人願,轟隆一聲巨響,天花板整個塌陷,從天而降毛小孩.因為他在空 中沒有著力點,我的肩膀成了他的依靠(誤).就被狠狠抓了幾下,他乘亂跳回天花板跑了, 只留下光溜溜的我,還有受傷的肩膀,真是驚魂未定.  之後請房東修理補強天花板,風管再塞住,就很少有貓咪來訪了 QQ ",
    "time": "2017/05/24 11:10:46",
    "event": "slide"
  },
  {
    "category": "8",
    "app": "Line",
    "id": "15",
    "context": "今天中午要來做做看馬鈴薯料理 但早上還是好熱(dog sad) 真的變天了！ ",
    "time": "2017/05/24 11:10:40",
    "event": "slide"
  },
  {
    "category": "8",
    "app": "Line",
    "id": "16",
    "context": "還好沒騎車上班 這裡也有點陰陰的",
    "time": "2017/05/24 11:10:54",
    "event": "type"
  },
  {
    "category": "22",
    "app": "Line",
    "id": "17",
    "context": "傳送",
    "time": "2017/05/24 11:10:56",
    "event": "click"
  },
  {
    "category": "8",
    "app": "Line",
    "id": "18",
    "context": "今天中午要來做做看馬鈴薯料理 但早上還是好熱(dog sad) 真的變天了！還好沒騎車上班 這裡也有點陰陰的 ",
    "time": "2017/05/24 11:10:56",
    "event": "slide"
  },
  {
    "category": "9",
    "app": "Line",
    "id": "19",
    "context": "賽門的牙齒數據呢 專業！！ 我沒有做 那上次的影片是啥",
    "time": "2017/05/24 11:11:05",
    "event": "slide"
  },
  {
    "category": "9",
    "app": "Line",
    "id": "20",
    "context": "奶油的沒有拿去泡在牛奶裡",
    "time": "2017/05/24 11:11:14",
    "event": "type"
  },
  {
    "category": "22",
    "app": "Line",
    "id": "21",
    "context": "傳送",
    "time": "2017/05/24 11:11:14",
    "event": "click"
  },
  {
    "category": "9",
    "app": "Line",
    "id": "22",
    "context": "賽門的牙齒數據呢 專業！！ 我沒有做 那上次的影片是啥 奶油的沒有拿去泡在牛奶裡",
    "time": "2017/05/24 11:11:15",
    "event": "slide"
  },
  {
    "category": "7",
    "app": "JPTT",
    "id": "23",
    "context": "[大哭] 從天而降的貓咪   現在租的地方是一樓平房,一房一廳一衛,也有廚房.原本的排油煙機,前房客自己買的已 經搬走,只留下排風管線.因此三不五時,會有野貓來訪.沿著風管進入來到輕鋼架天花板 就算是貓步輕悄,還是能聽到他們的聲音,然後躲在邊邊角角地方尿尿,正所謂到此一遊 的概念?  某天晚上,我正在洗澡,就聽到天花板上微微震動.心想:不會吧~這麼巧?想說趕快戰鬥澡 開溜,只可惜天不從人願,轟隆一聲巨響,天花板整個塌陷,從天而降毛小孩.因為他在空 中沒有著力點,我的肩膀成了他的依靠(誤).就被狠狠抓了幾下,他乘亂跳回天花板跑了, 只留下光溜溜的我,還有受傷的肩膀,真是驚魂未定.  之後請房東修理補強天花板,風管再塞住,就很少有貓咪來訪了 QQ",
    "time": "2017/05/24 11:11:58",
    "event": "click"
  },
  {
    "category": "7",
    "app": "JPTT",
    "id": "24",
    "context": "[大哭] 從天而降的貓咪   現在租的地方是一樓平房,一房一廳一衛,也有廚房.原本的排油煙機,前房客自己買的已 經搬走,只留下排風管線.因此三不五時,會有野貓來訪.沿著風管進入來到輕鋼架天花板 就算是貓步輕悄,還是能聽到他們的聲音,然後躲在邊邊角角地方尿尿,正所謂到此一遊 的概念?  某天晚上,我正在洗澡,就聽到天花板上微微震動.心想:不會吧~這麼巧?想說趕快戰鬥澡 開溜,只可惜天不從人願,轟隆一聲巨響,天花板整個塌陷,從天而降毛小孩.因為他在空 中沒有著力點,我的肩膀成了他的依靠(誤).就被狠狠抓了幾下,他乘亂跳回天花板跑了, 只留下光溜溜的我,還有受傷的肩膀,真是驚魂未定.  之後請房東修理補強天花板,風管再塞住,就很少有貓咪來訪了 QQ",
    "time": "2017/05/24 11:11:58",
    "event": "slide"
  },
  {
    "category": "10",
    "app": "JPTT",
    "id": "25",
    "context": "[聽錯] 你們誰有1元啊？？   終於可以在這裡發文了！ 首po還是要來歡呼一下～(^^)/(^^)/(^^)/(^^)/(^^)/  好啦！進入正題！！！ 小妹我前幾天去文具店晃晃， 在排隊等結帳的時候， 前面結帳的客人就轉頭過來問：「你們有沒有1元？？因為我剛好少1元。」 當下我就想，1元也沒多少嘛！就幫她一下。我馬上在錢包尋找1元，找到就立馬遞出去給 她， 但她卻一臉尷尬的看著我，我就在想，啊妳不是要1元嗎？是妳問的ㄟ！ 結果！！！！！ 旁邊的人拿出了1元給她，原來她是在問她的朋友們。 啊！！！！換我超尷尬der，我默默地收回遞出1元的手，當下真的超想逃出店外，而那位 客人結完帳後有小聲地說謝謝，但還是安慰不了我容易受創的心靈，我最近應該不會想再 去同一家文具店了(T_T)(T_T)(T_T)(因為常去，所以多少有認識～  PS. 不知道有沒有符合此版的點XD",
    "time": "2017/05/24 11:12:41",
    "event": "click"
  },
  {
    "category": "10",
    "app": "JPTT",
    "id": "26",
    "context": "[聽錯] 你們誰有1元啊？？   終於可以在這裡發文了！ 首po還是要來歡呼一下～(^^)/(^^)/(^^)/(^^)/(^^)/  好啦！進入正題！！！ 小妹我前幾天去文具店晃晃， 在排隊等結帳的時候， 前面結帳的客人就轉頭過來問：「你們有沒有1元？？因為我剛好少1元。」 當下我就想，1元也沒多少嘛！就幫她一下。我馬上在錢包尋找1元，找到就立馬遞出去給 她， 但她卻一臉尷尬的看著我，我就在想，啊妳不是要1元嗎？是妳問的ㄟ！ 結果！！！！！ 旁邊的人拿出了1元給她，原來她是在問她的朋友們。 啊！！！！換我超尷尬der，我默默地收回遞出1元的手，當下真的超想逃出店外，而那位 客人結完帳後有小聲地說謝謝，但還是安慰不了我容易受創的心靈，我最近應該不會想再 去同一家文具店了(T_T)(T_T)(T_T)(因為常去，所以多少有認識～  PS. 不知道有沒有符合此版的點XD",
    "time": "2017/05/24 11:12:41",
    "event": "slide"
  },
  {
    "category": "11",
    "app": "JPTT",
    "id": "27",
    "context": "[眼殘] 原來是耳朵啊   首先 有玩過楓X谷的應該對這隻有印象 http://i.imgur.com/Dg8Ald3.jpg  是可愛的刺菇菇啦(///▽///)  之前買了隻刺菇菇的娃娃 http://i.imgur.com/TGdgSji.jpg (原諒我的M8相機可能快gg了QQ)  我就抱著牠走到老爸面前  我:欸把拔你要不要跟我的刺菇菇握手?  爸(抬頭看了一眼):那明明就是耳朵  我:哪有這明明就是牠的手啊你有看過耳朵長這樣嗎?(抓著刺菇菇的手狂揮)  爸:啊長在眼睛旁邊的不是耳朵嗎？ 你有看過誰的手長在眼睛旁邊的嗎？   驚!!!!!!!!!!!!!!! 對耶!!!!!!!!!! 老爸你突破盲腸........啊不是 盲點了!!!!!  原來是耳朵啊我還以為是手呢   ----- Sent from JPTT on my HTC_M8x.",
    "time": "2017/05/24 11:13:05",
    "event": "click"
  },
  {
    "category": "11",
    "app": "JPTT",
    "id": "28",
    "context": "[眼殘] 原來是耳朵啊   首先 有玩過楓X谷的應該對這隻有印象 http://i.imgur.com/Dg8Ald3.jpg  是可愛的刺菇菇啦(///▽///)  之前買了隻刺菇菇的娃娃 http://i.imgur.com/TGdgSji.jpg (原諒我的M8相機可能快gg了QQ)  我就抱著牠走到老爸面前  我:欸把拔你要不要跟我的刺菇菇握手?  爸(抬頭看了一眼):那明明就是耳朵  我:哪有這明明就是牠的手啊你有看過耳朵長這樣嗎?(抓著刺菇菇的手狂揮)  爸:啊長在眼睛旁邊的不是耳朵嗎？ 你有看過誰的手長在眼睛旁邊的嗎？   驚!!!!!!!!!!!!!!! 對耶!!!!!!!!!! 老爸你突破盲腸........啊不是 盲點了!!!!!  原來是耳朵啊我還以為是手呢   ----- Sent from JPTT on my HTC_M8x.",
    "time": "2017/05/24 11:13:05",
    "event": "slide"
  },
  {
    "category": "12",
    "app": "JPTT",
    "id": "29",
    "context": "[無言] 懶人毯的用途？   之前我在網拍買了一隻菇菇  還蠻喜歡的 常常放在床頭  可以抱著睡覺 長這樣  http://i.imgur.com/buvY8qN.jpg   然後去年我去日本 買了一條我很喜歡的羊的懶人毯  沒事用完就丟床上  有時候 我們家照顧老人家的外籍看護  在我們都去上班上課的時候  會幫忙整理一下家裡  有一天  我回家就看到我的菇菇變成這樣.....  http://i.imgur.com/czUFtaB.jpg 之後只要有整理  菇菇都會變成羊菇   最近真的讓我崩潰的是  我買了一條新的懶人毯  也是用完隨手丟  然後回到家就看到這個.....  http://i.imgur.com/4NE7nwf.jpg ..... ...............懶人毯的用途好像被誤會了ＸＤＤ",
    "time": "2017/05/24 11:15:51",
    "event": "click"
  },
  {
    "category": "12",
    "app": "JPTT",
    "id": "30",
    "context": "[無言] 懶人毯的用途？   之前我在網拍買了一隻菇菇  還蠻喜歡的 常常放在床頭  可以抱著睡覺 長這樣  http://i.imgur.com/buvY8qN.jpg   然後去年我去日本 買了一條我很喜歡的羊的懶人毯  沒事用完就丟床上  有時候 我們家照顧老人家的外籍看護  在我們都去上班上課的時候  會幫忙整理一下家裡  有一天  我回家就看到我的菇菇變成這樣.....  http://i.imgur.com/czUFtaB.jpg 之後只要有整理  菇菇都會變成羊菇   最近真的讓我崩潰的是  我買了一條新的懶人毯  也是用完隨手丟  然後回到家就看到這個.....  http://i.imgur.com/4NE7nwf.jpg ..... ...............懶人毯的用途好像被誤會了ＸＤＤ",
    "time": "2017/05/24 11:15:51",
    "event": "slide"
  },
  {
    "category": "13",
    "app": "JPTT",
    "id": "31",
    "context": "[聽錯] 珍珠奶茶的珍珠  板工提醒:內容少於二十字 或 少於三行,會立刻砍文,並視情況劣退!  想發集氣文或問卷文的，請將板規八每一個字都看清楚，再有違反就劣退+水桶了! ========================================================================== 今天一如往常的跟快樂夥伴們一起訂飲料～  我：「你好，我要一杯珍珠奶茶～ 珍珠放一半就好了！謝謝！」  店員：「好的」  --- 飲料送來了...  http://imgur.com/a/oV8Ky ...這是半杯珍珠吧！！！！！！  店員你人好好但我真的不想吃那麼多珍珠阿可惡QAQ",
    "time": "2017/05/24 11:16:33",
    "event": "click"
  },
  {
    "category": "13",
    "app": "JPTT",
    "id": "32",
    "context": "[聽錯] 珍珠奶茶的珍珠  板工提醒:內容少於二十字 或 少於三行,會立刻砍文,並視情況劣退!  想發集氣文或問卷文的，請將板規八每一個字都看清楚，再有違反就劣退+水桶了! ========================================================================== 今天一如往常的跟快樂夥伴們一起訂飲料～  我：「你好，我要一杯珍珠奶茶～ 珍珠放一半就好了！謝謝！」  店員：「好的」  --- 飲料送來了...  http://imgur.com/a/oV8Ky ...這是半杯珍珠吧！！！！！！  店員你人好好但我真的不想吃那麼多珍珠阿可惡QAQ",
    "time": "2017/05/24 11:16:33",
    "event": "slide"
  },
  {
    "category": "13",
    "app": "Dcard",
    "id": "33",
    "context": "#更 店員在我面前打給我 今天跟朋友去吃晚餐   來到了一間聽朋友大力推薦的義大利麵店  小小的一間，但很有文青風  也很喜歡店內的設計  -正文如下  ??：店員 ??：我  ??：小姐你好請問幾位 ??：兩位哦謝謝 ??：那有預約嗎 ??：沒有欸 ??：那跟妳留一下姓名電話 ??：好 草頭蔡 電話是09xxxxxxxx ??：好的 蔡小姐兩位那我們可能要等個20-30分鐘 ??：那我們可以坐在這裡等嗎 （因為店內有顧客等候區） ??：可以啊 先給你們菜單 ??：謝謝   於是我跟朋友就坐下來聊天，等候叫號   過了10分鐘    ??：不好意思想請問一下妳是 ??：蔡小姐 剛剛有登記了 ??：哦哦有 不好意思 ??：沒關係 ?   又過了20分鐘 我跟朋友想說應該輪到我們了   看到 ?? 開始左顧右盼 感覺一直在找人 其中我也跟他至少對到眼3、4次 他甚至開門出去看了一下  看完後，回到櫃檯，拿起電話，撥了出去  這時候，我的手機也響了  ??：「喂 你好」  ：「喂 蔡小姐嗎 那個已經有空位可以用餐囉         ??：????? ??：?????   對 他打完電話抬頭剛好視線跟我對到    到底為什麼要這麼無視我啦 ???  朋友在旁邊已經笑到不行了⋯  #更 謝謝大家滿滿的安慰 ? 先在這裡跟所有的服務業說聲辛苦了 ??‍♀️  我想店員是因為太忙 所以才會做出這個可愛的小舉動 ? 也有可能真的是我那天運動完比較憔悴 所以存在感少了很多哈哈 不過我完全沒有放在心上哦 只是那天吃完朋友一直用蔡小姐鬧我 ? 而且我發現  原來只有我會說草頭蔡 以為有很多人會用 ?  也謝謝大家願意看我分享的小趣事 ? ",
    "time": "2017/05/24 11:17:22",
    "event": "click"
  },
  {
    "category": "13",
    "app": "Dcard",
    "id": "34",
    "context": "#更 店員在我面前打給我 今天跟朋友去吃晚餐   來到了一間聽朋友大力推薦的義大利麵店  小小的一間，但很有文青風  也很喜歡店內的設計  -正文如下  ??：店員 ??：我  ??：小姐你好請問幾位 ??：兩位哦謝謝 ??：那有預約嗎 ??：沒有欸 ??：那跟妳留一下姓名電話 ??：好 草頭蔡 電話是09xxxxxxxx ??：好的 蔡小姐兩位那我們可能要等個20-30分鐘 ??：那我們可以坐在這裡等嗎 （因為店內有顧客等候區） ??：可以啊 先給你們菜單 ??：謝謝   於是我跟朋友就坐下來聊天，等候叫號   過了10分鐘    ??：不好意思想請問一下妳是 ??：蔡小姐 剛剛有登記了 ??：哦哦有 不好意思 ??：沒關係 ?   又過了20分鐘 我跟朋友想說應該輪到我們了   看到 ?? 開始左顧右盼 感覺一直在找人 其中我也跟他至少對到眼3、4次 他甚至開門出去看了一下  看完後，回到櫃檯，拿起電話，撥了出去  這時候，我的手機也響了  ??：「喂 你好」  ：「喂 蔡小姐嗎 那個已經有空位可以用餐囉         ??：????? ??：?????   對 他打完電話抬頭剛好視線跟我對到    到底為什麼要這麼無視我啦 ???  朋友在旁邊已經笑到不行了⋯  #更 謝謝大家滿滿的安慰 ? 先在這裡跟所有的服務業說聲辛苦了 ??‍♀️  我想店員是因為太忙 所以才會做出這個可愛的小舉動 ? 也有可能真的是我那天運動完比較憔悴 所以存在感少了很多哈哈 不過我完全沒有放在心上哦 只是那天吃完朋友一直用蔡小姐鬧我 ? 而且我發現  原來只有我會說草頭蔡 以為有很多人會用 ?  也謝謝大家願意看我分享的小趣事 ? ",
    "time": "2017/05/24 11:17:22",
    "event": "slide"
  },
  {
    "category": "13",
    "app": "Dcard",
    "id": "35",
    "context": "#圖 不小心被店員的貼心電到>///< 最近因為室友太忙都沒時間買最近大家在瘋的左岸咖啡， 身為一個天生奴婢命的，她們就拜託我幫忙到附近超商掃貨，   也因為常常去蹲點(?)，就被我發現有個固定晚班的帥店員，真的又高又帥（目測180），單眼皮，跟客人說謝謝的時候眼睛都會笑 （我都被電暈），根本我的天菜阿!!❤❤❤ 之前結帳不小心碰到他的手還會心花怒放+臉紅紅 不過偷瞄他很久還是不太敢主動搭訕或要line...   昨天晚上我又去掃貨， 可是就沒找到凱旋門杯蓋(Tiffany色)的，才想說還是要去別家看的時候， 天菜店員竟然來找我說話了！！   天菜?‍♂️：你在找什麼嗎？ （大概是看我一直在那裡超可疑的晃啊晃XD） 我?：我想找Tiffany色的、有凱旋門杯蓋的左岸... 天菜?‍♂️：今天好像有進，我幫你看一下 我?：好啊謝謝你（努力抑制住心中的雀躍）   後來他就拿出Tiffany色包裝的左岸給我，還是杯蓋可以立起來的隱藏版！ 後來開始跟我聊天，才知道原來我們住超近（這絕對是命中註定???）   後來鼓起勇氣問他LINE，結果他默默的走回收銀台 原本以為大概就是被拒絕了 結果竟然是為了寫Line給我~ 有圖有真相~    啊啊啊這好像夢一場??? 有後續之後再補上來，最重要的還是要感謝室友讓我幫她們掃貨， 我才有這個幸運的機會~~~   祝我與天菜可以順利發展?? ",
    "time": "2017/05/24 11:18:11",
    "event": "click"
  },
  {
    "category": "13",
    "app": "Dcard",
    "id": "36",
    "context": "#圖 不小心被店員的貼心電到>///< 最近因為室友太忙都沒時間買最近大家在瘋的左岸咖啡， 身為一個天生奴婢命的，她們就拜託我幫忙到附近超商掃貨，   也因為常常去蹲點(?)，就被我發現有個固定晚班的帥店員，真的又高又帥（目測180），單眼皮，跟客人說謝謝的時候眼睛都會笑 （我都被電暈），根本我的天菜阿!!❤❤❤ 之前結帳不小心碰到他的手還會心花怒放+臉紅紅 不過偷瞄他很久還是不太敢主動搭訕或要line...   昨天晚上我又去掃貨， 可是就沒找到凱旋門杯蓋(Tiffany色)的，才想說還是要去別家看的時候， 天菜店員竟然來找我說話了！！   天菜?‍♂️：你在找什麼嗎？ （大概是看我一直在那裡超可疑的晃啊晃XD） 我?：我想找Tiffany色的、有凱旋門杯蓋的左岸... 天菜?‍♂️：今天好像有進，我幫你看一下 我?：好啊謝謝你（努力抑制住心中的雀躍）   後來他就拿出Tiffany色包裝的左岸給我，還是杯蓋可以立起來的隱藏版！ 後來開始跟我聊天，才知道原來我們住超近（這絕對是命中註定???）   後來鼓起勇氣問他LINE，結果他默默的走回收銀台 原本以為大概就是被拒絕了 結果竟然是為了寫Line給我~ 有圖有真相~    啊啊啊這好像夢一場??? 有後續之後再補上來，最重要的還是要感謝室友讓我幫她們掃貨， 我才有這個幸運的機會~~~   祝我與天菜可以順利發展?? ",
    "time": "2017/05/24 11:18:11",
    "event": "slide"
  },
  {
    "category": "14",
    "app": "Dcard",
    "id": "37",
    "context": "更//男友要我穿....... 剛剛看到文章 想說來問問那個奇葩的  看他會有什麼反應  然後   搞什麼東西凸^-^凸     好吧 這輩子 就決定永遠上訴告到底了。    媽蛋凸^-^凸  （電量也太剛好了吧  更// 話說，我們認識7年也交往4年了。 所以我們比起情侶更像朋友， 我跟他都是處女座，但個性差很多。 雖然知道答案一定不是想要的， 可是這個真的很討厭-3-  他現在驕傲的跟我說  「你看，我因丁字褲而偉大。」  真是夠了，暖男什麼的根本不屬於我嗚嗚嗚(´･_･`)  //再更  下面有人說要趣事  有一次他在玩手機，飼養恐龍的。 他一直玩不理我，我就問他 「我跟那個恐龍誰比較重要？」  ......  「你比較重」  凸^-^凸？？？？？ ",
    "time": "2017/05/24 11:19:01",
    "event": "click"
  },
  {
    "category": "14",
    "app": "Dcard",
    "id": "38",
    "context": "更//男友要我穿....... 剛剛看到文章 想說來問問那個奇葩的  看他會有什麼反應  然後   搞什麼東西凸^-^凸     好吧 這輩子 就決定永遠上訴告到底了。    媽蛋凸^-^凸  （電量也太剛好了吧  更// 話說，我們認識7年也交往4年了。 所以我們比起情侶更像朋友， 我跟他都是處女座，但個性差很多。 雖然知道答案一定不是想要的， 可是這個真的很討厭-3-  他現在驕傲的跟我說  「你看，我因丁字褲而偉大。」  真是夠了，暖男什麼的根本不屬於我嗚嗚嗚(´･_･`)  //再更  下面有人說要趣事  有一次他在玩手機，飼養恐龍的。 他一直玩不理我，我就問他 「我跟那個恐龍誰比較重要？」  ......  「你比較重」  凸^-^凸？？？？？ ",
    "time": "2017/05/24 11:19:01",
    "event": "slide"
  },
  {
    "category": "15",
    "app": "Facebook",
    "id": "39",
    "context": "他和「巨咪正妹」擁抱引發爭議！原以為「超紳士」的舉動，卻被眼尖網友酸「手明明」... - Kiwsy",
    "time": "2017/05/24 11:27:04",
    "event": "click"
  },
  {
    "category": "15",
    "app": "Facebook",
    "id": "40",
    "context": "他和「巨咪正妹」擁抱引發爭議！原以為「超紳士」的舉動，卻被眼尖網友酸「手明明」... - Kiwsy",
    "time": "2017/05/24 11:27:04",
    "event": "slide"
  },
  {
    "category": "16",
    "app": "Facebook",
    "id": "41",
    "context": "明星有沒有整容，看女兒就知道！劉濤，大S絕對沒整容！最後一位肯定有整容！媽媽美若天仙，但女兒卻悲劇了！",
    "time": "2017/05/24 11:28:37",
    "event": "click"
  },
  {
    "category": "16",
    "app": "Facebook",
    "id": "42",
    "context": "明星有沒有整容，看女兒就知道！劉濤，大S絕對沒整容！最後一位肯定有整容！媽媽美若天仙，但女兒卻悲劇了！",
    "time": "2017/05/24 11:28:37",
    "event": "slide"
  },
  {
    "category": "18",
    "app": "Facebook",
    "id": "43",
    "context": "聯合國外交官回答 法國小女生 的一番話，點出：「台灣，不被國際承認為【一個國家】的真正原因...！」",
    "time": "2017/05/24 11:47:56",
    "event": "click"
  },
  {
    "category": "18",
    "app": "Facebook",
    "id": "44",
    "context": "聯合國外交官回答 法國小女生 的一番話，點出：「台灣，不被國際承認為【一個國家】的真正原因...！」",
    "time": "2017/05/24 11:47:56",
    "event": "slide"
  },
  {
    "category": "19",
    "app": "Line",
    "id": "45",
    "context": "最高可貸1.5倍，最低1.99%($)   利息太高喘不過氣嗎？  最快3天！銀行迅速撥款?  如有需要請速撥打電話請勿直接回覆此訊息  當天就知道額度利率！滿意再申辦    免費幫您估價！划算您再辦  來電告知車牌，就可查詢貸款額度  只要傳真或LINE即可辦理  免費諮詢：0962030885  絕不收取任何代辦費，14年內不限車種皆可申貸  保證最低利率輕鬆過件，可增貸、可降利率 ",
    "time": "2017/05/24 12:00:44",
    "event": "slide"
  },
  {
    "category": "8",
    "app": "Line",
    "id": "46",
    "context": "今天中午要來做做看馬鈴薯料理 但早上還是好熱(dog sad) 真的變天了！還好沒騎車上班 這裡也有點陰陰的 嗯",
    "time": "2017/05/24 12:00:51",
    "event": "slide"
  },
  {
    "category": "20",
    "app": "JPTT",
    "id": "47",
    "context": "[無言] 原來是小夜燈啊...我還以為是  半年前女友砸大錢買了Hxxxywxxl的空氣清淨機 對其成效讚不絕口說過敏問題大大改善了人也變得精神了 前陣子搬出來住也把那台神器一併帶來 同為過敏兒的我卻一直沒有覺得空氣變得特別清新 但每次心存疑問都會被罵： 「它每天辛苦工作你要感激你看現在顯示紅燈等等變回藍燈就代表空氣變好了啊」 今早機器面板上更換濾心的燈亮了 http://imgur.com/a/Pokpo 一邊納悶明明12~14個月才需要更換一邊打開機器一看                                http://imgur.com/a/r9OgU 全部濾心全新未拆              原來這半年來 它只是個換變換紅黃藍三色燈光的不定時會發出風扇聲的小夜燈 第一次真正使用這台空氣經淨機的人是我RRR",
    "time": "2017/05/24 12:01:30",
    "event": "click"
  },
  {
    "category": "20",
    "app": "JPTT",
    "id": "48",
    "context": "[無言] 原來是小夜燈啊...我還以為是  半年前女友砸大錢買了Hxxxywxxl的空氣清淨機 對其成效讚不絕口說過敏問題大大改善了人也變得精神了 前陣子搬出來住也把那台神器一併帶來 同為過敏兒的我卻一直沒有覺得空氣變得特別清新 但每次心存疑問都會被罵： 「它每天辛苦工作你要感激你看現在顯示紅燈等等變回藍燈就代表空氣變好了啊」 今早機器面板上更換濾心的燈亮了 http://imgur.com/a/Pokpo 一邊納悶明明12~14個月才需要更換一邊打開機器一看                                http://imgur.com/a/r9OgU 全部濾心全新未拆              原來這半年來 它只是個換變換紅黃藍三色燈光的不定時會發出風扇聲的小夜燈 第一次真正使用這台空氣經淨機的人是我RRR",
    "time": "2017/05/24 12:01:30",
    "event": "slide"
  },
  {
    "category": "21",
    "app": "JPTT",
    "id": "49",
    "context": "[健忘] 媽不要為了你健忘找藉口啦  一般蒜頭在買回來的時候  都要拿到太陽下曬一下避免發霉  老媽就在一天早上把蒜頭放在車頂曬  下午要出門時他忘了車頂上有蒜頭就出門  開到一半有一輛車停在他旁邊說  「小姐，你車頂上面有蒜頭欸」  結果我媽竟然回                          「喔～沒有啦！我那是避邪用的」 避邪用的？",
    "time": "2017/05/24 12:02:21",
    "event": "click"
  },
  {
    "category": "21",
    "app": "JPTT",
    "id": "50",
    "context": "[健忘] 媽不要為了你健忘找藉口啦  一般蒜頭在買回來的時候  都要拿到太陽下曬一下避免發霉  老媽就在一天早上把蒜頭放在車頂曬  下午要出門時他忘了車頂上有蒜頭就出門  開到一半有一輛車停在他旁邊說  「小姐，你車頂上面有蒜頭欸」  結果我媽竟然回                          「喔～沒有啦！我那是避邪用的」 避邪用的？",
    "time": "2017/05/24 12:02:21",
    "event": "slide"
  }
]