[
  {
    "category": "1",
    "app": "Dcard",
    "id": "1",
    "context": "我☁️他 提問一下～   因為是創作啦，那如果有人希望我打續集的話，請跟我說唷～～ ---正文--- 我—今年大學畢業了，而我弟弟也剛好上了大學。爸爸以前和我媽媽生出我後，沒多久就離婚了，之後爸爸又娶了一個老婆，生出了我的弟弟，他小我4歲，也就是我們是同父異母的兄弟關係。   在大學畢業前，我的爸爸就罹癌去世了，媽媽也決定再嫁，於是頂多偶爾見個面、吃個飯；而我弟弟的媽媽也常常因為工作繁忙，常常要出差，因此也常常不在家。   小時候和弟弟常常見面，久而久之，我們感情也是越來越好，偶爾會一起出去玩，到我國中時也就順理成章的住進他們的家，而弟弟的媽媽常常也不在，因此通常都是我和弟弟在家。 -----   「哥哥，我要出門了，我把錢留在桌上」弟弟的媽媽，習慣叫我哥哥，而我也是叫他媽媽。   「好，媽媽你要去出差嗎？」我提問。   「對啊，我要出國出差一趟，大概1個禮拜，你們倆在家要小心喔」媽媽叮嚀著，便出門去了。   「這個週末也沒有人陪我出去，只好自己一個人在家打電動了，趕快練等吧」喃喃自語的，坐了電腦桌開始打起自己熟悉的遊戲。 -----   時間過了許久。   「喀—」門被打開了。   「我回來了」我走出門看一下是不是弟弟回來了。   「好累喔⋯」我伸了伸懶腰，「欸你的東⋯」弟弟在我眼前突然開始脫下他的衣服。弟弟是籃球校隊的，那個身材，可想而知，打籃球練出的手臂，若隱若現的胸腹肌，雖然線條沒有很出來，但還是很美味可口；他的腿，雖然不粗也不細，但看起來就是還有練過，簡直是勾起我的慾望。   「怎麼了哥哥，你要說什麼？」弟弟便又把褲子脫下來準備換居家褲，而每次只要在宿舍， 最期待的莫過於在走廊看到沒穿上衣或只穿條內褲的鮮肉 那個胸肌腹肌 啊斯~~~~~ 請問如果是圈內人，會沒穿衣服在外面嗎？ 雖然我有時去洗澡也會啦-////- ",
    "time": "2017/05/15 01:41:48",
    "event": "click"
  },
  {
    "category": "1",
    "app": "Dcard",
    "id": "2",
    "context": "我☁️他 提問一下～   因為是創作啦，那如果有人希望我打續集的話，請跟我說唷～～ ---正文--- 我—今年大學畢業了，而我弟弟也剛好上了大學。爸爸以前和我媽媽生出我後，沒多久就離婚了，之後爸爸又娶了一個老婆，生出了我的弟弟，他小我4歲，也就是我們是同父異母的兄弟關係。   在大學畢業前，我的爸爸就罹癌去世了，媽媽也決定再嫁，於是頂多偶爾見個面、吃個飯；而我弟弟的媽媽也常常因為工作繁忙，常常要出差，因此也常常不在家。   小時候和弟弟常常見面，久而久之，我們感情也是越來越好，偶爾會一起出去玩，到我國中時也就順理成章的住進他們的家，而弟弟的媽媽常常也不在，因此通常都是我和弟弟在家。 -----   「哥哥，我要出門了，我把錢留在桌上」弟弟的媽媽，習慣叫我哥哥，而我也是叫他媽媽。   「好，媽媽你要去出差嗎？」我提問。   「對啊，我要出國出差一趟，大概1個禮拜，你們倆在家要小心喔」媽媽叮嚀著，便出門去了。   「這個週末也沒有人陪我出去，只好自己一個人在家打電動了，趕快練等吧」喃喃自語的，坐了電腦桌開始打起自己熟悉的遊戲。 -----   時間過了許久。   「喀—」門被打開了。   「我回來了」我走出門看一下是不是弟弟回來了。   「好累喔⋯」我伸了伸懶腰，「欸你的東⋯」弟弟在我眼前突然開始脫下他的衣服。弟弟是籃球校隊的，那個身材，可想而知，打籃球練出的手臂，若隱若現的胸腹肌，雖然線條沒有很出來，但還是很美味可口；他的腿，雖然不粗也不細，但看起來就是還有練過，簡直是勾起我的慾望。   「怎麼了哥哥，你要說什麼？」弟弟便又把褲子脫下來準備換居家褲，而每次只要在宿舍， 最期待的莫過於在走廊看到沒穿上衣或只穿條內褲的鮮肉 那個胸肌腹肌 啊斯~~~~~ 請問如果是圈內人，會沒穿衣服在外面嗎？ 雖然我有時去洗澡也會啦-////- ",
    "time": "2017/05/15 01:41:48",
    "event": "slide"
  },
  {
    "category": "2",
    "app": "Instagram",
    "id": "3",
    "context": "再度告別台北，獻上以前下班後的第一個景色",
    "time": "2017/05/15 01:45:51",
    "event": "slide"
  },
  {
    "category": "3",
    "app": "Instagram",
    "id": "4",
    "context": "感謝美攝 ",
    "time": "2017/05/15 01:46:00",
    "event": "slide"
  },
  {
    "category": "4",
    "app": "Instagram",
    "id": "5",
    "context": "母親節還是要上班.. ",
    "time": "2017/05/15 01:46:02",
    "event": "slide"
  },
  {
    "category": "4",
    "app": "Instagram",
    "id": "6",
    "context": "媽媽就是 總覺得她有點吵有點煩，但又是妳最愛也最愛你的人❤️ #嘎嫂二伯 #蔡阿嘎 #母親節 #monther……更多內容 ",
    "time": "2017/05/15 01:46:11",
    "event": "slide"
  },
  {
    "category": "5",
    "app": "Instagram",
    "id": "7",
    "context": "我已經兩天睡在沒有床包的床上... 甚至沒有枕頭套。 ",
    "time": "2017/05/15 01:46:12",
    "event": "slide"
  },
  {
    "category": "6",
    "app": "Instagram",
    "id": "8",
    "context": "#擠擠吃台北 - 【。囍聚。精……更多內容 ",
    "time": "2017/05/15 01:46:15",
    "event": "slide"
  },
  {
    "category": "4",
    "app": "Instagram",
    "id": "9",
    "context": "母親節快樂",
    "time": "2017/05/15 01:46:17",
    "event": "slide"
  },
  {
    "category": "7",
    "app": "Instagram",
    "id": "10",
    "context": "上路囉",
    "time": "2017/05/15 01:46:20",
    "event": "slide"
  },
  {
    "category": "8",
    "app": "Instagram",
    "id": "11",
    "context": "我豪帥 我最帥了 ",
    "time": "2017/05/15 01:46:21",
    "event": "slide"
  },
  {
    "category": "9",
    "app": "Instagram",
    "id": "12",
    "context": "拍照打卡然後回家 ",
    "time": "2017/05/15 01:46:23",
    "event": "slide"
  },
  {
    "category": "10",
    "app": "Instagram",
    "id": "13",
    "context": "好熱喔 累死了  改天再找寶貝來玩水 #嚕嚕嚕 #瀑布 #霧台 #神山瀑布 ",
    "time": "2017/05/15 01:46:24",
    "event": "slide"
  },
  {
    "category": "4",
    "app": "Instagram",
    "id": "14",
    "context": "我媽咪跟我媽咪的媽咪最想要的母親節禮物就是我，可是人在劇組身不由己，我無法把自己包成禮物送回家⋯但還是祝媽咪跟媽咪的媽咪母……更多內容 ",
    "time": "2017/05/15 01:46:25",
    "event": "slide"
  },
  {
    "category": "11",
    "app": "Instagram",
    "id": "15",
    "context": "#首服開放 #聲優陪你暢游世界 17年熱門手游上綫，這個世界，等你主宰！ ",
    "time": "2017/05/15 01:46:29",
    "event": "slide"
  },
  {
    "category": "12",
    "app": "Instagram",
    "id": "16",
    "context": "搬個水也要拍照的概念。 我真的黑的很誇張欸！ ",
    "time": "2017/05/15 01:46:29",
    "event": "slide"
  },
  {
    "category": "13",
    "app": "Instagram",
    "id": "17",
    "context": "感謝20萬追蹤！等等3點來在IG直播一下跟大家聊聊 ☺️ ",
    "time": "2017/05/15 01:46:30",
    "event": "slide"
  },
  {
    "category": "14",
    "app": "MoPTT",
    "id": "18",
    "context": "[認真] 大家好我是一顆蛋的男人 大家好我不是變態（請回顧妹妹那篇）  小時候隱睪症，國中才發現  手術後導致另一顆比一般的小一半  跟另一半在愛愛方面可以說是幾乎沒戴套  但我們都是固定伴侶，已婚半年多  這樣子不會得病吧？？  不是我不想戴，而是對方不喜歡  最近一直在想，已經跟她6年多了 （戴的次數應該30-50左右吧）  就算漏了一點在裡面也沒懷孕  身邊很多朋友連自己有沒有漏都不知道  過沒多久就升格當爸  於是我有點想測試......全射裡面會發生什麼事  我知道......這心臟要很大顆哈哈  但也蠻刺激的  其實我在上個月中有偷偷射一些些在裡面  結果這幾天對方卻說她那個好像快來了  看來只有一顆又多一點好像真的很難懷孕  未來如果測試成功的話  不就可以一直內射！內射！內射了！！！  根本我的夢想啊！！      The End      所以只有一個固定伴侶不會得病吧？  從來沒有戴套做完過@@ ",
    "time": "2017/05/15 01:47:22",
    "event": "click"
  },
  {
    "category": "14",
    "app": "MoPTT",
    "id": "19",
    "context": "[認真] 大家好我是一顆蛋的男人 大家好我不是變態（請回顧妹妹那篇）  小時候隱睪症，國中才發現  手術後導致另一顆比一般的小一半  跟另一半在愛愛方面可以說是幾乎沒戴套  但我們都是固定伴侶，已婚半年多  這樣子不會得病吧？？  不是我不想戴，而是對方不喜歡  最近一直在想，已經跟她6年多了 （戴的次數應該30-50左右吧）  就算漏了一點在裡面也沒懷孕  身邊很多朋友連自己有沒有漏都不知道  過沒多久就升格當爸  於是我有點想測試......全射裡面會發生什麼事  我知道......這心臟要很大顆哈哈  但也蠻刺激的  其實我在上個月中有偷偷射一些些在裡面  結果這幾天對方卻說她那個好像快來了  看來只有一顆又多一點好像真的很難懷孕  未來如果測試成功的話  不就可以一直內射！內射！內射了！！！  根本我的夢想啊！！      The End      所以只有一個固定伴侶不會得病吧？  從來沒有戴套做完過@@ ",
    "time": "2017/05/15 01:47:22",
    "event": "slide"
  },
  {
    "category": "15",
    "app": "Messenger",
    "id": "20",
    "context": "我們影片有70幾M 我在思考怎麼給你 放在GOOGLE雲端啊 好喔 寄信給我應該也行吧 好喔 我試試 https://drive.google.com/file/d/0BwYmlM5WZtqNUFdfRDJvYzNWTm8/view?usp=sharing 助教錢來了",
    "time": "2017/05/15 08:57:32",
    "event": "slide"
  },
  {
    "category": "16",
    "app": "Messenger",
    "id": "21",
    "context": "嗯",
    "time": "2017/05/15 08:57:38",
    "event": "type"
  },
  {
    "category": "17",
    "app": "Messenger",
    "id": "22",
    "context": "傳送",
    "time": "2017/05/15 08:57:39",
    "event": "click"
  },
  {
    "category": "15",
    "app": "Messenger",
    "id": "23",
    "context": "我們影片有70幾M 我在思考怎麼給你 放在GOOGLE雲端啊 好喔 寄信給我應該也行吧 好喔 我試試 https://drive.google.com/file/d/0BwYmlM5WZtqNUFdfRDJvYzNWTm8/view?usp=sharing 助教錢來了 嗯",
    "time": "2017/05/15 08:57:40",
    "event": "slide"
  },
  {
    "category": "18",
    "app": "Facebook",
    "id": "24",
    "context": "快訊／豬哥亮大腸癌病逝！　70年起落人生畫句點 到另個世界，再主持餐廳秀",
    "time": "2017/05/15 08:59:28",
    "event": "click"
  },
  {
    "category": "18",
    "app": "Facebook",
    "id": "25",
    "context": "快訊／豬哥亮大腸癌病逝！　70年起落人生畫句點 到另個世界，再主持餐廳秀",
    "time": "2017/05/15 08:59:28",
    "event": "slide"
  },
  {
    "category": "18",
    "app": "Facebook",
    "id": "26",
    "context": "台灣第2遭槍擊藝人是他　豬哥亮傳奇一生…名字是這樣來的 豬哥亮15日一早因癌末、肝衰竭，於凌晨5時左右病逝，享壽70歲，令粉絲十分不捨。回顧他的演藝經歷，從早期風靡全台的《豬哥亮歌廳秀》，一度在藍寶石大歌廳遭槍擊，還疑似因欠債跑路、神隱演藝圈近10年，一直到後來復出，重返主持、電影界，曲折70年人生，堪稱是娛樂界中傳奇人物。(豬哥亮,謝新達,謝友偵,豬哥亮歌廳秀,豬哥會社,)",
    "time": "2017/05/15 09:03:12",
    "event": "click"
  },
  {
    "category": "18",
    "app": "Facebook",
    "id": "27",
    "context": "台灣第2遭槍擊藝人是他　豬哥亮傳奇一生…名字是這樣來的 豬哥亮15日一早因癌末、肝衰竭，於凌晨5時左右病逝，享壽70歲，令粉絲十分不捨。回顧他的演藝經歷，從早期風靡全台的《豬哥亮歌廳秀》，一度在藍寶石大歌廳遭槍擊，還疑似因欠債跑路、神隱演藝圈近10年，一直到後來復出，重返主持、電影界，曲折70年人生，堪稱是娛樂界中傳奇人物。(豬哥亮,謝新達,謝友偵,豬哥亮歌廳秀,豬哥會社,)",
    "time": "2017/05/15 09:03:12",
    "event": "slide"
  },
  {
    "category": "19",
    "app": "Facebook",
    "id": "28",
    "context": "許維恩63歲媽根本少女！　 藝人許維恩有2個姊姊路兒和菲菲，3姊妹外型亮麗，還有一個帥氣弟弟，吸引許多網友個別追蹤粉絲專頁。她在14日母親節當天，曬出一張母女合照，引人注意的是，媽媽凍齡嫩臉完全看不出已經超過60歲，令網友紛紛傻問，「到底哪一個是媽媽？」(許維恩,許路兒,母親節,母親節快樂,許維恩媽媽,)",
    "time": "2017/05/15 09:06:59",
    "event": "slide"
  },
  {
    "category": "19",
    "app": "Facebook",
    "id": "29",
    "context": "許維恩63歲媽根本少女！　 藝人許維恩有2個姊姊路兒和菲菲，3姊妹外型亮麗，還有一個帥氣弟弟，吸引許多網友個別追蹤粉絲專頁。她在14日母親節當天，曬出一張母女合照，引人注意的是，媽媽凍齡嫩臉完全看不出已經超過60歲，令網友紛紛傻問，「到底哪一個是媽媽？」(許維恩,許路兒,母親節,母親節快樂,許維恩媽媽,)",
    "time": "2017/05/15 09:06:59",
    "event": "slide"
  },
  {
    "category": "20",
    "app": "Instagram",
    "id": "30",
    "context": "- 劇組日常 (我在右邊那塊岩石的後面) #adventureofalifetime",
    "time": "2017/05/15 09:10:24",
    "event": "slide"
  },
  {
    "category": "2",
    "app": "Instagram",
    "id": "31",
    "context": "再度告別台北，獻上以前下班後的第一個景色",
    "time": "2017/05/15 09:11:52",
    "event": "slide"
  },
  {
    "category": "20",
    "app": "Instagram",
    "id": "32",
    "context": "- 劇組日常 (我在右邊那塊岩石的後面) #adventureofalifetime",
    "time": "2017/05/15 09:11:57",
    "event": "slide"
  },
  {
    "category": "2",
    "app": "Instagram",
    "id": "33",
    "context": "再度告別台北，獻上以前下班後的第一個景色",
    "time": "2017/05/15 09:11:58",
    "event": "slide"
  },
  {
    "category": "3",
    "app": "Instagram",
    "id": "34",
    "context": "感謝美攝 ",
    "time": "2017/05/15 09:12:02",
    "event": "slide"
  },
  {
    "category": "2",
    "app": "Instagram",
    "id": "35",
    "context": "再度告別台北，獻上以前下班後的第一個景色",
    "time": "2017/05/15 09:12:03",
    "event": "slide"
  },
  {
    "category": "4",
    "app": "Instagram",
    "id": "36",
    "context": "母親節還是要上班.. ",
    "time": "2017/05/15 09:12:13",
    "event": "slide"
  },
  {
    "category": "18",
    "app": "Facebook",
    "id": "37",
    "context": "豬哥亮家屬發聲明：他真的累了　盼在天上繼續散播歡笑 豬哥亮15日上午病逝，享壽70歲，家屬8點40分透過經紀人蘇瑞煌發表聲明證實此事，透露豬哥亮走得平和、安詳，生病期間很謝謝各界給他的鼓勵，但他真的累了，所以離開人生的舞台，希望大家能夠給他深深的祝福，也祝福他在天上仍然散播著歡笑。(豬哥亮)",
    "time": "2017/05/15 09:12:55",
    "event": "click"
  },
  {
    "category": "18",
    "app": "Facebook",
    "id": "38",
    "context": "豬哥亮家屬發聲明：他真的累了　盼在天上繼續散播歡笑 豬哥亮15日上午病逝，享壽70歲，家屬8點40分透過經紀人蘇瑞煌發表聲明證實此事，透露豬哥亮走得平和、安詳，生病期間很謝謝各界給他的鼓勵，但他真的累了，所以離開人生的舞台，希望大家能夠給他深深的祝福，也祝福他在天上仍然散播著歡笑。(豬哥亮)",
    "time": "2017/05/15 09:12:55",
    "event": "slide"
  }
]