[
  {
    "category": "1",
    "app": "Messenger",
    "id": "1",
    "context": "沒有啦覺得這個實驗應該很好玩 嗯嗯 而且應該很簡單 嗯….... 妳聽過惠蓀幹訓嗎？ 那啥 新生訓練的哦 呃…據說很有意義的幹部訓練 學生會辦的 學校協辦 什麼活動阿   什麼幹部 不限 有點類似成長營?!激發你的潛能  我好像在小禮堂外面有看到海報 實驗開始了欸   很奇妙的實驗",
    "time": "2017/06/07 10:42:20",
    "event": "slide"
  },
  {
    "category": "1",
    "app": "Messenger",
    "id": "2",
    "context": "就是先下載一個名為\"手機使用測試\"的影片   然後讓我滑手機滑一個小時 不要看影片玩遊戲就好 *的app.",
    "time": "2017/06/07 10:43:40",
    "event": "type"
  },
  {
    "category": "18",
    "app": "Messenger",
    "id": "3",
    "context": "傳送",
    "time": "2017/06/07 10:43:41",
    "event": "click"
  },
  {
    "category": "1",
    "app": "Messenger",
    "id": "4",
    "context": "沒有啦覺得這個實驗應該很好玩 嗯嗯 而且應該很簡單 嗯….... 妳聽過惠蓀幹訓嗎？ 那啥 新生訓練的哦 呃…據說很有意義的幹部訓練 學生會辦的 學校協辦 什麼活動阿   什麼幹部 不限 有點類似成長營?!激發你的潛能  我好像在小禮堂外面有看到海報 實驗開始了欸   很奇妙的實驗   就是先下載一個名為\"手機使用測試\"的影片   然後讓我滑手機滑一個小時 不要看影片玩遊戲就好 *的app. ",
    "time": "2017/06/07 10:43:42",
    "event": "slide"
  },
  {
    "category": "1",
    "app": "Messenger",
    "id": "5",
    "context": "沒有啦覺得這個實驗應該很好玩 嗯嗯 而且應該很簡單 嗯….... 妳聽過惠蓀幹訓嗎？ 那啥 新生訓練的哦 呃…據說很有意義的幹部訓練 學生會辦的 學校協辦 什麼活動阿   什麼幹部 不限 有點類似成長營?!激發你的潛能  我好像在小禮堂外面有看到海報 實驗開始了欸   很奇妙的實驗   就是先下載一個名為\"手機使用測試\"的影片   然後讓我滑手機滑一個小時 不要看影片玩遊戲就好 *的app. 不是影片 感覺就是要調查使用習慣跟頻率吧 不然就是在開發輔助app之類的",
    "time": "2017/06/07 10:43:55",
    "event": "slide"
  },
  {
    "category": "1",
    "app": "Messenger",
    "id": "6",
    "context": "對呀應該是前者 來滑手機也蠻輕鬆的",
    "time": "2017/06/07 10:43:17",
    "event": "type"
  },
  {
    "category": "18",
    "app": "Messenger",
    "id": "7",
    "context": "傳送",
    "time": "2017/06/07 10:43:18",
    "event": "click"
  },
  {
    "category": "1",
    "app": "Messenger",
    "id": "8",
    "context": "沒有啦覺得這個實驗應該很好玩 嗯嗯 而且應該很簡單 嗯….... 妳聽過惠蓀幹訓嗎？ 那啥 新生訓練的哦 呃…據說很有意義的幹部訓練 學生會辦的 學校協辦 什麼活動阿   什麼幹部 不限 有點類似成長營?!激發你的潛能  我好像在小禮堂外面有看到海報 實驗開始了欸   很奇妙的實驗   就是先下載一個名為\"手機使用測試\"的影片   然後讓我滑手機滑一個小時 不要看影片玩遊戲就好 *的app. 不是影片 感覺就是要調查使用習慣跟頻率吧 不然就是在開發輔助app之類的 對呀應該是前者 來滑手機也蠻輕鬆的",
    "time": "2017/06/07 10:43:18",
    "event": "slide"
  },
  {
    "category": "1",
    "app": "Messenger",
    "id": "9",
    "context": "沒有啦覺得這個實驗應該很好玩 嗯嗯 而且應該很簡單 嗯….... 妳聽過惠蓀幹訓嗎？ 那啥 新生訓練的哦 呃…據說很有意義的幹部訓練 學生會辦的 學校協辦 什麼活動阿   什麼幹部 不限 有點類似成長營?!激發你的潛能  我好像在小禮堂外面有看到海報 實驗開始了欸   很奇妙的實驗   就是先下載一個名為\"手機使用測試\"的影片   然後讓我滑手機滑一個小時 不要看影片玩遊戲就好 *的app. 不是影片 感覺就是要調查使用習慣跟頻率吧 不然就是在開發輔助app之類的 對呀應該是前者 來滑手機也蠻輕鬆的 嗯啊... ",
    "time": "2017/06/07 10:43:24",
    "event": "slide"
  },
  {
    "category": "2",
    "app": "Dcard",
    "id": "10",
    "context": "#圖 騎機車時嚴禁的三種穿搭 今天心血來潮，想去墾丁走走 於是機車一催；一回家整個悲劇  TOP 3 ：手飾  襯衫反穿沒蓋到?  TOP 2 ：破褲  為什麼下面那兩個小洞沒有??  TOP 1 ：涼拖鞋   乾，我姊快笑死?  奉勸大家 騎車趴趴走 行頭真的要有  (蠻好笑的,但碰到熱水真的刺刺刺 ",
    "time": "2017/06/07 11:08:27",
    "event": "click"
  },
  {
    "category": "2",
    "app": "Dcard",
    "id": "11",
    "context": "#圖 騎機車時嚴禁的三種穿搭 今天心血來潮，想去墾丁走走 於是機車一催；一回家整個悲劇  TOP 3 ：手飾  襯衫反穿沒蓋到?  TOP 2 ：破褲  為什麼下面那兩個小洞沒有??  TOP 1 ：涼拖鞋   乾，我姊快笑死?  奉勸大家 騎車趴趴走 行頭真的要有  (蠻好笑的,但碰到熱水真的刺刺刺 ",
    "time": "2017/06/07 11:08:27",
    "event": "slide"
  },
  {
    "category": "3",
    "app": "Dcard",
    "id": "12",
    "context": "瞬間解開了處女情節 小弟魯沒見過世面 我一直都很有處女情節 因為我也是處男 直到最近一個很好的女生朋友被劈腿了 她說完了他們的故事 還說她墮了胎 問我她是不是很髒 我聽了真的很難過 我瞬間明白 女孩是真的把男孩認定成未來的老公 把自己交給了男孩 因為女孩以為牽手就會是一輩子 可惜後來因為某種原因分開 如果因為這樣遇見有處女情節的男生 那對女孩多麼不公平呀～ 她曾經深愛過 付出過 結果受了傷 還要被貼上這樣的標籤 我瞬間想通了 放下一切處女情節想法 給曾經跟我一樣有處女情節的男生 我送你們一段我的想法 你沒有過去不代表別人不能沒有過去 在這個上了床也不一定有結果的年代 對誰永遠都不會公平的 ",
    "time": "2017/06/07 11:09:24",
    "event": "click"
  },
  {
    "category": "3",
    "app": "Dcard",
    "id": "13",
    "context": "瞬間解開了處女情節 小弟魯沒見過世面 我一直都很有處女情節 因為我也是處男 直到最近一個很好的女生朋友被劈腿了 她說完了他們的故事 還說她墮了胎 問我她是不是很髒 我聽了真的很難過 我瞬間明白 女孩是真的把男孩認定成未來的老公 把自己交給了男孩 因為女孩以為牽手就會是一輩子 可惜後來因為某種原因分開 如果因為這樣遇見有處女情節的男生 那對女孩多麼不公平呀～ 她曾經深愛過 付出過 結果受了傷 還要被貼上這樣的標籤 我瞬間想通了 放下一切處女情節想法 給曾經跟我一樣有處女情節的男生 我送你們一段我的想法 你沒有過去不代表別人不能沒有過去 在這個上了床也不一定有結果的年代 對誰永遠都不會公平的 ",
    "time": "2017/06/07 11:09:24",
    "event": "slide"
  },
  {
    "category": "4",
    "app": "Dcard",
    "id": "14",
    "context": "轉學考 昆蟲系 轉學考快到了，聽說轉學考通常是出各系平時的期中&期末考題.所以上來這裡希望能取得一些幫助（昆蟲系大一上學期期中or期末試題）.         目前菜B8我已經有先抓歷屆轉學考考題來做了.但還是想說看看昆蟲系大一期中期末題目，若有昆蟲系大一的同學樂意幫忙，麻煩在下面留個言，謝謝.（菜B8我願意以請吃飯作為酬謝） ",
    "time": "2017/06/07 11:12:41",
    "event": "click"
  },
  {
    "category": "4",
    "app": "Dcard",
    "id": "15",
    "context": "轉學考 昆蟲系 轉學考快到了，聽說轉學考通常是出各系平時的期中&期末考題.所以上來這裡希望能取得一些幫助（昆蟲系大一上學期期中or期末試題）.         目前菜B8我已經有先抓歷屆轉學考考題來做了.但還是想說看看昆蟲系大一期中期末題目，若有昆蟲系大一的同學樂意幫忙，麻煩在下面留個言，謝謝.（菜B8我願意以請吃飯作為酬謝） ",
    "time": "2017/06/07 11:12:41",
    "event": "slide"
  },
  {
    "category": "7",
    "app": "Dcard",
    "id": "16",
    "context": "中興大學",
    "time": "2017/06/07 11:13:20",
    "event": "click"
  },
  {
    "category": "5",
    "app": "Dcard",
    "id": "17",
    "context": "校門口關東煮吃法 如題 每次去校門口的關東煮 不小心就破百了 請問大家 怎麼夾才能便宜又多呢？ ",
    "time": "2017/06/07 11:13:33",
    "event": "click"
  },
  {
    "category": "5",
    "app": "Dcard",
    "id": "18",
    "context": "校門口關東煮吃法 如題 每次去校門口的關東煮 不小心就破百了 請問大家 怎麼夾才能便宜又多呢？ ",
    "time": "2017/06/07 11:13:33",
    "event": "slide"
  },
  {
    "category": "6",
    "app": "Dcard",
    "id": "19",
    "context": "#八卦 蟬學社 我最近對禪學社有點好奇 查了一下背後有宗教性質的團體 又好像一定要參加一個怪怪的營隊 請問有沒有禪學社的掛阿？ ",
    "time": "2017/06/07 11:14:45",
    "event": "click"
  },
  {
    "category": "6",
    "app": "Dcard",
    "id": "20",
    "context": "#八卦 蟬學社 我最近對禪學社有點好奇 查了一下背後有宗教性質的團體 又好像一定要參加一個怪怪的營隊 請問有沒有禪學社的掛阿？ ",
    "time": "2017/06/07 11:14:45",
    "event": "slide"
  },
  {
    "category": "7",
    "app": "Dcard",
    "id": "21",
    "context": "【興大醫創】創新創業人才培育計畫-學員招募中 ☛☛興大醫創❁創新創業人才培育計畫☚☚  　　　　招募至6/18日止   想知道自己更多的可能性嗎？ 對於難以捉摸的未來，感到不安與徬徨嗎？  如果機會就在眼前，你有勇氣踏出來嘗試嗎？   主辦單位✺ 興大醫創   ✺ 由教育部與中興大學共同合作。致力於培育未來創新創業人才的初期育成機構，提供對生醫 / 創新 / 創業有興趣者，為期兩個月的系列培訓課程，建立創業基礎概念、培養跨領域的創新思維。並提供專業輔導資源 （顧問、業師及相關創業資源）致力於透過人才培育促進生醫創新發展的平台  ✈✈✈無論你有無創業經驗，只要你想創新、你想創業、你想自我突破，都歡迎你加入我們，成為具競爭力的未來跨領域人才！  報名資訊  ▐ 報名日期▐ 即日起至6月18日（日）止 ▐ 報名條件▐ 「不限領域、不限專業」，大學生、碩博士生、學術專才、業界菁英等，皆可報名！ ▐ 報名費用▐ 免費！為保障課程品質，收取保證金1000元/人                         於第一堂課 6月28日（三）時繳交 ▐ 參與方式▐ 可個人報名 或 組隊報名。（個人報名我們會依情況協助你找到適合的夥伴！） ▐ 報名方式▐ 台中巡迴說明會報名網址：https://goo.gl/NGeyMy培訓學員招募中（請務必至線上報名）：https://goo.gl/Z4iuQz   課程資訊  ▐ 上課時間  ▌ 6月28日 （三） - 8月31日 （四） ▐ 上課地點  ▌中興大學生命科學大樓1樓 聯絡我們 ▐ 官方網站▐ https://www.nchu.edu.tw/~biomednchu/  ▐ 粉絲專頁▐ https://www.facebook.com/biomednchu/ ▐ 連絡電話▐ 04-22840416轉616（石小姐）  ▐ 聯絡信箱▐ biomednchu@gmail.com  ▐ 聯絡地址▐ 402台中市南區興大路145號（生命科學大樓6樓）   我們提供 ▌精實培育課程與系列工作坊 ▌ 課程涵蓋需求探索、商業企劃、募資簡報、法規、行銷、行銷拓展、產品開發等，建立紮實創業基礎知識，瞭解商業實務運作模式。  ➤五大主題式課程，讓你建構跨領域能力，滿載而歸！　 ✺ 需求探勘 & 定義需求　 ✺ 創意發想 　 ✺ 基礎創業知識建構 　 ✺ 創業企劃書撰寫　 ✺ 原型製作及測試   ▌團隊交流與激盪 ▌以「團隊合作」模式 學習如何與跨領域夥伴合作，經由腦力激盪與創意發想，共同開發生醫相關產品或服務。   ▌人脈資源 ▌跨領域專業顧問及業師輔導 橫跨智財概要、行銷廣告、募資簡報、商業企劃等資源輔導，業界導師將成為你在探索路上指引方向的北極星。    ▌初期創業獎金 ▌總獎金高達45萬！！ 依照最終評比結果，投資各隊5-10萬不等的創業基金     ",
    "time": "2017/06/07 11:15:05",
    "event": "click"
  },
  {
    "category": "7",
    "app": "Dcard",
    "id": "22",
    "context": "【興大醫創】創新創業人才培育計畫-學員招募中 ☛☛興大醫創❁創新創業人才培育計畫☚☚  　　　　招募至6/18日止   想知道自己更多的可能性嗎？ 對於難以捉摸的未來，感到不安與徬徨嗎？  如果機會就在眼前，你有勇氣踏出來嘗試嗎？   主辦單位✺ 興大醫創   ✺ 由教育部與中興大學共同合作。致力於培育未來創新創業人才的初期育成機構，提供對生醫 / 創新 / 創業有興趣者，為期兩個月的系列培訓課程，建立創業基礎概念、培養跨領域的創新思維。並提供專業輔導資源 （顧問、業師及相關創業資源）致力於透過人才培育促進生醫創新發展的平台  ✈✈✈無論你有無創業經驗，只要你想創新、你想創業、你想自我突破，都歡迎你加入我們，成為具競爭力的未來跨領域人才！  報名資訊  ▐ 報名日期▐ 即日起至6月18日（日）止 ▐ 報名條件▐ 「不限領域、不限專業」，大學生、碩博士生、學術專才、業界菁英等，皆可報名！ ▐ 報名費用▐ 免費！為保障課程品質，收取保證金1000元/人                         於第一堂課 6月28日（三）時繳交 ▐ 參與方式▐ 可個人報名 或 組隊報名。（個人報名我們會依情況協助你找到適合的夥伴！） ▐ 報名方式▐ 台中巡迴說明會報名網址：https://goo.gl/NGeyMy培訓學員招募中（請務必至線上報名）：https://goo.gl/Z4iuQz   課程資訊  ▐ 上課時間  ▌ 6月28日 （三） - 8月31日 （四） ▐ 上課地點  ▌中興大學生命科學大樓1樓 聯絡我們 ▐ 官方網站▐ https://www.nchu.edu.tw/~biomednchu/  ▐ 粉絲專頁▐ https://www.facebook.com/biomednchu/ ▐ 連絡電話▐ 04-22840416轉616（石小姐）  ▐ 聯絡信箱▐ biomednchu@gmail.com  ▐ 聯絡地址▐ 402台中市南區興大路145號（生命科學大樓6樓）   我們提供 ▌精實培育課程與系列工作坊 ▌ 課程涵蓋需求探索、商業企劃、募資簡報、法規、行銷、行銷拓展、產品開發等，建立紮實創業基礎知識，瞭解商業實務運作模式。  ➤五大主題式課程，讓你建構跨領域能力，滿載而歸！　 ✺ 需求探勘 & 定義需求　 ✺ 創意發想 　 ✺ 基礎創業知識建構 　 ✺ 創業企劃書撰寫　 ✺ 原型製作及測試   ▌團隊交流與激盪 ▌以「團隊合作」模式 學習如何與跨領域夥伴合作，經由腦力激盪與創意發想，共同開發生醫相關產品或服務。   ▌人脈資源 ▌跨領域專業顧問及業師輔導 橫跨智財概要、行銷廣告、募資簡報、商業企劃等資源輔導，業界導師將成為你在探索路上指引方向的北極星。    ▌初期創業獎金 ▌總獎金高達45萬！！ 依照最終評比結果，投資各隊5-10萬不等的創業基金     ",
    "time": "2017/06/07 11:15:05",
    "event": "slide"
  },
  {
    "category": "8",
    "app": "Dcard",
    "id": "23",
    "context": "男宿附近修腳踏車 如果不想跑遠 可以去五權南路上  三和興車行 阿伯人還不錯 不過他說話好像含著滷蛋 ",
    "time": "2017/06/07 11:16:01",
    "event": "click"
  },
  {
    "category": "8",
    "app": "Dcard",
    "id": "24",
    "context": "男宿附近修腳踏車 如果不想跑遠 可以去五權南路上  三和興車行 阿伯人還不錯 不過他說話好像含著滷蛋 ",
    "time": "2017/06/07 11:16:01",
    "event": "slide"
  },
  {
    "category": "9",
    "app": "Dcard",
    "id": "25",
    "context": "請問泳鏡哪裡買? 先感謝回答的大大們 小妹上次游泳不知為何泳鏡中間就斷了QQ 但因為本身有近視所以不能帶一般泳鏡 想請問除了泳池外還有哪裡會販售泳鏡? ",
    "time": "2017/06/07 11:16:26",
    "event": "click"
  },
  {
    "category": "9",
    "app": "Dcard",
    "id": "26",
    "context": "請問泳鏡哪裡買? 先感謝回答的大大們 小妹上次游泳不知為何泳鏡中間就斷了QQ 但因為本身有近視所以不能帶一般泳鏡 想請問除了泳池外還有哪裡會販售泳鏡? ",
    "time": "2017/06/07 11:16:26",
    "event": "slide"
  },
  {
    "category": "10",
    "app": "Dcard",
    "id": "27",
    "context": "操場 現在操場是不是24hr都開放了阿？ ",
    "time": "2017/06/07 11:16:40",
    "event": "click"
  },
  {
    "category": "10",
    "app": "Dcard",
    "id": "28",
    "context": "操場 現在操場是不是24hr都開放了阿？ ",
    "time": "2017/06/07 11:16:40",
    "event": "slide"
  },
  {
    "category": "11",
    "app": "Dcard",
    "id": "29",
    "context": "Zebra到底有什麼問題？ 相信住男宿的大家都知道也看過 一名隨意亂塗鴉的低下限人士留下的Zebra鬼畫符  本來我是覺得在一些不起眼的地方畫，還比較可以讓人以\"藝術\"的眼光看待、包容  然而今天在出文院車棚進外圍環道的時候， 很自然地看了一下凸面鏡， 卻發現連降低風險，真正有安全性需求的公物，上面都有亂七八糟的塗鴉影響面鏡可見度 此舉真的令人無法忍受  想請問大家，這種行為真的無法制止嗎？ 也奉勸那名塗鴉人士，若有良知，請自行清除隨意留下的塗鴉，特別是有可能危害到他人安全的地方 不要讓自己所謂的態度，害自己成了過街老鼠 ",
    "time": "2017/06/07 11:17:00",
    "event": "click"
  },
  {
    "category": "11",
    "app": "Dcard",
    "id": "30",
    "context": "Zebra到底有什麼問題？ 相信住男宿的大家都知道也看過 一名隨意亂塗鴉的低下限人士留下的Zebra鬼畫符  本來我是覺得在一些不起眼的地方畫，還比較可以讓人以\"藝術\"的眼光看待、包容  然而今天在出文院車棚進外圍環道的時候， 很自然地看了一下凸面鏡， 卻發現連降低風險，真正有安全性需求的公物，上面都有亂七八糟的塗鴉影響面鏡可見度 此舉真的令人無法忍受  想請問大家，這種行為真的無法制止嗎？ 也奉勸那名塗鴉人士，若有良知，請自行清除隨意留下的塗鴉，特別是有可能危害到他人安全的地方 不要讓自己所謂的態度，害自己成了過街老鼠 ",
    "time": "2017/06/07 11:17:00",
    "event": "slide"
  },
  {
    "category": "5",
    "app": "Dcard",
    "id": "31",
    "context": "#問 台中太陽餅 請問愛吃太陽餅的帥哥美女們 小妹想請問一下 台中哪間太陽餅最正宗最好吃？ 每家扛棒都說自己是起始店 實在令小妹困惑許久 麻煩各位大發慈悲幫小妹解惑??? 謝謝☺️☺️☺️ ",
    "time": "2017/06/07 11:17:05",
    "event": "click"
  },
  {
    "category": "5",
    "app": "Dcard",
    "id": "32",
    "context": "#問 台中太陽餅 請問愛吃太陽餅的帥哥美女們 小妹想請問一下 台中哪間太陽餅最正宗最好吃？ 每家扛棒都說自己是起始店 實在令小妹困惑許久 麻煩各位大發慈悲幫小妹解惑??? 謝謝☺️☺️☺️ ",
    "time": "2017/06/07 11:17:05",
    "event": "slide"
  },
  {
    "category": "12",
    "app": "Dcard",
    "id": "33",
    "context": "單身這件事 在你有自己的事情要忙，且充實自己的時候  沒有心思去想著感情這回事的時候  通常愛情都會不經意的在這個時候來找你，你不想要都不行  相反的  如果整天 想著「好想交女朋友喔」「為什麼我總是單身」  然後整天嚷嚷「人帥真好，人醜性騷擾」 我真心覺得沒救了..  你不愛惜自己，充實自己，你居然還有時間奢望別人來愛你，欣賞你，來認識你。  充實自己都快沒時間了，還有時間在那自我咆哮。  別傻了。你以為愛情這東西真的會從天而降來給你嗎？  胖 就練身材 沒錢 就找工作 醜 就花心思 打扮自己  沒有男人/女人 會喜歡一個不求上進的男生  只要你肯做，肯對自己努力付出，先別說別人看不看的到，自己一定有所感覺。  不要再抱怨了、時間是給你奮鬥的  不是給你浪費來抱怨的。    一個喜歡觀察人事物的 路人183 ",
    "time": "2017/06/07 11:22:35",
    "event": "click"
  },
  {
    "category": "12",
    "app": "Dcard",
    "id": "34",
    "context": "單身這件事 在你有自己的事情要忙，且充實自己的時候  沒有心思去想著感情這回事的時候  通常愛情都會不經意的在這個時候來找你，你不想要都不行  相反的  如果整天 想著「好想交女朋友喔」「為什麼我總是單身」  然後整天嚷嚷「人帥真好，人醜性騷擾」 我真心覺得沒救了..  你不愛惜自己，充實自己，你居然還有時間奢望別人來愛你，欣賞你，來認識你。  充實自己都快沒時間了，還有時間在那自我咆哮。  別傻了。你以為愛情這東西真的會從天而降來給你嗎？  胖 就練身材 沒錢 就找工作 醜 就花心思 打扮自己  沒有男人/女人 會喜歡一個不求上進的男生  只要你肯做，肯對自己努力付出，先別說別人看不看的到，自己一定有所感覺。  不要再抱怨了、時間是給你奮鬥的  不是給你浪費來抱怨的。    一個喜歡觀察人事物的 路人183 ",
    "time": "2017/06/07 11:22:35",
    "event": "slide"
  },
  {
    "category": "12",
    "app": "Dcard",
    "id": "35",
    "context": "醫學生的另一半 生病卻只能自己照顧自己，睡了一整天很精神，突然有感來發個文。  ——我是分隔線——  男朋友是醫學生，我們在不同的縣市念書。我跟他是在clerk見習醫師的時候開始的（不得不說他clerk時期真的有夠閑），到他現在剛進intern－實習醫師 其實在決定交往前已經有考慮過之後的相處時間會變很少，知道他不可能像身邊的情侶一樣天天見。 但從來沒有交過男朋友的我認為自己是一個很獨立的人，覺得反正不常見面也不會怎樣（攤手）之前魯了十幾年還不是自己活的好好的，才不會在意區區一個男生呢  事實證明，話不要說得太早 我現在真的好想他⋯⋯  上上禮拜他拿到了醫院的公務機， 就是一個無論你在吃飯睡覺拉屎開車約會還是幹嘛都要放在身邊的電話， 電話一來我男朋友就要飛奔到醫院的最強小三  因為自己也是另類的醫生，所以很能體會在救急的當下，其他東西都比不上病患的性命 雖然很不捨得，可是他們就是為别人的生命負責的人啊 記得我發給他：我一定會非常非常非常的想你 後，我們倆沈默了好幾分鐘，就像他說的一樣，我不敢想像他隨時都有可能被call走   ——  前幾天一直練舞流汗又風吹，下雨又沒穿雨衣直接淋雨（想說反正練完舞身體都是濕的，真的有夠懶），就一不小心感冒了  不能見面，他也只能叫我吃個acetaminophen 昨天懶得出門看醫生，結果今天還該死的生理期來，上個廁所差點暈倒，想吐 可是不想讓男朋友擔心，就沒有跟他說了 也知道他根本無法抽空來看我，醫院裏多的是比我嚴重的病人，而病人們很需要他，我這比起來根本超普通的病  當醫生的另一半，很多事情都要習慣自己去面對 但在忙的時候，突然想起有一個人正在別的地方想著妳，一起努力著，就覺得沒那麼孤單了  每天都等著你對我說：寶貝我終於下班了? 然後對間歇性鳳梨體質的你說：親愛的 辛苦你了❤️  醫護人員的另一半 大家都辛苦了 —— 現在才發現自己打了好長一篇喔??? 謝謝你們看完 單純自己有感而發 不喜勿酸 同樣角色可以代入軍人警察消防員喔啾咪 只是剛好我男朋友是醫生 無法體會其他職業的辛酸  －我最需要的醫生是你啊 ",
    "time": "2017/06/07 11:22:41",
    "event": "click"
  },
  {
    "category": "12",
    "app": "Dcard",
    "id": "36",
    "context": "醫學生的另一半 生病卻只能自己照顧自己，睡了一整天很精神，突然有感來發個文。  ——我是分隔線——  男朋友是醫學生，我們在不同的縣市念書。我跟他是在clerk見習醫師的時候開始的（不得不說他clerk時期真的有夠閑），到他現在剛進intern－實習醫師 其實在決定交往前已經有考慮過之後的相處時間會變很少，知道他不可能像身邊的情侶一樣天天見。 但從來沒有交過男朋友的我認為自己是一個很獨立的人，覺得反正不常見面也不會怎樣（攤手）之前魯了十幾年還不是自己活的好好的，才不會在意區區一個男生呢  事實證明，話不要說得太早 我現在真的好想他⋯⋯  上上禮拜他拿到了醫院的公務機， 就是一個無論你在吃飯睡覺拉屎開車約會還是幹嘛都要放在身邊的電話， 電話一來我男朋友就要飛奔到醫院的最強小三  因為自己也是另類的醫生，所以很能體會在救急的當下，其他東西都比不上病患的性命 雖然很不捨得，可是他們就是為别人的生命負責的人啊 記得我發給他：我一定會非常非常非常的想你 後，我們倆沈默了好幾分鐘，就像他說的一樣，我不敢想像他隨時都有可能被call走   ——  前幾天一直練舞流汗又風吹，下雨又沒穿雨衣直接淋雨（想說反正練完舞身體都是濕的，真的有夠懶），就一不小心感冒了  不能見面，他也只能叫我吃個acetaminophen 昨天懶得出門看醫生，結果今天還該死的生理期來，上個廁所差點暈倒，想吐 可是不想讓男朋友擔心，就沒有跟他說了 也知道他根本無法抽空來看我，醫院裏多的是比我嚴重的病人，而病人們很需要他，我這比起來根本超普通的病  當醫生的另一半，很多事情都要習慣自己去面對 但在忙的時候，突然想起有一個人正在別的地方想著妳，一起努力著，就覺得沒那麼孤單了  每天都等著你對我說：寶貝我終於下班了? 然後對間歇性鳳梨體質的你說：親愛的 辛苦你了❤️  醫護人員的另一半 大家都辛苦了 —— 現在才發現自己打了好長一篇喔??? 謝謝你們看完 單純自己有感而發 不喜勿酸 同樣角色可以代入軍人警察消防員喔啾咪 只是剛好我男朋友是醫生 無法體會其他職業的辛酸  －我最需要的醫生是你啊 ",
    "time": "2017/06/07 11:22:41",
    "event": "slide"
  },
  {
    "category": "12",
    "app": "Dcard",
    "id": "37",
    "context": "情侶9個重要的事 今天是跟閃的1000天 所以有感而發的想跟大家分享情侶9個需要注意並重要的事情 但但但！都是我自己的經驗所以沒有所謂對錯～ 如果現在有男女朋友的或是目前單身的都可以參考啦?? 以下?????? 1 信任感、安全感 這真的對我自己來說很重要，我覺得兩個人在一起就是要給對方有信任，一方面對方可以放心，一方面對方不會因為這件事而跟你吵架，而要怎麼樣才算是好的信任跟給對方安全感呢？ 我認為跟對方在一起就不該多跟異性有太多私底下的接觸，例如用手機聊天、單獨跟異性約出去等等有很多，我知道對某些人來說這樣限制很多，但我覺得這是基本尊重還有能避免讓自己出軌的事。正確來說，兩個人要先溝通好彼此的底線，才能給彼此信任跟安全感。 但重要的事你要求對方要做到的事自己也要做好會比較恰當（我個人覺得啦 2 不隔夜吵 很多人都說隔夜吵架不好，我認為是真的，當一件事情不馬上解決當下和好很容易會有翻舊帳或隔天繼續為這件事情吵架的情況發生，所以為了避免我覺得當下和好是很重要的～ 3 沒有所謂的無理取鬧 我自認為我是一個不會無理取鬧的人，因為所有的鬧一定都會有原因的！ 可是就偏偏男生不知道你為什麼生氣，這時候溝通真的就很重要了，妳必須跟他說你怎麼了（不然他永遠都不會知道），或者女生不說她怎麼了在生悶氣的時候男生需要趕快的思考剛剛發生了什麼事或今天做了什麼事情當下她不開心！ 4 偶爾要給個小驚喜 驚喜不一定要多用心準備，可以是送個金莎或是對方想要很久的東西，又或者是主動說聲我愛你等等都好，我覺得都能讓對方知道你是在乎的。 5 陪他做想做的事情或支持他 這個我覺得對於男生很重要，他很需要有個支柱，還有在他不知道該怎麼辦的時候鼓勵他給他建議。還有妳可能會嫌他打電動打很久之類的，那就陪他一起玩吧。相反的女生看韓劇你也要一起陪他看? 6 要一起定一個目標並且一起完成 像我跟閃的目標就是他上北科我上北護，所以我會為了他讀書，他也為了我讀書？（我不知道?）還有一起結婚一起生小孩等等 也可以計畫一起存錢出國玩等等但重點是需要兩個人一起才能達成的目標。 7 是要能一起走一輩子的人 這對我來說也蠻重要的，我交男朋友的目的就是能交一個能在一起一輩子的人，所以就代表一定是要能結婚的那種！老實說我前幾任都不是以這個心態在一起的，所以自然而然覺得分手也沒關係，當下只想要有人陪而已，但這真的不好，你浪費了你的時間也浪費了別人的時間，那不如不要在一起比較好。 8 融入彼此的生活 這點我很謝謝閃，他完全融入了我的生活，我的朋友、我的家人、從小到大去的教會，他都融入了，反而是我我還在學習?? 融入彼此的生活是需要時間的，但融入彼此的生活的好處就是你可以完完全全了解這個人的過去跟他所有的一切。但壞處就是分手會很慘? 9 同一個信仰或一樣的價值觀 這點我也很謝謝閃，他願意來教會，現在也是慕道友還服事兒主，每天晚上如果沒有意外都會一起睡前禱告，謝謝上帝讓我們見面等等感謝上帝或是幫對方的需要禱告。 如果沒有信仰也沒關係至少價值觀要一樣這樣對彼此都好，不然真的會很常吵架等等的? ------------------------------ 感謝你看完我的文 也祝福你跟你男女朋友都能幸福♥️ 沒有的也不要難過在這段時間好好的讓自己過得好讓自己有魅力，只是時間還沒到而已加油? ",
    "time": "2017/06/07 11:26:28",
    "event": "click"
  },
  {
    "category": "12",
    "app": "Dcard",
    "id": "38",
    "context": "情侶9個重要的事 今天是跟閃的1000天 所以有感而發的想跟大家分享情侶9個需要注意並重要的事情 但但但！都是我自己的經驗所以沒有所謂對錯～ 如果現在有男女朋友的或是目前單身的都可以參考啦?? 以下?????? 1 信任感、安全感 這真的對我自己來說很重要，我覺得兩個人在一起就是要給對方有信任，一方面對方可以放心，一方面對方不會因為這件事而跟你吵架，而要怎麼樣才算是好的信任跟給對方安全感呢？ 我認為跟對方在一起就不該多跟異性有太多私底下的接觸，例如用手機聊天、單獨跟異性約出去等等有很多，我知道對某些人來說這樣限制很多，但我覺得這是基本尊重還有能避免讓自己出軌的事。正確來說，兩個人要先溝通好彼此的底線，才能給彼此信任跟安全感。 但重要的事你要求對方要做到的事自己也要做好會比較恰當（我個人覺得啦 2 不隔夜吵 很多人都說隔夜吵架不好，我認為是真的，當一件事情不馬上解決當下和好很容易會有翻舊帳或隔天繼續為這件事情吵架的情況發生，所以為了避免我覺得當下和好是很重要的～ 3 沒有所謂的無理取鬧 我自認為我是一個不會無理取鬧的人，因為所有的鬧一定都會有原因的！ 可是就偏偏男生不知道你為什麼生氣，這時候溝通真的就很重要了，妳必須跟他說你怎麼了（不然他永遠都不會知道），或者女生不說她怎麼了在生悶氣的時候男生需要趕快的思考剛剛發生了什麼事或今天做了什麼事情當下她不開心！ 4 偶爾要給個小驚喜 驚喜不一定要多用心準備，可以是送個金莎或是對方想要很久的東西，又或者是主動說聲我愛你等等都好，我覺得都能讓對方知道你是在乎的。 5 陪他做想做的事情或支持他 這個我覺得對於男生很重要，他很需要有個支柱，還有在他不知道該怎麼辦的時候鼓勵他給他建議。還有妳可能會嫌他打電動打很久之類的，那就陪他一起玩吧。相反的女生看韓劇你也要一起陪他看? 6 要一起定一個目標並且一起完成 像我跟閃的目標就是他上北科我上北護，所以我會為了他讀書，他也為了我讀書？（我不知道?）還有一起結婚一起生小孩等等 也可以計畫一起存錢出國玩等等但重點是需要兩個人一起才能達成的目標。 7 是要能一起走一輩子的人 這對我來說也蠻重要的，我交男朋友的目的就是能交一個能在一起一輩子的人，所以就代表一定是要能結婚的那種！老實說我前幾任都不是以這個心態在一起的，所以自然而然覺得分手也沒關係，當下只想要有人陪而已，但這真的不好，你浪費了你的時間也浪費了別人的時間，那不如不要在一起比較好。 8 融入彼此的生活 這點我很謝謝閃，他完全融入了我的生活，我的朋友、我的家人、從小到大去的教會，他都融入了，反而是我我還在學習?? 融入彼此的生活是需要時間的，但融入彼此的生活的好處就是你可以完完全全了解這個人的過去跟他所有的一切。但壞處就是分手會很慘? 9 同一個信仰或一樣的價值觀 這點我也很謝謝閃，他願意來教會，現在也是慕道友還服事兒主，每天晚上如果沒有意外都會一起睡前禱告，謝謝上帝讓我們見面等等感謝上帝或是幫對方的需要禱告。 如果沒有信仰也沒關係至少價值觀要一樣這樣對彼此都好，不然真的會很常吵架等等的? ------------------------------ 感謝你看完我的文 也祝福你跟你男女朋友都能幸福♥️ 沒有的也不要難過在這段時間好好的讓自己過得好讓自己有魅力，只是時間還沒到而已加油? ",
    "time": "2017/06/07 11:26:28",
    "event": "slide"
  },
  {
    "category": "12",
    "app": "Dcard",
    "id": "39",
    "context": "愛她就不能跟她上床? 希望原po能跟男友百年好合 不知道他能撐多久呵呵 文章中只一直看到提到這不是妳的義務責任 一點也不感覺有任何考慮妳男友的想法  （就跟你買了一個麵包，現在不餓，所以還沒吃一樣。 幹嘛我只是不餓還沒吃，你就說我不喜歡==？我傻嗎？不喜歡買來銃三小） 看到這就覺得可笑，同理可證妳男友也是買了塊麵包他餓了想吃，麵包卻說你都餓了20幾年了還差現在嗎，不覺得很奇怪嗎呵呵  這明明就只是一個價值觀的問題，合就做不合就分，真的沒必要把想做愛的男性醜化成這樣，這只會讓其他女性更認為想做愛是什麼丟臉的事。 ",
    "time": "2017/06/07 11:26:59",
    "event": "click"
  },
  {
    "category": "12",
    "app": "Dcard",
    "id": "40",
    "context": "愛她就不能跟她上床? 希望原po能跟男友百年好合 不知道他能撐多久呵呵 文章中只一直看到提到這不是妳的義務責任 一點也不感覺有任何考慮妳男友的想法  （就跟你買了一個麵包，現在不餓，所以還沒吃一樣。 幹嘛我只是不餓還沒吃，你就說我不喜歡==？我傻嗎？不喜歡買來銃三小） 看到這就覺得可笑，同理可證妳男友也是買了塊麵包他餓了想吃，麵包卻說你都餓了20幾年了還差現在嗎，不覺得很奇怪嗎呵呵  這明明就只是一個價值觀的問題，合就做不合就分，真的沒必要把想做愛的男性醜化成這樣，這只會讓其他女性更認為想做愛是什麼丟臉的事。 ",
    "time": "2017/06/07 11:26:59",
    "event": "slide"
  },
  {
    "category": "12",
    "app": "Dcard",
    "id": "41",
    "context": "如果我記的沒有錯，那段麵包，我談的是不需要不等於不喜歡。不知道是我的遣詞用字不當還是你斷章取義了。 再者，我不認為想做愛有錯啊。就像那篇有一個女孩子說的，這可以是愛欲可以是交流，只是不需要是“責任”。 此外，感激你的祝福。 真的 我也覺得原原po的想法過於偏頗 還說 我可以接受幫男友弄 但是他也有手為何不是他弄 真覺得不要用太過強勢的態度要別人跟自己一樣 價值觀不同罷了一直爭沒什麼意義  ",
    "time": "2017/06/07 11:27:49",
    "event": "click"
  },
  {
    "category": "12",
    "app": "Dcard",
    "id": "42",
    "context": "如果我記的沒有錯，那段麵包，我談的是不需要不等於不喜歡。不知道是我的遣詞用字不當還是你斷章取義了。 再者，我不認為想做愛有錯啊。就像那篇有一個女孩子說的，這可以是愛欲可以是交流，只是不需要是“責任”。 此外，感激你的祝福。 真的 我也覺得原原po的想法過於偏頗 還說 我可以接受幫男友弄 但是他也有手為何不是他弄 真覺得不要用太過強勢的態度要別人跟自己一樣 價值觀不同罷了一直爭沒什麼意義  ",
    "time": "2017/06/07 11:27:49",
    "event": "slide"
  },
  {
    "category": "13",
    "app": "Chrome",
    "id": "43",
    "context": "NBA 台灣 | 聯合新聞網 提供NBA美國職籃完整資訊，包含中文字幕影音、精彩Highlights、文字轉播、最新消息、精彩圖輯、球隊與球員詳細數據、賽程比分、名家專欄等內容。",
    "time": "2017/06/07 11:29:26",
    "event": "click"
  },
  {
    "category": "13",
    "app": "Chrome",
    "id": "44",
    "context": "NBA 台灣 | 聯合新聞網 提供NBA美國職籃完整資訊，包含中文字幕影音、精彩Highlights、文字轉播、最新消息、精彩圖輯、球隊與球員詳細數據、賽程比分、名家專欄等內容。",
    "time": "2017/06/07 11:29:26",
    "event": "slide"
  },
  {
    "category": "13",
    "app": "Chrome",
    "id": "45",
    "context": "NBA Taiwan | 賽程 提供NBA美國職籃完整資訊，包含中文字幕影音、精彩Highlights、文字轉播、最新消息、精彩圖輯、球隊與球員詳細數據、賽程比分、名家專欄等內容。",
    "time": "2017/06/07 11:29:55",
    "event": "click"
  },
  {
    "category": "13",
    "app": "Chrome",
    "id": "46",
    "context": "NBA Taiwan | 賽程 提供NBA美國職籃完整資訊，包含中文字幕影音、精彩Highlights、文字轉播、最新消息、精彩圖輯、球隊與球員詳細數據、賽程比分、名家專欄等內容。",
    "time": "2017/06/07 11:29:55",
    "event": "slide"
  },
  {
    "category": "17",
    "app": "Dcard",
    "id": "47",
    "context": "#問 第一次租套房 我跟我男友住的地方有點距離，騎車大概要30分鐘....... 加上他下班已經晚了，平日能相處的時間只有3個小時左右 只有假日能膩在一起。  我們討論過要租個小套房， 這樣沒有安排活動的時候就能去待著， 而且\"感覺上\" 比去旅館省錢。 ( 如果下豪大雨我們會去旅館待一整天，  平日不想吃宵夜時，只有公園能去，一下就要回家了....而且蚊子很多)  但是我們沒有租過房子 (都是住家裡，父母在租的) 想請問該注意什麼嗎 ? 位於中和區/永和區 價錢大概是多少呢  ?  要求不多：乾淨不漏水不發霉  有床 有桌子 有浴室 有熱水 有電風扇 Ps  沒有要過夜 電費應該不會太貴吧??  感恩大家~ ",
    "time": "2017/06/07 11:32:08",
    "event": "click"
  },
  {
    "category": "17",
    "app": "Dcard",
    "id": "48",
    "context": "#問 第一次租套房 我跟我男友住的地方有點距離，騎車大概要30分鐘....... 加上他下班已經晚了，平日能相處的時間只有3個小時左右 只有假日能膩在一起。  我們討論過要租個小套房， 這樣沒有安排活動的時候就能去待著， 而且\"感覺上\" 比去旅館省錢。 ( 如果下豪大雨我們會去旅館待一整天，  平日不想吃宵夜時，只有公園能去，一下就要回家了....而且蚊子很多)  但是我們沒有租過房子 (都是住家裡，父母在租的) 想請問該注意什麼嗎 ? 位於中和區/永和區 價錢大概是多少呢  ?  要求不多：乾淨不漏水不發霉  有床 有桌子 有浴室 有熱水 有電風扇 Ps  沒有要過夜 電費應該不會太貴吧??  感恩大家~ ",
    "time": "2017/06/07 11:32:08",
    "event": "slide"
  },
  {
    "category": "14",
    "app": "Dcard",
    "id": "49",
    "context": "面試完有一種無力感 這是抱怨文 不喜可先離開 謝謝     每次投了履歷 就希望公司可以叫我去面試 投了上下大概20多家 都已讀不回 比line還要煎熬 有了面試機會 去了面試也談得很開心 感覺有機會上了！ 結果不是等通知不然就叫我留意電話 每天都注意手機有沒有漏接 偏偏打來的都是不是我要的 已經沒有動力推著我了 我還能走多久呢？ ",
    "time": "2017/06/07 11:32:38",
    "event": "click"
  },
  {
    "category": "14",
    "app": "Dcard",
    "id": "50",
    "context": "面試完有一種無力感 這是抱怨文 不喜可先離開 謝謝     每次投了履歷 就希望公司可以叫我去面試 投了上下大概20多家 都已讀不回 比line還要煎熬 有了面試機會 去了面試也談得很開心 感覺有機會上了！ 結果不是等通知不然就叫我留意電話 每天都注意手機有沒有漏接 偏偏打來的都是不是我要的 已經沒有動力推著我了 我還能走多久呢？ ",
    "time": "2017/06/07 11:32:38",
    "event": "slide"
  },
  {
    "category": "15",
    "app": "Dcard",
    "id": "51",
    "context": "關於下大雨的麥當勞外送 為一個前外送員，其實我還蠻同意那篇文原PO的想法的。  畢竟如果雨大到騎車出去很危險，外送的時候不只視線不清楚，也很容易因為積水犁田  但是我不懂，明明他那篇文表達的這麼清楚，希望大家不要抱怨雨天外送速度慢以及餐點溫度的問題，為甚麼下面回應全都在鬼打牆說：「不爽不要當外送員」「你如果沒能力改變公司就閉嘴」「難道警察醫生能因為工作的風險所以不做嗎」之類的話  嘿！朋友們！我們不是都已經去送了嗎？  雨天騎車要降低車速，我相信大家都知道吧？那為什麼要抱怨外送等很久呢？  下雨溫度低大家也都知道吧？那為什麼要抱怨餐點溫度不夠高呢？想吃熱騰騰的現做餐點，為甚麼會叫外送呢？  少一點抱怨，多給辛苦的人一點笑容，別人上班辛苦的時候稍微有一點同理心，拿到餐點的時候給他一個笑容跟他說一聲辛苦了不就好了嗎？  真不懂回文硬要嘴的人在想什麼，滿滿的鬼打牆回應，文章不看完就斷章取義，我看很多人根本就只是為了罵人而罵人，而不是針對事情討論吧。 ",
    "time": "2017/06/07 11:33:36",
    "event": "click"
  },
  {
    "category": "15",
    "app": "Dcard",
    "id": "52",
    "context": "關於下大雨的麥當勞外送 為一個前外送員，其實我還蠻同意那篇文原PO的想法的。  畢竟如果雨大到騎車出去很危險，外送的時候不只視線不清楚，也很容易因為積水犁田  但是我不懂，明明他那篇文表達的這麼清楚，希望大家不要抱怨雨天外送速度慢以及餐點溫度的問題，為甚麼下面回應全都在鬼打牆說：「不爽不要當外送員」「你如果沒能力改變公司就閉嘴」「難道警察醫生能因為工作的風險所以不做嗎」之類的話  嘿！朋友們！我們不是都已經去送了嗎？  雨天騎車要降低車速，我相信大家都知道吧？那為什麼要抱怨外送等很久呢？  下雨溫度低大家也都知道吧？那為什麼要抱怨餐點溫度不夠高呢？想吃熱騰騰的現做餐點，為甚麼會叫外送呢？  少一點抱怨，多給辛苦的人一點笑容，別人上班辛苦的時候稍微有一點同理心，拿到餐點的時候給他一個笑容跟他說一聲辛苦了不就好了嗎？  真不懂回文硬要嘴的人在想什麼，滿滿的鬼打牆回應，文章不看完就斷章取義，我看很多人根本就只是為了罵人而罵人，而不是針對事情討論吧。 ",
    "time": "2017/06/07 11:33:36",
    "event": "slide"
  },
  {
    "category": "12",
    "app": "Dcard",
    "id": "53",
    "context": "你即將成為別人的新娘 我們當初在一起 大約也有5年多的時間了吧 而我們都曾因為貪玩傷害了對方 但也陪對方經歷了很多大大小小的事情 家裡過年會帶著你到處拜年 所有的親戚朋友都幾乎認定你是我們家的媳婦 而你也陪我熬過失去家人的痛苦 最後我們還是選擇分開了 感情中已經沒有信任  那在一起也失去了意義 我單身之後也不乏女生告白 我卻拒絕了 我想在完全放下你之後的感情才算對他們公平 但我依然無法忘記你 在一起太久 生活有太多的點滴與你相關 但當我再次聯絡你的時候 你卻無法忘記當初我帶給你的傷害 縱然對彼此都還有感情 但已經不適合在一起了 之後我和別人在一起了 試著藉由另一段感情沖淡我們間的回憶 我知道這樣很糟糕 我選擇了一個愛我的 只希望不要再一次在感情中傷痕累累 我以為感情是可以培養的 最後卻證明我錯的一塌糊塗 時間慢慢的過去了 我試過 也努力過 卻再也沒有人能帶給我相同的感覺 我還是不爭氣的密你 希望能再次得到你的消息 就算是用朋友的身分 得到的是你即將結婚的消息 心中涌上的卻是滿滿的後悔 或許註定今生我們只能像是兩條平行線不再有交集 或許註定今生我們的緣分將盡 前陣子將你當初分開時所分享給我的每一首歌聽過一遍 才明白當初的你有多麼難過 那首你就不要想起我 唱的有多麼聲嘶力竭 掏心掏肺 你是我今生最想娶的女人 如今即將成為別人的新娘 我能奉上的只有祝福 希望你在這段感情中能過得安穩且幸福 別再為愛受苦 祝你幸福 ",
    "time": "2017/06/07 11:33:45",
    "event": "click"
  },
  {
    "category": "12",
    "app": "Dcard",
    "id": "54",
    "context": "你即將成為別人的新娘 我們當初在一起 大約也有5年多的時間了吧 而我們都曾因為貪玩傷害了對方 但也陪對方經歷了很多大大小小的事情 家裡過年會帶著你到處拜年 所有的親戚朋友都幾乎認定你是我們家的媳婦 而你也陪我熬過失去家人的痛苦 最後我們還是選擇分開了 感情中已經沒有信任  那在一起也失去了意義 我單身之後也不乏女生告白 我卻拒絕了 我想在完全放下你之後的感情才算對他們公平 但我依然無法忘記你 在一起太久 生活有太多的點滴與你相關 但當我再次聯絡你的時候 你卻無法忘記當初我帶給你的傷害 縱然對彼此都還有感情 但已經不適合在一起了 之後我和別人在一起了 試著藉由另一段感情沖淡我們間的回憶 我知道這樣很糟糕 我選擇了一個愛我的 只希望不要再一次在感情中傷痕累累 我以為感情是可以培養的 最後卻證明我錯的一塌糊塗 時間慢慢的過去了 我試過 也努力過 卻再也沒有人能帶給我相同的感覺 我還是不爭氣的密你 希望能再次得到你的消息 就算是用朋友的身分 得到的是你即將結婚的消息 心中涌上的卻是滿滿的後悔 或許註定今生我們只能像是兩條平行線不再有交集 或許註定今生我們的緣分將盡 前陣子將你當初分開時所分享給我的每一首歌聽過一遍 才明白當初的你有多麼難過 那首你就不要想起我 唱的有多麼聲嘶力竭 掏心掏肺 你是我今生最想娶的女人 如今即將成為別人的新娘 我能奉上的只有祝福 希望你在這段感情中能過得安穩且幸福 別再為愛受苦 祝你幸福 ",
    "time": "2017/06/07 11:33:45",
    "event": "slide"
  },
  {
    "category": "12",
    "app": "Dcard",
    "id": "55",
    "context": "沒有像一開始一樣喜歡你了 ：我沒有像以前喜歡你那樣那麼喜歡你了。  在一起兩個月 前1/2的熱戀 中1/4的冷淡 後1/4的冷戰 5/4 up 的朋友 又或許不如朋友 分手那晚妳說妳沒勇氣不知道怎麼提分手 於是 我提了分手 或許是我自作聰明 但我心疼的是妳在我的愛裡掙扎 如此 不如讓妳自由的飛  這短暫的時間 我們經歷的是愛的甜和酸澀 這短暫的時間 我們談了場冰山一角的戀愛 很多事來不及做 話也來不及說  ：欸，妳家的鑰匙我放妳桌上了。 那晚我在妳房間 我們抱著哭抱著笑 那晚我們在熱淚中相擁 那晚我吻了妳最後一次 妳的淚是熱的 但妳的唇 很冷  或許我真的很失敗才能讓一個真的喜歡我的女生在一個月內不再愛我了 或許我給的愛 是窒息。  關於適合不適合 不愛了就都沒意義了吧   我們的愛或許就像這顆石頭吧 顯露出的一角 已是滿滿尖銳或凹陷的傷痕  這樣的我們 真的免強不來了吧  對於放下妳 我還需要一點時間 因為我真的愛妳 ",
    "time": "2017/06/07 11:34:03",
    "event": "click"
  },
  {
    "category": "12",
    "app": "Dcard",
    "id": "56",
    "context": "沒有像一開始一樣喜歡你了 ：我沒有像以前喜歡你那樣那麼喜歡你了。  在一起兩個月 前1/2的熱戀 中1/4的冷淡 後1/4的冷戰 5/4 up 的朋友 又或許不如朋友 分手那晚妳說妳沒勇氣不知道怎麼提分手 於是 我提了分手 或許是我自作聰明 但我心疼的是妳在我的愛裡掙扎 如此 不如讓妳自由的飛  這短暫的時間 我們經歷的是愛的甜和酸澀 這短暫的時間 我們談了場冰山一角的戀愛 很多事來不及做 話也來不及說  ：欸，妳家的鑰匙我放妳桌上了。 那晚我在妳房間 我們抱著哭抱著笑 那晚我們在熱淚中相擁 那晚我吻了妳最後一次 妳的淚是熱的 但妳的唇 很冷  或許我真的很失敗才能讓一個真的喜歡我的女生在一個月內不再愛我了 或許我給的愛 是窒息。  關於適合不適合 不愛了就都沒意義了吧   我們的愛或許就像這顆石頭吧 顯露出的一角 已是滿滿尖銳或凹陷的傷痕  這樣的我們 真的免強不來了吧  對於放下妳 我還需要一點時間 因為我真的愛妳 ",
    "time": "2017/06/07 11:34:03",
    "event": "slide"
  },
  {
    "category": "16",
    "app": "Dcard",
    "id": "57",
    "context": "早餐店店員態度 昨天和朋友去某間早餐店吃早餐，因為一開始沒什麼人我們就坐在角落的四人桌旁邊椅子放背包。 後來人越來越多，我們隔壁是兩人桌來三人要來吃早餐，他們拉了我後面兩人桌的一張椅子過去～（所以後面那兩人桌只剩一個椅子  過沒多久，我們吃到剩兩塊蛋餅，店員就來說，我們有四個客人，你們可以換到後面那桌嗎？謝謝。然後發現椅子只剩一張，店員就問一下隔壁的你們三個人喔？他們說對，然後店員就走了...  我們兩個就傻眼，這樣是要我們兩個坐哪=.= 我們就默默趕快吃完走出去～（店員也都沒有要來補椅子）走出去才發現那四個客人根本都還沒進來，還在點單=—=  難得早上去吃早餐～感覺就很差? 他們可能想多點客人，但前面進去吃的也是客人吧～沒位子本來就要等了，要別人換位子也要去搬張椅子給我們吧 ",
    "time": "2017/06/07 11:34:34",
    "event": "click"
  },
  {
    "category": "16",
    "app": "Dcard",
    "id": "58",
    "context": "早餐店店員態度 昨天和朋友去某間早餐店吃早餐，因為一開始沒什麼人我們就坐在角落的四人桌旁邊椅子放背包。 後來人越來越多，我們隔壁是兩人桌來三人要來吃早餐，他們拉了我後面兩人桌的一張椅子過去～（所以後面那兩人桌只剩一個椅子  過沒多久，我們吃到剩兩塊蛋餅，店員就來說，我們有四個客人，你們可以換到後面那桌嗎？謝謝。然後發現椅子只剩一張，店員就問一下隔壁的你們三個人喔？他們說對，然後店員就走了...  我們兩個就傻眼，這樣是要我們兩個坐哪=.= 我們就默默趕快吃完走出去～（店員也都沒有要來補椅子）走出去才發現那四個客人根本都還沒進來，還在點單=—=  難得早上去吃早餐～感覺就很差? 他們可能想多點客人，但前面進去吃的也是客人吧～沒位子本來就要等了，要別人換位子也要去搬張椅子給我們吧 ",
    "time": "2017/06/07 11:34:34",
    "event": "slide"
  },
  {
    "category": "12",
    "app": "Dcard",
    "id": "59",
    "context": "如何叫醒女友 每天早上我都是準時的人體鬧鐘 工作內容就是打電話給我的金魚腦女友叫她起床 慣例10:00第一通起床氣鬧鐘 再來就是10:30第二通貪睡鬧鐘  今天她很難叫 一直發出像豬叫的聲音然後語無倫次 所以想了一個新點子 (第二通撥號中...) 她:喂…ㄍㄡˊ(豬叫) 我:起床啦臭頭豬! 她:嗯~~~ 我:你清醒沒? 她:嗯~~~~ 我:真的? 她:嗯~~~~~ㄍㄡˊ 我:我不信,不然我出個題目你回答的出來就ok 她:嗯... 我:1+1等於多少? 她:2... 我:很好,哪5+3等於? 她:5... 我:........妳根本沒清醒啊(翻桌) 她:不對是8 我:好,那1587+3964等於多少? 她:.............靠我不會啦! 我:哈哈哈!好啦我醒著也不會,不然最後一題21+51等於? 她:嗯.......22嗎? 我:好吧你沒救了... 她:ㄍㄡˊ  所以到底清醒沒我也不知道了 仔細想想這樣好像是數學老師錯吧?    金魚腦女友的日常 ",
    "time": "2017/06/07 11:35:39",
    "event": "click"
  },
  {
    "category": "12",
    "app": "Dcard",
    "id": "60",
    "context": "如何叫醒女友 每天早上我都是準時的人體鬧鐘 工作內容就是打電話給我的金魚腦女友叫她起床 慣例10:00第一通起床氣鬧鐘 再來就是10:30第二通貪睡鬧鐘  今天她很難叫 一直發出像豬叫的聲音然後語無倫次 所以想了一個新點子 (第二通撥號中...) 她:喂…ㄍㄡˊ(豬叫) 我:起床啦臭頭豬! 她:嗯~~~ 我:你清醒沒? 她:嗯~~~~ 我:真的? 她:嗯~~~~~ㄍㄡˊ 我:我不信,不然我出個題目你回答的出來就ok 她:嗯... 我:1+1等於多少? 她:2... 我:很好,哪5+3等於? 她:5... 我:........妳根本沒清醒啊(翻桌) 她:不對是8 我:好,那1587+3964等於多少? 她:.............靠我不會啦! 我:哈哈哈!好啦我醒著也不會,不然最後一題21+51等於? 她:嗯.......22嗎? 我:好吧你沒救了... 她:ㄍㄡˊ  所以到底清醒沒我也不知道了 仔細想想這樣好像是數學老師錯吧?    金魚腦女友的日常 ",
    "time": "2017/06/07 11:35:39",
    "event": "slide"
  },
  {
    "category": "12",
    "app": "Dcard",
    "id": "61",
    "context": "當年輕成為一種煎熬，你，只能孤單面對？ 她喜歡你 以前我也會傳愛心，但是是一種帶有感謝之情的意思，比如你幫了我一個大忙，我會說謝謝你喔♥ 但是後來發現傳愛心會被誤解成其他意思，我就沒再傳過了。 所以我覺得不要單憑這個判斷吧！有可能對方跟我之前一樣並沒什麼意思 ",
    "time": "2017/06/07 11:36:12",
    "event": "click"
  },
  {
    "category": "12",
    "app": "Dcard",
    "id": "62",
    "context": "當年輕成為一種煎熬，你，只能孤單面對？ 她喜歡你 以前我也會傳愛心，但是是一種帶有感謝之情的意思，比如你幫了我一個大忙，我會說謝謝你喔♥ 但是後來發現傳愛心會被誤解成其他意思，我就沒再傳過了。 所以我覺得不要單憑這個判斷吧！有可能對方跟我之前一樣並沒什麼意思 ",
    "time": "2017/06/07 11:36:12",
    "event": "slide"
  },
  {
    "category": "13",
    "app": "Dcard",
    "id": "63",
    "context": "＃籃球 進攻犯規 先附上影片 https://m.facebook.com/story.php?story_fbid=1820134594950186&id=1376695819294068 裡面提到 防守球員是可以沿著同一方向移動 所以說 如果有一個一直往自己衝 然後自己的後移速度比較慢（一直有在退） 結果被撞倒的話 還是進攻犯規囉？ ",
    "time": "2017/06/07 11:36:36",
    "event": "click"
  },
  {
    "category": "13",
    "app": "Dcard",
    "id": "64",
    "context": "＃籃球 進攻犯規 先附上影片 https://m.facebook.com/story.php?story_fbid=1820134594950186&id=1376695819294068 裡面提到 防守球員是可以沿著同一方向移動 所以說 如果有一個一直往自己衝 然後自己的後移速度比較慢（一直有在退） 結果被撞倒的話 還是進攻犯規囉？ ",
    "time": "2017/06/07 11:36:36",
    "event": "slide"
  }
]