[
  {
    "category": "1",
    "app": "Chrome",
    "id": "1",
    "context": "dcard",
    "time": "2017/06/05 16:35:45",
    "event": "type"
  },
  {
    "category": "1",
    "app": "Chrome",
    "id": "2",
    "context": "dcard - Google 搜尋",
    "time": "2017/06/05 16:35:45",
    "event": "click"
  },
  {
    "category": "1",
    "app": "Chrome",
    "id": "3",
    "context": "dcard - Google 搜尋",
    "time": "2017/06/05 16:35:45",
    "event": "slide"
  },
  {
    "category": "1",
    "app": "Chrome",
    "id": "4",
    "context": "Dcard 不想錯過任何有趣的話題嗎？趕快加入我們吧！",
    "time": "2017/06/05 16:36:16",
    "event": "slide"
  },
  {
    "category": "3",
    "app": "Chrome",
    "id": "5",
    "context": "#拼豆 #小丑女 #Harley Quinn(文末小更新） - Dcard 前陣子因為某些契機 讓我愛上pixel art，就是像素藝術啦（（應該可以這樣翻吧？想說用拼豆來做一隻Harley Quinn好了，就決定用這張當參考圖，會選擇拼小丑女是因為我覺得她的頭髮顏色很繽紛很漂亮",
    "time": "2017/06/05 16:38:16",
    "event": "click"
  },
  {
    "category": "3",
    "app": "Chrome",
    "id": "6",
    "context": "#拼豆 #小丑女 #Harley Quinn(文末小更新） - Dcard 前陣子因為某些契機 讓我愛上pixel art，就是像素藝術啦（（應該可以這樣翻吧？想說用拼豆來做一隻Harley Quinn好了，就決定用這張當參考圖，會選擇拼小丑女是因為我覺得她的頭髮顏色很繽紛很漂亮",
    "time": "2017/06/05 16:38:16",
    "event": "slide"
  },
  {
    "category": "4",
    "app": "Chrome",
    "id": "7",
    "context": "不，我只是看那個妹很正而已 - Dcard 上禮拜利用休假時間和男友跑到英國旅行，今天準備回台 要搭飛機時，我看著空姐在前面講解，因為我也是跑國際線的空姐，所以也知道她在說什麼，我就轉頭看我男友，發現他全神貫注的盯著她看，我就問他怎麼了嘛？我以為他會回",
    "time": "2017/06/05 16:39:04",
    "event": "click"
  },
  {
    "category": "4",
    "app": "Chrome",
    "id": "8",
    "context": "不，我只是看那個妹很正而已 - Dcard 上禮拜利用休假時間和男友跑到英國旅行，今天準備回台 要搭飛機時，我看著空姐在前面講解，因為我也是跑國際線的空姐，所以也知道她在說什麼，我就轉頭看我男友，發現他全神貫注的盯著她看，我就問他怎麼了嘛？我以為他會回",
    "time": "2017/06/05 16:39:04",
    "event": "slide"
  },
  {
    "category": "1",
    "app": "Chrome",
    "id": "9",
    "context": "Dcard 不想錯過任何有趣的話題嗎？趕快加入我們吧！",
    "time": "2017/06/05 16:39:52",
    "event": "slide"
  },
  {
    "category": "4",
    "app": "Chrome",
    "id": "10",
    "context": "不，我只是看那個妹很正而已 - Dcard 上禮拜利用休假時間和男友跑到英國旅行，今天準備回台 要搭飛機時，我看著空姐在前面講解，因為我也是跑國際線的空姐，所以也知道她在說什麼，我就轉頭看我男友，發現他全神貫注的盯著她看，我就問他怎麼了嘛？我以為他會回",
    "time": "2017/06/05 16:40:13",
    "event": "click"
  },
  {
    "category": "4",
    "app": "Chrome",
    "id": "11",
    "context": "不，我只是看那個妹很正而已 - Dcard 上禮拜利用休假時間和男友跑到英國旅行，今天準備回台 要搭飛機時，我看著空姐在前面講解，因為我也是跑國際線的空姐，所以也知道她在說什麼，我就轉頭看我男友，發現他全神貫注的盯著她看，我就問他怎麼了嘛？我以為他會回",
    "time": "2017/06/05 16:40:13",
    "event": "slide"
  },
  {
    "category": "1",
    "app": "Chrome",
    "id": "12",
    "context": "Dcard 不想錯過任何有趣的話題嗎？趕快加入我們吧！",
    "time": "2017/06/05 16:40:19",
    "event": "slide"
  },
  {
    "category": "5",
    "app": "Chrome",
    "id": "13",
    "context": "起司骰子牛?? - Dcard 昨天半夜11點多出來覓食，可是因為下大雨還有很晚的關係，很多店都已經收了，這時候突然看到一家小攤販還有人在排隊，招牌上的圖片看起來就超美味🤤🤤，於是就手刀跟著一起排隊了，抱歉沒有拍到招牌的圖片 只有美食圖",
    "time": "2017/06/05 16:40:36",
    "event": "click"
  },
  {
    "category": "5",
    "app": "Chrome",
    "id": "14",
    "context": "起司骰子牛?? - Dcard 昨天半夜11點多出來覓食，可是因為下大雨還有很晚的關係，很多店都已經收了，這時候突然看到一家小攤販還有人在排隊，招牌上的圖片看起來就超美味🤤🤤，於是就手刀跟著一起排隊了，抱歉沒有拍到招牌的圖片 只有美食圖",
    "time": "2017/06/05 16:40:36",
    "event": "slide"
  },
  {
    "category": "5",
    "app": "Chrome",
    "id": "15",
    "context": "#圖 簡易壽喜燒 - Dcard 這兩天雨下超級大的，要外出買三餐有夠困難，所以就就近去全聯買了一些簡單的食材來煮壽喜燒啦！以下食材可以替換成自己喜歡的蔬菜，食材 ：小白菜、青江菜，玉米筍、鱈魚丸，雪白菇、豬肉片，洋蔥、白蘿蔔，寬粉絲、火鍋用豆腐",
    "time": "2017/06/05 16:41:28",
    "event": "click"
  },
  {
    "category": "5",
    "app": "Chrome",
    "id": "16",
    "context": "#圖 簡易壽喜燒 - Dcard 這兩天雨下超級大的，要外出買三餐有夠困難，所以就就近去全聯買了一些簡單的食材來煮壽喜燒啦！以下食材可以替換成自己喜歡的蔬菜，食材 ：小白菜、青江菜，玉米筍、鱈魚丸，雪白菇、豬肉片，洋蔥、白蘿蔔，寬粉絲、火鍋用豆腐",
    "time": "2017/06/05 16:41:28",
    "event": "slide"
  },
  {
    "category": "5",
    "app": "Chrome",
    "id": "17",
    "context": "美食板 - Dcard",
    "time": "2017/06/05 16:42:00",
    "event": "slide"
  },
  {
    "category": "5",
    "app": "Chrome",
    "id": "18",
    "context": "8種泰國泡麵 + 3種越南泡麵 #評比 - Dcard 上次在公館的泰國小館前面買了泰國泡麵 + 越南泡麵回去。（其實原本以為都是泰國泡麵，回來之後才發現有3種越南泡麵），泰國小館非常有名，在汀州路上，因為不打算推薦餐廳美食，有需要去那邊買再自己查店址囉，這是所有泡麵排排站照，有些口味應該可以在超市找到。",
    "time": "2017/06/05 16:42:11",
    "event": "click"
  },
  {
    "category": "5",
    "app": "Chrome",
    "id": "19",
    "context": "8種泰國泡麵 + 3種越南泡麵 #評比 - Dcard 上次在公館的泰國小館前面買了泰國泡麵 + 越南泡麵回去。（其實原本以為都是泰國泡麵，回來之後才發現有3種越南泡麵），泰國小館非常有名，在汀州路上，因為不打算推薦餐廳美食，有需要去那邊買再自己查店址囉，這是所有泡麵排排站照，有些口味應該可以在超市找到。",
    "time": "2017/06/05 16:42:11",
    "event": "slide"
  },
  {
    "category": "5",
    "app": "Chrome",
    "id": "20",
    "context": "圖）每天都在想瘦? - Dcard 哈囉～我又來惹️，我男友的快炒店最近有出新的菜色，想跟大家分享一下～其實我每天都在想瘦，但看看以下的照片就知道太難了，現在這個時間發美食文會不會太壞，先來一道生魚片拼盤，這次有比較不同的花樣了～第二道是糖醋魚，",
    "time": "2017/06/05 16:46:59",
    "event": "click"
  },
  {
    "category": "5",
    "app": "Chrome",
    "id": "21",
    "context": "圖）每天都在想瘦? - Dcard 哈囉～我又來惹️，我男友的快炒店最近有出新的菜色，想跟大家分享一下～其實我每天都在想瘦，但看看以下的照片就知道太難了，現在這個時間發美食文會不會太壞，先來一道生魚片拼盤，這次有比較不同的花樣了～第二道是糖醋魚，",
    "time": "2017/06/05 16:46:59",
    "event": "slide"
  },
  {
    "category": "5",
    "app": "Chrome",
    "id": "22",
    "context": "美食板 - Dcard",
    "time": "2017/06/05 16:47:26",
    "event": "slide"
  },
  {
    "category": "5",
    "app": "Chrome",
    "id": "23",
    "context": "#圖 #手作便當 #家常菜系列 - Dcard 下廚是我人生中最大的樂趣，可能從小耳濡目染所以一些基本的家常菜都會做，最厲害的師傅還是我媽了，最近偶爾會幫男友帶愛心便當，因為覺得煮飯給心愛的人吃真的很幸福呀，1.，醬燒雞腿，這算是我覺得最簡單的下飯菜",
    "time": "2017/06/05 16:48:59",
    "event": "click"
  },
  {
    "category": "5",
    "app": "Chrome",
    "id": "24",
    "context": "#圖 #手作便當 #家常菜系列 - Dcard 下廚是我人生中最大的樂趣，可能從小耳濡目染所以一些基本的家常菜都會做，最厲害的師傅還是我媽了，最近偶爾會幫男友帶愛心便當，因為覺得煮飯給心愛的人吃真的很幸福呀，1.，醬燒雞腿，這算是我覺得最簡單的下飯菜",
    "time": "2017/06/05 16:48:59",
    "event": "slide"
  },
  {
    "category": "5",
    "app": "Chrome",
    "id": "25",
    "context": "美食板 - Dcard",
    "time": "2017/06/05 16:49:01",
    "event": "slide"
  },
  {
    "category": "5",
    "app": "Chrome",
    "id": "26",
    "context": "真的請別為難店員 - Dcard 其實好像不該發在美食版比較偏心情版，但因為轉發人家文章所以好像就會跟著在美食版。原本打算離職之後再發文但看到原原po的文章真的太有感我憋不住了。錯版的話再麻煩告知我會刪文的不好意思‍️，#文長，因為離家近的關係",
    "time": "2017/06/05 16:49:23",
    "event": "click"
  },
  {
    "category": "5",
    "app": "Chrome",
    "id": "27",
    "context": "真的請別為難店員 - Dcard 其實好像不該發在美食版比較偏心情版，但因為轉發人家文章所以好像就會跟著在美食版。原本打算離職之後再發文但看到原原po的文章真的太有感我憋不住了。錯版的話再麻煩告知我會刪文的不好意思‍️，#文長，因為離家近的關係",
    "time": "2017/06/05 16:49:23",
    "event": "slide"
  },
  {
    "category": "5",
    "app": "Chrome",
    "id": "28",
    "context": "#圖 #肯德基 #金饌魚子醬重磅卡啦雞腿堡 好吃~! - Dcard 聽到同學一直跟我推薦，最近自己終於有時間過來吃了，不得不說，這套餐真的是肯德基目前我吃到最好吃的套餐。主餐有金饌魚子醬卡啦雞腿漢堡、雞米花、薯條、可樂，漢堡真的很大，把雞米花都擋住了XD，漢堡真的很大，比我手掌還要更大。",
    "time": "2017/06/05 16:52:05",
    "event": "click"
  },
  {
    "category": "5",
    "app": "Chrome",
    "id": "29",
    "context": "#圖 #肯德基 #金饌魚子醬重磅卡啦雞腿堡 好吃~! - Dcard 聽到同學一直跟我推薦，最近自己終於有時間過來吃了，不得不說，這套餐真的是肯德基目前我吃到最好吃的套餐。主餐有金饌魚子醬卡啦雞腿漢堡、雞米花、薯條、可樂，漢堡真的很大，把雞米花都擋住了XD，漢堡真的很大，比我手掌還要更大。",
    "time": "2017/06/05 16:52:05",
    "event": "slide"
  },
  {
    "category": "5",
    "app": "Chrome",
    "id": "30",
    "context": "美食板 - Dcard",
    "time": "2017/06/05 16:52:52",
    "event": "slide"
  },
  {
    "category": "2",
    "app": "Chrome",
    "id": "31",
    "context": "Dcard 不想錯過任何有趣的話題嗎？趕快加入我們吧！",
    "time": "2017/06/05 16:53:01",
    "event": "slide"
  },
  {
    "category": "6",
    "app": "Chrome",
    "id": "32",
    "context": "時事板 - Dcard",
    "time": "2017/06/05 16:54:13",
    "event": "click"
  },
  {
    "category": "6",
    "app": "Chrome",
    "id": "33",
    "context": "時事板 - Dcard",
    "time": "2017/06/05 16:54:13",
    "event": "slide"
  },
  {
    "category": "2",
    "app": "Chrome",
    "id": "34",
    "context": "Dcard 不想錯過任何有趣的話題嗎？趕快加入我們吧！",
    "time": "2017/06/05 16:54:16",
    "event": "slide"
  },
  {
    "category": "5",
    "app": "Chrome",
    "id": "35",
    "context": "#圖 7-11保證100%鮮榨的飲料 - Dcard 這真的是我看過小七最100%原汁現榨的飲料了，這不是業配文純粹覺得太獵奇了，不囉嗦直接附圖，.，.，.，.，.，是蜂蜜檸檬啊啊啊啊啊啊啊啊啊啊啊！！！，完完整整的兩顆檸檬啊！！！！！！！！！，還附一隻刀子mix榨汁棒給你啊啊啊！！！！",
    "time": "2017/06/05 16:56:20",
    "event": "click"
  },
  {
    "category": "5",
    "app": "Chrome",
    "id": "36",
    "context": "#圖 7-11保證100%鮮榨的飲料 - Dcard 這真的是我看過小七最100%原汁現榨的飲料了，這不是業配文純粹覺得太獵奇了，不囉嗦直接附圖，.，.，.，.，.，是蜂蜜檸檬啊啊啊啊啊啊啊啊啊啊啊！！！，完完整整的兩顆檸檬啊！！！！！！！！！，還附一隻刀子mix榨汁棒給你啊啊啊！！！！",
    "time": "2017/06/05 16:56:20",
    "event": "slide"
  },
  {
    "category": "5",
    "app": "Chrome",
    "id": "37",
    "context": "老闆不用袋子 今天突然想吃個漢堡當早餐，於是跑去早餐店，跟老闆說我要一個漢堡、不用袋子，於是…，………………，更，謝謝大家對老闆的厚待，不是在學校對面歐別誤會，一個漢堡25元而已當然要環保啊",
    "time": "2017/06/05 16:56:44",
    "event": "click"
  },
  {
    "category": "5",
    "app": "Chrome",
    "id": "38",
    "context": "老闆不用袋子 今天突然想吃個漢堡當早餐，於是跑去早餐店，跟老闆說我要一個漢堡、不用袋子，於是…，………………，更，謝謝大家對老闆的厚待，不是在學校對面歐別誤會，一個漢堡25元而已當然要環保啊",
    "time": "2017/06/05 16:56:44",
    "event": "slide"
  },
  {
    "category": "7",
    "app": "Chrome",
    "id": "39",
    "context": "有趣板 - Dcard",
    "time": "2017/06/05 16:57:26",
    "event": "click"
  },
  {
    "category": "7",
    "app": "Chrome",
    "id": "40",
    "context": "有趣板 - Dcard",
    "time": "2017/06/05 16:57:26",
    "event": "slide"
  },
  {
    "category": "8",
    "app": "Chrome",
    "id": "41",
    "context": "電影板 - Dcard",
    "time": "2017/06/05 16:58:40",
    "event": "click"
  },
  {
    "category": "8",
    "app": "Chrome",
    "id": "42",
    "context": "電影板 - Dcard",
    "time": "2017/06/05 16:58:40",
    "event": "slide"
  },
  {
    "category": "8",
    "app": "Chrome",
    "id": "43",
    "context": "#有雷#推薦#電影#她的危險遊戲 我看完《她的危險遊戲》的第一個感想，就是導演真的太變態了，還有雨蓓阿姨真的演技太強了，怎麼可以把一個角色掌握得如此精準的變態，如此讓你著迷沉醉，而不是探討厭惡角色的行為動作，一舉一動讓你目不轉睛到結尾",
    "time": "2017/06/05 16:58:51",
    "event": "click"
  },
  {
    "category": "8",
    "app": "Chrome",
    "id": "44",
    "context": "#有雷#推薦#電影#她的危險遊戲 我看完《她的危險遊戲》的第一個感想，就是導演真的太變態了，還有雨蓓阿姨真的演技太強了，怎麼可以把一個角色掌握得如此精準的變態，如此讓你著迷沉醉，而不是探討厭惡角色的行為動作，一舉一動讓你目不轉睛到結尾",
    "time": "2017/06/05 16:58:51",
    "event": "slide"
  },
  {
    "category": "8",
    "app": "Chrome",
    "id": "45",
    "context": "電影板 - Dcard",
    "time": "2017/06/05 16:59:59",
    "event": "click"
  },
  {
    "category": "8",
    "app": "Chrome",
    "id": "46",
    "context": "電影板 - Dcard",
    "time": "2017/06/05 16:59:59",
    "event": "slide"
  },
  {
    "category": "9",
    "app": "Chrome",
    "id": "47",
    "context": "#分享#圖多 自製韓國旅遊手冊！ - Dcard 更：謝謝大家喜歡我的旅遊手冊～很開心～超開心～我真的覺得我選擇小冊子印出來沒有我想像的這麼好，如果再選一次我就會選膠裝因為我內容太多了！，以下是使用過後的旅遊手冊，加上205mm的書套，建議大家封面封底跟內容分開影印",
    "time": "2017/06/05 17:01:16",
    "event": "click"
  },
  {
    "category": "9",
    "app": "Chrome",
    "id": "48",
    "context": "#分享#圖多 自製韓國旅遊手冊！ - Dcard 更：謝謝大家喜歡我的旅遊手冊～很開心～超開心～我真的覺得我選擇小冊子印出來沒有我想像的這麼好，如果再選一次我就會選膠裝因為我內容太多了！，以下是使用過後的旅遊手冊，加上205mm的書套，建議大家封面封底跟內容分開影印",
    "time": "2017/06/05 17:01:16",
    "event": "slide"
  },
  {
    "category": "10",
    "app": "Chrome",
    "id": "49",
    "context": "#多益　６５５ｔｏ７５０選書請益 - Dcard 小妹管理學院三升四 英文弱弱，學測１１　指考６ｘ，校園考655（L315 R340），目標是半年後考到750，趁暑假建基本功，開學再開始題庫部分，目前已有，多益測驗核心單字書，想入手參考書籍，爬文找了大家的推薦，但是好像找太多",
    "time": "2017/06/05 17:05:05",
    "event": "click"
  },
  {
    "category": "10",
    "app": "Chrome",
    "id": "50",
    "context": "#多益　６５５ｔｏ７５０選書請益 - Dcard 小妹管理學院三升四 英文弱弱，學測１１　指考６ｘ，校園考655（L315 R340），目標是半年後考到750，趁暑假建基本功，開學再開始題庫部分，目前已有，多益測驗核心單字書，想入手參考書籍，爬文找了大家的推薦，但是好像找太多",
    "time": "2017/06/05 17:05:05",
    "event": "slide"
  },
  {
    "category": "11",
    "app": "Chrome",
    "id": "51",
    "context": "找不到頁面 - Dcard",
    "time": "2017/06/05 17:05:08",
    "event": "slide"
  },
  {
    "category": "10",
    "app": "Chrome",
    "id": "52",
    "context": "#多益 進步四百多分的心得 - Dcard 認真文也都要想一個很瞎的標題QQ，直接上成績單，但四百多分那一張成績單覺得太丟臉早就揉掉了，大一：495，最近考到：945，（三個數字神奇的排列組合），背景：學測英文10級，畢業前有先考過650畢業門檻",
    "time": "2017/06/05 17:05:50",
    "event": "click"
  },
  {
    "category": "10",
    "app": "Chrome",
    "id": "53",
    "context": "#多益 進步四百多分的心得 - Dcard 認真文也都要想一個很瞎的標題QQ，直接上成績單，但四百多分那一張成績單覺得太丟臉早就揉掉了，大一：495，最近考到：945，（三個數字神奇的排列組合），背景：學測英文10級，畢業前有先考過650畢業門檻",
    "time": "2017/06/05 17:05:50",
    "event": "slide"
  },
  {
    "category": "10",
    "app": "Chrome",
    "id": "54",
    "context": "#多益 945 閱讀部分480心得 - Dcard 放考試版而不是語言版，是因為我自己覺得這篇要打考試技巧為主的內容，和學好「語言」這件事比較沒有正相關。雖然我自己也認為考試技巧也只是在成績出來的時候讓自己可以爽一下而已，但dcard上好像是這種文章比較受歡迎QQ",
    "time": "2017/06/05 17:07:04",
    "event": "click"
  },
  {
    "category": "10",
    "app": "Chrome",
    "id": "55",
    "context": "#多益 945 閱讀部分480心得 - Dcard 放考試版而不是語言版，是因為我自己覺得這篇要打考試技巧為主的內容，和學好「語言」這件事比較沒有正相關。雖然我自己也認為考試技巧也只是在成績出來的時候讓自己可以爽一下而已，但dcard上好像是這種文章比較受歡迎QQ",
    "time": "2017/06/05 17:07:04",
    "event": "slide"
  },
  {
    "category": "1",
    "app": "Chrome",
    "id": "56",
    "context": "Dcard 不想錯過任何有趣的話題嗎？趕快加入我們吧！",
    "time": "2017/06/05 17:08:53",
    "event": "slide"
  },
  {
    "category": "11",
    "app": "Chrome",
    "id": "57",
    "context": "台北富邦銀行櫃台面試，求經驗！ - Dcard 我下禮拜六就要去台北富邦銀行面試了！！，非常緊張，聽說面試七八成都會通過，但我還是會怕自己準備錯方向，我對金融業蠻有興趣跟熱忱，有沒有台北富邦的朋友可以提一下面試過程？會問什麼問題？面試氣氛嚴肅嗎？還有什麼要注意的地方嗎？！",
    "time": "2017/06/05 17:11:03",
    "event": "click"
  },
  {
    "category": "11",
    "app": "Chrome",
    "id": "58",
    "context": "台北富邦銀行櫃台面試，求經驗！ - Dcard 我下禮拜六就要去台北富邦銀行面試了！！，非常緊張，聽說面試七八成都會通過，但我還是會怕自己準備錯方向，我對金融業蠻有興趣跟熱忱，有沒有台北富邦的朋友可以提一下面試過程？會問什麼問題？面試氣氛嚴肅嗎？還有什麼要注意的地方嗎？！",
    "time": "2017/06/05 17:11:03",
    "event": "slide"
  },
  {
    "category": "11",
    "app": "Chrome",
    "id": "59",
    "context": "工作板 - Dcard",
    "time": "2017/06/05 17:11:04",
    "event": "click"
  },
  {
    "category": "11",
    "app": "Chrome",
    "id": "60",
    "context": "工作板 - Dcard",
    "time": "2017/06/05 17:11:04",
    "event": "slide"
  },
  {
    "category": "12",
    "app": "Chrome",
    "id": "61",
    "context": "黑皮太子哭笑不得 - Dcard 之前有一位信徒想請求黑皮事情，然後那位信徒就燒香跟黑皮說...，信徒：黑皮~我想要叫你幫我一件事~就是...             （以下內容省略），當時黑皮在神尊裡一臉很疑惑，後來黑皮就跟乩身說...",
    "time": "2017/06/05 17:12:51",
    "event": "click"
  },
  {
    "category": "12",
    "app": "Chrome",
    "id": "62",
    "context": "黑皮太子哭笑不得 - Dcard 之前有一位信徒想請求黑皮事情，然後那位信徒就燒香跟黑皮說...，信徒：黑皮~我想要叫你幫我一件事~就是...             （以下內容省略），當時黑皮在神尊裡一臉很疑惑，後來黑皮就跟乩身說...",
    "time": "2017/06/05 17:12:51",
    "event": "slide"
  },
  {
    "category": "13",
    "app": "Chrome",
    "id": "63",
    "context": "人面紙畫 - Dcard 最近雨下得可真是大，騎車出門像是被雨鞭打。大家出門一定要騎慢注意安全。今天帶來的故事，是我姑丈的親生經歷。故事跟以往會以我整理過再敘述給大家：），----------------------------------------------------------------",
    "time": "2017/06/05 17:17:02",
    "event": "click"
  },
  {
    "category": "13",
    "app": "Chrome",
    "id": "64",
    "context": "人面紙畫 - Dcard 最近雨下得可真是大，騎車出門像是被雨鞭打。大家出門一定要騎慢注意安全。今天帶來的故事，是我姑丈的親生經歷。故事跟以往會以我整理過再敘述給大家：），----------------------------------------------------------------",
    "time": "2017/06/05 17:17:02",
    "event": "slide"
  },
  {
    "category": "14",
    "app": "Chrome",
    "id": "65",
    "context": "靈異板 - Dcard",
    "time": "2017/06/05 17:18:24",
    "event": "click"
  },
  {
    "category": "14",
    "app": "Chrome",
    "id": "66",
    "context": "靈異板 - Dcard",
    "time": "2017/06/05 17:18:24",
    "event": "slide"
  },
  {
    "category": "1",
    "app": "Chrome",
    "id": "67",
    "context": "Dcard 不想錯過任何有趣的話題嗎？趕快加入我們吧！",
    "time": "2017/06/05 17:18:25",
    "event": "slide"
  },
  {
    "category": "14",
    "app": "Chrome",
    "id": "68",
    "context": "靈異板 - Dcard ",
    "time": "2017/06/05 17:20:55",
    "event": "click"
  },
  {
    "category": "14",
    "app": "Chrome",
    "id": "69",
    "context": "靈異板 - Dcard ",
    "time": "2017/06/05 17:20:55",
    "event": "slide"
  },
  {
    "category": "1",
    "app": "Chrome",
    "id": "70",
    "context": "Dcard 不想錯過任何有趣的話題嗎？趕快加入我們吧！",
    "time": "2017/06/05 17:21:06",
    "event": "slide"
  },
  {
    "category": "5",
    "app": "Chrome",
    "id": "71",
    "context": "#食譜 自己的早餐自己做 - Dcard 大家好~ 其實我以前是幾乎不吃早餐的，都直接中午一起吃，以為這樣可以減肥，開始健身之後才發現早餐的重要啊~，燕麥應該是最健康便宜又簡單的選擇了，3kg 300元 煮一人份45g 才4.5元啊啊，材料：",
    "time": "2017/06/05 17:22:20",
    "event": "click"
  },
  {
    "category": "5",
    "app": "Chrome",
    "id": "72",
    "context": "#食譜 自己的早餐自己做 - Dcard 大家好~ 其實我以前是幾乎不吃早餐的，都直接中午一起吃，以為這樣可以減肥，開始健身之後才發現早餐的重要啊~，燕麥應該是最健康便宜又簡單的選擇了，3kg 300元 煮一人份45g 才4.5元啊啊，材料：",
    "time": "2017/06/05 17:22:20",
    "event": "slide"
  },
  {
    "category": "5",
    "app": "Chrome",
    "id": "73",
    "context": "美食板 - Dcard ",
    "time": "2017/06/05 17:24:51",
    "event": "click"
  },
  {
    "category": "5",
    "app": "Chrome",
    "id": "74",
    "context": "美食板 - Dcard ",
    "time": "2017/06/05 17:24:51",
    "event": "slide"
  },
  {
    "category": "1",
    "app": "Chrome",
    "id": "75",
    "context": "Dcard 不想錯過任何有趣的話題嗎？趕快加入我們吧！",
    "time": "2017/06/05 17:28:39",
    "event": "slide"
  },
  {
    "category": "15",
    "app": "Chrome",
    "id": "76",
    "context": "戲劇綜藝板 - Dcard",
    "time": "2017/06/05 17:28:47",
    "event": "click"
  },
  {
    "category": "15",
    "app": "Chrome",
    "id": "77",
    "context": "戲劇綜藝板 - Dcard",
    "time": "2017/06/05 17:28:47",
    "event": "slide"
  },
  {
    "category": "15",
    "app": "Chrome",
    "id": "78",
    "context": "戲劇綜藝板 - Dcard",
    "time": "2017/06/05 17:28:47",
    "event": "click"
  },
  {
    "category": "15",
    "app": "Chrome",
    "id": "79",
    "context": "戲劇綜藝板 - Dcard",
    "time": "2017/06/05 17:28:47",
    "event": "slide"
  },
  {
    "category": "1",
    "app": "Chrome",
    "id": "80",
    "context": "Dcard 不想錯過任何有趣的話題嗎？趕快加入我們吧！",
    "time": "2017/06/05 17:28:55",
    "event": "slide"
  }
]