[
  {
    "category": "1",
    "app": "Dcard",
    "id": "1",
    "context": "阿姨一直批評我男友 先說明一下:阿姨是我爸再娶的老婆，她那時候帶著和前夫生的兒子嫁進我們家  我和我男友是高中就交往了 不過礙於時間關係其實那時候我們算是偷偷交往(都沒有讓彼此的家人知道)  到了大學我想說時機成熟也應該讓家人知道我男友的存在  我爸和阿姨知道之後，阿姨就開始一直問「男友哪裡人」「唸什麼學校」「家裡有錢嗎」  反而是我爸都沒說什麼...  上一次我們一起吃飯，其實剛開始氣氛還可以  我也覺得我爸是真心想好好了解、認識我男友  可是阿姨又不知道哪來的靈感又說:齁...像他們警察大學的出來條件不錯啊  我本來以為是誇獎我男友，後來她又補一句:也是蠻容易劈腿的啦！  當下我看我男友的表情突然很僵硬，但他也沒回嘴  我馬上反駁:其實我們一直都很穩定  阿姨:就不要到時候離婚了需要法律諮詢還需要妳哥(阿姨的兒子)幫忙，別怪阿姨沒提醒妳  當時我很生氣，我男友也了解我的脾氣，所以他一直拉住我的手  我哥也開口說:媽，大家在吃飯....  我爸:好啦！沒事了大家快點吃飯  後來我一直哭，一直跟我男友道歉  可是我男友卻抱抱我說:唉唷~我又不會在意阿姨怎麼說，妳幹嘛比我難過啊  我以為事情結束了，沒想到阿姨有一次約我吃飯  同時她也約了她朋友、朋友的兒子，要我們好好認識  那次阿姨就故意說:唉我們家這隻一直都單身欸...阿不然兩個剛好在一起好了啊  我就馬上說:阿姨...我男友妳不是看過？  阿姨:蛤？上次那個？妳不是說曖昧而已嗎？年輕多看看，多交又沒差，妳那個條件也沒oo阿姨她兒子好  回家之後我就抱怨給我爸聽，我爸也只說:妳阿姨說的沒錯啊…多交幾個多看看  把這件事告訴我男友之後他卻很平靜回答我:我其實只在意妳愛不愛我  聽了這句話我在電話的另一頭哭了 我不知道未來我阿姨又會怎樣對付我男友  但就是因為我愛他，所以我才更要保護我們的感情 ",
    "time": "2017/07/07 16:34:53",
    "event": "click"
  },
  {
    "category": "1",
    "app": "Dcard",
    "id": "2",
    "context": "阿姨一直批評我男友 先說明一下:阿姨是我爸再娶的老婆，她那時候帶著和前夫生的兒子嫁進我們家  我和我男友是高中就交往了 不過礙於時間關係其實那時候我們算是偷偷交往(都沒有讓彼此的家人知道)  到了大學我想說時機成熟也應該讓家人知道我男友的存在  我爸和阿姨知道之後，阿姨就開始一直問「男友哪裡人」「唸什麼學校」「家裡有錢嗎」  反而是我爸都沒說什麼...  上一次我們一起吃飯，其實剛開始氣氛還可以  我也覺得我爸是真心想好好了解、認識我男友  可是阿姨又不知道哪來的靈感又說:齁...像他們警察大學的出來條件不錯啊  我本來以為是誇獎我男友，後來她又補一句:也是蠻容易劈腿的啦！  當下我看我男友的表情突然很僵硬，但他也沒回嘴  我馬上反駁:其實我們一直都很穩定  阿姨:就不要到時候離婚了需要法律諮詢還需要妳哥(阿姨的兒子)幫忙，別怪阿姨沒提醒妳  當時我很生氣，我男友也了解我的脾氣，所以他一直拉住我的手  我哥也開口說:媽，大家在吃飯....  我爸:好啦！沒事了大家快點吃飯  後來我一直哭，一直跟我男友道歉  可是我男友卻抱抱我說:唉唷~我又不會在意阿姨怎麼說，妳幹嘛比我難過啊  我以為事情結束了，沒想到阿姨有一次約我吃飯  同時她也約了她朋友、朋友的兒子，要我們好好認識  那次阿姨就故意說:唉我們家這隻一直都單身欸...阿不然兩個剛好在一起好了啊  我就馬上說:阿姨...我男友妳不是看過？  阿姨:蛤？上次那個？妳不是說曖昧而已嗎？年輕多看看，多交又沒差，妳那個條件也沒oo阿姨她兒子好  回家之後我就抱怨給我爸聽，我爸也只說:妳阿姨說的沒錯啊…多交幾個多看看  把這件事告訴我男友之後他卻很平靜回答我:我其實只在意妳愛不愛我  聽了這句話我在電話的另一頭哭了 我不知道未來我阿姨又會怎樣對付我男友  但就是因為我愛他，所以我才更要保護我們的感情 ",
    "time": "2017/07/07 16:35:11",
    "event": "slide"
  },
  {
    "category": "2",
    "app": "Dcard",
    "id": "3",
    "context": "#更 #雷 #黑特 台中網美愛推的美髮沙龍 -------------------更----------------- 我沒想到會造成這麼大的迴響 事發之後 設計師已經親自聯絡我 讓我選擇\"全額退款\" 或 \"回去補染\" 而我選擇了全額退款～～～ 我知道有些人也得到不好的經驗 但至少設計師的善後處理很完善 希望這件事就暫時落幕了 謝謝大家～～～～ ------------------------------------ 現在的心情就像掉進地獄一樣非常的差 我一定要寫這篇不然我良心對不起我自己  這家美髮店還蠻多網美推的 會去的原因是因為他之前有個歐美手刷染的照片讓我覺得蠻美的 上網查其實也沒什麼負評 (結果用完 才發現迪卡有一篇)  這次的消費項目是染燙漂 總共花了我一萬多塊錢 包括會員卡 護髮 髮膜 洗髮精⋯等等產品 沒想到到最後的結果是三千元就可以用出來的效果?  設計師也都沒跟我講什麼適合我什麼不適合我 反正他就超忙的 看一下用一下 就又跑走⋯然後細節什麼都不講清楚 其實剛開始染燙我就有不詳預感  先不說燙 最不讓我滿意的是他們的染髮   這是我原本給設計師看得照片?? 這是歐美手刷染 染髮都會以挑染的方式漂頭 並不會'整頭漂' 他們就直接助理兩個人一人用一邊給我整頭漂 我一覺得不對勁我就直接問 \"我很確定不是整頭漂\" \"可不可以把上面的漂劑給我弄掉\" \"這樣是之後褪色變整頭金嗎?\"  他們的回答是 \"用矯色洗髮精就可以不用怕褪色囉\" \"因為要有上面灰灰霧霧的感覺所以要漂整頭\" \"因為你之前染過紅會卡色\" (要不是我之前問過很多設計師 他先前也沒跟我講卡色問題 反正我的講法跟他們的講法完全就鬼打牆  我也想說算了 等結果出來再說 畢竟前面就跟我講一萬多 自然也應該有好的地方吧）  結果成品如下?? ㄜ⋯⋯這是一萬塊做出來的成果？ 他漂完用一用 上個染色膏 其實到最後已經沒有要再給我弄的意思 我就問 髮尾能不能再淺一點(因為我想要像圖片那種灰灰的感覺）  結果他就用他們獨家手法 把我髮尾變淺 可是是變金！！！  原本我很擔心問漂髮的時候 還跟我講 放心 跟圖片不會差太多（黑人問號？？？阿現在是？）我染完當下覺得還好 回去看我想要的再來對比 我真的傻眼  染燙之前真的任何心理準備都沒有 溝通非常非常少  總而言之 看起來三千塊的染髮技術 我花了14000在上面 你就知道我現在的心情很?  重點現場付款還不能刷卡 叫你現場去附近銀行提款 阿信用卡不能提款叫其他人怎麼辦？  每次客人都這樣大手筆的花 卻沒有信用卡付款 是要把現金帶在身上等著被偷嗎？  辦了會員卡300元 but will never go back again ",
    "time": "2017/07/07 16:36:25",
    "event": "click"
  },
  {
    "category": "2",
    "app": "Dcard",
    "id": "4",
    "context": "#更 #雷 #黑特 台中網美愛推的美髮沙龍 -------------------更----------------- 我沒想到會造成這麼大的迴響 事發之後 設計師已經親自聯絡我 讓我選擇\"全額退款\" 或 \"回去補染\" 而我選擇了全額退款～～～ 我知道有些人也得到不好的經驗 但至少設計師的善後處理很完善 希望這件事就暫時落幕了 謝謝大家～～～～ ------------------------------------ 現在的心情就像掉進地獄一樣非常的差 我一定要寫這篇不然我良心對不起我自己  這家美髮店還蠻多網美推的 會去的原因是因為他之前有個歐美手刷染的照片讓我覺得蠻美的 上網查其實也沒什麼負評 (結果用完 才發現迪卡有一篇)  這次的消費項目是染燙漂 總共花了我一萬多塊錢 包括會員卡 護髮 髮膜 洗髮精⋯等等產品 沒想到到最後的結果是三千元就可以用出來的效果?  設計師也都沒跟我講什麼適合我什麼不適合我 反正他就超忙的 看一下用一下 就又跑走⋯然後細節什麼都不講清楚 其實剛開始染燙我就有不詳預感  先不說燙 最不讓我滿意的是他們的染髮   這是我原本給設計師看得照片?? 這是歐美手刷染 染髮都會以挑染的方式漂頭 並不會'整頭漂' 他們就直接助理兩個人一人用一邊給我整頭漂 我一覺得不對勁我就直接問 \"我很確定不是整頭漂\" \"可不可以把上面的漂劑給我弄掉\" \"這樣是之後褪色變整頭金嗎?\"  他們的回答是 \"用矯色洗髮精就可以不用怕褪色囉\" \"因為要有上面灰灰霧霧的感覺所以要漂整頭\" \"因為你之前染過紅會卡色\" (要不是我之前問過很多設計師 他先前也沒跟我講卡色問題 反正我的講法跟他們的講法完全就鬼打牆  我也想說算了 等結果出來再說 畢竟前面就跟我講一萬多 自然也應該有好的地方吧）  結果成品如下?? ㄜ⋯⋯這是一萬塊做出來的成果？ 他漂完用一用 上個染色膏 其實到最後已經沒有要再給我弄的意思 我就問 髮尾能不能再淺一點(因為我想要像圖片那種灰灰的感覺）  結果他就用他們獨家手法 把我髮尾變淺 可是是變金！！！  原本我很擔心問漂髮的時候 還跟我講 放心 跟圖片不會差太多（黑人問號？？？阿現在是？）我染完當下覺得還好 回去看我想要的再來對比 我真的傻眼  染燙之前真的任何心理準備都沒有 溝通非常非常少  總而言之 看起來三千塊的染髮技術 我花了14000在上面 你就知道我現在的心情很?  重點現場付款還不能刷卡 叫你現場去附近銀行提款 阿信用卡不能提款叫其他人怎麼辦？  每次客人都這樣大手筆的花 卻沒有信用卡付款 是要把現金帶在身上等著被偷嗎？  辦了會員卡300元 but will never go back again ",
    "time": "2017/07/07 16:36:31",
    "event": "slide"
  },
  {
    "category": "1",
    "app": "Dcard",
    "id": "5",
    "context": "#圖 星座與生氣方式-表單結果 ? 表單結果出爐，先感謝之前幫忙填問卷的各位，數據比預期的多超多，看到結果的時候還很意外的發現，也太平均了吧，還以為會有星座的落差，好啦不囉嗦，先上圖 （後續文長），牡羊，雙魚，金牛，天蠍，處女，巨蟹，獅子  ♊雙子 ♑摩羯 ♐射手 ♎天秤 ♒水瓶 蛤？你說怎麼大家前三名幾乎一樣？ 對啊 不外乎都是 冷戰跟掉頭走人 本來想說怎麼都一樣 ? 就在這時候 . . . 其實同個生氣方式 佔每個星座裡的%數是不一樣的 ? 舉例就是雖然冷戰都是 每個星座的第一 可是像金牛是30% 獅子卻只有19% 因此我們歸類出 ?跟對方冷戰 ♉金牛 是個把不好情緒隱藏很好的人 即使有衝突發生 也不會讓情緒暴衝 會先解決問題 氣悶在心底假裝沒有不開心 生氣的時候 會變得沉默冷淡 除非對方主動道歉 否則很難原諒對方 他們堅信自己是對的  ♍處女 生氣有兩種 生悶氣（冷戰第一名） 就算氣到極點也是悶不吭聲 會期待對方發現自己錯在哪 有點神經質的處女 生氣的時候更是折磨自己 一直心煩著讓他生氣的人和事 爆發（比大聲第三名） 處女情緒來自內心深處 一旦爆發就像火山一樣 一發不可收拾  ?掉頭走人 ♎天秤 因為愛好和平 讓人印象都是脾氣好 他會對對方把事情條理說清楚 企圖讓對方同意他的看法 但如果懶得解釋就會直接掉頭走人 只會對好朋友或親近的人生氣 因為小事生氣通常都懶得解釋 一但踩到底線 可是會爆發出來的 但如果他不再跟你說話 或是完全無視你 那就很難在挽回了 總愛一個人在夜晚的時候胡思亂想 想著想著就哭了  ?情緒崩潰大哭 ♋巨蟹 巨蟹非常會忍 如果生氣 會先生悶氣對你非常冷 （第一名） 這樣的巨蟹 總在夜深人靜的時候 特別的感傷 情緒總在沒有人的時候爆發出來 不說出來不代表不在意 而是不想造成紛爭  ?比大聲 ♈牡羊 只要你大聲我就比你更大聲 :來互相傷害啊 （誤 就是一個你要吵我陪你吵 生氣起來會忘記世界的存在 完全不顧後果的爆發 但他們易怒多是因為 急躁的性格 直率的表達法式 牡羊氣的快 消氣也快 是個不會記仇的星座  ?破壞東西 ♐射手 比較容易失去理智 有時候他們也不是故意要怒吼的 但就是生氣起來會太投入 射手也會玩消失 不會讓別人找到自己 可能會跑去一個完全陌生的地方去旅遊 等旅遊回來的時候可能所有的氣都消了 ?講道理 ♑摩羯 當他們生氣的時候 能從他們身上感到強大的壓力 他們不會說自己如何生氣 而是表達如何對你失望 某些事上你如何讓人厭煩 你如何辜負了他們的期望 隨著他們不停的訴說 對這些事情的感受也會越來越真切 為了避免自己失控 摩羯們把你扔下獨自離開 最終他們可能會再也不把你當成朋友  ♒水瓶 屬於少見的愛憎分明的類型 不會輕易對別人生氣發火 可是惹自己生氣的人不會輕易放過他們 別指望生氣的水瓶 能夠聽進去別人的大道理 情緒化的時候他們自己說的話才是道理 他們生氣時不光很難溝通 而且自己不消氣就很難了結 ?酸言酸語 ♏天蠍 冷靜無比的他們時刻告訴自己 沖動是魔鬼 （暴怒的人 挑起爭端  忍耐的人 止息紛爭 ? …  很少公開發火 當他們生你氣的時候 會盡可能的遠離你 絕不是怕你而是怕傷到你 但是從他們憤怒的眼神 或是充滿譏諷和挖苦的語氣 一眼就看的出來他們生氣了 若是 嚴重的傷害了他們 他們絕對會和你沒完沒了   ♊雙子 唯一前三名的方式 雙子本身很少真正生氣 輕一點會一直說個不停 讓你腦袋爆炸 ?? 脾氣差一點的 話會賤到骨子裡  但真的生氣反而懶的跟你說一句話  ?講髒話 ♌獅子 抑制不住怒氣 非得大罵幾聲 或亂甩東西才能舒服一點 其實有王者風範的獅子 也是會爆粗口的呢 火氣來得快 去的快 但這樣的獅子 其實悲傷比別人還多 ?表面笑笑，背後捅一刀 ♓雙魚 表面笑笑 內心不知道已經翻你多少白眼了 心裡很在意 但是不喜歡說出來 受到委屈不會當場擺臉色 可能會有人覺得這樣心機很重 表面笑笑 但背地講別人壞話 但是是因為雙魚心很脆弱 只會把委屈往肚子吞 但其實說壞話也不是毀謗他人 只是抱怨自己的委屈 有的雙魚生氣到爆發 會一個人在家崩潰大哭 （第二名）  ----------------分 隔 線 ✂️--------------  因為我自己只對幾個星座比較了解 所以內容大多都是網路查的 如果覺得內容不準的話 那就只看數據吧 ? 雖然我覺得數據跟星座蠻相關的 ?  真的可以看得出來 某些星座生氣真的跟星座特質很相像 像是火象星座的脾氣 真的有嚇到我 ? 比大聲 講髒話 破壞東西 火象星座一定前三名 還有擅長冷戰的土象星座也上榜  相信大家都不喜歡直接 把不好的一面展現出來 但是一但被踩到底線的時候 還是有可能爆發出來的 這個是惹怒星座時的生氣表現 那這些數據就給大家參考看看囉  再次謝謝幫我們填過問卷的各位?‍♀️?‍♂️ 也歡迎大家打出自己的看法 ? ",
    "time": "2017/07/07 16:40:42",
    "event": "click"
  },
  {
    "category": "1",
    "app": "Dcard",
    "id": "6",
    "context": "#圖 星座與生氣方式-表單結果 ? 表單結果出爐  先感謝之前幫忙填問卷的各位 數據比預期的多超多 看到結果的時候還很意外的發現 ? 也太平均了吧 還以為會有星座的落差  好啦不囉嗦 先上圖 （後續文長） ♈牡羊 ♓雙魚 ♉金牛 ♏天蠍 ♍處女 ♋巨蟹 ♌獅子 ♊雙子 ♑摩羯 ♐射手 ♎天秤 ♒水瓶 蛤？你說怎麼大家前三名幾乎一樣？ 對啊 不外乎都是 冷戰跟掉頭走人 本來想說怎麼都一樣 ? 就在這時候 . . . 其實同個生氣方式 佔每個星座裡的%數是不一樣的 ? 舉例就是雖然冷戰都是 每個星座的第一 可是像金牛是30% 獅子卻只有19% 因此我們歸類出 ?跟對方冷戰 ♉金牛 是個把不好情緒隱藏很好的人 即使有衝突發生 也不會讓情緒暴衝 會先解決問題 氣悶在心底假裝沒有不開心 生氣的時候 會變得沉默冷淡 除非對方主動道歉 否則很難原諒對方 他們堅信自己是對的  ♍處女 生氣有兩種 生悶氣（冷戰第一名） 就算氣到極點也是悶不吭聲 會期待對方發現自己錯在哪 有點神經質的處女 生氣的時候更是折磨自己 一直心煩著讓他生氣的人和事 爆發（比大聲第三名） 處女情緒來自內心深處 一旦爆發就像火山一樣 一發不可收拾  ?掉頭走人 ♎天秤 因為愛好和平 讓人印象都是脾氣好 他會對對方把事情條理說清楚 企圖讓對方同意他的看法 但如果懶得解釋就會直接掉頭走人 只會對好朋友或親近的人生氣 因為小事生氣通常都懶得解釋 一但踩到底線 可是會爆發出來的 但如果他不再跟你說話 或是完全無視你 那就很難在挽回了 總愛一個人在夜晚的時候胡思亂想 想著想著就哭了  ?情緒崩潰大哭 ♋巨蟹 巨蟹非常會忍 如果生氣 會先生悶氣對你非常冷 （第一名） 這樣的巨蟹 總在夜深人靜的時候 特別的感傷 情緒總在沒有人的時候爆發出來 不說出來不代表不在意 而是不想造成紛爭  ?比大聲 ♈牡羊 只要你大聲我就比你更大聲 :來互相傷害啊 （誤 就是一個你要吵我陪你吵 生氣起來會忘記世界的存在 完全不顧後果的爆發 但他們易怒多是因為 急躁的性格 直率的表達法式 牡羊氣的快 消氣也快 是個不會記仇的星座  ?破壞東西 ♐射手 比較容易失去理智 有時候他們也不是故意要怒吼的 但就是生氣起來會太投入 射手也會玩消失 不會讓別人找到自己 可能會跑去一個完全陌生的地方去旅遊 等旅遊回來的時候可能所有的氣都消了 ?講道理 ♑摩羯 當他們生氣的時候 能從他們身上感到強大的壓力 他們不會說自己如何生氣 而是表達如何對你失望 某些事上你如何讓人厭煩 你如何辜負了他們的期望 隨著他們不停的訴說 對這些事情的感受也會越來越真切 為了避免自己失控 摩羯們把你扔下獨自離開 最終他們可能會再也不把你當成朋友  ♒水瓶 屬於少見的愛憎分明的類型 不會輕易對別人生氣發火 可是惹自己生氣的人不會輕易放過他們 別指望生氣的水瓶 能夠聽進去別人的大道理 情緒化的時候他們自己說的話才是道理 他們生氣時不光很難溝通 而且自己不消氣就很難了結 ?酸言酸語 ♏天蠍 冷靜無比的他們時刻告訴自己 沖動是魔鬼 （暴怒的人 挑起爭端  忍耐的人 止息紛爭 ? …  很少公開發火 當他們生你氣的時候 會盡可能的遠離你 絕不是怕你而是怕傷到你 但是從他們憤怒的眼神 或是充滿譏諷和挖苦的語氣 一眼就看的出來他們生氣了 若是 嚴重的傷害了他們 他們絕對會和你沒完沒了   ♊雙子 唯一前三名的方式 雙子本身很少真正生氣 輕一點會一直說個不停 讓你腦袋爆炸 ?? 脾氣差一點的 話會賤到骨子裡  但真的生氣反而懶的跟你說一句話  ?講髒話 ♌獅子 抑制不住怒氣 非得大罵幾聲 或亂甩東西才能舒服一點 其實有王者風範的獅子 也是會爆粗口的呢 火氣來得快 去的快 但這樣的獅子 其實悲傷比別人還多 ?表面笑笑，背後捅一刀 ♓雙魚 表面笑笑 內心不知道已經翻你多少白眼了 心裡很在意 但是不喜歡說出來 受到委屈不會當場擺臉色 可能會有人覺得這樣心機很重 表面笑笑 但背地講別人壞話 但是是因為雙魚心很脆弱 只會把委屈往肚子吞 但其實說壞話也不是毀謗他人 只是抱怨自己的委屈 有的雙魚生氣到爆發 會一個人在家崩潰大哭 （第二名）  ----------------分 隔 線 ✂️--------------  因為我自己只對幾個星座比較了解 所以內容大多都是網路查的 如果覺得內容不準的話 那就只看數據吧 ? 雖然我覺得數據跟星座蠻相關的 ?  真的可以看得出來 某些星座生氣真的跟星座特質很相像 像是火象星座的脾氣 真的有嚇到我 ? 比大聲 講髒話 破壞東西 火象星座一定前三名 還有擅長冷戰的土象星座也上榜  相信大家都不喜歡直接 把不好的一面展現出來 但是一但被踩到底線的時候 還是有可能爆發出來的 這個是惹怒星座時的生氣表現 那這些數據就給大家參考看看囉  再次謝謝幫我們填過問卷的各位?‍♀️?‍♂️ 也歡迎大家打出自己的看法 ? ",
    "time": "2017/07/07 16:40:43",
    "event": "slide"
  },
  {
    "category": "4",
    "app": "Dcard",
    "id": "7",
    "context": "Navigate up  ",
    "time": "2017/07/07 16:41:14",
    "event": "click"
  },
  {
    "category": "5",
    "app": "Dcard",
    "id": "8",
    "context": "面試超隨性的主管，秒錄取 借姊姊帳號發文的178.26y boy，如題，在我尋覓了將近一個月的工作，終於上了！，7/5早上去內科面試了一個總經理特助的工作，該公司是港商App程式製作公司，剛剛來到台灣設立分公司。//////---分隔線 到標題，順利與面試官做了簡易的面談及學經歷後輪到總經理（香港人）親談半小時。 進到總經理室後，轉過頭來的瞬間我內心各種問號..... 這總經理也太屁了吧.........? （山雞頭.A&F白底藍字緊身T.不知名超花束口褲.手戴佩納海.拿一個亮橘色的Gucci手拿包） 親談快結束時，總經理問我17.8歲時有跑夜店的習慣嗎，一個措手不及我傻了怎麼會回他有，還很常跑（一個各種想挖洞把自己埋起來），總經理就笑笑的說有玩過就好，即隨口說出找時間一起去玩??? 我立馬噴笑，總經理說我是他很想找的人選，立馬問我希望待遇是4萬-4萬2嘛？ 我回答，是。 屁孩總經理遲疑了大概1分鐘後問我說 這樣子好了，一個月給你五萬薪水，盡快和他培養好默契！??? 我立馬說好（內心爽到不行） P.S老闆與總經理都才30.31單身?  爽到現在才發文?? ",
    "time": "2017/07/07 16:41:19",
    "event": "click"
  },
  {
    "category": "5",
    "app": "Dcard",
    "id": "9",
    "context": "面試超隨性的主管，秒錄取 借姊姊帳號發文的178.26y boy? 如題，在我尋覓了將近一個月的工作，終於上了！??? 7/5早上去內科面試了一個總經理特助的工作，該公司是港商App程式製作公司，剛剛來到台灣設立分公司。 //////---分隔線 回到標題，順利與面試官做了簡易的面談及學經歷後輪到總經理（香港人）親談半小時。 進到總經理室後，轉過頭來的瞬間我內心各種問號..... 這總經理也太屁了吧.........? （山雞頭.A&F白底藍字緊身T.不知名超花束口褲.手戴佩納海.拿一個亮橘色的Gucci手拿包） 親談快結束時，總經理問我17.8歲時有跑夜店的習慣嗎，一個措手不及我傻了怎麼會回他有，還很常跑（一個各種想挖洞把自己埋起來），總經理就笑笑的說有玩過就好，即隨口說出找時間一起去玩??? 我立馬噴笑，總經理說我是他很想找的人選，立馬問我希望待遇是4萬-4萬2嘛？ 我回答，是。 屁孩總經理遲疑了大概1分鐘後問我說 這樣子好了，一個月給你五萬薪水，盡快和他培養好默契！??? 我立馬說好（內心爽到不行） P.S老闆與總經理都才30.31單身?  爽到現在才發文?? ",
    "time": "2017/07/07 16:41:35",
    "event": "slide"
  },
  {
    "category": "6",
    "app": "Dcard",
    "id": "10",
    "context": "#更 #圖多  非常糟糕的寵物認養！ 第一次發文  還不太會排版?請見諒  看了很無能為力 完全不知道該怎麼處理 只好從這裡po文 讓更多人看到！！！  #更新因為怕隱私問題 所以我把截圖有名字的部分馬賽克掉了 也很謝謝願意耐心看完這篇文章的你們 第一次發文 你們看了應該也蠻累的? 不管有沒有留言或是按愛心 至少你們都看見照片了 一定會有人開始重視這些狗狗的 謝謝你們  ------以下正文  這間是在彰化市路邊的一間寵物認養 每天經過都會想說怎麼都沒有人去檢舉 結果終於有人po文了?? ‼️⁉️連豬都有 ?空間那麼小 卻擠了那麼多隻狗狗 裡面什麼狗狗都有！非常的誇張 幾乎都是品種狗 ---------- ?結果今天在fb上又看到有人po文 說在裡面又發現法鬥！？ ----------- ?於是我就去私訊那位po文的小姐 結果⋯⋯ 得到的答案就是 好像是從繁殖場被淘汰的狗狗? 也有網友說這間在那已經很久了 然後這位伯伯在打著愛心認養的名義 其實是在和前往認養的民眾 收取費用 非常的可惡 狗狗的環境和健康真的很糟糕  每次去 有時候看到他們的碗裡都不是飼料  是很像餿水的東西 有菜有香菇  --------- ?Robert 我的寶貝? (當天裡面不只一隻法鬥 狀況都很糟糕? 3/12這隻法鬥也是我從那裡帶回來的 ?（這三張都是當天拍的 他告訴我是朋友中風不要養了 所以帶到他那邊愛心認養 整隻瘦到皮包骨 全身都傷 皮膚病很嚴重耳朵裡面化膿 身體一堆問題 愛心認養 要跟我收4000元！？ 說要把這筆錢給狗的原主人吃飯的！ 還要給他自己餵流浪狗被抓傷 要看醫生的 我說 這不是愛心認養嗎 而且我是學生 沒帶那麼多錢  他後來才跟我收2000 才讓我把狗帶走 ------ 從3/12到今天 我已經進去這間好幾次了！  每次經過都有不同的狗狗 上次還有狐狸犬甚至是黃金獵犬 還有迷你豬！！ 我每次都問那個伯伯狗是哪來的？ 他回答我是撿來或是人家寄放的 我就問說：寄放？那為什麼還可以讓民眾認養走 後來我走到門口 聽到他在裡面跟朋友碎念 他說：狗他弄來的 我管那麼多幹嘛  這真的很扯 環境真的非常的差 狗狗都生病 看了很心疼 也無能為力！！  最奇怪的是 這麼明目張膽的打著愛心認養名義? 怎麼可以撐好幾年都沒事？ 難道都沒有動保團體去調查嗎? 帶狗狗去看獸醫 連醫生都說 這看起來一點也不像是以前有人養過的！ 真的很生氣心疼⋯⋯⋯ 有沒有人知道有什麼辦法可以救這些狗狗???  ------------------ ?Robert他只是比其他狗狗幸運一點點而已 當天要趕去搭高鐵  綠燈起步時? 騎過去 瞄到 ?被綁在籠子外面 (因為沒有多餘的空間了  柏油路上就放件不要的舊衣服 ?就乖乖的坐在路邊 於是我就停下來靠過去看 整個臭味撲鼻而來⋯⋯ 然後我就過去詢問那個伯伯 就是?上面敘述的那樣了 後來?被我帶回家（當然 高鐵沒搭到?還被老媽臭罵一頓 不回家 跑去路邊亂撿狗⋯⋯ ------- 這幾個月來細心的照顧下?  前幾天帶他去看醫生⋯終於沒有白費了?? 因為他變胖了????? 不過也只胖了2公斤而已? ?之所以會po這篇文就是因為? 不是每隻狗狗都能那麼幸運順利的找到新主人有新的環境新的家庭⋯ 我們人類只要繩子一拉 狗狗就必需跟著我們走 他想往東跑 我們卻往西走 他們沒有決定權  他們怎麼也不會想到 莫名其妙的就被抓起來!!!!!!! 然後關在那邊的籠子裡 等待人家的愛心認養!? 說實在的 裡面的狗一隻比一隻還要髒....... 民眾前往認養 也一定不會挑最髒 看起來沒精神的狗 當然是挑看起來有精神的 外表乾淨的狗狗!!!!!! 那其他的狗狗呢？ 就一直被關在那？？ 所以希望有更多人可以看見 ⋯ ?如果有喜歡狗狗的人 經濟許可的人 可以前往認養  幫助那些無辜可憐的毛小孩 --------- 我只希望?可以趕快忘掉以往不好的回憶 從現在開始可以吃飽睡飽 安心的度過每一天? 也很謝謝你們願意耐心的看完 謝謝 ",
    "time": "2017/07/07 16:45:14",
    "event": "click"
  },
  {
    "category": "6",
    "app": "Dcard",
    "id": "11",
    "context": "#更 #圖多  非常糟糕的寵物認養！ 第一次發文  還不太會排版?請見諒  看了很無能為力 完全不知道該怎麼處理 只好從這裡po文 讓更多人看到！！！  #更新因為怕隱私問題 所以我把截圖有名字的部分馬賽克掉了 也很謝謝願意耐心看完這篇文章的你們 第一次發文 你們看了應該也蠻累的? 不管有沒有留言或是按愛心 至少你們都看見照片了 一定會有人開始重視這些狗狗的 謝謝你們  ------以下正文  這間是在彰化市路邊的一間寵物認養 每天經過都會想說怎麼都沒有人去檢舉 結果終於有人po文了?? ‼️⁉️連豬都有 ?空間那麼小 卻擠了那麼多隻狗狗 裡面什麼狗狗都有！非常的誇張 幾乎都是品種狗 ---------- ?結果今天在fb上又看到有人po文 說在裡面又發現法鬥！？ ----------- ?於是我就去私訊那位po文的小姐 結果⋯⋯ 得到的答案就是 好像是從繁殖場被淘汰的狗狗? 也有網友說這間在那已經很久了 然後這位伯伯在打著愛心認養的名義 其實是在和前往認養的民眾 收取費用 非常的可惡 狗狗的環境和健康真的很糟糕  每次去 有時候看到他們的碗裡都不是飼料  是很像餿水的東西 有菜有香菇  --------- ?Robert 我的寶貝? (當天裡面不只一隻法鬥 狀況都很糟糕? 3/12這隻法鬥也是我從那裡帶回來的 ?（這三張都是當天拍的 他告訴我是朋友中風不要養了 所以帶到他那邊愛心認養 整隻瘦到皮包骨 全身都傷 皮膚病很嚴重耳朵裡面化膿 身體一堆問題 愛心認養 要跟我收4000元！？ 說要把這筆錢給狗的原主人吃飯的！ 還要給他自己餵流浪狗被抓傷 要看醫生的 我說 這不是愛心認養嗎 而且我是學生 沒帶那麼多錢  他後來才跟我收2000 才讓我把狗帶走 ------ 從3/12到今天 我已經進去這間好幾次了！  每次經過都有不同的狗狗 上次還有狐狸犬甚至是黃金獵犬 還有迷你豬！！ 我每次都問那個伯伯狗是哪來的？ 他回答我是撿來或是人家寄放的 我就問說：寄放？那為什麼還可以讓民眾認養走 後來我走到門口 聽到他在裡面跟朋友碎念 他說：狗他弄來的 我管那麼多幹嘛  這真的很扯 環境真的非常的差 狗狗都生病 看了很心疼 也無能為力！！  最奇怪的是 這麼明目張膽的打著愛心認養名義? 怎麼可以撐好幾年都沒事？ 難道都沒有動保團體去調查嗎? 帶狗狗去看獸醫 連醫生都說 這看起來一點也不像是以前有人養過的！ 真的很生氣心疼⋯⋯⋯ 有沒有人知道有什麼辦法可以救這些狗狗???  ------------------ ?Robert他只是比其他狗狗幸運一點點而已 當天要趕去搭高鐵  綠燈起步時? 騎過去 瞄到 ?被綁在籠子外面 (因為沒有多餘的空間了  柏油路上就放件不要的舊衣服 ?就乖乖的坐在路邊 於是我就停下來靠過去看 整個臭味撲鼻而來⋯⋯ 然後我就過去詢問那個伯伯 就是?上面敘述的那樣了 後來?被我帶回家（當然 高鐵沒搭到?還被老媽臭罵一頓 不回家 跑去路邊亂撿狗⋯⋯ ------- 這幾個月來細心的照顧下?  前幾天帶他去看醫生⋯終於沒有白費了?? 因為他變胖了????? 不過也只胖了2公斤而已? ?之所以會po這篇文就是因為? 不是每隻狗狗都能那麼幸運順利的找到新主人有新的環境新的家庭⋯ 我們人類只要繩子一拉 狗狗就必需跟著我們走 他想往東跑 我們卻往西走 他們沒有決定權  他們怎麼也不會想到 莫名其妙的就被抓起來!!!!!!! 然後關在那邊的籠子裡 等待人家的愛心認養!? 說實在的 裡面的狗一隻比一隻還要髒....... 民眾前往認養 也一定不會挑最髒 看起來沒精神的狗 當然是挑看起來有精神的 外表乾淨的狗狗!!!!!! 那其他的狗狗呢？ 就一直被關在那？？ 所以希望有更多人可以看見 ⋯ ?如果有喜歡狗狗的人 經濟許可的人 可以前往認養  幫助那些無辜可憐的毛小孩 --------- 我只希望?可以趕快忘掉以往不好的回憶 從現在開始可以吃飽睡飽 安心的度過每一天? 也很謝謝你們願意耐心的看完 謝謝 ",
    "time": "2017/07/07 16:45:16",
    "event": "slide"
  },
  {
    "category": "7",
    "app": "Dcard",
    "id": "12",
    "context": "#圖 #造型便當 猜猜這是誰的造型便當呢？是可愛的大哥尹智聖～～我有po對版吧哈哈哈，附上放上白飯前的海苔成品，第一次做海苔便當就獻給智聖xi了，海苔花了好久時間做，但放在飯上有點皺在一起了，本人繪畫能力不佳，所以這是用描圖紙描線條之後",
    "time": "2017/07/07 16:48:03",
    "event": "click"
  },
  {
    "category": "7",
    "app": "Dcard",
    "id": "13",
    "context": "#圖 #造型便當 猜猜這是誰的造型便當呢？ 是可愛的大哥尹智聖～～ 我有po對版吧哈哈哈 附上放上白飯前的海苔成品 第一次做海苔便當就獻給智聖xi了 海苔花了好久時間做 但放在飯上有點皺在一起了??  本人繪畫能力不佳 所以這是用描圖紙描線條之後 再割出來的 嗯不要問花了多久時間??   補個有飯有菜的便當照 小不點便當 配菜 ✅炸蝦 ✅烤鮭魚 ✅玉子燒 ✅打拋豬肉 ✅小番茄 ✅奇異果   卡娜赫拉便當 配菜 ✅蔥玉子燒 ✅維也納香腸 ✅清燙花椰菜 ✅愛心胡蘿蔔 ✅川燙蝦仁 ✅蜂蜜蕃薯 ✅水果玉米   免捏飯糰便當 配菜 ✅蟹肉棒玉子燒 ✅叉燒炒飯飯糰 ✅德國香腸飯糰 ✅時蔬沙拉 ✅小番茄 ✅清燙花椰菜   最後是智聖拍手～            ?     ?      ?  ?    ??     ?      ?      ?            ?  我會努力更進步的?? -------------------------- ✅便當日記 https://www.instagram.com/obento__diary/ ",
    "time": "2017/07/07 16:48:06",
    "event": "slide"
  },
  {
    "category": "8",
    "app": "Dcard",
    "id": "14",
    "context": "What's in my room 工業風 看到大家分享自己的房間  小女子就也來分享一下  這是我最喜歡的角落！有大象寶寶哈哈哈 接下來就是吧檯區啦  我們家是樓中樓  所以基本上是有挑高的   （因為男友喜歡工業風，所以我們就讓家裡維持工業風） 上面左邊是男友的書桌（整個很頹）右邊是我的～  中間藍色的地方是吊床  可以躺在上面看影集或是 痾 就躺著 最後是睡覺的地方！  樓上是沒辦法站起來的  題外話  當時為了找房子弄得焦頭爛額  就是因為我一直嚷著想要木地板  最後終於找到一間鋪滿了木地板的房子！圓了小女子一個心願(*☻-☻*) 如果沒有意外的話應該會住到畢業吧  畢竟cp值那麼高的房子應該很少了QWQ  （感謝畢業了的大學長承讓） ",
    "time": "2017/07/07 16:49:02",
    "event": "click"
  },
  {
    "category": "8",
    "app": "Dcard",
    "id": "15",
    "context": "What's in my room 工業風 看到大家分享自己的房間  小女子就也來分享一下  這是我最喜歡的角落！有大象寶寶哈哈哈 接下來就是吧檯區啦  我們家是樓中樓  所以基本上是有挑高的   （因為男友喜歡工業風，所以我們就讓家裡維持工業風） 上面左邊是男友的書桌（整個很頹）右邊是我的～  中間藍色的地方是吊床  可以躺在上面看影集或是 痾 就躺著 最後是睡覺的地方！  樓上是沒辦法站起來的  題外話  當時為了找房子弄得焦頭爛額  就是因為我一直嚷著想要木地板  最後終於找到一間鋪滿了木地板的房子！圓了小女子一個心願(*☻-☻*) 如果沒有意外的話應該會住到畢業吧  畢竟cp值那麼高的房子應該很少了QWQ  （感謝畢業了的大學長承讓） ",
    "time": "2017/07/07 16:49:03",
    "event": "slide"
  },
  {
    "category": "7",
    "app": "Dcard",
    "id": "16",
    "context": "楠梓隱藏版 超大份量午餐 標題不知道怎麼下，就隨便亂打囉，這裡跟大家分享一間超不起眼，根本不像店家的店。外觀長這樣，不要懷疑就是這樣，她門口也沒有招牌什麼的。可是她的份量真的超大！ 難以想像的大...，這是炒飯（旁邊有湯匙當比例尺）  大碗公就算了，還堆成小尖山! 然後這是炒麵 一樣堆得很高 然後各位猜這樣這兩碗各要多少錢? . . . . . . . . . . 只要$50 ? 都不知道老闆有沒有賺，根本佛心來著~ 吃一碗可以抵兩餐，等於一餐只花$25欸!!  老闆是個阿姨(應該還沒到阿婆的程度啦?)，之前吃一吃她突然跑出來跟我開槓。 說之前很多學生來吃，可是好像都畢業了，所以學生變很少，都剩一些內行的熟客會來。 看我能不能多帶一些同學來，所以我才來跟大家分享?  不過那邊唯一的缺點就是，在騎樓下 沒! 冷! 氣! 阿姨是說她那邊有樹蔭，起風的時候還蠻涼的，但正中午的時候去還是會熱啊? 所以會很怕熱的人，可以等天氣比較涼的時候再去。 或者是外帶... 你就會看到飯或麵，從便當盒爆出來是什麼樣子?   這邊附上地址： 高雄市楠梓區壽豐路421號  阿姨只有賣：炒飯$50、炒麵$50、湯麵$50、蛋花湯$20(一樣是用碗公裝)  去的時候 只要外面有擺桌椅就是有營業。 不要懷疑，直接走到門口對裡面說你要吃什麼就好(不要開門走進去喔，小心被告私闖民宅) 然後老闆晚上不營業，中午好像到16:00都還有吧，不是很確定。 有興趣的可以去挑戰看看喔~ ",
    "time": "2017/07/07 16:50:08",
    "event": "click"
  },
  {
    "category": "7",
    "app": "Dcard",
    "id": "17",
    "context": "楠梓隱藏版 超大份量午餐 標題不知道怎麼下，就隨便亂打囉?  這裡跟大家分享一間超不起眼，根本不像店家的店。 外觀長這樣 不要懷疑就是這樣，她門口也沒有招牌什麼的。 可是她的份量真的超大! 難以想像的大...  這是炒飯(旁邊有湯匙當比例尺) 大碗公就算了，還堆成小尖山! 然後這是炒麵 一樣堆得很高 然後各位猜這樣這兩碗各要多少錢? . . . . . . . . . . 只要$50 ? 都不知道老闆有沒有賺，根本佛心來著~ 吃一碗可以抵兩餐，等於一餐只花$25欸!!  老闆是個阿姨(應該還沒到阿婆的程度啦?)，之前吃一吃她突然跑出來跟我開槓。 說之前很多學生來吃，可是好像都畢業了，所以學生變很少，都剩一些內行的熟客會來。 看我能不能多帶一些同學來，所以我才來跟大家分享?  不過那邊唯一的缺點就是，在騎樓下 沒! 冷! 氣! 阿姨是說她那邊有樹蔭，起風的時候還蠻涼的，但正中午的時候去還是會熱啊? 所以會很怕熱的人，可以等天氣比較涼的時候再去。 或者是外帶... 你就會看到飯或麵，從便當盒爆出來是什麼樣子?   這邊附上地址： 高雄市楠梓區壽豐路421號  阿姨只有賣：炒飯$50、炒麵$50、湯麵$50、蛋花湯$20(一樣是用碗公裝)  去的時候 只要外面有擺桌椅就是有營業。 不要懷疑，直接走到門口對裡面說你要吃什麼就好(不要開門走進去喔，小心被告私闖民宅) 然後老闆晚上不營業，中午好像到16:00都還有吧，不是很確定。 有興趣的可以去挑戰看看喔~ ",
    "time": "2017/07/07 16:50:10",
    "event": "slide"
  },
  {
    "category": "9",
    "app": "Dcard",
    "id": "18",
    "context": "沒有人說得過花輪的 有沒有花輪其實是最強嘴砲王的八卦",
    "time": "2017/07/07 16:50:24",
    "event": "click"
  },
  {
    "category": "9",
    "app": "Dcard",
    "id": "19",
    "context": "沒有人說得過花輪的 有沒有花輪其實是最強嘴砲王的八卦 ",
    "time": "2017/07/07 16:50:27",
    "event": "slide"
  },
  {
    "category": "7",
    "app": "Dcard",
    "id": "20",
    "context": "#情報 炸雞洋行  快報快報，炸雞洋行來高雄展店！！ヾ（*´∀｀*）ﾉ，在台南國華街都要排隊排超久的，（買過應該都知道那可怕人潮），之後在高雄也能吃到了，附上Google搜尋到的照片~，（有違規或侵犯請告知會撤下），和朋友去台南買都直接狂啃 完全沒心思在那拍照啊啊(σˋ▽ˊ)σ 它們的馬鈴薯??  -感覺像丹丹有種南部限定的概念? 還不快按愛心分享給高雄的親友團~~~ ",
    "time": "2017/07/07 16:51:07",
    "event": "click"
  },
  {
    "category": "7",
    "app": "Dcard",
    "id": "21",
    "context": "#情報 炸雞洋行 快報快報 炸雞洋行來高雄展店!!ヾ(*´∀｀*)ﾉ  在台南國華街都要排隊排超久的 (買過應該都知道那可怕人潮?) 之後在高雄也能吃到了❤ 附上Google搜尋到的照片~ (有違規或侵犯請告知?會撤下) 和朋友去台南買都直接狂啃? 完全沒心思在那拍照啊啊(σˋ▽ˊ)σ 它們的馬鈴薯??  -感覺像丹丹有種南部限定的概念? 還不快按愛心分享給高雄的親友團~~~ ",
    "time": "2017/07/07 16:51:09",
    "event": "slide"
  },
  {
    "category": "5",
    "app": "Dcard",
    "id": "22",
    "context": "#圖，第一次的幼稚園  女同學  老師老師老師  暑假找到一份幼稚園工讀的工作，我被分到小班當助教，我與朋友分享上班的事，每一個都讓大家笑翻，以下是我與友人的聊天紀錄，好的，我看起來那麼老就對了？（現在心裡掐他十萬八千遍），因為我在小班所以他們大完便就會在廁所大喊要老師去幫他擦屁股  又有小朋友問我一次褲子的事，我一樣回答姊姊窮，他們就到處去宣傳，姊姊說她很窮所以褲子都是破的，他們回家一定會跟爸媽說，我們老師很窮所以褲子都破的....??? 這四天下來我真心覺得幼稚園老師真的很偉大。 ?????? ",
    "time": "2017/07/07 16:55:34",
    "event": "click"
  },
  {
    "category": "5",
    "app": "Dcard",
    "id": "23",
    "context": "#圖，第一次的幼稚園 暑假找到一份幼稚園工讀的工作，我被分到小班當助教，我與朋友分享上班的事，每一個都讓大家笑翻  以下是我與友人的聊天紀錄 好的，我看起來那麼老就對了？（現在心裡掐他十萬八千遍??） 因為我在小班所以他們大完便就會在廁所大喊要老師去幫他擦屁股 又有小朋友問我一次褲子的事，我一樣回答姊姊窮，他們就到處去宣傳，姊姊說她很窮所以褲子都是破的，他們回家一定會跟爸媽說，我們老師很窮所以褲子都破的....??? 這四天下來我真心覺得幼稚園老師真的很偉大。 ?????? ",
    "time": "2017/07/07 16:55:36",
    "event": "slide"
  },
  {
    "category": "10",
    "app": "Dcard",
    "id": "24",
    "context": "你以為我會被你騙嗎 繼上次小時候與媽媽耍心機失敗的蠢事後( ･᷄д･᷅ ) 這次看到這篇讓我想到之前高中的時候做的蠢事?? 有一次我高中同學也拿這個問我  同學：欸OOO妳唸亮月十次～ （此時的我心裡os:哼哼這個我玩過了！老娘會被你騙嗎哇哈哈哈哈( ･᷄ὢ･᷅ )） 我：哈哈好哇！亮月亮月亮月⋯*10 同學：那我問妳喔～后羿射什麼？ 我：哈哈哈哈XXX我告訴你～這個我玩過了( ◞´•௰•`)◞你以為我那麼笨會被你騙嗎？哇哈哈哈我哪有那麼笨！后羿射的是 （手還指著我同學(✌ﾟ∀ﾟ)☞）   月 亮 ??? ? 月 亮 ??? ? 月 亮 ??? ?   同學：⋯ （此刻寂靜無聲） 同學s（複數加s)：哈哈哈哈智障我看過最智障的答案就是你了( ˘•ω•˘ )   被騙就算了ಠ_ಠ 自己還在那邊智障大言不慚( ･᷄д･᷅ ) 我再也不要以為自己知道答案然後耍聰明了(இдஇ; ) ",
    "time": "2017/07/07 16:58:35",
    "event": "click"
  },
  {
    "category": "10",
    "app": "Dcard",
    "id": "25",
    "context": "你以為我會被你騙嗎 繼上次小時候與媽媽耍心機失敗的蠢事後( ･᷄д･᷅ ) 這次看到這篇讓我想到之前高中的時候做的蠢事?? 有一次我高中同學也拿這個問我  同學：欸OOO妳唸亮月十次～ （此時的我心裡os:哼哼這個我玩過了！老娘會被你騙嗎哇哈哈哈哈( ･᷄ὢ･᷅ )） 我：哈哈好哇！亮月亮月亮月⋯*10 同學：那我問妳喔～后羿射什麼？ 我：哈哈哈哈XXX我告訴你～這個我玩過了( ◞´•௰•`)◞你以為我那麼笨會被你騙嗎？哇哈哈哈我哪有那麼笨！后羿射的是 （手還指著我同學(✌ﾟ∀ﾟ)☞）   月 亮 ??? ? 月 亮 ??? ? 月 亮 ??? ?   同學：⋯ （此刻寂靜無聲） 同學s（複數加s)：哈哈哈哈智障我看過最智障的答案就是你了( ˘•ω•˘ )   被騙就算了ಠ_ಠ 自己還在那邊智障大言不慚( ･᷄д･᷅ ) 我再也不要以為自己知道答案然後耍聰明了(இдஇ; ) ",
    "time": "2017/07/07 16:58:37",
    "event": "slide"
  },
  {
    "category": "11",
    "app": "Dcard",
    "id": "26",
    "context": "過不久就要考英文了，我決定跟室友用英文交談，說好用英文以外的語言說話就一個字10台幣，結果，我們到現在已經一個月沒說話了。。。  Multimedia University  室友和我一個月沒有說話了?",
    "time": "2017/07/07 16:58:58",
    "event": "click"
  },
  {
    "category": "7",
    "app": "Dcard",
    "id": "27",
    "context": "#圖多 吃藏壽司是為了柯南扭蛋  一大桶柯南扭蛋，甜點真的每一樣都很想吃啊～～上壽司囉～～酥炸玉米球-這真的很好吃，愛吃玉米的人一定會喜歡的️️，豆乳甜甜圈-冰淇淋搭配熱的甜甜圈，水火交融的口感，好吃啊！！，靜岡抹茶冰淇淋-抹茶味重+底層的玉米片，也推  ",
    "time": "2017/07/07 16:59:30",
    "event": "click"
  },
  {
    "category": "7",
    "app": "Dcard",
    "id": "28",
    "context": "#圖多 吃藏壽司是為了柯南扭蛋 一大桶柯南扭蛋 甜點真的每一樣都很想吃啊～～ 上壽司囉～～ 酥炸玉米球-這真的很好吃，愛吃玉米的人一定會喜歡的❤️❤️ 豆乳甜甜圈-冰淇淋搭配熱的甜甜圈，水火交融的口感，好吃啊！！ 靜岡抹茶冰淇淋-抹茶味重+底層的玉米片，也推?    就在我們兩人瘋狂吃、瘋狂丟盤子，要五的倍數才能抽一次扭蛋， 所以我們2個人瘋狂的努力 就在要放棄時 總算總算 被我們抽中了呢！！！！！ 靠近一點看～ 沒錯！ 我們吃了20盤！！！ 扭到一隻小蘭?????? 很可愛呢！共有五款 期間限定的，喜愛柯南的人可以去試試手氣唷? P.S我們對面那座位，幾乎10盤就抽中了...哈?   簽名檔：為了柯南扭蛋瘋狂吃的女子 ",
    "time": "2017/07/07 16:59:33",
    "event": "slide"
  },
  {
    "category": "8",
    "app": "Dcard",
    "id": "29",
    "context": "#圖 what's in my room?微微玩具控?  看了好久的What's in my room系列，只能說很佩服啊，怎麼可以把房間弄得這麼美！！，不過我也很喜歡自己的房間，所以發上來給大家看看XD，房間的全景照，小小的一間，房間在幾年前也有全部裝潢過，畢竟都已經20年的房子了 桌子的部分，左邊貼的是參加過得活動，每個名牌都有留下來做紀念啊~ 桌子和床中間有個三層櫃，不過也沒什麼東西好放，就是一堆不相關的東西? 這是門後，有一天媽媽突然買了這個超方便的給我放貼紙，很喜歡買各式各樣的貼紙，但又捨不得用哈哈哈 房間最喜歡的地方!!滿滿的玩具，這只是一半，另一半在租屋處哈哈哈 每次看了心情都很好，滿滿小東西 再補一張租屋處的玩具好了XD 謝謝大家願意收看弱弱的房間~~  ",
    "time": "2017/07/07 17:00:42",
    "event": "click"
  },
  {
    "category": "8",
    "app": "Dcard",
    "id": "30",
    "context": "#圖 what's in my room?微微玩具控? 看了好久的What's in my room系列，只能說很佩服啊，怎麼可以把房間弄得這麼美!! 不過我也很喜歡自己的房間，所以發上來給大家看看XD 房間的全景照，小小的一間，房間在幾年前也有全部裝潢過，畢竟都已經20年的房子了 桌子的部分，左邊貼的是參加過得活動，每個名牌都有留下來做紀念啊~ 桌子和床中間有個三層櫃，不過也沒什麼東西好放，就是一堆不相關的東西? 這是門後，有一天媽媽突然買了這個超方便的給我放貼紙，很喜歡買各式各樣的貼紙，但又捨不得用哈哈哈 房間最喜歡的地方!!滿滿的玩具，這只是一半，另一半在租屋處哈哈哈 每次看了心情都很好，滿滿小東西 再補一張租屋處的玩具好了XD 謝謝大家願意收看弱弱的房間~~ ",
    "time": "2017/07/07 17:00:44",
    "event": "slide"
  },
  {
    "category": "12",
    "app": "Dcard",
    "id": "31",
    "context": "我家的電視ㄆㄞˋ ㄎㄧ˙ 啊? 我家的電視有點年紀了，所以每次打開它都要熱機一陣子，但每次打開我們全家都會笑到東倒西歪，如圖，建欽頭超小，惠雯頭超大，建欽變豬鼻子，惠雯朝天鼻+沒眼睛，不管是恐怖片還是災難片、喜劇片、卡通……都能變成搞笑片",
    "time": "2017/07/07 17:01:42",
    "event": "click"
  },
  {
    "category": "12",
    "app": "Dcard",
    "id": "32",
    "context": "我家的電視ㄆㄞˋ ㄎㄧ˙ 啊? 我家的電視有點年紀了  所以每次打開它都要熱機一陣子  但每次打開我們全家都會笑到東倒西歪???  如圖? 建欽頭超小，惠雯頭超大 建欽變豬鼻子? 惠雯朝天鼻+沒眼睛  不管是恐怖片還是災難片、喜劇片、卡通……都能變成搞笑片??????? ",
    "time": "2017/07/07 17:01:46",
    "event": "slide"
  },
  {
    "category": "14",
    "app": "Dcard",
    "id": "33",
    "context": "#圖 VOGUE七月號 不囉嗦直接上圖，*，剛剛去711列印繳費單順便看看雜誌區，想說看看有沒有霓淨思的保濕精華可以撿，（對我撿到了還剛好剩一本，結果就看到了喔喔喔喔聽說很好用的蘭萃飾底乳，還附了一瓶100g的潔顏乳，我都沒有用過不過這樣兩組買下來才398?  ",
    "time": "2017/07/07 17:02:25",
    "event": "click"
  },
  {
    "category": "14",
    "app": "Dcard",
    "id": "34",
    "context": "#圖 VOGUE七月號 不囉嗦直接上圖，*，剛剛去711列印繳費單順便看看雜誌區，想說看看有沒有霓淨思的保濕精華可以撿，（對我撿到了還剛好剩一本，結果就看到了喔喔喔喔聽說很好用的蘭萃飾底乳，還附了一瓶100g的潔顏乳，我都沒有用過不過這樣兩組買下來才398?  ",
    "time": "2017/07/07 17:02:25",
    "event": "slide"
  },  
  {
    "category": "13",
    "app": "Dcard",
    "id": "35",
    "context": "差點認一個女兒回家 前幾天我爸去全聯買東西，回來後興奮的衝進我房裡大笑，我整個很莫名的看著他，後來他開始解釋，他在全聯遇到多麼巧合的事情，店員：欸～～好久不見了（｡･ω･｡）ﾉ，老爸：（？），店員：你不是李**的爸爸嗎？  ",
    "time": "2017/07/07 17:02:49",
    "event": "click"
  },
  {
    "category": "13",
    "app": "Dcard",
    "id": "36",
    "context": "差點認一個女兒回家 前幾天我爸去全聯買東西  回來後興奮的衝進我房間大笑  我整個很莫名的看著他  後來他開始解釋  他在全聯遇到多麼巧合的事情   店員：欸～～好久不見了(｡･ω･｡)ﾉ 老爸：（？） 店員：你不是李**的爸爸嗎？ （這裡講的李**是我的本名） 老爸：對啊呵呵，妳怎麼認識我女兒(⁎⁍̴̛ᴗ⁍̴̛⁎) 店員：她在樓上啊，剛好她下班，您要順便等她嗎？ 老爸：...什麼東西？我女兒在家看電視ಠ_ಠ 店員：不是李**的爸爸嗎？ 老爸：是啊 店員：她在樓上呀，等等就下來了 老爸：好...(´･_･`)  結果我爸在全聯等那個女兒15分鐘  聽到這裡我疑惑的看了我爸  你怎麼還有好心情在全聯等不是女兒的女兒ಠ_ಠ？  他說他想看後續發展( ´▽｀)   等那個女兒下樓後，她也感到很莫名其妙  聽同事說爸爸來找她  看到的是一個陌生大叔在傻笑  後來才知道是個很巧合的誤會  原來那個女兒跟我同名同姓  而店員印象中那個女兒的爸爸就是我爸  於是大家尷尬的笑一笑之後就解散了       我：其實你想換女兒吧？說愛我都是騙人的 老爸：為了妳，我都不能養其他畜生了     我：...... ",
    "time": "2017/07/07 17:02:50",
    "event": "slide"
  }
]