[
  {
    "category": "1",
    "app": "Dcard",
    "id": "1",
    "context": "#花蓮 #圖 隱藏版甜品 日本媽媽點心 花蓮真的有很多好吃的，要真的耐心慢慢找 最近在IG上滑美食，就讓我發現到一個超可愛的甜品 一查之下是一個在住宅區的一家在賣手工點心 一個日本媽媽嫁到台灣花蓮和她老公一起在賣喔 話不多說，只好立馬衝去買了  店面  ",
    "time": "2017/07/05 16:22:24",
    "event": "click"
  },
  {
    "category": "1",
    "app": "Dcard",
    "id": "2",
    "context": "#花蓮 #圖 隱藏版甜品 日本媽媽點心 花蓮真的有很多好吃的，要真的耐心慢慢找 最近在IG上滑美食，就讓我發現到一個超可愛的甜品 一查之下是一個在住宅區的一家在賣手工點心 一個日本媽媽嫁到台灣花蓮和她老公一起在賣喔 話不多說，只好立馬衝去買了  店面  招牌果凍 藍色— 海洋果凍 紅色— 太陽果凍 白色— 蜂蜜檸檬奶酪 顏色很漂亮很可愛吧，別擔心這不是色素 老闆說是用各種水果和水果汁做出來的，很好吃😋    蜂蜜凹蛋糕 （8寸）    我覺得我一個女孩可以吃完，哈哈 很薄，還有流漿汁 推  水果果凍 奇異果，葡萄，葡萄柚    原來這家可以宅配甜品喔，除了奶酪和布丁不能宅配。可以上他們的臉書詢問😜 不用去花蓮也可以買到啦～～ （這些果凍都是我後來在台北訂購的）  臉書： 日本媽媽點心 地址： 花蓮縣花蓮市延平街74巷口 營業時間：下午2點到傍晚7點  賣完就沒了喔～～ 下次還想去花蓮吃☺️ 哦，對了！ 他們只能外帶哦～",
    "time": "2017/07/05 16:22:24",
    "event": "slide"
  },
  {
    "category": "2",
    "app": "Dcard",
    "id": "3",
    "context": "上個月，我經歷一場八點檔的婚禮 上個月去參加我一個高中死黨的婚禮...，但那場婚禮大概是我人生一輩子都忘不了的回憶...，因為夠扯，但也看出來人心險惡，我曾有一個女朋友，她是我大一時認識的學姊，她對我很好，也很照顧我，當然大一上結束後，我就積極地跟她告白。就這樣我們再一起了五年多，雖然最後兩年她畢業去念其他校的研究所。  ",
    "time": "2017/07/05 16:22:35",
    "event": "click"
  },
  {
    "category": "2",
    "app": "Dcard",
    "id": "4",
    "context": "上個月，我經歷一場八點檔的婚禮 上個月去參加我一個高中死黨的婚禮... 但那場婚禮大概是我人生一輩子都忘不了的回憶... 因為夠扯 但也看出來人心險惡  我曾有一個女朋友，她是我大一時認識的學姊，她對我很好，也很照顧我，當然大一上結束後，我就積極地跟她告白。就這樣我們再一起了五年多，雖然最後兩年她畢業去念其他校的研究所。  然而時間很快的就過去了，我大學畢業後當完兵北上到台北工作，而前女友研究所工作後，就回到了高雄工作。 我有事沒事的就會搭著客運搭末班車回到高雄，然後周末結束後再搭末班車回到台北。就為了跟女友相處....  但好景不長，分手前兩個月她都怪怪的，不再跟我視訊不再跟我聊電話，很常找不到人又或者是很常吵架。我一直想這是遠距離的關係吧，所以我無奈著，想當然...沒多久我們就分手了。  分手後，很快的我就聽到他跟我高中好朋友交往，當時的我傻眼到爆，因為他們的認識是我介紹的阿，是大學時中秋節烤肉時我帶我女友去跟大家烤肉，他們才認識的。然後竟然在我跟她分手時，他竟然不顧兄弟情而跟他交往==''  這對我而言根本是在我傷口上灑鹽，後來我們死黨中又有人告訴我，其實我根本是被劈腿的，在分手前一兩個月，他們早就交往了，只是因為我在台北所以一直沒辦法發現。而這也是事後，他們聚餐時那男的跟大家說的，他們才來告訴我。  那幾個月的我根本狼狽不堪，一點都不想上班。後來隔壁搬來一個新鄰居，她好像跟我同年紀，我們就很常閒聊跟出去玩。當然也常了解雙方的過去，又因為住在同一屋簷下，所以我們感情也很快地升溫。但她曾不過問我過去的感情，但當然女人不過問，誰會蠢到自己去揭瘡疤給人嗆。  就這樣我在象山跟她告白了，而那晚她也親口告訴我，她是我前女友的表妹，雖然她跟姐姐不熟，外婆外公過世後，兩家就沒再來往。但從臉書有發現這件事情，雖然我們交往的這五年都很少發照片，但她曾看到。 但說真的就算是前女友的表妹也沒差，對我而言我愛她就好。  之後來到了上個月......經典八點檔 兄弟們有人傳來說他們兩個要結婚了，好像是奉子成婚。但這讓人意外，因為男的明明就劈腿，外面還有一個大學社團學妹。但大家都只裝作不知情不想戳破他，讓他自己收拾。 而女友的家也收到了婚禮喜帖，而她爸媽叫我女友帶我兩個人一起去吃吧，因為他們那天有事不方便出席。而我聽到後尷尬得要命，畢竟這是一場去參加曾經傷害我的人的婚禮....  婚禮前我傳訊息給了我其他死黨，他們都很開心我會去，也在屁話，順道聊到到時候婚禮一定有好看頭，這時的我還不知道是什麼...  直到當天，進入會場，我跟女友進去遇到很多認識的...男女方朋友..恩大家都用一種~蛤~前男友來幹嘛?  而新娘看到我也是一種傻眼到爆，新郎看到我也是一種仇視的眼神。 ((wtf...關我屁事啊，要仇視也是我仇視你吧==''  後來我們找到婚禮的位子坐著，基於表妹是親戚所以應該坐前面親人桌。但我個人比較想去跟高中死黨的坐，所以我就跟她跑去跟死黨們坐。(畢竟前女友的親戚我都看過，她爸媽看到我時都很說不出話，也很尷尬。  後來大家在吃飯時就在閒聊等等有好戲，我想說什麼好戲阿。婚禮到一半時...看到一個女生進場，然後帶著一男一女走進來，大喊那男生的名字...張哲x..你有種現在結婚，那我肚子裡的孩子你不要了嗎?  是的就這句話，沒錯在場所有來賓親人傻眼到爆，新娘也傻眼... 後來結局就是新郎被所有人罵到爆，而且婚禮也中斷了...  後來聽說，其實那學妹是我們死黨的男生傳訊息跟她說的，因為大家在當初新郎搶我女友時，大家都很不爽了，剛好新郎事後又去招惹了另一個死黨以前想追的學妹，所以大家就決定把消息告訴那學妹，至於學妹會怎做在於她。殊不知她竟然帶著爸媽來踢館...xdd  後來女友叫我去安慰她表姊...說真的我真的不想但大家都認為盡個義務吧，畢竟我最了解這女人想要的是什麼，也了解要如何哄她。 我進去了她的那房間，她爸媽看到我，就拜託我跟她女兒談談，而我真的不知談什麼，這不是之前傷我傷得很深的女人嗎?  所以我跟她小聊幾句，她一直對我說對不起要當初沒分手那該有多好，而我只能無奈地說，很抱歉，我們回不去了。 而妳現在要做的事，是要對於肚子的孩子以及你那未來的老公要怎處理，反正還沒登記，一切都不算數，想離開就好好想想下一步。 之後我就離開了，帶著女友離開婚禮現場。  而我女友問我，如果有天姊姊再回頭，我會如何? 我只是輕鬆的回答，往事只是回憶，而不可能重來....  最後聽說，女方不結婚了，孩子也拿了。小三也拿了小孩。因為沒人想嫁給他，而且男方得賠所有的損失... 女方也說後來等身體好想去了台中工作遠離家鄉那些是非之地，而男生，我就不太清楚了，只聽說過兩三個月會去中國上班。  這大概是我人生最扯的一場婚禮...但我也發現... 他媽的千萬別惹自己的兄弟...因為他們的復仇  _____________ 打字打太快錯字連篇..修改了一下錯字",
    "time": "2017/07/05 16:22:39",
    "event": "slide"
  },
  {
    "category": "3",
    "app": "Dcard",
    "id": "5",
    "context": "你有Dcard嗎？ 最近跟一個女生聊天聊得感覺不錯，昨天想說問她有沒有Dcard，如果有的話以後還有個共同話題，我們都是講電話不打字的，因為我們都懶，而且用講的肯定比用打的多，所以我昨天問她說你有Dcard嗎，她竟然回我  ",
    "time": "2017/07/05 16:25:29",
    "event": "click"
  },
  {
    "category": "3",
    "app": "Dcard",
    "id": "6",
    "context": "你有Dcard嗎？ 最近跟一個女生聊天聊得感覺不錯 昨天想說問她有沒有Dcard 如果有的話以後還有個共同話題 我們都是講電話不打字的 因為我們都懶 而且用講的肯定比用打的多  所以我昨天問她說你有Dcard嗎  她竟然回我 . . . . . . . . . . . . . 我只有C cup......   瞬間我終於知道什麼叫做空氣凝結了 ",
    "time": "2017/07/05 16:25:31",
    "event": "slide"
  },
  {
    "category": "4",
    "app": "Dcard",
    "id": "7",
    "context": "真的是童言童語嗎？ 發錯版告知一下，會刪謝謝，/，早上睡過頭和朋友約臺北碰面，很匆忙的出門但還是錯過一班車，想說去附近的便利商店買點東西吃，看了一下app下班車大約15分鐘，就抓了牛奶和涼麵結帳，本身不吃辣所以就拿了大滿足涼麵（麻醬）  ",
    "time": "2017/07/05 16:25:38",
    "event": "click"
  },
  {
    "category": "4",
    "app": "Dcard",
    "id": "8",
    "context": "真的是童言童語嗎？ 發錯版告知一下，會刪謝謝  /  早上睡過頭和朋友約臺北碰面 很匆忙的出門但還是錯過一班車 想說去附近的便利商店買點東西吃 看了一下app下班車大約15分鐘 就抓了牛奶和涼麵結帳 本身不吃辣所以就拿了大滿足涼麵(麻醬) 在座位區開始享用  這時來了一個弟弟 口中唸著沒位置沒位置就大聲的喊他媽媽 我想說我等個車而已4人座很浪費 (2人座的都滿了) 就招手和那個媽媽說可以坐我對面  媽媽來之後也沒說謝謝就算了 弟弟開始吃著冰批評周遭的人 EX: 那些叔叔怎麼那麼邋遢 (那是附近建案的工人) 喝一杯飲料為什麼要坐位置 那個姐姐腳好長好噁心 (那個女生至少170超正的被你說成這樣) 那個阿姨妝好濃好奇怪 (這個女生我沒看到因為坐在我正後方) 就是各種評語 頂多吐出一兩句能聽的 但都是稱讚他媽媽……  此時此刻我只覺得傻眼 他媽媽也不管也不阻止 就任由他兒子大聲批評  app的提醒跳出表示車子五分鐘後進站 我只好速速把剩下2/3的麵塞進肚子裡 一站起來……小腹凸出來了??? 我丟完垃圾要走出去等車時 那個弟弟說話了！  那個姐姐肚子很凸很醜像阿嬤！ 那個姐姐肚子很凸很醜像阿嬤！ 那個姐姐肚子很凸很醜像阿嬤！  整個臉一陣青一陣白 他媽媽還笑出來！ 顧不得等車了！走過去說 “弟弟，你這樣講話很不好！” 弟弟還回我說我只是小孩！ 一瞬間聽到理智斷裂的聲音 “弟弟，你仗著你是小孩說話不負責，不代表我就應該要原諒你，你這叫故意的不是叫童言無忌，換句話說叫白目！” 我也沒讓媽媽反駁的機會她一開口我就馬上接話 “這位阿姨，好心讓位也不懂的說聲謝謝！任由小孩在這肆意批評，你覺得人家叫你阿嬤你開心嗎？工人休息有錯嗎？你的房子誰蓋的？不懂的尊重他人還不教導小孩何謂尊重，真的是我看過最沒家教的小孩！” 他媽媽馬上回我說小孩子童言童語幹嘛計較 心眼很小之類的  真的是怒火直接爆炸和他說? “童言無忌不是用在沒有家教沒有教養的家庭裡！” 然後我就走出去等車了！ 短短幾分鐘的對話讓我超憤怒的！ 車快到時工人們也剛好走出來 還和我說謝謝? 怎麼會有這樣的媽教出這樣的小孩 這真的是童言童語嗎？  好歹小時候我媽還會威脅我閉嘴 然後和人家說小孩子不懂事? ",
    "time": "2017/07/05 16:25:39",
    "event": "slide"
  },
  {
    "category": "5",
    "app": "Dcard",
    "id": "9",
    "context": "#二更 兒子射後不理，妳身為媽媽卻⋯⋯⋯  不好意思在這邊回覆大家，再獻上一次道歉用這種標題，還有我是新聘教師要等到九月才會教到那小弟弟，我已經先記住了，並不會欺負他啦！只是會特別輔導他！，然後B22如果怕狗的話可以趕走他這個是合理的，但今天這條流浪狗窩知道，他很喜歡翻垃圾來吃而已並不會攻擊人，而且最讓我生氣的是他是把BB彈打在狗身上，好幾槍！我才會去制止！",
    "time": "2017/07/05 16:26:50",
    "event": "click"
  },
  {
    "category": "5",
    "app": "Dcard",
    "id": "10",
    "context": "#二更 兒子射後不理，妳身為媽媽卻⋯⋯⋯ 不好意思在這邊回覆大家，再獻上一次道歉用這種標題??? 還有我是新聘教師要等到九月才會教到那小弟弟，我已經先記住了，並不會欺負他啦！只是會特別輔導他！  然後B22如果怕狗的話可以趕走他這個是合理的，但今天這條流浪狗窩知道，他很喜歡翻垃圾來吃而已並不會攻擊人，而且最讓我生氣的是他是把BB彈打在狗身上，好幾槍！我才會去制止！  那隻狗都很可憐的在唉唉叫了！至於為什麼摔槍只是被氣到了，因為她媽媽一直叫我流氓，也就想說演給她看嘍！  本人是因為要當兵了才剃頭，項鍊是保平安的玉項鍊，木屐是日本買回來穿來散步的哈哈！但叼著菸確實不對，要戒了哈哈???  其實會打這篇文章並沒有要怪小朋友，其實真正要怪的是家長，所以我並不會因爲那小孩的行為我就對他有偏見，往後如果有教到他，會從課堂上切入讓他了解不該去欺負動物而已！  還有我本人脾氣算不錯，不然不會去當小學老師哈哈???！只是當下他媽媽的口氣讓我很受不了！  好啦這邊正文開始 這事情發生在前天晚上，我吃完晚餐帶著我家的狗狗去散步，路上發現有個國小屁孩拿著BB槍在射流浪狗，我立馬上前阻止  結果這小屁孩卻繼續射，我火一來就直接把他的槍搶走，他就開始叫媽媽，  他媽媽從家裡出來後就說：你在幹什麼？臭流氓！幹嘛欺負我兒子。  我心裡os：馬的我只是留個平頭帶個項鍊，天氣熱穿著吊嘎跟木屐然後嘴巴叼根菸就被說是流氓了  我就說阿姨你小孩拿BB槍射狗當好玩，我制止他後他不聽我才把他的槍搶走，還有我不是流氓！  他媽媽就回嗆：長這樣還說不是流氓，那隻流浪狗很討厭每次都翻我家的垃圾，我兒子只是在玩不小心射到，你搶他玩具幹嘛！耍流氓喔！  面對這種恐龍家長我也沒話說了，直接把槍摔爛，然後說多少錢我賠給你，錢掏出來以後我就說，我每天都會來這裡散步，如果讓我再看到你兒子射狗，我就再摔一次，就走了！  這種家長真的無法溝通，流浪狗做錯了什麼？他們從小就沒有人教導他如何生活，他們只能憑自己的本能去生活去翻垃圾吃，你還因為討厭他而合理化自己兒子的行為！  後來調查了一下他是哪間小學哪一班的，因為我們這裡是鄉下小鎮，很容易打聽，將將好就是我九月開始要去授課的小學， 就不要讓我教到你，讓你知道什麼是流氓教師！  在面試時校長也說我長得不太像老師，我說這是一大優點，現在的小孩子很皮很難教，我長得比較兇一點他們才會乖乖聽話！  最後跟大家道歉，用這種標題把大家騙進來哈哈！  簽名檔就用個：長相兇惡的小學老師吧！ ",
    "time": "2017/07/05 16:26:52",
    "event": "slide"
  },
  {
    "category": "6",
    "app": "Dcard",
    "id": "11",
    "context": "美妝  ",
    "time": "2017/07/05 16:27:11",
    "event": "click"
  },
  {
    "category": "6",
    "app": "Dcard",
    "id": "12",
    "context": "黑特 更 想要紋眉的各位請注意⚠️  對於我這個極度手殘的人，原先以為紋眉完就可以擺脫困擾，沒想到卻是悲劇的開始...，這是第一次剛用完的照片⬆️，很明顯就是眉毛高低不一樣、粗細不一樣、長度也不一樣，這跟原先紋眉師再幫我紋眉前化的眉型，其實是有差距的 ",
    "time": "2017/07/05 16:27:15",
    "event": "click"
  },
  {
    "category": "6",
    "app": "Dcard",
    "id": "13",
    "context": "黑特 更 想要紋眉的各位請注意⚠️ 對於我這個極度手殘的人 原先以為紋眉完就可以擺脫困擾 沒想到卻是悲劇的開始...  這是第一次剛用完的照片⬆️ 很明顯就是眉毛高低不一樣、粗細不一樣、長度也不一樣??? 這跟原先紋眉師再幫我紋眉前化的眉型 其實是有差距的 抱歉 請原諒當時沒拍照片，無法給各位比較 而且用完結痂過程，我也一直有滲血的情況，我不知道這是我個人體質問題還是...？ 但問過身邊有紋眉的朋友都沒有這種狀況過 第一次結痂掉完時眉毛底下很明顯有一條線，感覺就像是紋眉師當初所化的框行  之後有跟紋眉師反映那條線的問題 第二次回去補眉時 我詢問紋眉師那條線要怎麼修阿？ 她說：沒關係妳先躺下我來用 我相信她的專業，我就沒在多問什麼  第二次剛用完的照片⬆️  結痂掉完那條線還是存在著，我原先一直以為是留疤了 直到前幾天去醫美想雷射洗眉時 醫生看到我眉毛那條線的問題告知我這並不是留疤 而是當初紋眉師的失誤她使用膚色的去蓋，而且膚色即使雷射也會有反效果  這裏附上網路尋找到的相關文章?? 醫生也認為我去詢問清楚當初紋眉師的施作手法並反映此問題較好  附上跟紋眉師之後的對話⬇️⬇️⬇️  我對於紋眉這件事我是認同的 但對於紋眉師用膚色去蓋這件事 我敢保證，紋眉師並沒有告知我使用的方式也沒告知我蓋上膚色之後會造成的影響 如果她有告知我當初就不會選擇蓋膚色了！ 其實我今天也沒有要求紋眉師要賠償什麼，只想要紋眉師坦承自己的缺失並道歉難到很難嗎？ ⚠️提醒之後還有想要紋眉的各位記得一定要清楚自己紋眉師所使用的方法跟原料 7/5更新  感謝B89 幫我給該店家差評 關於店家控訴幾點我在這裡統一回復訊息 1.首先先道歉，我在文章沒有告知我紋眉的時間，這件事確實已經1年了，在紋眉後我前後補眉2次皆有反映關於那條線的問題 在這補上1年當中跟紋眉師的對話⬇️   我的今天會po這個文的原因是因為上星期去諮詢醫美想雷射洗眉時，醫生告知我眉毛那條線是店家的使用膚色顏料補色，如雷射的話防曬沒做好還會造成反黑，我跟店家反映，店家的回覆的對話訊息皆在一開始的內文裡 2.價格的部分我確實搞錯，因為當時我是眉毛跟眼線一起用的，這部分我也道歉 眉毛：12000 眼線：6000  當初是同時用的印象中好像有優惠1000  3.對於店家要對我提出名譽損害，這點我就真的很不解了，我確實有簽同意書同意店家施作但是同意書並沒有告知會使用膚色顏料，再者同意書皆要一式兩份，該給我的那份店家當初也並未提供，這樣在法律上應該算沒有效用的 這部分我不知道我認解有沒有錯誤還希望有法律系的卡友幫我解答 4.我今天控訴她的皆是她使用膚色顏料蓋色，是沒有經過我的同意，也沒有告知我會有什麼影響！對於這個我應該也可以像店家要求精神賠償吧??? 5.最後這段時間裡除了給該店家補眉之外，我並沒有再給其它美容業者或是醫美補眉或是洗眉的動作，只有在上星期跟醫美諮詢   簽名檔：眉毛失敗的女子??‍♀️??‍♀️??‍♀️ ",
    "time": "2017/07/05 16:27:19",
    "event": "slide"
  },
  {
    "category": "6",
    "app": "Dcard",
    "id": "14",
    "context": "我愛粉紅?眼妝分享 大概沒認真畫眼妝100年，今天終於硬是早起化妝了（值得鼓勵啪啪啪），整體長這個樣子～完全pinku pinku，這好像是我第一次畫拿麼粉的眼妝，參與粉紅派對的夥伴們有～1⃣️innisfree #matte34  ",
    "time": "2017/07/05 16:30:25",
    "event": "click"
  },
  {
    "category": "6",
    "app": "Dcard",
    "id": "15",
    "context": "我愛粉紅?眼妝分享 大概沒認真畫眼妝100年 今天終於硬是早起化妝了(值得鼓勵啪啪啪)  整體長這個樣子～ 完全pinku pinku 這好像是我第一次畫拿麼粉的眼妝   參與粉紅派對的夥伴們有～  1⃣️innisfree #matte34 2⃣️colourpop #making moves 3⃣️colourpop #come and get it 4⃣️innisfree #matte14 5⃣️colourpop #fringe ?dior lacquer stick #740 原本想連口紅都擦粉色系 但我真的無法再接受更多pinku惹... 所以拿這支橘紅色平衡一下  接著是分解圖～ (分解圖也超久沒畫 手指呈現半殘狀態 今天這張花了我15分鐘.. )  1⃣️從眼尾往前畫 稍微加深眼窩處 再從眼角往下帶到下眼皮1/2  2⃣️範圍是雙眼皮摺線內 畫完再用暈染刷將上面的界線模糊 還有跟1⃣️自然融合  3⃣️用手指點在和2⃣️相同範圍處  4⃣️用點的將這個深色點在眼尾 加強深邃度 可稍微帶一點到下眼皮最尾端(不要太多 會有點髒髒)  5⃣️畫在下眼皮前1/2 也可打亮眼頭(今天天氣很糟糕所以我不想打亮眼頭)  6⃣️畫眼線(我沒畫 因為我快遲到了QQ)(建議可以加個咖啡色的內眼線) 夾睫毛 刷睫毛   7⃣️完成?  整體妝感是這樣 (嘴巴那個不是沒塗好是反光) (硬要放兩張)  揪4仄樣? ",
    "time": "2017/07/05 16:30:28",
    "event": "slide"
  },
  {
    "category": "6",
    "app": "Dcard",
    "id": "16",
    "context": "東京Jo Malone省很大 我是jm腦殘粉️，趁著這次暑假還沒充斥一堆屁孩的時候?，趕緊來個日本東京自由行??，當然不能錯過亞洲最便宜的東急plaza銀座️，這間百貨8、9樓是給觀光客大買特買的免稅店，持happy go還可以換1000日圓折價券  ",
    "time": "2017/07/05 16:31:19",
    "event": "click"
  },
  {
    "category": "6",
    "app": "Dcard",
    "id": "17",
    "context": "東京Jo Malone省很大 我是jm腦殘粉❤️ 趁著這次暑假還沒充斥一堆屁孩的時候? 趕緊來個日本東京自由行?? 當然不能錯過亞洲最便宜的東急plaza銀座☺️  這間百貨8、9樓是給觀光客大買特買的免稅店 持happy go還可以換1000日圓折價券??  小弟我是7/1去百貨 剛好遇到summer sale❤️❤️❤️  一到百貨就立馬衝到jm櫃 第一件事當然先看價格 30ml 6400日圓 / 100ml 12800日圓 匯率我用0.27來算（我都換到0.26多?? 30ml大約台幣1700 / 100ml大約台幣3400 這樣已經超級便宜結果遇到好心台灣人跟我們講可以去拿優惠卷（happy go） 我們去櫃檯詢問 服務人員又偷偷給我們一張優惠卷（叫我們不要跟別人講??? 再來就是???? Do Re Mi Fa So  （最左邊兩罐是我帶去的） 我買了4罐30ml 3罐100ml 折了1000又打95折總共是59800日圓 大約台幣16000❤️❤️❤️ 如果在台灣專櫃買是23500 整整便宜了7500可以再買3支30ml? 紙袋還有世界浮誇的蝴蝶? 最重要的還可以免費寄送到機場 讓你不用提大包小包逛街? 到機場過海關才領也不用擔心超重☺️ 唯一的遺憾是那邊沒有茶系列??  總之就是 便宜便宜最便宜☺️☺️ 小的下台一鞠躬  -英國梨破壞大師 ",
    "time": "2017/07/05 16:31:27",
    "event": "slide"
  },
  {
    "category": "6",
    "app": "Dcard",
    "id": "18",
    "context": "這兩款防曬乳所含防腐劑超標(文長)  以下皆轉自媽咪拜，懶得看內文請直接跳文末總結，消基會日前針對市售防曬品作SPF測試，結果顯示有6件商品測試結果低於商品標示值，恐怕造成消費者購買的防曬產品打折扣。本次測試摘要，1.採樣：本次防曬產品測試樣品為2017年3月間，於雙北市地區連鎖大賣場、生活用品店及藥粧店購買，共計25件樣品，其中11件為液狀、14件為乳狀。",
    "time": "2017/07/05 16:32:07",
    "event": "click"
  },
  {
    "category": "6",
    "app": "Dcard",
    "id": "19",
    "context": "這兩款防曬乳所含防腐劑超標(文長) 以下皆轉自媽咪拜 http://mamibuy.com.tw/talk/article/87837?utm_source=FB-used&utm_campaign=regular&utm_medium=post  懶得看內文請直接跳文末總結  消基會日前針對市售防曬品作SPF測試，結果顯示有6件商品測試結果低於商品標示值，恐怕造成消費者購買的防曬產品打折扣。    本次測試摘要 1.採樣：本次防曬產品測試樣品為2017年3月間，於雙北市地區連鎖大賣場、生活用品店及藥粧店購買，共計25件樣品，其中11件為液狀、14件為乳狀。 2.標示調查：均符合《化粧品衛生管理條例》。 3.價格調查：25件樣品每毫升（公克）單價介於2〜16元。 4.對羥基苯甲酸酯防腐劑（Paraben）測試（7項）：7件檢出含Paraben，含量均低於1％。 5.化學性防曬劑成分測試（4項）：23件含桂皮酸鹽（Octinoxate）、氧苯酮（Oxybenzone）、奧克立林（Octocrylene）或甲基水楊醇（Homosalate）化學性防曬劑。 6.物理性防曬劑成分調查（2項）：7件含氧化鋅（Zinc oxide），2件含二氧化鈦（Titanium dioxide）。 7.防曬係數SPF測試：19件樣品SPF防曬係數測試結果符合標示值，6件樣品較低於標示值。   15號: 上山採藥 輕油水感全效UV防曬精華SPF50+ 16號: 蒂芬妮亞 零負擔輕透水防曬(臉+身體)SPF50 17號: 媚點 透顏防曬粧前乳SPF50+ 18號: 艾杜紗 全效防曬凝露SPF50+ 19號: 曼秀雷敦SUNPLAY防曬乳液（戶外玩樂型） 25號: 雪芙蘭 防曬熊厲害寶貝防曬乳液  比較本次於相同測試條件下測得25件樣品SPF係數，其中標示防曬係數「50」～「50＋」共19件樣品，標示「20」～「30+」共6件樣品，測試結果有19件樣品與標示值符合，有6件樣品低於標示值，包括編號15號「上山採藥輕油水感全效UV防曬精華」、16號「零負擔輕透水防曬」、17號「媚點透顏防曬粧前乳」、18號「艾杜紗全效防曬凝露」、19號「曼秀雷敦SUNPLAY防曬乳液（戶外玩樂型）」及25號「雪芙蘭防曬熊厲害寶貝防曬乳液」，其中3件為國產，1件為中國大陸產品，2件為日本產品。  推測差異原因包括：調配不均、配方不實、ZnO（TiO2）粒子不是奈米級、不同的檢測方法等。於臨界波長370 nm的透光度測試，有12件樣品的透光度低於5％，有效防護波長290〜370 nm UVB及部分UVA紫外線。   6個月以下嬰兒，這兩款防曬乳不要用！   本會於2007年間曾進行市售防曬產品標示調查，與本次調查結果比較，發現國內市售防曬產品標示已有顯著改善，有利消費者購買時參考。在單價部分因品牌、內容物等的差異，則有8倍的價差。    檢視本次防腐劑Paraben成分測試，均符合現行「化粧品防腐劑成分使用基準表」的規定。提醒消費者的是，「化粧品防腐劑成分使用基準表」修訂後將於2018年4月1日生效，未來Paraben防腐劑於非立即沖洗掉的產品，不得使用於3歲以下孩童之尿布部位，其中丁酯（Butyl）及丙酯（Propyl） paraben類的防腐劑修訂後的規定總量為0.14 ％，甲酯（Methyl）及乙酯（Ethyl） paraben類修訂後的規定總量為0.4 ％（單獨使用）及0.8 ％（混合使用）。Paraben對嬰幼兒的危害比較嚴重，有些國家因此不允許嬰幼兒的化粧品中使用該種防腐劑，如丹麥禁止使用丙酯和丁酯paraben類的防腐劑，用於3歲以下兒童使用的化粧品。    本次測試Paraben防腐劑中有2件樣品，此2項防腐劑含量超過修訂後的規定總量0.14％，包括編號2號「香蕉船兒童系列防曬乳液SPF50+PA++++」及13號「Olay高效隔離防曬乳（加強型）」，可能引發過敏反應影響健康，建議最好不要用於6個月以下的嬰兒。    本次測試25件樣品中Octinoxate、Oxybenzone、Octocrylene及Homosalate 4種化學性防曬成分，EWG研究質疑這4項物質的安全性。本次測試樣品中有3件添加Oxybenzone為主要成分，研究指出氧苯酮會滲透皮膚並引起光敏感及與激素失調過敏症有關，並且還被稱為「滲透增強劑」，指它可以幫助其他成分更容易地穿透皮膚，甚至可能導致皮膚癌，美國規範6％及歐盟10％或更低才認為是安全的，瑞典研究則指出不適合2歲以下幼童使用。本次測試25件中有20件樣品添加Octinoxate做為主要成分，其對皮膚刺激性小，但有研究指出其會擾亂荷爾蒙、造成皮膚老化，並產生自由基破壞皮膚細胞。Octocrylene會與其他紫外線吸收劑一併使用，可以達到較高的SPF 值，但其暴露在紫外線光下，吸收紫外線後，會被分解且釋放出氧自由基，可能破壞細胞導致突變。Homosalate可以吸收 UVB波段光線，有研究表明其對激素有微弱影響，產生有毒代謝產物，一般要求用量不得超過10％（與國內規範相同）。    另外，25件樣品有近半數添加防曬成分種類達5種之多，防曬成分占樣品體積約2成，有9件物理及化學防曬成分混合使用，雖都於規範限量內使用，但過於複雜的成分，長時間使用於皮膚上並透過皮膚吸收，尤其本次測試的4種防曬成分，有研究指出可能對健康有妨礙，消費者在選購及使用上應考量自身皮膚狀況，審慎選擇。    國內現行防曬產品管理規定，防曬化粧品除二氧化鈦成分以一般化粧品管理外，其餘防曬劑成分係以含藥化粧品管理，上市前須向衛生福利部辦理查驗登記，如該防曬類化粧品有標示防曬係數（如「SPF」、「PA+…」、「★…」等），應檢附防曬效能測定報告試驗文件等資料，供食藥署審查，以確認其防曬效能，經核准並領有許可證字號後，始得製造、輸入或販售，並且有「化粧品防曬係數SPF 測試（人體測試）技術規範指引」供企業參考，然而人體測試耗時，且檢測費用極高，單靠業者自行管理，恐不夠周延，相關單位應進行抽驗，始能確保業者提供的測試報告真實性。    根據美國《消費者報告》發現60％被測試的防曬霜中有43％不能達到標籤上的SPF聲明，另外需提醒消費者的是，SPF值經常會令人誤解，以為數值愈高，防曬效果就愈好，然而較高的SPF等級不一定提供更大的保護免受紫外線照射而造成皮膚損傷，需考慮其對抗UVA的能力，目前國內最多的UVA防護標示為參考日本化粧品工業聯合會（JCIA）經「人體測試」UVA防護效能檢測方法標示的「PA」及英國Boots公司提出「體外試驗」檢測方法，以「★」標示的UVA防護效能。消費者在選購時經常以SPF值、「PA」為首要參考因素，因此相關單位應儘快研議一套完整的規範，讓防曬產品由上市前的審查，至末端的查驗工作都能受到管理，以保障消費者的權利和安全。SPF係數與「PA」一樣，除了現有規範外，國內尚未公告與國際完全接軌的標準測試方法及調查結果，市面上商品的防曬係數及相關資訊標示依據的真實性消費者無從得知，若參考國外現有測試方法，考慮地理環境、陽光照射及人種皮膚等因素，以國外的測試方法得到的結果，與國內的測試結果可能不同，建議相關單位應儘速研議適合國內的測試方法及進行市面上的商品抽驗。   消費者選購防曬乳的注意事項 為確保消費者的消費安全，經由本次測試，消基會提出下列建議： 1.  即使擦了防曬產品也不應肆無忌憚地曝曬在太陽底下，多數防曬產品應在20分鐘前提前擦用，另外應優先搭配具防曬功能的帽子、洋傘、長袖服裝等，可減少防曬產品的使用量。 2.  選購防曬產品除了SPF及「PA」等防曬效能外，應檢視成分是否安全，尤其為兒童選擇防曬產品更應重視成分的安全，建議可以選購致敏性較低的物理性或偏物理性的混和性防曬產品。 3.  夏季陽光強烈，且溫度高，日照長，應儘量避免在陽光強烈的時間外出。 4.  塗抹防曬品要適量（2 mg/cm2），且依活動強度及環境條件，適時（一般2小時，夏天戶外水上活動為1小時，室內環境則可長達6小時）。 5.  紫外線並非夏天才會出現，在室內暴露到長波段UVA的機會愈高，因此平時就應注意防曬。   --------------------------------結論  <<以下6件產品的防曬係數低於包裝標示值>> 上山採藥 輕油水感全效UV防曬精華SPF50+ 蒂芬妮亞 零負擔輕透水防曬(臉+身體)SPF50 媚點 透顏防曬粧前乳SPF50+ 艾杜紗 全效防曬凝露SPF50+ 曼秀雷敦 SUNPLAY防曬乳液(戶外玩樂型)SPF50+ 雪芙蘭 防曬熊厲害寶貝防曬乳液SPF30  <<以下2件產品含有Paraben防腐劑,超標>> 香蕉船 兒童系列防曬乳液SPF50+ 歐蕾 高效隔離防曬乳液(加強型)SPF50  文中沒提到的產品不代表100%安全無慮 現在的防曬產品很多都添加複合型的防曬成分,長期使用下對健康是有影響的 個人認為最好的防曬是衣物類陽傘等等,往身上抹的東西是越少越好 雖然多數防曬品的成分都在安全值內,但是積少成多 從保養品,然後防曬乳,最後化妝品,無形間就讓防腐劑無上限的往身上疊加 久了即使沒有嚴重過敏,也會讓皮膚負擔過重,加速老化病變等等 ",
    "time": "2017/07/05 16:32:10",
    "event": "slide"
  },
  {
    "category": "6",
    "app": "Dcard",
    "id": "20",
    "context": "#圖 我的solone眼影終於集滿21顆啦！  solone眼影的特色就是顯色、便宜、選擇多，但很飛粉~，常常優惠，讓人不小心就買太多了，這次出的新色很繽紛可愛，有燒所以就全買了，但買最多的還是上一波的顏色~超美，先來看我的眼影盤，我來特寫一下那個鳶尾花紫，上面拍的太藍了~ ",
    "time": "2017/07/05 16:32:47",
    "event": "click"
  },
  {
    "category": "6",
    "app": "Dcard",
    "id": "21",
    "context": "#圖 我的solone眼影終於集滿21顆啦！ solone眼影的特色就是顯色、便宜、選擇多，但很飛粉~ 常常優惠，讓人不小心就買太多了  這次出的新色很繽紛可愛，有燒?所以就全買了，但買最多的還是上一波的顏色~超美  先來看我的眼影盤   我來特寫一下那個鳶尾花紫，上面拍的太藍了~    再來看他們的色號~ 以及手部試色的對比。 號碼對著看   這裡來補充一下它們的質地及名稱  02深邃可可----絲絨光 25晨光橘霧----珠光 39金耀光芒----璀璨 47可可金莎----絲絨光 48日落暖橘----霧面 49拿鐵咖啡----霧面 50夢幻漾粉----霧面 51微醺桃紅----霧面 52勃根地紅----霧面 53蜜桃糖霜----霧面 54秋日杏黃----霧面 55楓葉磚紅----霧面 58紫醉金迷----絲絨光 59皎潔月色----絲絨光 60奶油太妃----霧面 61黃檸慕斯----霧面 62雪藏玫瑰----霧面 63薄荷糖霜----絲絨光 64靜謐湖水----霧面 65紫鳶尾花----霧面 66藍伯爵茶----絲絨光  再來就是眼影在眼睛上的效果啦  1. 夕陽眼妝 （54+55+52+39） 我最喜歡的~~~~~   2.黃x紫 （61+65） 這是solone在fb分享的畫法，就來試試看 嗯……我是不會這樣出門啦   3.黃X綠 （61+63） 大自然風???？   4.粉X紫X藍綠 （62+64+66） 完全不知所云的配色啊這個XD 只是玩玩看而已~粉色很不顯色…… （這個可以略過XD）   5.桃紅眼妝 （50+51+52） 比較清淡的紅~   試色的時候覺得這次新出的繽紛顏色很美，但配色真的不簡單啊……黃和粉也很不顯色……有點失望QQ  同場加映最近買的  超美的Missha編織眼影！   手部試色   眼妝 （哦這眼影真的閃的很美，也很好暈染，大愛）    謝謝各位！  -購物狂人- ",
    "time": "2017/07/05 16:32:51",
    "event": "slide"
  },
  {
    "category": "6",
    "app": "Dcard",
    "id": "22",
    "context": "#圖 #cos 用妝容換性別？換年齡？— 絕命毒師妝容過程 哈囉大家好~ 我是冷冽，不知道有沒有人看過「絕命毒師」這部美國影集，它的內容是在講一位高中老師（Walter White）跟他以前的學生一起製毒販毒的故事️，我很久以前就想試男主角的妝了，只是一直懶得動手",
    "time": "2017/07/05 16:33:52",
    "event": "click"
  },
  {
    "category": "6",
    "app": "Dcard",
    "id": "23",
    "context": "#圖 #cos 用妝容換性別？換年齡？— 絕命毒師妝容過程 哈囉大家好~ 我是冷冽✨  不知道有沒有人看過「絕命毒師」這部美國影集  它的內容是在講一位高中老師(Walter White)跟他以前的學生一起製毒販毒的故事❤️  我很久以前就想試男主角的妝了，只是一直懶得動手???     前不久一時興起就找了影集的劇照來試了一下Mr. White的妝  想說乾脆把化妝的過程簡單拍幾張照放上來分享一下這樣?    那麼下面從素顏開始放照?    總之先上底妝?    上完底妝後長這樣? 但是照片看不太出差別???    我一開始先上了眉毛? 然後如果你好奇頭上的網子是什麼 那是髮網，戴假髮要用的?    接著把一些陰影定位出來 這個角色的眼妝我下手比較重  除了因為他臉上皺紋較多之外，Mr. White在後期的性格也給觀眾明顯比前期粗獷的感覺  然後因為我畫任何cos妝都是照著演員、角色的照片去畫的 所以眉毛沒有對稱、兩隻眼睛畫法不一樣...等等的問題 真的不是畫錯，是我參考的照片就長那樣啦?    再來就是額頭上的皺紋、眼袋及眼妝 每一個筆畫都要分輕重  拿雙眼皮來講，我有時候不會畫整條假雙 會依照角色的眼型跟陰影去調整線條的粗細跟明顯度  （對沒錯，我本身是內雙，但我沒貼，我都是用畫的?）    再來打上鼻影跟臉部的一些皺紋 鼻影我滿常先打深再用手磨掉的 然後鼻影也是一樣要照角色的鼻型去做修飾    之後再加上鬍子? 這時候已經把鼻影用手磨淡了?  鬍子不是全黑? 我是先大面積打了明暗之後，再修細節  如果你覺得這句話有點耳熟..... 你好，我高中是美工科的???    全臉修容    打亮之後再修一下細節 然後就~完妝啦！！    我還沒買防護衣，所以暫時用雨衣頂替???       以防你忘記我原來長什麼樣子???      對了，撇除底妝 我這個妝所有的用具，基本上只有使用這些?     總之這就是我Mr. White大致上的妝容過程?    一般大家聽到cos，可能會直覺想到動漫角色  但我希望大家也可以知道歐美角的美好啊?❤️  不知道大家看完這篇後，對歐美角色的cosplay有沒有更多的了解?❤️（嗯？）    最後我要放火燒一下大家?（漫威粉?）      那麼，謝謝看到這裡的你?  我是冷冽，我們下次見！? ",
    "time": "2017/07/05 16:33:56",
    "event": "slide"
  },
  {
    "category": "6",
    "app": "Dcard",
    "id": "24",
    "context": "#分享 ✨essence 緞面絲絨腮紅全試色  Hi，這次我來分享前陣子ptt火紅的essence satin系列的腮紅！，因為satin 30被譽為類似肌膚之鑰停產的阿土色而開始知名度炸開，........當然還是差別蠻大的別傻了，不過這不影響他的平價優點",
    "time": "2017/07/05 16:35:27",
    "event": "click"
  },
  {
    "category": "6",
    "app": "Dcard",
    "id": "25",
    "context": "#分享 ✨essence 緞面絲絨腮紅全試色  Hi??  這次我來分享前陣子ptt火紅的essence satin系列的腮紅！ 因為satin 30被譽為類似肌膚之鑰停產的阿土色而開始知名度炸開 ........當然還是差別蠻大的別傻了??? 不過這不影響他的平價優點 會想全包色除了朋友推薦 還有我自己手癢? 再來就是他一顆109元 5g的超划算價錢???  現在來放上手臂試色圖給大家參考一下！   完全無濾鏡修色 實體跟我肉眼比對下抓到最準了！ 先說他的產品心得！ 1.質地比較軟綿 2.會小飛粉 3.顯色 4.持久度不錯，下午4點完妝，11點到家還在！ 5.便宜  收集ptt跟朋友的意見，大多數覺得 10白皮顯膚白，百搭色 20比較挑人，有些人覺得顯髒，有些人覺得美 30當bronzer很美，喜歡深一點腮紅也很適合  Ps:我自己個人最愛10、30❤️❤️❤️ 但依造我客觀的態度，我是支持全收的，因為便宜哈哈哈哈哈???  下面放一點細圖給大家參考 畢竟門市都沒有辦法試用 希望大家都能買到適合的顏色(小聲說記得包色喔！)?  Satin 10   Satin 20   Satin 30   —打完收工?? ",
    "time": "2017/07/05 16:35:29",
    "event": "slide"
  },
  {
    "category": "6",
    "app": "Dcard",
    "id": "26",
    "context": "MAC金屬唇膏開箱文❤️ Dcard用了三年，第一次po文獻給了美妝版⭕️⭕️，獻醜了，前陣子很多藝人網美都在打這隻的廣告，️MAC金屬唇膏，那時候看到Hello Catie擦的試色文，美的嫑嫑der，去MAC櫃上問是說7/4上櫃",
    "time": "2017/07/05 16:36:05",
    "event": "click"
  },
  {
    "category": "6",
    "app": "Dcard",
    "id": "27",
    "context": "MAC金屬唇膏開箱文❤️ Dcard用了三年，第一次po文獻給了美妝版⭕️⭕️ 獻醜了???? 前陣子很多藝人網美都在打這隻的廣告 ➡️MAC金屬唇膏 那時候看到Hello Catie擦的試色文 美的嫑嫑der  去MAC櫃上問是說7/4上櫃 差不多下午四五點進貨 因為我當天要上班，閃光就幫我去排隊買)開勳❤️ 我買了兩隻  色號⬇️Hades Fire   ⬇️Any Thing Once那時候買到最後一隻?   這次的金屬唇膏 真的超美❤️❤️❤️❤️❤️❤️❤️ ",
    "time": "2017/07/05 16:36:07",
    "event": "slide"
  },
  {
    "category": "6",
    "app": "Dcard",
    "id": "28",
    "context": "#圖 慎入 亂擠痘痘跟亂擦藥的下場 這是高一的時候，那時候長了個痘痘可能是手沒乾淨吧，不知道為啥擠完隔天就腫腫的，然後我居然拿擦長針眼的青黴素去擦，（以前真的是智障 智障啊），️，眼睛腫的跟豬頭一樣，我媽早上看到我還說妳是去整形完還沒消腫嗎哈哈哈",
    "time": "2017/07/05 16:36:35",
    "event": "click"
  },
  {
    "category": "6",
    "app": "Dcard",
    "id": "29",
    "context": "#圖 慎入 亂擠痘痘跟亂擦藥的下場 這是高一的時候 那時候長了個痘痘可能是手沒乾淨吧 不知道為啥擠完隔天就腫腫的 然後我居然拿擦長針眼的青黴素去擦 （以前真的是智障 智障啊）   ☝️ 眼睛腫的跟豬頭一樣 我媽早上看到我還說妳是去整形完還沒消腫嗎哈哈哈   ☝️ 對比圖   ☝️ 之後去看醫生 醫生給我吃了藥也給我擦的藥 然後過幾天就把它擠出來啦 醫生還說再嚴重點就要變蜂窩性組織炎了?   ☝️ 擠出來的東西 其實比較像是用拉的出來 很像鼻屎啊～   ☝️ 現在的照片 因為我朋友問說這樣雖然擠出來很爽可是會有疤欸 其實沒有 我也不知道為啥沒疤哈哈 ",
    "time": "2017/07/05 16:36:39",
    "event": "slide"
  },
  {
    "category": "6",
    "app": "Dcard",
    "id": "30",
    "context": "#圖 #分享 Bourjois 妙巴黎新品 #17 焦糖冰塊 試色 手機排版請見諒️，嗨 我是寶寶?，剛逛寶雅的時候發現7月新品上架了！，戀法又出了4個新色！！！，但其實歐美好像早就有了，查了youtuber的試色就決定買#17 焦糖冰塊 是個在台灣少見的顏色，熱騰騰來開箱",
    "time": "2017/07/05 16:37:17",
    "event": "click"
  },
  {
    "category": "6",
    "app": "Dcard",
    "id": "31",
    "context": "#圖 #分享 Bourjois 妙巴黎新品 #17 焦糖冰塊 試色 手機排版請見諒❤️  嗨 我是寶寶??  剛逛寶雅的時候發現7月新品上架了！   戀法又出了4個新色！！！ 但其實歐美好像早就有了? 查了youtuber的試色就決定買#17 焦糖冰塊??? 是個在台灣少見的顏色 熱騰騰來開箱  他的英文是cool brown #17   產地是法國??❤️  擦起來有點裸色感帶點咖啡橘調 但是又不會有生病的感覺 味道依然是戀法味? 個人不討厭啦  以下是少少試色照     最後一張有調唇色，比較接近實際顏色 不知道為什麼在白燈下比較接近粉色? 其實是帶橘棕色的裸色（吧！？  我個人覺得超美 尤其陪襯有點氣勢的眼妝 不會搶風頭哦❤️❤️❤️   另外買回家一直覺得名字很熟悉 後來發現名字超像焦糖裸?    上面焦糖冰塊 下面焦糖裸  顏色差很多，絕對可以買? （（（剁手中  以上就是這次的分享～～～ 希望你們喜歡?  -  btw  眼妝是colourpop的新品yes please palette 超！！！美！！！這個也絕對可以買???  個人覺得非常顯色，雖然有點飛粉，粉一碰就沾超多?，但還是可以接受，畢竟16美金而已！還是非常值得的哦！??? ",
    "time": "2017/07/05 16:37:19",
    "event": "slide"
  },
  {
    "category": "6",
    "app": "Dcard",
    "id": "32",
    "context": "推e.l.f防水眼線液筆???  這隻是誤打誤撞想減少運費才多追加的，找代購買150 超便宜的！！！，一隻眼線液才150你敢信！！！，而且又超好畫超適合新手?，直接上圖 來，外觀很簡單我喜翻筆刷不會太細所以很好描繪～ 我買的是黑色，可是他的黑不會到很死黑那種，因為我畫太死黑會太突出，所以覺得這款剛剛好  ",
    "time": "2017/07/05 16:37:53",
    "event": "click"
  },
  {
    "category": "6",
    "app": "Dcard",
    "id": "33",
    "context": "推e.l.f防水眼線液筆??? 這隻是誤打誤撞想減少運費才多追加的?? 找代購買150 超便宜的！！！??✨ 一隻眼線液才150你敢信！！！    而且又超好畫?超適合新手?? 直接上圖 來   外觀很簡單我喜翻?筆刷不會太細所以很好描繪～ 我買的是黑色，可是他的黑不會到很死黑那種，因為我畫太死黑會太突出，所以覺得這款剛剛好???  測試? ❣️畫出來本尊（手有點黑請見諒?）   ❣️用手指抹了一下（沒太大力，平常戴妝也不會大力去揉眼睛ㄅ）??   ❣️滴水   ❣️滴油    ❣️卸掉 （我用卸妝油輕輕畫圓大約20秒，眼唇卸妝液應該會更快）   ❣️實妝照（截圖放大有點模糊??????）    覺得線很好拉，我之前用的眼線，眼妝畫完覺得非常好，殊不知一個眼線全組壞光光??? 以上是不專業分享，各位僅供參考～～?♥️ ",
    "time": "2017/07/05 16:37:56",
    "event": "slide"
  },
  {
    "category": "6",
    "app": "Dcard",
    "id": "34",
    "context": "令人雞凍的美人魚色-Morphe Jaclynhill聯名眼影盤 為了四個顏色買這麼一大盤眼影，但我不後悔XDDDD，拿到第二天馬上刷色+隨便擼了個眼妝，中間的湖水綠真的美得我不要不要的啊啊啊，下面是眼影盤本人，它的外殼和內裏都是白的，所以很怕髒QQ，超喜歡這次全紙盒的材質，重量減輕非常多️ ",
    "time": "2017/07/05 16:38:28",
    "event": "click"
  },
  {
    "category": "6",
    "app": "Dcard",
    "id": "35",
    "context": "令人雞凍的美人魚色-Morphe Jaclynhill聯名眼影盤 為了四個顏色買這麼一大盤眼影，但我不後悔XDDDD  拿到第二天馬上刷色+隨便擼了個眼妝   中間的湖水綠真的美得我不要不要的啊啊啊  下面是眼影盤本人  它的外殼和內裏都是白的，所以很怕髒QQ   超喜歡這次全紙盒的材質，重量減輕非常多❤️  每個顏色都有各自的名字   全刷色❤️   第一眼看到這盤眼影就被左下四個顏色吸引了。 可能之前紅色系買太多了，互補一下要買藍色的XDDD  不過必須稱讚一下，這盤品質真的很不錯，沒有來個暴雷不好用的? 連上面的霧面色都很滑順！ 特別是深酒紅，超級無敵顯色❤️   最最最美的大概就是它了 最左邊的Pool Party..美到我捨不得卸掉   刷色影片在這邊～ https://vimeo.com/224280403  讓我排隊結帳等了23分鐘。 等到快崩潰不是開玩笑的.....    這次的配色～  1️⃣眼頭 Beam微粉調的珠光色，非常細膩！大推 之後接著上Sissy，娘砲通常都很美，這顆也不例外?偏光的玫瑰金  2️⃣主色-Pool Party 泳池派對，美到凍美ㄉㄧㄠˊ的湖水綠，光澤細膩❤️ 像清澈沙灣的海水一樣✨✨✨  3️⃣眼尾深色（2色組成） 淺色部份是Twerk，它應該是「靛」而非「藍」 深色部份用Royalty，明度稍低一點的灰紫，帶出深海的感覺（？ 4️⃣眼窩色Jada霧面湖水綠，最後為了調和邊界才加上去的，不然很沒層次感（空虛） 5️⃣下眼尾的話有多加Diva珠光墨綠色的～和Enchanted霧面墨綠，製造出最底層海洋陽光無法到達的感覺??? 最後用Beam混合inglot duraline刷上細線，勾勒出魚鰭的感覺～   飄蕩的魚鰭才是這個妝的亮點XD   我覺得這盤的Enlight（左上）可以直接當打亮，粉超細緻，一點都不突兀❤️  左邊用了很巫婆的配色（變海妖了啦 右邊的話就是素唇?‍♀️?‍♀️?‍♀️（光線因為下雨變暗很多...）    希望大家喜歡這次的分享啦? 我的腦細胞真的要死光了 設計類群的同學們果然都是神 我一天生一個眼妝就想死了Orz ",
    "time": "2017/07/05 16:38:33",
    "event": "slide"
  },
  {
    "category": "6",
    "app": "Dcard",
    "id": "36",
    "context": "完全不用眼影盤的眼妝 整體妝容，這次我們會用到的產品，刷色，請忽略我的眉毛感謝，首先，拿眉粉盒的左2拿刷具當眼窩色，再用03優雅裸粉疊加在剛剛刷的地方，前1／2用mat1，後1／2用nyx 04，整個用手指暈染開來，最後一步用essence的打亮中間那顆，上在眼皮中央，再夾、刷睫毛就完成了  ",
    "time": "2017/07/05 16:39:27",
    "event": "click"
  },
  {
    "category": "6",
    "app": "Dcard",
    "id": "37",
    "context": "完全不用眼影盤的眼妝 整體妝容  這次我們會用到的產品  刷色    請忽略我的眉毛感謝  首先，拿眉粉盒的左2拿刷具當眼窩色  再用03優雅裸粉疊加在剛剛刷的地方  前1／2用mat1，後1／2用nyx 04  整個用手指暈染開來  最後一步用essence的打亮中間那顆，上在眼皮中央，再夾、刷睫毛就完成了   口紅是絕色紐約的AVL06   —————————————————— 日常眼妝&眉毛畫法#新手#單眼皮 - Dcard  ",
    "time": "2017/07/05 16:39:29",
    "event": "slide"
  },
  {
    "category": "6",
    "app": "Dcard",
    "id": "38",
    "context": "ALLIE防曬特價！ 如圖～～博客來今天每日一物是allie防曬特價，90g只要629耶！，我已經下單了，覺得好用的人也快去吧️️",
    "time": "2017/07/05 16:39:55",
    "event": "click"
  },
  {
    "category": "6",
    "app": "Dcard",
    "id": "39",
    "context": "ALLIE防曬特價！ 如圖～～ 博客來今天每日一物是allie防曬特價 90g只要629耶！ 我已經下單了 覺得好用的人也快去吧☺️☺️ ",
    "time": "2017/07/05 16:39:57",
    "event": "slide"
  },
  {
    "category": "6",
    "app": "Dcard",
    "id": "40",
    "context": "#更 臺灣美妝產業有聲的哀號你知道嗎？ ",
    "time": "2017/07/05 16:40:20",
    "event": "click"
  },
  {
    "category": "6",
    "app": "Dcard",
    "id": "41",
    "context": "#更 臺灣美妝產業有聲的哀號你知道嗎？ 更新在最底下，可以最後看  為反而反不太好?，不要披著理性的外皮假裝自己有客觀思考，實際上只是想反中國而已  以下言論皆基於商業觀點，用客觀角度發言，不含任何政治因素  現在有兩個主要吵的點  1. 上面產地印中國台灣  相信大家都知道如果想要讓台灣的產業能繼續成長，出口就是必要的事，要不然永遠就只是國內自己的資產重新分配，從一個口袋到另一個口袋，永遠賺不到國外的錢，經濟不會成長  中國市場那麼大，試問有何理由要放棄？ 今天廠商如果不改就不能賣，難道要因此放棄一個賺錢的機會？然後因為國內市場不夠大賺得不夠連年虧損，最後台灣產業通通外移，連帶技術一起移給別國？  看起來這篇下面少數人似乎能認同這個觀點，表示自己不是因為產地的標示方式黑特人家 所以就是執著於下一個問題了？  2. 把「賣剩的東西」帶回台灣繼續賣  如果你糾纏的點在於你就是不爽帶去「中國」的商品又被帶回來，那你就是單純偏見而已。畢竟人家又不是賣瑕疵品給你，帶去中國也不會因此就改變商品品質。今天要是是從日本韓國或歐洲國家帶回來的你還有這麼多反對言論？  既然你都已經認同要出口就必須改產地標示，那「要再拿到台灣賣也不把包裝重新改改」就變得很無理取鬧了吧？不管是把整個外盒丟掉重包，還是把標籤貼紙撕下來重貼都是浪費人力資源的事，而且這樣很 不 環 保喔，@那些曾經因為環保鬧別人版罵人的人，這裡有人浪費地球資源！！！  如果你能接受所謂的Outlet，也就是暢貨中心，那你應該不難理解把過剩的產品、在其他地方賣不出去的東西壓價之後，再用特賣會賣出去的作法吧？ Outlet裡面從鞋子到包包，有特價的幾乎都是過季商品，有些就是從賣不掉的地方調來繼續賣的，如果你反對把「賣剩的東西」繼續賣，那你就不要開心去買Outlet的商品，內心覺得好便宜賺到欸，然後又在這裡黑特  還是其實從世界各國賣剩的商品你都可以接受，就是中國不行？  可以用客觀角度思考，理性一點嗎？ 當然如果你打從心底就是覺得「所有和中國沾到邊的東西都應該消失」，那我再打3000字跟你說都沒用，你一開始就不應該來看這篇文章? 對了，你上淘寶買過東西嗎？  ------------------------------  會提到淘寶是因為有些人爽爽買淘寶可是現在看到「中國」兩個字就有偏見 至於「誠實」問題， B5 就有提到去年特賣會也是這樣的包裝，而且今年台中場的特賣會難道不是也是這樣（這是真的疑問，有台中的同學有去嗎？）    如果是覺得廠商沒有發公告表示這次的包裝是這樣的，因而黑特他沒有告示大家，那也是可以理解的 但是過去的特賣會都是這樣，也沒有人告訴廠商他們這樣的作法有問題，他今年沒有說大概也有跡可尋 這樣我就很不懂為什麼去年沒有人罵廠商不誠實了 ?更 ",
    "time": "2017/07/05 16:40:21",
    "event": "slide"
  },
  {
    "category": "6",
    "app": "Dcard",
    "id": "42",
    "context": "#問 出國帶哪盤眼影最實用  想問版上的大家，要出國一個月帶哪盤眼影最實用，咖啡館暫時不考慮因為怎麼畫都差不多想偶爾有點變化但又有安全色，以下是選手⬇️⬇️，1.tarte，2.KIKO#100，3.LIZLY，4.Etude House 櫻花盤  ",
    "time": "2017/07/05 16:41:02",
    "event": "click"
  },
  {
    "category": "6",
    "app": "Dcard",
    "id": "43",
    "context": "#問 出國帶哪盤眼影最實用 想問版上的大家，要出國一個月帶哪盤眼影最實用???  咖啡館暫時不考慮因為怎麼畫都差不多想偶爾有點變化但又有安全色，以下是選手⬇️⬇️  1.tarte     2.KIKO#100    3.LIZLY   4.Etude House 櫻花盤    5.Etude House 冰淇淋盤    6.Etude House 果汁吧   跪求大家給我意見???暫時不考慮出國直接買一盤新的舊的都用不完了?? ",
    "time": "2017/07/05 16:41:04",
    "event": "slide"
  },
  {
    "category": "6",
    "app": "Dcard",
    "id": "44",
    "context": "屈臣氏有賣契爾氏？？？ 今天在滑屈臣氏app竟然看到有契爾氏，馬上搜尋結果竟然真的有！，應該是正版的吧！，只是看到還是驚呼了一下，有女孩有買過的嗎？",
    "time": "2017/07/05 16:41:34",
    "event": "click"
  },
  {
    "category": "6",
    "app": "Dcard",
    "id": "45",
    "context": "屈臣氏有賣契爾氏？？？ 今天在滑屈臣氏app竟然看到有契爾氏 馬上搜尋結果竟然真的有！ 應該是正版的吧！ 只是看到還是驚呼了一下 有女孩有買過的嗎？ ",
    "time": "2017/07/05 16:41:36",
    "event": "slide"
  },
  {
    "category": "6",
    "app": "Dcard",
    "id": "46",
    "context": "#揪團 (滿單不收)MAC 子彈頭 唇膏  7/5 7AM 人數太多，關閉表單，-----------，更表單都可以填寫喔～⭐️⭐️匯款結單期限至7/6（四）pm6⭐️⭐️，️️確定購買能在期限內匯款再填單，棄單者會公布於Dcard文章內️️，Ps每單唇膏限9隻，若超過數量依匯款順序下單",
    "time": "2017/07/05 16:42:07",
    "event": "click"
  },
  {
    "category": "6",
    "app": "Dcard",
    "id": "47",
    "context": "#揪團 (滿單不收)MAC 子彈頭 唇膏 7/5 7AM 人數太多，關閉表單 ----------- 更表單都可以填寫喔～  ⭐️⭐️匯款結單期限至7/6(四)pm6⭐️⭐️ https://docs.google.com/forms/d/e/1FAIpQLScWwFYZsM06ZNeT_4OV1C5Cv4EtzjMREGehXob8gNL083wcwQ/formResponse ⛔️⛔️確定購買能在期限內匯款再填單, 棄單者會公布於Dcard文章內⛔️⛔️  Ps每單唇膏限9隻，若超過數量依匯款順序下單 ----------------------- 前陣子太忙75折錯過了QQ 現在select member85折 子彈頭一隻才4XX台幣   ?揪團商品 http://m.maccosmetics.com/product/13854/310/products/makeup/lips/lipstick/lipstick/#/shade/Brick-O-La MAC LIPSTICK 依這個為主，想買其他商品有開成在備註表單  ?美匯： 30.7*(1.015-0.006)=31(多退少補)  ?商品金額： 總美金*0.85*31(小數點進位)  ?稅金、國際運費： https://www.maybuys.com/ChargingRules.php 集運包稅.一件30.兩件60<依此類推、多退少補>  ?國內運費(3選1)： 1.店到店+65 2.郵寄1號包+42 3.自行提供寄件單號+5 *已加上包裝雜費5元  ?其他折扣 使用郵局visa卡 現金回饋0.6% 已經直接回饋在美匯裡面  ?備註事項 1.贈送唇膏部分，若有成團會跟團員討論，看是要抽籤還是給買最多美金者 2.需先匯款 我是郵局帳號 (可無摺存款) 3.若任何因素造成需要退款，非郵局帳號一律扣除15跨行手續費  ******4.下單完成會提供明細********  ?注意? 美國商品都需要比較長時間運送跟等待 運送中若遇到瑕疵破裂官網少寄等等因素 主揪會幫忙協助處理不負責賠償 請可以接受再跟團   要買在+1不要喊好玩的 謝謝 ",
    "time": "2017/07/05 16:42:10",
    "event": "slide"
  },
  {
    "category": "6",
    "app": "Dcard",
    "id": "48",
    "context": "#染#圖#雷 卡樂芙覆盆紫莓莓莓 楔子----，是這樣的，最近男友一直吵著要染髮 於是乎我就拎著他去小屈晃了一圈，抵達了染髮區 我們就先鎖定了卡樂芙系列（顯色有名不多說），結果男友看到紅色系一直很興奮 搭配著小狗狗的殷切神情噴向我 一副就是在等我准許他咬著紅色染劑跑走的概念（心裡OS：黑髮不好嗎QQ",
    "time": "2017/07/05 16:43:21",
    "event": "click"
  },
  {
    "category": "6",
    "app": "Dcard",
    "id": "49",
    "context": "#染#圖#雷 卡樂芙覆盆紫莓莓莓 楔子---- 是這樣的 最近男友一直吵著要染髮 於是乎我就拎著他去小屈晃了一圈 抵達了染髮區 我們就先鎖定了卡樂芙系列（顯色有名不多說） 結果男友看到紅色系一直很興奮 搭配著小狗狗的殷切神情噴向我 一副就是在等我准許他咬著紅色染劑跑走的概念（心裡OS:黑髮不好嗎QQ） 可主人我（？ 認為男生染紅色很台所以就極力杜絕紅不啦機頭出現在他毛上 反正就霹靂啪啦 經歷過了場妥協風暴之後 最終我們選擇了帶它走    ----------------------------------------------- 正文開始---  好啦接下來我們就要開始幫狗狗男友染毛囉（撒花 先來一張他的原生毛色  是黑毛狗狗ㄟㄟㄟㄟㄟ（回音回音回音 可惡黑髮明明很棒的為什麼堅持要染（傷心女友的吶喊????    再來染劑混合 也上色完了 長這樣  關於頭上的保鮮膜 不是裡面附的哦 是自己另外包上去的 為了確保吃色完全（應該吧?)   因為是粗硬髮 所以多等了一些時間 滴答滴答滴答～～～45分過去了（咦是不是太久了 好啦好啦 我們該去洗洗毛啦 一個很期待ㄙㄟ斗完的結果會如何  紫毛??紫毛??紫毛?? 怎麼覺得我比男友還期待染出來的樣子呢   好了時間快轉 洗完囉～～～～～結果顏色是這樣的（濕髮狀態）   ... 哇咧.... 怎麼覺得這顏色有點不妙....... 因為男友看不到自己頭上的顏色 所以還是處於很興奮的狀態（好像一直都很興奮沒停過..） 於是我就先安撫他 跟他說 哎唷吹完頭髮你就知道囉 其實心裡雞叫聲不斷 沒關係 我心裡再給卡樂芙一次機會 也說服自己好幾次吹完毛就不一樣了 嗯哼 結果呢                      ................... 哇噻蒸蚌 台味百分百     陽光下看的話呢    呃 好像好一些啦 但 客倌們 我們來重新回味一下包裝色  是紫的對吧！！！！！ 數度以為是品管問題 裝錯染劑之類的 顏色才會歪七扭八     染出來一直覺得是買了這系列色的染劑  ......................     好啦不過說真的 其實這顏色還蠻適合男友 比想像中好很多 台味只限泛橘光那張（那顏色真的完全崩壞 整個快ㄎㄧ笑）       #美妝版小叮嚀：下手前 爬文爬文再爬文       以上 ",
    "time": "2017/07/05 16:43:22",
    "event": "slide"
  },
  {
    "category": "6",
    "app": "Dcard",
    "id": "50",
    "context": "Catrice 德國平價美妝 相信很多女孩都知道這個牌子了，我的愛人⋯⋯ 不是 我是說我的偶像 kathleenlights，前陣子發了一部介紹catrice好物跟廢物的影片，引起我的興趣去真的試試這個品牌，它的平均價格不高，這個品牌讓我聯想到essence ?  ",
    "time": "2017/07/05 16:44:30",
    "event": "click"
  },
  {
    "category": "6",
    "app": "Dcard",
    "id": "51",
    "context": "Catrice 德國平價美妝 相信很多女孩都知道這個牌子了 我的愛人⋯⋯ 不是 我是說我的偶像 kathleenlights 前陣子發了一部介紹catrice好物跟廢物的影片 引起我的興趣去真的試試這個品牌  它的平均價格不高 這個品牌讓我聯想到essence ? 雖說沒有essence的低價 但他們倆品牌真的可以手拉手當好朋友啦  粉底液 All matte plus - 010 light beige  （最淺色了⋯）  這個沒有聽任何人的心得我就買了哈哈哈 因為當時我用小拇指上試在下巴的時候就喜歡上它了  有遮瑕度 但質地很濕潤很好拍勻 在我皮膚乾的時候  不會凸顯皮膚紋理 妝感不會有粉粉的感覺 010號比我臉的真實顏色稍微黃了一點 但我不在意 反正男朋友也看不出來～  缺點就是我發現它沒定妝了話會氧化  會變深一色 它適合乾肌 我是超級乾燥人 在新加坡悶熱的天氣也不會脫妝 整體來說喜歡  遮瑕膏 Liquid Camouflafe high coverage concealer - 005 light natural    右邊是遮瑕膏  Kathleenlights說這個是她的愛 她覺得非常適合乾肌 所以我就買來試試 遮瑕度很高 質地很濃  可是卻不會卡粉或是不好拍勻 缺點是乾的很快 所以我塗在臉上後會馬上拍勻  粉餅 Prime and fine mattifying powder -010 translucent    我在手臂上 上了粉底 左邊一半有定妝 右邊沒有 （拍不清楚抱歉⋯）   這個粉餅拿來定妝 妝感不會粉粉的 也不會顯白 能幫助前面那個粉底液不氧化  對我來說 這樣這個餅乾已經及格了 因為我對蜜粉 粉餅這類的要求並不高?  打亮 High glow mineral highlighting powder - 010 light infusion    其他都不是重點 這個是重點！  Essence 有一個很紅的打亮商品 - pure nude highlighter   跟這個長得挺像的 雖然我沒有essence的打亮 帶我知道pure nude亮粉出名的細緻 上在臉上 那個亮度是天使的光圈 很自然 很美   Catrice的這一個粉沒有那麼細緻 可以看到微微的亮片 可是！不影響它在臉上的細緻度 不會顯毛孔 也不會有粉粉的感覺 亮度剛剛好  上在臉頰不會很誇張 但也沒有很低調 而且持久度很好！！！！ 我早上出門 下午5、6點回到家 還在 我喜歡 ！！！  買不到nude highlight 我就只好買這個當作我臉上也有天使的光圈? 想塗滿整臉 但我卸妝了 只好塗滿手了??   塗好塗滿滿??   以上是我的小心得 希望能幫到想找代購買這些產品的人  題外話   最近它很有人氣 我是覺得它是好用 紙巾很濕潤 水份夠 所以一張紙巾通常夠可以擦拭全臉 卸妝程度也很好 只不過⋯ 卸妝後 臉會有一點黏黏的感覺⋯? 所以我都是必要的時候才用這個 在手上塗塗抹抹的時候也是用這個擦傷 一包帶出來去很方便啦 但我覺得 它沒有想象中會讓人驚艷的產品⋯     葵 ",
    "time": "2017/07/05 16:44:36",
    "event": "slide"
  },
  {
    "category": "6",
    "app": "Dcard",
    "id": "52",
    "context": "#分享 Missha七日染 新色薄荷綠～ 大家好～～這次我買的是新色，兩色都有買，先試試綠色，先附上我原本頭髮的顏色，因為染前忘記拍，所以找了一張髮色拍起來比較接近的照片，我之前有染過深棕色～本身沒有漂髮，那我們就直接來看染完的結果吧～我本來已經打好預防針",
    "time": "2017/07/05 16:44:51",
    "event": "click"
  },
  {
    "category": "6",
    "app": "Dcard",
    "id": "53",
    "context": "#分享 Missha七日染 新色薄荷綠～ 大家好～～ 這次我買的是新色 兩色都有買?? 先試試綠色   先附上我原本頭髮的顏色?      因為染前忘記拍? 所以找了一張髮色拍起來比較接近的照片 我之前有染過深棕色～ 本身沒有漂髮??  那我們就直接來看染完的結果吧～    我本來已經打好預防針 告訴自己可能會沒顏色～ 結果讓我有點驚訝～～ 呈現了一種…比較像亞麻綠的顏色～ 我自己是蠻喜歡的 再來就看維持多久嘍～～～～ ",
    "time": "2017/07/05 16:45:00",
    "event": "slide"
  },
  {
    "category": "6",
    "app": "Dcard",
    "id": "54",
    "context": "正品？假貨？  前陣子在蝦皮瘋狂的購物了一番，雖然知道很容易買到假貨，因為是彩妝新手的關係，也都是抱著如果是假貨就拿來當練習用，但是還是有一些想知道到底是不是正品的，以下正文，1.Pony&memebox氣墊粉餅，這個我在狄卡、估狗、youtube都搜尋過了，可是就是找不到，它是不是真的是假的？！",
    "time": "2017/07/05 16:45:17",
    "event": "click"
  },
  {
    "category": "6",
    "app": "Dcard",
    "id": "55",
    "context": "正品？假貨？ 前陣子在蝦皮瘋狂的購物了一番 雖然知道很容易買到假貨 因為是彩妝新手的關係 也都是抱著如果是假貨就拿來當練習用 但是還是有一些想知道到底是不是正品的  以下正文  1.Pony&memebox氣墊粉餅  這個我在狄卡、估狗、youtube都搜尋過了，可是就是找不到，它是不是真的是假的？！ 2.豆乳粉餅  聽說豆乳好像是都沒有出粉餅的樣子，所以它是假的嗎？ 3.Make up professional   我在網路上只有看到make up forever 的粉底液，這也是假的嗎? 4.QIAOUAN 12色眼影  因為它真的便宜到個嚇人，網路上看到類似的也都不是寫這排英文，所以是假的？ 5.XIXI雙色立體眼影棒  雙色眼影棒我有看過NOVO的，熙熙還是第一次看到... 6.NOVO雙色氣墊眉膏  這個才98如果是假的我也是認了 7.1028超吸油蜜粉餅  因為2個299也真的是很便宜啊！！  圖片都是從估狗跟蝦皮截圖的~ 如果有異議會把圖片拿掉  以上，希望大家可以幫我解惑 我真的很認真爬文過了 可是真的都找不到才自己發文來問大家的 如果可以回答我，我真的會很感謝啊~~ 拜託大家了  -彩妝新手 ",
    "time": "2017/07/05 16:45:20",
    "event": "slide"
  },
  {
    "category": "6",
    "app": "Dcard",
    "id": "56",
    "context": "#表單關閉#揪團 Morphe 8折團 #更新，現金回饋的部分我會算給團員，但回饋並不是無上限，這張是我本身有在使用的信用卡，超過上限我也不可能有多的錢給大家⋯，目前已經成團，也將有跟團的團員加入群組，詳細團務包含購買證明及匯款截圖就跟我的團員交代了",
    "time": "2017/07/05 16:45:48",
    "event": "click"
  },
  {
    "category": "6",
    "app": "Dcard",
    "id": "57",
    "context": "#表單關閉#揪團 Morphe 8折團 #更新 現金回饋的部分我會算給團員 但回饋並不是無上限 這張是我本身有在使用的信用卡，超過上限我也不可能有多的錢給大家⋯  目前已經成團，也將有跟團的團員加入群組，詳細團務包含購買證明及匯款截圖就跟我的團員交代了  感謝大家各方意見  ------------------------------------- 已達500鎂 先關表單～整單 ------------------------------------ G單 https://goo.gl/forms/6zNOdVgoQp7miE3E3  只收眼影盤 公式： （總購買金額*0.8+國際運費）*32+國內運費60+雜費10元 預收匯率32含刷卡手續費1.5%及稅金，多退少補（台新@gogo卡） 若被課稅依購買金額均分 國際運費依盤數均分，國內711寄送，成團後24小時內匯款，提供郵局帳號  Morphe 8折～想揪團購 第一次在這邊揪團～ 是不是要先有人推文才能開？ 有人要一起買嗎？ 我在開表單給大家填 ",
    "time": "2017/07/05 16:45:48",
    "event": "slide"
  },
  {
    "category": "7",
    "app": "Dcard",
    "id": "58",
    "context": "穿搭  ",
    "time": "2017/07/05 16:46:19",
    "event": "click"
  },
  {
    "category": "8",
    "app": "Dcard",
    "id": "59",
    "context": "靈異  ",
    "time": "2017/07/05 16:46:26",
    "event": "click"
  },
  {
    "category": "8",
    "app": "Dcard",
    "id": "60",
    "context": "夜探廢棄渡假村 #多圖 謝謝大家對於上篇文章討論這麼熱絡，接下來再分享一個廢棄渡假村的夜探經驗，這個渡假村似乎沒什麼故事及傳說，但恐怖指數卻是我覺得目前所探過最可怕的地方，可能因為地處偏遠建築物又大又是密閉空間的關係，腹地我覺得不算廣或許是晚上看不清楚的關係  ",
    "time": "2017/07/05 16:46:28",
    "event": "click"
  },
  {
    "category": "8",
    "app": "Dcard",
    "id": "61",
    "context": "夜探廢棄渡假村 #多圖 謝謝大家對於上篇文章討論這麼熱絡 接下來再分享一個廢棄渡假村的夜探經驗 這個渡假村似乎沒什麼故事及傳說 但恐怖指數卻是我覺得目前所探過最可怕的地方 可能因為地處偏遠建築物又大又是密閉空間的關係 腹地我覺得不算廣或許是晚上看不清楚的關係 不過他的主建築物 算是娛樂中心吧非常的大由下面地圖可以看得出來光是一層樓就包含這麼多區域  所以壓迫感十足 連我這個麻瓜都覺得不太舒服  這是他正門的樣子 這些長了苔蘚的白色雕像在夜晚的襯托下顯得十分詭異  大門右手邊的雕像  左手邊的  正門上方雄偉的獅頭  鐵門深鎖著  首先來到的地方似乎是賭場吧 不過看不太出來 要不是牆上貼著斗大的麻將兩字  麻將廳裡的小神龕 旁邊的獎杯記得是什麼麻將比賽第三名的樣子  左邊是通往一樓餐廳的樓梯 右邊上去則是保齡球場 只能說兩邊都很精彩... 往左走則是ktv  很多朋友說ktv很熱鬧 我想也是ktv這種深藏在建築物內部的區域 終日無法被日曬 平常沒廢棄的ktv傳聞就很多了 更何況是廢棄的ktv  空氣中瀰漫濃濃霉味  換個角度不知道能否看見不一樣的東西  很多朋友也對這張感到不適 接下來往一樓餐廳下去  廚房概況 冰箱冰了滿滿的盤子很怕打開裡面會有人頭什麼之類的可怕東西 幸好沒有  一樓餐廳大門 一樓聽說有被火燒過 不過起火原因我就不清楚 很多無聊的人喜歡到廢墟縱火真的不可取  宴會廳包廂內的廁所  只能說燒的很徹底...  根本就是電影裡鬼片的場景 地板都還是濕的不知道是雨水還是剛火燒不久是用來滅火的水 走到後來突然前面亮了起來 發現天花板牽了兩個燈泡掛在上面 整個廢棄的建築裡唯獨這兩顆燈泡亮著 四周也沒有任何人的蹤跡 我延著燈泡電線的方向看去是通到建築內部的機房裡不過建築物廢棄這麼久了竟然還能供電做使用 甚至電線也都泡在水裡卻還能使用 挺讓人匪夷所思  焦黑的壁畫壁畫內容應該是希臘神話之類的主題  接著就是精彩的保齡球場了  球場打亮的樣子 一眼望去一片遼闊 只有球場中間有一張椅子及一顆保齡球 耳邊傳來的是答答的滴水聲 由於當天下著小雨造成許多聲響 記得此時就只有水滴聲而已  水滴聲響來源處  球場的電視牆  球場唯一一顆球不知道哪來的  接著我們走到場中央的椅子旁拍照 也是不知道哪生來的椅子 就在此時右前方也就是我們進來球場的地方 那個區域出現了非水滴聲的聲響 比較像是木板的敲擊聲又或者是木板掉落的聲音 不只一次  大概就是手電筒照的那個地方 比較像是從天花板傳來的聲響 但是我們剛剛從那邊進來並沒有聽見這個聲音 而且聲音出現不只一次 第一次上去直播時比較小聲 後來又返回球場拍照拍到一半又傳出相同聲響也從同樣的地方傳來 但這次音量非常大像是重摔木板的聲音 奇怪的是我們每次在聲音來源的地方就不會有聲音 但遠離那裡走到場中央聲音才會出現 感覺是在暗示著什麼 我們也很識相的賠不是並且快速離開  接著來到按摩室吧還有什麼能量房的地方 暫且叫他客房了  客房長廊  好像是什麼水晶能量床吧 我只知道感覺躺起來很痛 那些反光的水晶球原本應該是黏在牆上的  櫃檯  能量檢測供給中心  接著來到游泳池 也是我覺得最不舒服的地方 此時我們已經揮汗如雨全身被汗水給濕透了 空氣沒什麼怪味但是很沉悶就像是真空的感覺  游泳池感覺很好玩  應該是蒸氣室吧 蠻豪華的  游泳池內的廁所 還遺留當時的衛生紙  雖然不知道幹嘛的但感覺蠻酷的  似乎是用這個燈來光療吧  光療區後方的隔間 也是不太清楚用途看起來像是沐浴間 不過還有浴缸 地上的腳印蠻詭異的鞋印看起來像皮鞋 感覺也都只有那雙鞋子 所以推判可能只有那個人自己進來 有誰會穿著皮鞋自己進來這種地方 腳印看起來也蠻新的看起來是濕的不過我確認過是乾的  地上有鳥的遺骸  泳池的側門或是算後門吧  泳池外觀室外還有個露天游泳池 前方透明玻璃下就是室內游泳池  室外更衣室及廁所 女更衣室內部 女更衣室內部  更衣室二樓概況 看起來像是救生員之類的休息室  渡假村其他部分還有烤肉區之類的開放空間就沒去造訪了 在外面拍照使用藍牙遙控器拍照時 莫名奇妙只按了一下按鈕相機卻開始連拍停不下來 以及經過樹叢時有像是樹被大型動物之類物體掃過的聲音卻不見任何生物蹤影  以上就是這次的照片及夜探心得 再次謝謝大家看完全文 有異狀的地方再麻煩各位說明了 最後願各位都身體健康囉! ",
    "time": "2017/07/05 16:46:34",
    "event": "slide"
  },
  {
    "category": "8",
    "app": "Dcard",
    "id": "62",
    "context": "安全帽被敲三下 如題，有一天我朋友載我經過東海準備回學校，路上剛好看到有一隻小黑貓躺在路中間，估計是被撞死的（RIP.....），旁邊有個女生就衝去把那隻小貓咪救起來，我看到時眼眶都紅了...，後來綠燈一亮，我們就繼續往回學校的路上騎 ",
    "time": "2017/07/05 16:50:01",
    "event": "click"
  },
  {
    "category": "8",
    "app": "Dcard",
    "id": "63",
    "context": "安全帽被敲三下 如題 有一天我朋友載我經過東海準備回學校 路上剛好看到有一隻小黑貓躺在路中間 估計是被撞死的（RIP.....）  旁邊有個女生就衝去把那隻小貓咪救起來 我看到時眼眶都紅了...  後來綠燈一亮 我們就繼續往回學校的路上騎 我心裡一直想一直想剛剛那隻小貓  等到大概剩不到十分鐘就會到學校的路上 載我的那個朋友突然轉過來問我說 ：你有敲我的安全帽嗎？ ：沒啊 怎麼了？ ：我剛剛感覺到有人敲我的安全帽三下... ：我沒有啊...我手一直抓著你...（覺得很毛  他說不是我的安全帽撞到他安全帽的聲音 是真的敲三下的那種 我好毛啊啊啊啊...（眼眶泛淚?  後來我回去跟另一個朋友講 他說也許是小貓咪 有些小動物很有靈性 敲三下可能是感謝的意思 可是那隻小貓咪不是我們救的啊 只是也有看到...  想請問各位大大怎麼看 ",
    "time": "2017/07/05 16:50:05",
    "event": "slide"
  },
  {
    "category": "8",
    "app": "Dcard",
    "id": "64",
    "context": "對講機的女生是誰？ 我大二的時候在某一家知名的賣場工作，有一天的晚上，我跟其他同事在聊天，有客人跑來問問題，但是礙於不是我們課上的事情，所以我叫客人等一下，我請他們部門的人來服務你，於是我拿起對講機叫那個部門的人。：「呼叫OO課，有客人需要服務」",
    "time": "2017/07/05 16:50:58",
    "event": "click"
  },
  {
    "category": "8",
    "app": "Dcard",
    "id": "65",
    "context": "對講機的女生是誰？ 我大二的時候在某一家知名的賣場工作 有一天的晚上，我跟其他同事在聊天 有客人跑來問問題，但是礙於不是我們課上的事情，所以我叫客人等一下，我請他們部門的人來服務你，於是我拿起對講機叫那個部門的人。 ：「呼叫OO課，有客人需要服務」 ：「收到，請問位置」 ：「在某某這邊」 ：「收到」 我就轉告客人等一下就有人來了，請稍等。 可是等了五分鐘沒有人來。 突然！！我們疑慮了一下，我們都沒有映像這個課有女生啊！！因為不是自己的課不會隨便亂回，要不然會害到部門的人  所以我們決定在叫一次，結果是一個男生 他處理完之後，我們問他，欸你們課有新來的女生哦？怎麼回我們之後就沒有過來處理  那個同事表示：我們課沒有女生，而且今天晚班只有我一個人，而且...剛剛在對講機裡面怎麼會一個女生在哭啊~ ",
    "time": "2017/07/05 16:51:07",
    "event": "slide"
  },
  {
    "category": "8",
    "app": "Dcard",
    "id": "66",
    "context": "#分享 #圖 夜遊百吉隧道 首先，來幾個百吉隧道新聞，新聞-怪事頻傳…自拍摔死命案地　隧道內傳有鬼擋牆、慘叫聲，影片，新聞影片，這次純粹分享，之前跟團去夜遊的照片，安全部分請不用擔心，我們也沒任何挑釁，照片分享，一群人去時候，有幾個人在隧道門口，都還沒進去就覺得頭暈想吐，就沒進去了。",
    "time": "2017/07/05 16:51:26",
    "event": "click"
  },
  {
    "category": "8",
    "app": "Dcard",
    "id": "67",
    "context": "#分享 #圖 夜遊百吉隧道 首先 來幾個百吉隧道新聞  新聞-怪事頻傳…自拍摔死命案地　隧道內傳有鬼擋牆、慘叫聲 http://www.setn.com/m/news.aspx?newsid=246351  影片   新聞影片 http://www.medialyrics.com/-4nzh7qJZe_Q   這次純粹分享，之前跟團去夜遊的照片  安全部分請不用擔心 我們也沒任何挑釁  照片分享     一群人去時候，有幾個人在隧道門口，都還沒進去就覺得頭暈想吐，就沒進去了。   照片絕無任何後製改圖，僅人臉打霧及人臉貼圖而已 拍照用iphone6以及三星手機後置鏡頭拍攝 拍出來就這樣霧霧的?我們一開始以為鏡頭很髒 但怎麼擦 拍出來都這樣...無解 歡迎討論分享? ",
    "time": "2017/07/05 16:51:29",
    "event": "slide"
  }
]