[
  {
    "category": "1",
    "app": "Dcard",
    "id": "1",
    "context": "今天早上十點半左右從火車站坐35號回家（坐在靠近最後一台刷卡機的四個位置上）  座位多還有空，到第三市場時一個阿伯從前面兩個門之一上車帶著口罩 手上拿著袋子 坐到我和另外一個女生旁邊（我們分別坐對面靠近門那一側）那時想說明明前面都還有位子 為何要擠過我們坐邊邊 到學校時另外一個女生先下車就只剩我和那位阿伯   到國資圖附近準備下車 在拿東西時往右手邊看到阿伯把他的生殖器露在外面！ （不管聽過遇到露鳥俠要反諷還是立馬大喊 當下都已經嚇傻） 整個嚇得半死馬上跳去另外一個女生那邊 車子一停馬上跑去找公車司機說車上有暴露狂 公車司機隔了幾秒問我說人在哪裡 我指後面給他看 但他已經走了 ！！ 公車司機就冷漠的說他沒辦法因為我太慢喊 來不及把門關起 一直叫我下車  當下都已經嚇得半死的我即使明白是自己反應不及 但是公車司機的冷漠和多一事不如小一事的心態讓我更心寒... 回到家開門手都是抖的...   不過真的很謝謝在公車上安慰、挺身而出的女孩 真的很謝謝你 讓當下嚇得半死的我感到溫暖 提醒各位女孩坐公車真的要小心 遇到事情要鎮定才可以處理！！！ ",
    "time": "2017/05/22 17:36:48",
    "event": "click"
  },
  {
    "category": "1",
    "app": "Dcard",
    "id": "2",
    "context": "今天早上十點半左右從火車站坐35號回家（坐在靠近最後一台刷卡機的四個位置上）  座位多還有空，到第三市場時一個阿伯從前面兩個門之一上車帶著口罩 手上拿著袋子 坐到我和另外一個女生旁邊（我們分別坐對面靠近門那一側）那時想說明明前面都還有位子 為何要擠過我們坐邊邊 到學校時另外一個女生先下車就只剩我和那位阿伯   到國資圖附近準備下車 在拿東西時往右手邊看到阿伯把他的生殖器露在外面！ （不管聽過遇到露鳥俠要反諷還是立馬大喊 當下都已經嚇傻） 整個嚇得半死馬上跳去另外一個女生那邊 車子一停馬上跑去找公車司機說車上有暴露狂 公車司機隔了幾秒問我說人在哪裡 我指後面給他看 但他已經走了 ！！ 公車司機就冷漠的說他沒辦法因為我太慢喊 來不及把門關起 一直叫我下車  當下都已經嚇得半死的我即使明白是自己反應不及 但是公車司機的冷漠和多一事不如小一事的心態讓我更心寒... 回到家開門手都是抖的...   不過真的很謝謝在公車上安慰、挺身而出的女孩 真的很謝謝你 讓當下嚇得半死的我感到溫暖 提醒各位女孩坐公車真的要小心 遇到事情要鎮定才可以處理！！！ ",
    "time": "2017/05/22 17:36:48",
    "event": "slide"
  },
  {
    "category": "2",
    "app": "Dcard",
    "id": "3",
    "context": "第二學餐消息 剛剛經過Mos舊址看到的 第二學餐的資訊 不知道有沒有OP P.S.蓋好我也畢業惹QQ ",
    "time": "2017/05/22 17:37:07",
    "event": "click"
  },
  {
    "category": "2",
    "app": "Dcard",
    "id": "4",
    "context": "第二學餐消息 剛剛經過Mos舊址看到的 第二學餐的資訊 不知道有沒有OP P.S.蓋好我也畢業惹QQ ",
    "time": "2017/05/22 17:37:07",
    "event": "slide"
  },
  {
    "category": "1",
    "app": "Dcard",
    "id": "5",
    "context": "爸你怎麼長這樣?？！ 這最最尷尬的事件發生在我高三上考學測前 那時候同學們習慣會留夜自習到晚上九點 我爸爸也會在那時候下班來載我回家? -------- 那天  我看到我家的車在學校前面的馬路上等紅燈 機智如我  立刻想到  ?一定是我爸來不及靠邊停啦～   跟同學匆匆道別後 我就 ： 背著裝滿書的背包  拎著便當袋  就衝到車陣中  熟練的動作  開門 、上車 、關門 ，一氣呵成！ 喘了口氣  我說：吼 幹嘛不靠邊啊 很趕耶！ . . . . 五秒後 怎麼沒人回應我。。 一抬頭 哇賽 不得了 駕駛座的那位先生  表情這樣   副駕駛座的太太    我瞬間 心裡：  表面卻很淡定  腦袋空白了三秒後  我環顧了四周 ..... 哇 我旁邊怎麼坐著嬰兒！？  我再次  （又驚嚇 又看到可愛的嬰兒 所以表情變得很怪異） 好像又隔了幾秒 我才意識到我好像該下車...（是根本不該上車吧喂!！) 這幾個人根本沒一個是我爸啊啊啊啊  我在幹嘛啊啊 我表面正經的說完：不好意思我上錯車了掰掰 。就趕快下車了 ------- 還好還沒綠燈 不然不知道會被載到哪一間警察局呢???  下車後  全程在人行道上目睹一切的我朋友 在人行道整整大笑了五分鐘 然後講給每個經過的同學聽。。 每個同學聽完 都再笑一次 太糗了啊啊啊 整超想鑽地洞的  十分鐘後 我爸真的來了 我還在車子前後不斷來回走動 確認車牌跟車主對後 才上車（餘悸猶存）? -------- 謝謝願意看完的人 希望有好笑到?? 我現在想起來還是印象深刻QQ ",
    "time": "2017/05/22 17:37:38",
    "event": "click"
  },
  {
    "category": "1",
    "app": "Dcard",
    "id": "6",
    "context": "爸你怎麼長這樣?？！ 這最最尷尬的事件發生在我高三上考學測前 那時候同學們習慣會留夜自習到晚上九點 我爸爸也會在那時候下班來載我回家? -------- 那天  我看到我家的車在學校前面的馬路上等紅燈 機智如我  立刻想到  ?一定是我爸來不及靠邊停啦～   跟同學匆匆道別後 我就 ： 背著裝滿書的背包  拎著便當袋  就衝到車陣中  熟練的動作  開門 、上車 、關門 ，一氣呵成！ 喘了口氣  我說：吼 幹嘛不靠邊啊 很趕耶！ . . . . 五秒後 怎麼沒人回應我。。 一抬頭 哇賽 不得了 駕駛座的那位先生  表情這樣   副駕駛座的太太    我瞬間 心裡：  表面卻很淡定  腦袋空白了三秒後  我環顧了四周 ..... 哇 我旁邊怎麼坐著嬰兒！？  我再次  （又驚嚇 又看到可愛的嬰兒 所以表情變得很怪異） 好像又隔了幾秒 我才意識到我好像該下車...（是根本不該上車吧喂!！) 這幾個人根本沒一個是我爸啊啊啊啊  我在幹嘛啊啊 我表面正經的說完：不好意思我上錯車了掰掰 。就趕快下車了 ------- 還好還沒綠燈 不然不知道會被載到哪一間警察局呢???  下車後  全程在人行道上目睹一切的我朋友 在人行道整整大笑了五分鐘 然後講給每個經過的同學聽。。 每個同學聽完 都再笑一次 太糗了啊啊啊 整超想鑽地洞的  十分鐘後 我爸真的來了 我還在車子前後不斷來回走動 確認車牌跟車主對後 才上車（餘悸猶存）? -------- 謝謝願意看完的人 希望有好笑到?? 我現在想起來還是印象深刻QQ ",
    "time": "2017/05/22 17:37:38",
    "event": "slide"
  },
  {
    "category": "4",
    "app": "Dcard",
    "id": "7",
    "context": "＃圖）照片如何瞬間變得有意義？(^_-) （手機第一次排版，很亂請見諒）  女生的確很愛拍照 任何東西都可以被喀嚓✂️ 一隻貓?、一棵樹?、路邊的阿公阿嬤?  今天我人聚餐在外，兩個妹妹跑去華山逛逛...  一如既往，她們總會分享照片給我?   頓時，餐廳傳來台語金曲～「海波浪」? 我靈感浮現......?️ Do Re Mi So ✏️?️?️✒️?️?️?  一開始只是單純想要惡搞一下? 卻發現......其實效果還不錯?  十分認真研究歌詞和符合的照片（頗累?  最後，我個人覺得最佳作品⬇️   各位可以試試將身邊愛拍照的姐妹朋友惡搞看看? 看慣了千篇一律的美姿照，偶爾加點小動作 會多了一些收藏的意義?  不多說了，我先去面壁思過（哭  簽名：板橋年代金曲小天后? *************************************************** 回覆在 B114 ",
    "time": "2017/05/22 17:38:45",
    "event": "click"
  },
  {
    "category": "4",
    "app": "Dcard",
    "id": "8",
    "context": "＃圖）照片如何瞬間變得有意義？(^_-) （手機第一次排版，很亂請見諒）  女生的確很愛拍照 任何東西都可以被喀嚓✂️ 一隻貓?、一棵樹?、路邊的阿公阿嬤?  今天我人聚餐在外，兩個妹妹跑去華山逛逛...  一如既往，她們總會分享照片給我?   頓時，餐廳傳來台語金曲～「海波浪」? 我靈感浮現......?️ Do Re Mi So ✏️?️?️✒️?️?️?  一開始只是單純想要惡搞一下? 卻發現......其實效果還不錯?  十分認真研究歌詞和符合的照片（頗累?  最後，我個人覺得最佳作品⬇️   各位可以試試將身邊愛拍照的姐妹朋友惡搞看看? 看慣了千篇一律的美姿照，偶爾加點小動作 會多了一些收藏的意義?  不多說了，我先去面壁思過（哭  簽名：板橋年代金曲小天后? *************************************************** 回覆在 B114 ",
    "time": "2017/05/22 17:38:45",
    "event": "slide"
  },
  {
    "category": "5",
    "app": "Dcard",
    "id": "9",
    "context": "#圖多 短髮到中長髮花了我四年? ‼️我沒有遮臉因為一張張很累?在意的可以略過 ‼️也有分享漂髮和保養的心得? ‼️碎念很多 真的很多 喔耶   大家好～ 每次看到髮型都說長髮到短髮 可是對我來說是顛倒啊啊? 高一開始短髮到到大三才留長 一方面長得慢  另一方面是不知道怎麼保養很容易分岔 就變成長一點點剪長一點點剪嗚嗚 所以除了分享留長的歲月（和汗水） 也一起分享保養新的這樣❤️ - 現在回味高中 真的 只能說  X的超～屁～孩～～～～ 真的屁孩到想回到當時槍斃自己  妹頭短髮 嗯基本款（放大片也太大了吧⋯） 從這裡就看出來髮尾都是分岔  枯萎的小花 凋零的人生 所以我剪了人生最短的一次  如同我無言的表情 這個髮型很無言 而且非常難整理 尤其長了一點點  就會像剛睡醒的瘋婆子  失去了人生的方向 而且為什麼髮尾還在分岔？？ 為什麼？？（扯頭髮）  之後到了大一  把頭髮變成了一顆香菇 對 蕈菇那種 就是菇  其實還滿喜歡當顆香菇的 好整理不用畫眉毛的香菇雞湯 維持了一段時間 不過各位是知道的 妹頭瀏海永遠長很快 比其他頭髮都快 她是個體 他不屬於任何人 他就是他 長很快的他 所以我受不了了 乾脆剪了眉上瀏海  終於眉毛出來透透氣 看看我 那時候不知道怎麼畫眉毛 有一陣子我是用鉛筆畫（不假 6B鉛筆真的很好用） 反正一字眉毛也維持了一段時間  然後頭髮慢慢的 很慢慢的 比樹懶慢的生長著 而瀏海我們就放著吧反正她該死得長很快  這張的眉毛⋯拜託 我是用印的嗎⋯ 反正終於看見一點生長跡象 所以我開始不再剪我的瀏海 希望他能成功脫離個體生長 成為大家的好捧油  頭髮有時候會亂翹  所以溫蒂漢堡造型出沒在校園有一段時間 阿當然雀斑妝沒有天天畫啦  終於來到我最無言的階段 看看我面容枯槁都是這頭髮害的 妹頭超～難整理只能撥一邊 髮尾整個大自然捲超奇怪 頭髮卡都在這個階段很真的很久！ 所謂的黑暗時期莫過於如此了  所謂撐過去就是你的 我很努力的熬過這階段 莫名其妙的頭髮過了肩膀長超快 有女孩遇到如此鬼附身的階段嗎？？ 開始勤勞一點用電棒整理頭髮 瀏海受電棒吆喝之下也乖乖聽話 在這個階段也開始發現最適合自己的護髮方式  皇天不負苦心人 蒼天啊啊 見證我放風吹的長髮吧啊啊啊 不過說真的這樣放風吹其實很傷髮質的 我們晚點再講  2月初的時候為了紀念期待多年的長髮 於是染了一顆深灰紫色的頭 這時瀏海也正式成為中分了  無論任何時期我都超喜歡雙馬尾 簡單輕鬆又裝少年 多棒啊 這時時候大概4月了 頭髮明顯變成黃色  之後為何工作要變換多種髮型 於是剪了點瀏海遮遮醜 雖然親朋好友點頭稱讚許多 不過有過一次中分的甜美變難忘他的微笑 畢竟空氣劉海插眼球的慘案天天發生實在不健康 所以工作之餘我幾乎都播回中分  五月初我把金黃頭髮變成淺灰巫女頭 看得出來我多沈浸多自戀 瀏海還是有剪但平常還是播到一邊這樣 - 頭髮的成長過程大概如此 是個很努力很勵志的留長過程 要我剪我還真的會捨得不的  至於保養方式 要先見調查到底是什麼原因讓自己的頭髮分岔 我的話是因為騎機車&吹頭髮 所以騎車我都把頭髮綁好收進外套裡不讓他亂吹 洗頭的時候水溫盡量低一點不要太燙 擦頭髮千萬不要用搓的 用毛巾盡量擰乾 護髮產品使用潘婷的紫色這罐  然後在濕髮吹乾之前抹摩洛哥優油  我最要感謝的糟糠之妻（不她是貴婦 太貴了） 就是她 吹頭髮之前抹 出門之前抹 真的能抵抗外在的傷害 無論是風吹日曬雨淋（？）她都能抵擋 沒有她我寧願沒有這個世界 你看看她多美好 - 謝謝大家看完我碎念這麼多 希望分享這些有幫助到需要幫助的人 再希望我頭髮能更長更長 長到繞地球一圈這樣 謝謝～～ ",
    "time": "2017/05/22 17:39:17",
    "event": "click"
  },
  {
    "category": "5",
    "app": "Dcard",
    "id": "10",
    "context": "#圖多 短髮到中長髮花了我四年? ‼️我沒有遮臉因為一張張很累?在意的可以略過 ‼️也有分享漂髮和保養的心得? ‼️碎念很多 真的很多 喔耶   大家好～ 每次看到髮型都說長髮到短髮 可是對我來說是顛倒啊啊? 高一開始短髮到到大三才留長 一方面長得慢  另一方面是不知道怎麼保養很容易分岔 就變成長一點點剪長一點點剪嗚嗚 所以除了分享留長的歲月（和汗水） 也一起分享保養新的這樣❤️ - 現在回味高中 真的 只能說  X的超～屁～孩～～～～ 真的屁孩到想回到當時槍斃自己  妹頭短髮 嗯基本款（放大片也太大了吧⋯） 從這裡就看出來髮尾都是分岔  枯萎的小花 凋零的人生 所以我剪了人生最短的一次  如同我無言的表情 這個髮型很無言 而且非常難整理 尤其長了一點點  就會像剛睡醒的瘋婆子  失去了人生的方向 而且為什麼髮尾還在分岔？？ 為什麼？？（扯頭髮）  之後到了大一  把頭髮變成了一顆香菇 對 蕈菇那種 就是菇  其實還滿喜歡當顆香菇的 好整理不用畫眉毛的香菇雞湯 維持了一段時間 不過各位是知道的 妹頭瀏海永遠長很快 比其他頭髮都快 她是個體 他不屬於任何人 他就是他 長很快的他 所以我受不了了 乾脆剪了眉上瀏海  終於眉毛出來透透氣 看看我 那時候不知道怎麼畫眉毛 有一陣子我是用鉛筆畫（不假 6B鉛筆真的很好用） 反正一字眉毛也維持了一段時間  然後頭髮慢慢的 很慢慢的 比樹懶慢的生長著 而瀏海我們就放著吧反正她該死得長很快  這張的眉毛⋯拜託 我是用印的嗎⋯ 反正終於看見一點生長跡象 所以我開始不再剪我的瀏海 希望他能成功脫離個體生長 成為大家的好捧油  頭髮有時候會亂翹  所以溫蒂漢堡造型出沒在校園有一段時間 阿當然雀斑妝沒有天天畫啦  終於來到我最無言的階段 看看我面容枯槁都是這頭髮害的 妹頭超～難整理只能撥一邊 髮尾整個大自然捲超奇怪 頭髮卡都在這個階段很真的很久！ 所謂的黑暗時期莫過於如此了  所謂撐過去就是你的 我很努力的熬過這階段 莫名其妙的頭髮過了肩膀長超快 有女孩遇到如此鬼附身的階段嗎？？ 開始勤勞一點用電棒整理頭髮 瀏海受電棒吆喝之下也乖乖聽話 在這個階段也開始發現最適合自己的護髮方式  皇天不負苦心人 蒼天啊啊 見證我放風吹的長髮吧啊啊啊 不過說真的這樣放風吹其實很傷髮質的 我們晚點再講  2月初的時候為了紀念期待多年的長髮 於是染了一顆深灰紫色的頭 這時瀏海也正式成為中分了  無論任何時期我都超喜歡雙馬尾 簡單輕鬆又裝少年 多棒啊 這時時候大概4月了 頭髮明顯變成黃色  之後為何工作要變換多種髮型 於是剪了點瀏海遮遮醜 雖然親朋好友點頭稱讚許多 不過有過一次中分的甜美變難忘他的微笑 畢竟空氣劉海插眼球的慘案天天發生實在不健康 所以工作之餘我幾乎都播回中分  五月初我把金黃頭髮變成淺灰巫女頭 看得出來我多沈浸多自戀 瀏海還是有剪但平常還是播到一邊這樣 - 頭髮的成長過程大概如此 是個很努力很勵志的留長過程 要我剪我還真的會捨得不的  至於保養方式 要先見調查到底是什麼原因讓自己的頭髮分岔 我的話是因為騎機車&吹頭髮 所以騎車我都把頭髮綁好收進外套裡不讓他亂吹 洗頭的時候水溫盡量低一點不要太燙 擦頭髮千萬不要用搓的 用毛巾盡量擰乾 護髮產品使用潘婷的紫色這罐  然後在濕髮吹乾之前抹摩洛哥優油  我最要感謝的糟糠之妻（不她是貴婦 太貴了） 就是她 吹頭髮之前抹 出門之前抹 真的能抵抗外在的傷害 無論是風吹日曬雨淋（？）她都能抵擋 沒有她我寧願沒有這個世界 你看看她多美好 - 謝謝大家看完我碎念這麼多 希望分享這些有幫助到需要幫助的人 再希望我頭髮能更長更長 長到繞地球一圈這樣 謝謝～～ ",
    "time": "2017/05/22 17:39:17",
    "event": "slide"
  },
  {
    "category": "6",
    "app": "Dcard",
    "id": "11",
    "context": "常看到Fb會出現一些貼文或圖片 男友出軌的5種現象 男友不愛你的49種舉動 男友只要你的身體不要你的愛情的69種狀況 男友真的愛你的87種行為 看到底下留言一堆女生標記自己的男友 說什麼你根本就不愛我等等的言辭 真的讓人覺得那種行為非常非常無腦 。  什麼叫男生講電話會出去講就是劈腿 對我而言那叫禮貌 室內講電話除了會打斷當場的話題 也會聽不清楚電話另一頭的聲音   什麼叫男友不洗碗掃地洗衣服就是不愛你 你是交往還是請男傭 幫你是疼你 不是理所當然 難道你到我家吃飯 我媽說你不會煮飯不會主動洗碗是壞女人 你聽了會開心？ 嚴以律人？ 寬以待己？ 互相幫忙不是才是真的貼心？  什麼叫做出門吃飯要女友付錢是垃圾 我自己是不喜歡女友出錢的 但那是我覺得我想請你 不是我這輩子欠你  還有因為星座不適合就分手的 你媽是沒生腦袋給你還是怎樣 你交往是交個性還是交星座 乾脆交往前都把生辰八字拿去算一算 不合不要在一起 合不准分開你覺得如何 ？  女性主義崛起是好事 不必像好久以前一樣被男性打壓 可以獨立生活 可以過自己的人生 但女性主義不是厭男主義 會寫那種東西的通常是兩性作家 而兩性作家的來源通常不是自己的感情經驗 而是網友故事 周遭朋友抱怨 寫幸福的沒人要看 寫八卦的才有人買單 別一昧相信那種愚蠢至極的評論 兩個人在一起 是兩個人相處的事情 哪怕誰脾氣不好 或誰很拜金 又或誰很外貌 你可以選擇自己要的感情 而不是由無腦的評論 決定兩個人的愛情 。  張西說過 每個人都是星星爆炸後掉落在地上的碎片 一生只要遇到一次來自同一個星星的人 都覺得奢侈 。  別被一旁的陽光干涉你找人的視線 哪怕它過分刺眼 別忘了 你是愛那個來自同樣星球的他 不是太陽啊 。  這篇文章針對會相信那種評論的女孩子 不是要戰性別 。 ",
    "time": "2017/05/22 17:39:34",
    "event": "click"
  },
  {
    "category": "6",
    "app": "Dcard",
    "id": "12",
    "context": "常看到Fb會出現一些貼文或圖片 男友出軌的5種現象 男友不愛你的49種舉動 男友只要你的身體不要你的愛情的69種狀況 男友真的愛你的87種行為 看到底下留言一堆女生標記自己的男友 說什麼你根本就不愛我等等的言辭 真的讓人覺得那種行為非常非常無腦 。  什麼叫男生講電話會出去講就是劈腿 對我而言那叫禮貌 室內講電話除了會打斷當場的話題 也會聽不清楚電話另一頭的聲音   什麼叫男友不洗碗掃地洗衣服就是不愛你 你是交往還是請男傭 幫你是疼你 不是理所當然 難道你到我家吃飯 我媽說你不會煮飯不會主動洗碗是壞女人 你聽了會開心？ 嚴以律人？ 寬以待己？ 互相幫忙不是才是真的貼心？  什麼叫做出門吃飯要女友付錢是垃圾 我自己是不喜歡女友出錢的 但那是我覺得我想請你 不是我這輩子欠你  還有因為星座不適合就分手的 你媽是沒生腦袋給你還是怎樣 你交往是交個性還是交星座 乾脆交往前都把生辰八字拿去算一算 不合不要在一起 合不准分開你覺得如何 ？  女性主義崛起是好事 不必像好久以前一樣被男性打壓 可以獨立生活 可以過自己的人生 但女性主義不是厭男主義 會寫那種東西的通常是兩性作家 而兩性作家的來源通常不是自己的感情經驗 而是網友故事 周遭朋友抱怨 寫幸福的沒人要看 寫八卦的才有人買單 別一昧相信那種愚蠢至極的評論 兩個人在一起 是兩個人相處的事情 哪怕誰脾氣不好 或誰很拜金 又或誰很外貌 你可以選擇自己要的感情 而不是由無腦的評論 決定兩個人的愛情 。  張西說過 每個人都是星星爆炸後掉落在地上的碎片 一生只要遇到一次來自同一個星星的人 都覺得奢侈 。  別被一旁的陽光干涉你找人的視線 哪怕它過分刺眼 別忘了 你是愛那個來自同樣星球的他 不是太陽啊 。  這篇文章針對會相信那種評論的女孩子 不是要戰性別 。 ",
    "time": "2017/05/22 17:39:34",
    "event": "slide"
  },
  {
    "category": "1",
    "app": "Dcard",
    "id": "13",
    "context": "今天早上十點半左右從火車站坐35號回家（坐在靠近最後一台刷卡機的四個位置上）  座位多還有空，到第三市場時一個阿伯從前面兩個門之一上車帶著口罩 手上拿著袋子 坐到我和另外一個女生旁邊（我們分別坐對面靠近門那一側）那時想說明明前面都還有位子 為何要擠過我們坐邊邊 到學校時另外一個女生先下車就只剩我和那位阿伯   到國資圖附近準備下車 在拿東西時往右手邊看到阿伯把他的生殖器露在外面！ （不管聽過遇到露鳥俠要反諷還是立馬大喊 當下都已經嚇傻） 整個嚇得半死馬上跳去另外一個女生那邊 車子一停馬上跑去找公車司機說車上有暴露狂 公車司機隔了幾秒問我說人在哪裡 我指後面給他看 但他已經走了 ！！ 公車司機就冷漠的說他沒辦法因為我太慢喊 來不及把門關起 一直叫我下車  當下都已經嚇得半死的我即使明白是自己反應不及 但是公車司機的冷漠和多一事不如小一事的心態讓我更心寒... 回到家開門手都是抖的...   不過真的很謝謝在公車上安慰、挺身而出的女孩 真的很謝謝你 讓當下嚇得半死的我感到溫暖 提醒各位女孩坐公車真的要小心 遇到事情要鎮定才可以處理！！！ ",
    "time": "2017/05/22 17:40:02",
    "event": "click"
  },
  {
    "category": "1",
    "app": "Dcard",
    "id": "14",
    "context": "今天早上十點半左右從火車站坐35號回家（坐在靠近最後一台刷卡機的四個位置上）  座位多還有空，到第三市場時一個阿伯從前面兩個門之一上車帶著口罩 手上拿著袋子 坐到我和另外一個女生旁邊（我們分別坐對面靠近門那一側）那時想說明明前面都還有位子 為何要擠過我們坐邊邊 到學校時另外一個女生先下車就只剩我和那位阿伯   到國資圖附近準備下車 在拿東西時往右手邊看到阿伯把他的生殖器露在外面！ （不管聽過遇到露鳥俠要反諷還是立馬大喊 當下都已經嚇傻） 整個嚇得半死馬上跳去另外一個女生那邊 車子一停馬上跑去找公車司機說車上有暴露狂 公車司機隔了幾秒問我說人在哪裡 我指後面給他看 但他已經走了 ！！ 公車司機就冷漠的說他沒辦法因為我太慢喊 來不及把門關起 一直叫我下車  當下都已經嚇得半死的我即使明白是自己反應不及 但是公車司機的冷漠和多一事不如小一事的心態讓我更心寒... 回到家開門手都是抖的...   不過真的很謝謝在公車上安慰、挺身而出的女孩 真的很謝謝你 讓當下嚇得半死的我感到溫暖 提醒各位女孩坐公車真的要小心 遇到事情要鎮定才可以處理！！！ ",
    "time": "2017/05/22 17:40:02",
    "event": "slide"
  },
  {
    "category": "6",
    "app": "Dcard",
    "id": "15",
    "context": "這是一年多前的事了吧   我們是同志伴侶，交往同居在一起 她長得很美很妖豔 在她打工的餐廳常常被男生搭訕  我長得不差，但跟那些男客人比起來    我就是個窮學生    某天也是在餐廳，他向妳搭訕於事認識了   妳很不會喝酒，一滴就醉 所以我很討厭妳跟客人出去唱歌  但妳還是跟他出去了而且被灌醉 倒在男同事的腿上 任他把手遊移在妳的大腿和胸部  我打了十幾通電話 從晚上10點等到隔天早上6點 終於接到妳同事的電話讓我去接妳   後來妳開始常常提到他 說他家族事業做很大，很有錢 他常常開著他的BMW到家裡接妳出去   有天妳說，妳要回台南兩天他要「順路」載妳   於事妳離開後就沒有再回過我訊息或電話  終於我又從下班等到早上  「妳什麼時候回來？」 「我要跟朋友去趟台中」  回來後你不斷跟我說 台中那個古堡好華麗好美！ 「可惜沒有保險套」 「妳怎麼會去注意這個？」 「沒有啦 剛好注意到而已」    冬天了 他送了妳一條6000塊的Ck圍巾   「好冷哦！」 「嗯？下次回台南的時候讓媽媽帶妳去泡溫泉呀」   妳再一次說他要「順路」載妳回台南   我也又再一次的從下班聯絡不到妳直到早上 我知道媽媽一定會叫妳起床吃早餐  早上十點 「阿姨～XX在家嗎？」我瞇著眼打訊息 已讀了許久   「嗯她在睡覺。  阿姨跟妳說，妳真的是一個很好的女孩，要好好愛惜自己知道嗎？」   我後來才知道為什麼妳媽突然對我這麼說    那天 我趁妳熟睡 打開了妳和他的訊息  「笨笨 我有點想你了」      我的頭 怎麼突然這麼暈 臉好燙 我的心好痛 好像不能呼吸      我把妳搖醒    「我看了 妳的訊息」  「你怎麼可以這樣！我這麼相信你欸！」 妳哭了     原來 妳第一次根本沒有回台南 而是跟他去台中過夜  對，那個華麗的古堡  妳會發現沒保險套是因為你們那晚沒有用保險套 這也是為什麼 妳回來後要我帶妳去看婦產科 當醫生說妳沒有懷孕的時候妳很開心  我還傻傻地說「妳怎麼可能懷孕啊」     原來 第二次回台南妳是跟他去泡溫泉 當我傳訊息給阿姨的時候 阿姨還打給妳 「妳有回台南嗎？為什麼XX這樣問我？」 「媽⋯我跟OO在溫泉飯店⋯」 「妳這樣要我怎麼跟她說！！」    所以阿姨替妳對我說了謊   妳說 跟他第一次妳喝醉了 但妳又補了一句 「其實我還是有意識」 我知道妳是怕我去揍他  我只是很傻的問妳 「很痛吧」     「不會，他很溫柔  他真的很溫柔 一直問我痛不痛」   「他拿事後藥給我吃的時候他也很難過啊」     妳不停的哭  我抱著妳安慰妳「沒事了」   整晚 我一滴淚也沒有流 早班到了公司  我突然眼前都是畫面   於事我暈倒送去了醫院        其實我們從她台中回來就已經分手了 但我們仍然又同居了半年   我仍然 對妳無微不至的好 上下課 上下班 卸妝 洗澡 吹頭髮 打掃家裡   半年後我決定搬出去 我哭著說我捨不得 妳說妳還是愛我隨時可以回來    一個禮拜後 妳另外有了她     我要求 其中一隻貓讓我照顧  「你憑什麼跟我要貓？ 靠家裡，沒工作，重大精神病患者！」        嗯，人帥人好其實沒什麼用 我輸給他有錢 我只有機車人家有BMW 而且我是憂鬱症患者人家是富二代    我唯一後悔的事就是        沒有在妳承認的時候甩妳兩巴掌 嗆妳幹你娘 ",
    "time": "2017/05/22 17:41:14",
    "event": "click"
  },
  {
    "category": "6",
    "app": "Dcard",
    "id": "16",
    "context": "這是一年多前的事了吧   我們是同志伴侶，交往同居在一起 她長得很美很妖豔 在她打工的餐廳常常被男生搭訕  我長得不差，但跟那些男客人比起來    我就是個窮學生    某天也是在餐廳，他向妳搭訕於事認識了   妳很不會喝酒，一滴就醉 所以我很討厭妳跟客人出去唱歌  但妳還是跟他出去了而且被灌醉 倒在男同事的腿上 任他把手遊移在妳的大腿和胸部  我打了十幾通電話 從晚上10點等到隔天早上6點 終於接到妳同事的電話讓我去接妳   後來妳開始常常提到他 說他家族事業做很大，很有錢 他常常開著他的BMW到家裡接妳出去   有天妳說，妳要回台南兩天他要「順路」載妳   於事妳離開後就沒有再回過我訊息或電話  終於我又從下班等到早上  「妳什麼時候回來？」 「我要跟朋友去趟台中」  回來後你不斷跟我說 台中那個古堡好華麗好美！ 「可惜沒有保險套」 「妳怎麼會去注意這個？」 「沒有啦 剛好注意到而已」    冬天了 他送了妳一條6000塊的Ck圍巾   「好冷哦！」 「嗯？下次回台南的時候讓媽媽帶妳去泡溫泉呀」   妳再一次說他要「順路」載妳回台南   我也又再一次的從下班聯絡不到妳直到早上 我知道媽媽一定會叫妳起床吃早餐  早上十點 「阿姨～XX在家嗎？」我瞇著眼打訊息 已讀了許久   「嗯她在睡覺。  阿姨跟妳說，妳真的是一個很好的女孩，要好好愛惜自己知道嗎？」   我後來才知道為什麼妳媽突然對我這麼說    那天 我趁妳熟睡 打開了妳和他的訊息  「笨笨 我有點想你了」      我的頭 怎麼突然這麼暈 臉好燙 我的心好痛 好像不能呼吸      我把妳搖醒    「我看了 妳的訊息」  「你怎麼可以這樣！我這麼相信你欸！」 妳哭了     原來 妳第一次根本沒有回台南 而是跟他去台中過夜  對，那個華麗的古堡  妳會發現沒保險套是因為你們那晚沒有用保險套 這也是為什麼 妳回來後要我帶妳去看婦產科 當醫生說妳沒有懷孕的時候妳很開心  我還傻傻地說「妳怎麼可能懷孕啊」     原來 第二次回台南妳是跟他去泡溫泉 當我傳訊息給阿姨的時候 阿姨還打給妳 「妳有回台南嗎？為什麼XX這樣問我？」 「媽⋯我跟OO在溫泉飯店⋯」 「妳這樣要我怎麼跟她說！！」    所以阿姨替妳對我說了謊   妳說 跟他第一次妳喝醉了 但妳又補了一句 「其實我還是有意識」 我知道妳是怕我去揍他  我只是很傻的問妳 「很痛吧」     「不會，他很溫柔  他真的很溫柔 一直問我痛不痛」   「他拿事後藥給我吃的時候他也很難過啊」     妳不停的哭  我抱著妳安慰妳「沒事了」   整晚 我一滴淚也沒有流 早班到了公司  我突然眼前都是畫面   於事我暈倒送去了醫院        其實我們從她台中回來就已經分手了 但我們仍然又同居了半年   我仍然 對妳無微不至的好 上下課 上下班 卸妝 洗澡 吹頭髮 打掃家裡   半年後我決定搬出去 我哭著說我捨不得 妳說妳還是愛我隨時可以回來    一個禮拜後 妳另外有了她     我要求 其中一隻貓讓我照顧  「你憑什麼跟我要貓？ 靠家裡，沒工作，重大精神病患者！」        嗯，人帥人好其實沒什麼用 我輸給他有錢 我只有機車人家有BMW 而且我是憂鬱症患者人家是富二代    我唯一後悔的事就是        沒有在妳承認的時候甩妳兩巴掌 嗆妳幹你娘 ",
    "time": "2017/05/22 17:41:14",
    "event": "slide"
  },
  {
    "category": "8",
    "app": "Dcard",
    "id": "17",
    "context": "#貓 #圖 這隻小惡魔該不該收服?? 他叫抹茶，今年一歲 當初一個因緣際會下，領養了他 剛到家裡時，緊張兮兮的只敢躲起來 現在根本家裡的老大一樣，什麼都不怕，連狗他也敢兇?? 好啦廢話不多說，直接上圖吧  小時候的他，根本就是讓人融化到了極點??  一轉眼 就真的變樣了?? 各種醜陋睡姿都出現..真的很可怕 有時候懷疑我到底養出什麼?  好啦也是有跟天使一樣的時候??   反差那麼大怎麼受的了??  一些覺得還不錯的生活照也分享給你們看看吧 真的的賣萌無極限欸???   最後  大哥你忘記這是你以前的貓砂盆了嗎?還睡那麼爽?   抹茶：有人也想收服我嗎～ 我只是皮了點 喵???～   簽名檔就用抹茶爸好了 手機排版有點亂，不好意思也謝謝各位耐心看完??  抹茶爸 ",
    "time": "2017/05/22 17:43:12",
    "event": "click"
  },
  {
    "category": "8",
    "app": "Dcard",
    "id": "18",
    "context": "#貓 #圖 這隻小惡魔該不該收服?? 他叫抹茶，今年一歲 當初一個因緣際會下，領養了他 剛到家裡時，緊張兮兮的只敢躲起來 現在根本家裡的老大一樣，什麼都不怕，連狗他也敢兇?? 好啦廢話不多說，直接上圖吧  小時候的他，根本就是讓人融化到了極點??  一轉眼 就真的變樣了?? 各種醜陋睡姿都出現..真的很可怕 有時候懷疑我到底養出什麼?  好啦也是有跟天使一樣的時候??   反差那麼大怎麼受的了??  一些覺得還不錯的生活照也分享給你們看看吧 真的的賣萌無極限欸???   最後  大哥你忘記這是你以前的貓砂盆了嗎?還睡那麼爽?   抹茶：有人也想收服我嗎～ 我只是皮了點 喵???～   簽名檔就用抹茶爸好了 手機排版有點亂，不好意思也謝謝各位耐心看完??  抹茶爸 ",
    "time": "2017/05/22 17:43:12",
    "event": "slide"
  },
  {
    "category": "9",
    "app": "Messenger",
    "id": "19",
    "context": "係 佢話佢個屆係佢做 佢話冇交會費都照補 口同鼻拗緊 佢話佢係佢果屆嘅幹部？ 係時候屌到佢啪啪聲 可以 辛苦監製 但係呢屆唔係佢做啦嘛 叫佢食 我問下佢果屆會長先 以前無交會費都係要自己比錢",
    "time": "2017/05/22 17:45:02",
    "event": "slide"
  },
  {
    "category": "9",
    "app": "Messenger",
    "id": "20",
    "context": "畢業聚餐無交會費個位點搞 仲凶番我",
    "time": "2017/05/22 17:45:02",
    "event": "type"
  },
  {
    "category": "10",
    "app": "Messenger",
    "id": "21",
    "context": "傳送",
    "time": "2017/05/22 17:45:02",
    "event": "click"
  },
  {
    "category": "9",
    "app": "Messenger",
    "id": "22",
    "context": "係 佢話佢個屆係佢做 佢話冇交會費都照補 口同鼻拗緊 佢話佢係佢果屆嘅幹部？ 係時候屌到佢啪啪聲 可以 辛苦監製 但係呢屆唔係佢做啦嘛 叫佢食 我問下佢果屆會長先 以前無交會費都係要自己比錢 畢業聚餐無交會費個位點搞 仲凶番我",
    "time": "2017/05/22 17:45:02",
    "event": "slide"
  },
  {
    "category": "11",
    "app": "Chrome",
    "id": "23",
    "context": "魏媽媽學生套房 | Flickr 環境清幽 景觀佳  規劃完善 設備齊全 通風良好 水泥隔間 隔音好 門卡安全進出 配備︰免費地下機車位  100M光纖網路  冷氣  冰箱 全套傢具 公安認可消防設施  24hr全區監視錄影  投幣式洗.烘衣機…等 地址: 台中市南區興大路56號 電話: 0919829986",
    "time": "2017/05/22 17:47:35",
    "event": "click"
  },
  {
    "category": "11",
    "app": "Chrome",
    "id": "24",
    "context": "魏媽媽學生套房 | Flickr 環境清幽 景觀佳  規劃完善 設備齊全 通風良好 水泥隔間 隔音好 門卡安全進出 配備︰免費地下機車位  100M光纖網路  冷氣  冰箱 全套傢具 公安認可消防設施  24hr全區監視錄影  投幣式洗.烘衣機…等 地址: 台中市南區興大路56號 電話: 0919829986",
    "time": "2017/05/22 17:47:35",
    "event": "slide"
  },
  {
    "category": "11",
    "app": "Chrome",
    "id": "25",
    "context": "園道學園 位於興大路綠園道旁 環境清幽 景觀佳 通風良好 水泥隔間 隔音好 消防設施皆定期檢核 房東夫婦1樓辦公室，自住7樓 管理妥善 Line: 0919829986",
    "time": "2017/05/22 17:48:32",
    "event": "click"
  },
  {
    "category": "11",
    "app": "Chrome",
    "id": "26",
    "context": "園道學園 位於興大路綠園道旁 環境清幽 景觀佳 通風良好 水泥隔間 隔音好 消防設施皆定期檢核 房東夫婦1樓辦公室，自住7樓 管理妥善 Line: 0919829986",
    "time": "2017/05/22 17:48:32",
    "event": "slide"
  },
  {
    "category": "12",
    "app": "Dcard",
    "id": "27",
    "context": "這些都是從youtube上看到的，在這整理給大家舒壓的，本來想繼續整理給大家，但看到下面的留言後，我不會再更新，謝謝。  什麼叫幸運 老師：什麼叫幸運？小明來打個比方。 小明：老師從樓上掉下來。 老師：你才從樓上掉下來，換個比喻。 小明：不是要我打比方嗎？總要讓我解釋吧？你從樓上掉下來，下面有個草堆，那你就幸運。 老師：那什麼叫不幸？ 小明：草堆上有個耙子，那就不幸了。 老師：那什麼叫希望？ 小明：你沒掉到耙子上。 老師：那什麼叫絕望呢？ 小明：你沒掉到草堆上。 老師：那掉到哪呢？ 小明：啪...變血漿。 老師：....你出去。  老師我想請假 小明：老師我想請假。 老師：你怎麼了嗎？ 小明：要做手術。 老師：手術？你不是好好的嗎？什麼手術啊？ 小明：人體無用副組織群體切除手術。 老師：啥？ 小明：人體無用副組織群體切除手術。 老師：說人話！ 小明：剪頭髮！ 老師：給我滾！  諸葛亮 老師：諸葛亮上知天文，下知地理，是個了不起的人。 小明：才不呢。 老師：你在胡說什麼？ 小明：他一定沒讀過一本書。 老師：什麼書？ 小明：三國演義。 老師：出去！  少壯不努力 老師：有一句說得好，少壯不努力，小明下一句是什麼？ 小明：少壯不努力，少壯的媽媽很生氣。 老師：小明不努力，小明的老師很生氣，給我出去！  像個男人 老師：下面第二題，小明回答一下。 小明：我不會...（小聲 老師：像個男人一樣大聲回答行不行？ 小明：老子不會！（拍桌 老師：出去！  四個字形容人很醜 老師：四個字來形容一個人很醜。 小王：不忍直視。 老師：很好。 小白：不堪入目。 老師：不錯。 小黑：慘不忍睹。 老師：很好很直接，小明答一個。 小明：四個字？ 老師：對。 小明：長得像你。 老師：你出去！  造句 老師：下面幾個字造個句，朋友、我的、小紅、是。 小明：朋友，小紅是我的。 老師：滾出去。  用手吃飯 老師：很多民族都是直接用手吃飯的。 小明：都用手吃？ 老師：對。 小明：那火鍋也用手吃？手不就燙脫皮了嗎？ 老師：你出去！  植物 老師：如果想變成植物，你們想成為什麼植物？ 小白：梅花，因為它不畏風寒。 老師：說的太好了。 小王：松樹，因為它有堅忍不拔的意志。 小明：小草。 老師：為啥？ 小明：今日你踩在我身上，明日我長在你墳上。 老師：滾！  以下更新  形象 老師：同學們，來形容一下老師在你們心目中的形象吧，我想一定非常美好吧。 小紅：我覺得老師很漂亮。 小剛：老師在我心目中就想女神一樣。 老師：老師聽了好欣慰，欸小明你來說說吧，我平常這麼關注你。 小明：老師，我還是出去吧。 老師：...  畫圖 老師：你們每個人說一樣東西，我畫在黑板上，任何東西都可以。 小香：太陽。 小紅：西瓜。 老師：怎麼樣？像吧？（畫圖 小明：西瓜籽多一點。 老師：你說一個我畫！ 小明：什麼都可以？ 老師：對，快說吧。 小明：二維碼。 老師：滾出去！  造紙術 老師：誰來說說造紙術對我們的影響？ 小明：我來，我都想好了。 老師：難得這麼積極，說吧。 小明：造紙術，有了它我們有數不清的教材，看不完的教科書，還有做不完的作業，更不用說還有數不清的考卷，因為它，無數的小孩都近視了，頭低了，背駝了，人肥了，老婆沒了，什麼都沒有了，多坑人啊，誰發明的妳說過不過分。 老師：還用我說你嗎？出去！  書到用時方恨少 老師：考大家一個問題啊，書到用時方恨少是什麼意思？ 小明：我會，書到用時方恨少，我一書包的書就賣20塊錢，連買個便當都買不起，真夠少。 老師：滾出去！  動詞 老師：來問大家啊，動詞後面要接什麼？ 小明：大疵。 老師：什麼大疵？ 全班：動詞大疵，動詞大疵 老師：都出去！ 小明：老師這回該你出去了吧！ 老師：...  喜歡老師哪裡 老師：小明，我們來聊聊啊，老師呢喜歡你的聰明，那你喜歡老師哪裡？ 小明：頭髮。 老師：頭髮？為什麼？ 小明：把臉都遮住啦。 老師：滾！  煤氣洩漏 老師：問大家一個問題啊，家裡煤氣洩漏了，該怎麼辦？ 小明：這個我知道。 老師：你說。 小明：家裡煤氣洩漏了別著急，先抽根菸冷靜冷靜。 老師：出去吧朋友！出去！ ",
    "time": "2017/05/22 18:09:08",
    "event": "click"
  },
  {
    "category": "12",
    "app": "Dcard",
    "id": "28",
    "context": "這些都是從youtube上看到的，在這整理給大家舒壓的，本來想繼續整理給大家，但看到下面的留言後，我不會再更新，謝謝。  什麼叫幸運 老師：什麼叫幸運？小明來打個比方。 小明：老師從樓上掉下來。 老師：你才從樓上掉下來，換個比喻。 小明：不是要我打比方嗎？總要讓我解釋吧？你從樓上掉下來，下面有個草堆，那你就幸運。 老師：那什麼叫不幸？ 小明：草堆上有個耙子，那就不幸了。 老師：那什麼叫希望？ 小明：你沒掉到耙子上。 老師：那什麼叫絕望呢？ 小明：你沒掉到草堆上。 老師：那掉到哪呢？ 小明：啪...變血漿。 老師：....你出去。  老師我想請假 小明：老師我想請假。 老師：你怎麼了嗎？ 小明：要做手術。 老師：手術？你不是好好的嗎？什麼手術啊？ 小明：人體無用副組織群體切除手術。 老師：啥？ 小明：人體無用副組織群體切除手術。 老師：說人話！ 小明：剪頭髮！ 老師：給我滾！  諸葛亮 老師：諸葛亮上知天文，下知地理，是個了不起的人。 小明：才不呢。 老師：你在胡說什麼？ 小明：他一定沒讀過一本書。 老師：什麼書？ 小明：三國演義。 老師：出去！  少壯不努力 老師：有一句說得好，少壯不努力，小明下一句是什麼？ 小明：少壯不努力，少壯的媽媽很生氣。 老師：小明不努力，小明的老師很生氣，給我出去！  像個男人 老師：下面第二題，小明回答一下。 小明：我不會...（小聲 老師：像個男人一樣大聲回答行不行？ 小明：老子不會！（拍桌 老師：出去！  四個字形容人很醜 老師：四個字來形容一個人很醜。 小王：不忍直視。 老師：很好。 小白：不堪入目。 老師：不錯。 小黑：慘不忍睹。 老師：很好很直接，小明答一個。 小明：四個字？ 老師：對。 小明：長得像你。 老師：你出去！  造句 老師：下面幾個字造個句，朋友、我的、小紅、是。 小明：朋友，小紅是我的。 老師：滾出去。  用手吃飯 老師：很多民族都是直接用手吃飯的。 小明：都用手吃？ 老師：對。 小明：那火鍋也用手吃？手不就燙脫皮了嗎？ 老師：你出去！  植物 老師：如果想變成植物，你們想成為什麼植物？ 小白：梅花，因為它不畏風寒。 老師：說的太好了。 小王：松樹，因為它有堅忍不拔的意志。 小明：小草。 老師：為啥？ 小明：今日你踩在我身上，明日我長在你墳上。 老師：滾！  以下更新  形象 老師：同學們，來形容一下老師在你們心目中的形象吧，我想一定非常美好吧。 小紅：我覺得老師很漂亮。 小剛：老師在我心目中就想女神一樣。 老師：老師聽了好欣慰，欸小明你來說說吧，我平常這麼關注你。 小明：老師，我還是出去吧。 老師：...  畫圖 老師：你們每個人說一樣東西，我畫在黑板上，任何東西都可以。 小香：太陽。 小紅：西瓜。 老師：怎麼樣？像吧？（畫圖 小明：西瓜籽多一點。 老師：你說一個我畫！ 小明：什麼都可以？ 老師：對，快說吧。 小明：二維碼。 老師：滾出去！  造紙術 老師：誰來說說造紙術對我們的影響？ 小明：我來，我都想好了。 老師：難得這麼積極，說吧。 小明：造紙術，有了它我們有數不清的教材，看不完的教科書，還有做不完的作業，更不用說還有數不清的考卷，因為它，無數的小孩都近視了，頭低了，背駝了，人肥了，老婆沒了，什麼都沒有了，多坑人啊，誰發明的妳說過不過分。 老師：還用我說你嗎？出去！  書到用時方恨少 老師：考大家一個問題啊，書到用時方恨少是什麼意思？ 小明：我會，書到用時方恨少，我一書包的書就賣20塊錢，連買個便當都買不起，真夠少。 老師：滾出去！  動詞 老師：來問大家啊，動詞後面要接什麼？ 小明：大疵。 老師：什麼大疵？ 全班：動詞大疵，動詞大疵 老師：都出去！ 小明：老師這回該你出去了吧！ 老師：...  喜歡老師哪裡 老師：小明，我們來聊聊啊，老師呢喜歡你的聰明，那你喜歡老師哪裡？ 小明：頭髮。 老師：頭髮？為什麼？ 小明：把臉都遮住啦。 老師：滾！  煤氣洩漏 老師：問大家一個問題啊，家裡煤氣洩漏了，該怎麼辦？ 小明：這個我知道。 老師：你說。 小明：家裡煤氣洩漏了別著急，先抽根菸冷靜冷靜。 老師：出去吧朋友！出去！ ",
    "time": "2017/05/22 18:09:08",
    "event": "slide"
  },
  {
    "category": "3",
    "app": "Dcard",
    "id": "29",
    "context": "爸爸忘記結婚紀念日 昨天是5/20，是我爸媽的結婚紀念日 我爸爸是個大男人，所以通常都不在記紀念日什麼的  今天早上我媽突然就很嚴肅的跟我爸說 ：昨天是我們的結婚紀念日。  爸爸：喔是喔 （超級不在乎的臉）  結果沒想到媽媽突然哭起來！全家都被嚇到  媽媽：你居然忘記了嗚嗚 我昨天還一直期待你給我驚喜的 爸爸開始慌張...  媽媽：你要請我吃Hxxgen-Dazs的蛋糕不然我不原諒你！ 爸爸：喔好啦 媽媽：兩個！ 爸爸：...好  身為女兒的我也開心的一同享用蛋糕 但我才不會跟爸爸說 這全都是我跟媽媽的計畫...其實只是我突然想吃蛋糕隨口跟媽媽提，媽媽就馬上站起來展開了以上計畫，嚇死我了",
    "time": "2017/05/22 18:11:24",
    "event": "click"
  },
  {
    "category": "3",
    "app": "Dcard",
    "id": "30",
    "context": "爸爸忘記結婚紀念日 昨天是5/20，是我爸媽的結婚紀念日 我爸爸是個大男人，所以通常都不在記紀念日什麼的  今天早上我媽突然就很嚴肅的跟我爸說 ：昨天是我們的結婚紀念日。  爸爸：喔是喔 （超級不在乎的臉）  結果沒想到媽媽突然哭起來！全家都被嚇到  媽媽：你居然忘記了嗚嗚 我昨天還一直期待你給我驚喜的 爸爸開始慌張...  媽媽：你要請我吃Hxxgen-Dazs的蛋糕不然我不原諒你！ 爸爸：喔好啦 媽媽：兩個！ 爸爸：...好  身為女兒的我也開心的一同享用蛋糕 但我才不會跟爸爸說 這全都是我跟媽媽的計畫...其實只是我突然想吃蛋糕隨口跟媽媽提，媽媽就馬上站起來展開了以上計畫，嚇死我了",
    "time": "2017/05/22 18:11:24",
    "event": "slide"
  },
  {
    "category": "13",
    "app": "Dcard",
    "id": "31",
    "context": "爸爸問我說為什麼不去死？ 「妳為什麼不趕快去死？」    昨天父母吵架了。 一開始是爸爸一直在罵我哪裡做得不好， 後來媽媽聽得煩了，火大了， 兩個人就吵起來了。  今天媽媽先開了砲火， 吵著說要鬧分居鬧離婚， 這時爸爸開口了， 他對我說， 「這全都是因為妳的錯，」  「沒有妳的存在就好了。」    昨天晚上媽媽睡著的時候， 爸爸突然跑過來，  「妳為什麼不趕快去死？」 「為什麼不去死？」    昨天躺在床上，我閉著眼睛，一直在想， 嗯，為什麼我不去死呢？  突然有東西溼溼的不停滑落，我停不下來， 明明爸爸跟我說話的時候我完全沒有感覺啊， 不行、 不行不行，我不能哭， 我才不會因為這樣就受傷， 明天我不會讓他們看到他們傷害到我了， 不會讓他們得逞的。   今天我還是面無表情得看著他們爭吵。                為什麼我不去死呢？   那時候我唯一想到的是， 因為，   我還是愛著你們的……     -戴上面具微笑的女孩 ",
    "time": "2017/05/22 18:12:12",
    "event": "click"
  },
  {
    "category": "13",
    "app": "Dcard",
    "id": "32",
    "context": "爸爸問我說為什麼不去死？ 「妳為什麼不趕快去死？」    昨天父母吵架了。 一開始是爸爸一直在罵我哪裡做得不好， 後來媽媽聽得煩了，火大了， 兩個人就吵起來了。  今天媽媽先開了砲火， 吵著說要鬧分居鬧離婚， 這時爸爸開口了， 他對我說， 「這全都是因為妳的錯，」  「沒有妳的存在就好了。」    昨天晚上媽媽睡著的時候， 爸爸突然跑過來，  「妳為什麼不趕快去死？」 「為什麼不去死？」    昨天躺在床上，我閉著眼睛，一直在想， 嗯，為什麼我不去死呢？  突然有東西溼溼的不停滑落，我停不下來， 明明爸爸跟我說話的時候我完全沒有感覺啊， 不行、 不行不行，我不能哭， 我才不會因為這樣就受傷， 明天我不會讓他們看到他們傷害到我了， 不會讓他們得逞的。   今天我還是面無表情得看著他們爭吵。                為什麼我不去死呢？   那時候我唯一想到的是， 因為，   我還是愛著你們的……     -戴上面具微笑的女孩 ",
    "time": "2017/05/22 18:12:12",
    "event": "slide"
  }
]