[
  {
    "category": "1",
    "app": "MoPTT",
    "id": "1",
    "context": "[公告] NBA 樂透開獎  樂透說明 5/22(一) 8:30 塞爾蒂克 @ 騎士 G3 　 開獎順序：３＞２＝１ 1. 綠賽獲勝： 比賽結果、綠賽獲勝，開１。 2. 騎士獲勝： 比賽結果、騎士獲勝，開２。 3. 特殊選項： 比賽結果、比分差＞＝４０，開３。 4. 乾爹贊助： 此選項不會開。  下注情況  1.綠賽獲勝: 797 2.騎士獲勝: 12896 3.特殊選項: 2012 4.乾爹贊助: 3  開獎時間: 05/22/2017 11:02:29 開獎結果: 綠賽獲勝 下注總額: 1570800 中獎比例: 797張/15708張 (0.050738) 每張中獎彩券可得 1872 Ptt幣  05/22/2017 11:02:29 開出:綠賽獲勝 總額:1570800 彩金/張:1872 機率:0.05  gaiaesque 買了 16 張 騎士獲勝 boy1031 買了 5 張 騎士獲勝 lafaka 買了 2 張 騎士獲勝 fff6107 買了 1 張 騎士獲勝 kbcurtis 買了 1 張 騎士獲勝 a64186401 買了 1 張 騎士獲勝 x330800 買了 1 張 特殊選項 sasaki3630 買了 50 張 騎士獲勝 gdpgdpgdp 買了 50 張 騎士獲勝 CavendishJr 買了 1 張 騎士獲勝 pinkcircleee 買了 2 張 騎士獲勝 u8904002 買了 50 張 騎士獲勝 恭喜 sasaki3630 買了 1 張 綠賽獲勝, 獲得 1872 Ptt幣 td2266 買了 40 張 騎士獲勝 sasaki3630 買了 3 張 特殊選項 nakibasara 買了 10 張 特殊選項 gogosonny 買了 1 張 特殊選項 wat753 買了 3 張 騎士獲勝 ANava 買了 4 張 騎士獲勝 newedifier 買了 10 張 特殊選項 kanakokidd 買了 1 張 騎士獲勝 wind26 買了 3 張 騎士獲勝 ZhengMark 買了 5 張 騎士獲勝 qbeagle 買了 2 張 特殊選項 jerry83688 買了 1 張 特殊選項 恭喜 qbeagle 買了 1 張 綠賽獲勝, 獲得 1872 Ptt幣 jerry83688 買了 2 張 騎士獲勝 danielele 買了 2 張 騎士獲勝 恭喜 shun2249 買了 5 張 綠賽獲勝, 獲得 9360 Ptt幣 shun2249 買了 5 張 特殊選項 wonwon 買了 1 張 騎士獲勝 denny87505xd 買了 1 張 騎士獲勝 kk012321 買了 1 張 騎士獲勝 LAOHN 買了 2 張 特殊選項 kk012321 買了 1 張 特殊選項 eeeabd 買了 2 張 騎士獲勝 ChinOrz 買了 5 張 騎士獲勝 citas 買了 1 張 騎士獲勝 rossihsu 買了 100 張 騎士獲勝 NaiveRed 買了 1 張 騎士獲勝 恭喜 wiii 買了 1 張 綠賽獲勝, 獲得 1872 Ptt幣 sai543 買了 2 張 騎士獲勝 sai543 買了 1 張 特殊選項 jianjian222 買了 5 張 騎士獲勝 fangshu 買了 1 張 騎士獲勝 z888888861 買了 4 張 騎士獲勝 cchuang4 買了 1 張 騎士獲勝 Js1233 買了 5 張 騎士獲勝 Js1233 買了 5 張 特殊選項 Js1233 買了 1 張 乾爹贊助 jinnie27221 買了 1 張 騎士獲勝 恭喜 zxooz 買了 5 張 綠賽獲勝, 獲得 9360 Ptt幣 恭喜 black2575 買了 1 張 綠賽獲勝, 獲得 1872 Ptt幣 breakfast884 買了 1 張 騎士獲勝 tonyfenny321 買了 40 張 騎士獲勝 kenny1300175 買了 3 張 特殊選項 恭喜 kenny1300175 買了 1 張 綠賽獲勝, 獲得 1872 Ptt幣 jason125457 買了 2 張 騎士獲勝 jason125457 買了 2 張 特殊選項 mazz 買了 7 張 騎士獲勝 banque 買了 1 張 特殊選項 mazz 買了 2 張 特殊選項 bikaru 買了 1 張 騎士獲勝 Kinghusky 買了 2 張 騎士獲勝 ",
    "time": "2017/05/22 12:14:37",
    "event": "click"
  },
  {
    "category": "1",
    "app": "MoPTT",
    "id": "2",
    "context": "[公告] NBA 樂透開獎  樂透說明 5/22(一) 8:30 塞爾蒂克 @ 騎士 G3 　 開獎順序：３＞２＝１ 1. 綠賽獲勝： 比賽結果、綠賽獲勝，開１。 2. 騎士獲勝： 比賽結果、騎士獲勝，開２。 3. 特殊選項： 比賽結果、比分差＞＝４０，開３。 4. 乾爹贊助： 此選項不會開。  下注情況  1.綠賽獲勝: 797 2.騎士獲勝: 12896 3.特殊選項: 2012 4.乾爹贊助: 3  開獎時間: 05/22/2017 11:02:29 開獎結果: 綠賽獲勝 下注總額: 1570800 中獎比例: 797張/15708張 (0.050738) 每張中獎彩券可得 1872 Ptt幣  05/22/2017 11:02:29 開出:綠賽獲勝 總額:1570800 彩金/張:1872 機率:0.05  gaiaesque 買了 16 張 騎士獲勝 boy1031 買了 5 張 騎士獲勝 lafaka 買了 2 張 騎士獲勝 fff6107 買了 1 張 騎士獲勝 kbcurtis 買了 1 張 騎士獲勝 a64186401 買了 1 張 騎士獲勝 x330800 買了 1 張 特殊選項 sasaki3630 買了 50 張 騎士獲勝 gdpgdpgdp 買了 50 張 騎士獲勝 CavendishJr 買了 1 張 騎士獲勝 pinkcircleee 買了 2 張 騎士獲勝 u8904002 買了 50 張 騎士獲勝 恭喜 sasaki3630 買了 1 張 綠賽獲勝, 獲得 1872 Ptt幣 td2266 買了 40 張 騎士獲勝 sasaki3630 買了 3 張 特殊選項 nakibasara 買了 10 張 特殊選項 gogosonny 買了 1 張 特殊選項 wat753 買了 3 張 騎士獲勝 ANava 買了 4 張 騎士獲勝 newedifier 買了 10 張 特殊選項 kanakokidd 買了 1 張 騎士獲勝 wind26 買了 3 張 騎士獲勝 ZhengMark 買了 5 張 騎士獲勝 qbeagle 買了 2 張 特殊選項 jerry83688 買了 1 張 特殊選項 恭喜 qbeagle 買了 1 張 綠賽獲勝, 獲得 1872 Ptt幣 jerry83688 買了 2 張 騎士獲勝 danielele 買了 2 張 騎士獲勝 恭喜 shun2249 買了 5 張 綠賽獲勝, 獲得 9360 Ptt幣 shun2249 買了 5 張 特殊選項 wonwon 買了 1 張 騎士獲勝 denny87505xd 買了 1 張 騎士獲勝 kk012321 買了 1 張 騎士獲勝 LAOHN 買了 2 張 特殊選項 kk012321 買了 1 張 特殊選項 eeeabd 買了 2 張 騎士獲勝 ChinOrz 買了 5 張 騎士獲勝 citas 買了 1 張 騎士獲勝 rossihsu 買了 100 張 騎士獲勝 NaiveRed 買了 1 張 騎士獲勝 恭喜 wiii 買了 1 張 綠賽獲勝, 獲得 1872 Ptt幣 sai543 買了 2 張 騎士獲勝 sai543 買了 1 張 特殊選項 jianjian222 買了 5 張 騎士獲勝 fangshu 買了 1 張 騎士獲勝 z888888861 買了 4 張 騎士獲勝 cchuang4 買了 1 張 騎士獲勝 Js1233 買了 5 張 騎士獲勝 Js1233 買了 5 張 特殊選項 Js1233 買了 1 張 乾爹贊助 jinnie27221 買了 1 張 騎士獲勝 恭喜 zxooz 買了 5 張 綠賽獲勝, 獲得 9360 Ptt幣 恭喜 black2575 買了 1 張 綠賽獲勝, 獲得 1872 Ptt幣 breakfast884 買了 1 張 騎士獲勝 tonyfenny321 買了 40 張 騎士獲勝 kenny1300175 買了 3 張 特殊選項 恭喜 kenny1300175 買了 1 張 綠賽獲勝, 獲得 1872 Ptt幣 jason125457 買了 2 張 騎士獲勝 jason125457 買了 2 張 特殊選項 mazz 買了 7 張 騎士獲勝 banque 買了 1 張 特殊選項 mazz 買了 2 張 特殊選項 bikaru 買了 1 張 騎士獲勝 Kinghusky 買了 2 張 騎士獲勝 ",
    "time": "2017/05/22 12:14:37",
    "event": "slide"
  },
  {
    "category": "1",
    "app": "MoPTT",
    "id": "3",
    "context": "[討論]NBA LBJ今天故意輸球有兩個目的 心機頗深 明眼人都可以看出，姆斯在低命中狀態下，居然上場45分鐘。可見根本不是姆斯狀態不好 而是回主場後故意放掉。真的這麼在乎勝負，總教練Lue早就把LBJ換下去了。Lue也沒換 賽隊明顯破釜沉舟，打髒球順便練板凳，而LBJ還在場上遊蕩，他真的狀態不好？  很顯然不是。LBJ放掉比賽之餘，應該有兩個目的：  1.讓賽隊起內鬨，造成團隊不合：今年塞爾提克隊能夠打入季後賽，一路過關斬將  Isaiah Thomas絕對是功臣，也可以看到他打出的驚人效率。但是身高無法成長  東區決賽開始就狂被打點。這場IT受傷，反而讓球權平均分布，那個容易被打點的人  不在場上，賽隊才驚覺：原來我們可以打得這麼有活力，戰術執行得這麼徹底！  休息區內，賽隊球員不禁回想：上一場比賽我們打得如此狼狽，是不是因為太在乎IT 太重視這個充滿活力的小個子，以至於沒看到IT有如雙面刃，一方面貢獻球隊，一方面 製造漏洞。於是賽隊開始內鬨。就算第4場IT先發，請問誰能打從心底服從他？  (有IT在的比賽輸40分，沒IT的比賽我們可以跟超級強隊一拚...IT你該先發嗎？)    這樣智將姆斯的計謀就成功了，賽隊在內鬨之餘，絕對不可能再打出第3戰這種活力  姆斯又贏了，毫無意外的4：1晉級總冠軍賽。   2.把壓力丟回勇士這邊：今年東西區都在創紀錄，比誰的勝分多，比誰組的天團豪華  今天輸給超賽，騎士已經沒有12連勝了，騎士也是會敗給超賽這種重建中的球隊  因此，就算沒辦法奪得總冠軍，也是合情合理的。  一種先打預防針的概念。而勇士如果想創造偉大賽季，就必須把馬刺剃光頭，證明 去年輸給騎士只是運氣不好，主將受傷。馬刺3大主將都已經不能再上場了，勇士  如果還輸任何一場，該如何面對總冠軍對手騎士？(騎士故意讓一場給超賽欸)   這種壓力不會小於去年73勝全票MVP打總冠軍，人在壓力下會失常的，騎士就在等  勇士失常，太執著於勝利反而打得綁手綁腳。現在騎士沒有負擔了，勇士還在背負  破紀錄季後賽全勝的十字架。   智將LBJ的八奇思考領域，思緒轉峰迴路轉 精明精巧。普通人類在嘲笑姆斯烙賽之餘，  有參透嗎？",
    "time": "2017/05/22 12:30:24",
    "event": "click"
  },
  {
    "category": "1",
    "app": "MoPTT",
    "id": "4",
    "context": "[討論]NBA LBJ今天故意輸球有兩個目的 心機頗深 明眼人都可以看出，姆斯在低命中狀態下，居然上場45分鐘。可見根本不是姆斯狀態不好 而是回主場後故意放掉。真的這麼在乎勝負，總教練Lue早就把LBJ換下去了。Lue也沒換 賽隊明顯破釜沉舟，打髒球順便練板凳，而LBJ還在場上遊蕩，他真的狀態不好？  很顯然不是。LBJ放掉比賽之餘，應該有兩個目的：  1.讓賽隊起內鬨，造成團隊不合：今年塞爾提克隊能夠打入季後賽，一路過關斬將  Isaiah Thomas絕對是功臣，也可以看到他打出的驚人效率。但是身高無法成長  東區決賽開始就狂被打點。這場IT受傷，反而讓球權平均分布，那個容易被打點的人  不在場上，賽隊才驚覺：原來我們可以打得這麼有活力，戰術執行得這麼徹底！  休息區內，賽隊球員不禁回想：上一場比賽我們打得如此狼狽，是不是因為太在乎IT 太重視這個充滿活力的小個子，以至於沒看到IT有如雙面刃，一方面貢獻球隊，一方面 製造漏洞。於是賽隊開始內鬨。就算第4場IT先發，請問誰能打從心底服從他？  (有IT在的比賽輸40分，沒IT的比賽我們可以跟超級強隊一拚...IT你該先發嗎？)    這樣智將姆斯的計謀就成功了，賽隊在內鬨之餘，絕對不可能再打出第3戰這種活力  姆斯又贏了，毫無意外的4：1晉級總冠軍賽。   2.把壓力丟回勇士這邊：今年東西區都在創紀錄，比誰的勝分多，比誰組的天團豪華  今天輸給超賽，騎士已經沒有12連勝了，騎士也是會敗給超賽這種重建中的球隊  因此，就算沒辦法奪得總冠軍，也是合情合理的。  一種先打預防針的概念。而勇士如果想創造偉大賽季，就必須把馬刺剃光頭，證明 去年輸給騎士只是運氣不好，主將受傷。馬刺3大主將都已經不能再上場了，勇士  如果還輸任何一場，該如何面對總冠軍對手騎士？(騎士故意讓一場給超賽欸)   這種壓力不會小於去年73勝全票MVP打總冠軍，人在壓力下會失常的，騎士就在等  勇士失常，太執著於勝利反而打得綁手綁腳。現在騎士沒有負擔了，勇士還在背負  破紀錄季後賽全勝的十字架。   智將LBJ的八奇思考領域，思緒轉峰迴路轉 精明精巧。普通人類在嘲笑姆斯烙賽之餘，  有參透嗎？",
    "time": "2017/05/22 12:30:24",
    "event": "slide"
  },
  {
    "category": "1",
    "app": "MoPTT",
    "id": "5",
    "context": "[專欄]NBA Manu Ginobili的「不老魔法」lys 西區決賽勇士vs.馬刺G3，馬刺40歲後衛Manu Ginobili替補上場18分鐘，9投7中攻下全隊最高21分，可惜還是挽救不了馬刺局勢。馬刺在沒有退路的G3，108：120不敵勇士，七戰四勝系列賽陷入0：3困境。  Manu在G3比賽中，一記快攻前進，在運球行進間Manu把球從防守球員David West胯下運過後繼續運球，完成突破上籃，這一記漂亮突破被做成今年季後賽經典highlight。  像魔術般穿越防守球員，那是一種籃球最古老技藝，或者說是一種「魔法」，只有40歲Manu可以如此輕鬆、簡單的完成。  單場21分是2016年3月以來，Manu個人單場最高得分，靠著Manu上半場14分支撐，馬刺展現勢均力敵戰力咬住比分，沒有讓勇士有喘息空間。 但40歲的Manu，他還是只有20-25分鐘的耐戰力，第四節當勇士用投籃和速度迅速拉開比分差距時，Manu就沒有再上場，比賽情勢不再，波波教練很清楚比賽走勢和走向，波波沒有再打出Manu這張擁有無比魔力的老王牌，他知道馬刺已經失去整體情勢。   波波教練對Manu這場球的出色表現，他說了一句最深刻評論，「我們都知道他會這些招數，對他來說，這樣的表現一點都不讓人驚訝…」。  勇士太強大，馬刺傷兵太多，比賽情勢和局勢都很困難，Manu非常清楚。 這樣的比賽， 這種臨場表現和效率，只有Manu可以完成，他的鬼切突破，絕妙傳球，無法預測的突破、方向、出手、節奏，以及不斷神來一筆的進攻創意，還是讓球迷看得目瞪口呆。  ESPN球評Jeff Van Gundy認為，Manu展現出來的是一種籃球「魔法」。  儘管系列賽再艱困，Manu不老傳奇的表演和魔術戲法讓馬刺球迷非常感動，他可以再打一年的。 Manu說，「我還是那個Manu，對灰熊系列賽連續15投不中的球員，有時候我會表現很糟，但有時候我會打出很好的比賽。」   更關鍵重點是，Manu將不會因為馬刺有沒有奪冠，他個人的狀況好與不好，去決定自己是不是要再繼續征戰NBA，再打一季。  Manu今年夏天約滿將成為自由球員，Manu會不會再打下去，刺迷都很關心。  「我不會因為今年最後一場 0分或20分，狀況好與不好，去決定我要不要退休，這需要整體考量，我現在只想專注在比賽」Manu說。 西區決賽G4 Manu還會展現他獨一無二的魔力和神乎其技，放下比賽勝負，忘記馬刺系列賽0：3落後，好好期待Manu的表演吧! 體考量，我現在只想專注在比賽」Manu說。 西區決賽G4 Manu還會展現他獨一無二的魔力和神乎其技，放下比賽勝負，忘記馬刺系列賽0：3落後，好好期待Manu的表演吧!   https://tinyurl.com/n6e8543 ",
    "time": "2017/05/22 12:31:55",
    "event": "click"
  },
  {
    "category": "1",
    "app": "MoPTT",
    "id": "6",
    "context": "[專欄]NBA Manu Ginobili的「不老魔法」lys 西區決賽勇士vs.馬刺G3，馬刺40歲後衛Manu Ginobili替補上場18分鐘，9投7中攻下全隊最高21分，可惜還是挽救不了馬刺局勢。馬刺在沒有退路的G3，108：120不敵勇士，七戰四勝系列賽陷入0：3困境。  Manu在G3比賽中，一記快攻前進，在運球行進間Manu把球從防守球員David West胯下運過後繼續運球，完成突破上籃，這一記漂亮突破被做成今年季後賽經典highlight。  像魔術般穿越防守球員，那是一種籃球最古老技藝，或者說是一種「魔法」，只有40歲Manu可以如此輕鬆、簡單的完成。  單場21分是2016年3月以來，Manu個人單場最高得分，靠著Manu上半場14分支撐，馬刺展現勢均力敵戰力咬住比分，沒有讓勇士有喘息空間。 但40歲的Manu，他還是只有20-25分鐘的耐戰力，第四節當勇士用投籃和速度迅速拉開比分差距時，Manu就沒有再上場，比賽情勢不再，波波教練很清楚比賽走勢和走向，波波沒有再打出Manu這張擁有無比魔力的老王牌，他知道馬刺已經失去整體情勢。   波波教練對Manu這場球的出色表現，他說了一句最深刻評論，「我們都知道他會這些招數，對他來說，這樣的表現一點都不讓人驚訝…」。  勇士太強大，馬刺傷兵太多，比賽情勢和局勢都很困難，Manu非常清楚。 這樣的比賽， 這種臨場表現和效率，只有Manu可以完成，他的鬼切突破，絕妙傳球，無法預測的突破、方向、出手、節奏，以及不斷神來一筆的進攻創意，還是讓球迷看得目瞪口呆。  ESPN球評Jeff Van Gundy認為，Manu展現出來的是一種籃球「魔法」。  儘管系列賽再艱困，Manu不老傳奇的表演和魔術戲法讓馬刺球迷非常感動，他可以再打一年的。 Manu說，「我還是那個Manu，對灰熊系列賽連續15投不中的球員，有時候我會表現很糟，但有時候我會打出很好的比賽。」   更關鍵重點是，Manu將不會因為馬刺有沒有奪冠，他個人的狀況好與不好，去決定自己是不是要再繼續征戰NBA，再打一季。  Manu今年夏天約滿將成為自由球員，Manu會不會再打下去，刺迷都很關心。  「我不會因為今年最後一場 0分或20分，狀況好與不好，去決定我要不要退休，這需要整體考量，我現在只想專注在比賽」Manu說。 西區決賽G4 Manu還會展現他獨一無二的魔力和神乎其技，放下比賽勝負，忘記馬刺系列賽0：3落後，好好期待Manu的表演吧! 體考量，我現在只想專注在比賽」Manu說。 西區決賽G4 Manu還會展現他獨一無二的魔力和神乎其技，放下比賽勝負，忘記馬刺系列賽0：3落後，好好期待Manu的表演吧!   https://tinyurl.com/n6e8543 ",
    "time": "2017/05/22 12:31:55",
    "event": "slide"
  },
  {
    "category": "1",
    "app": "Facebook",
    "id": "7",
    "context": "【影片】一擊致命！Bradley超大心臟獻0.1秒三分絕殺 - Haters-黑特籃球NBA新聞影片圖片分享社區 波士頓塞爾提克隊上演翻盤好戲。雖然厄文得到29分，但LeBron 13投4中只有11分，Smart得到27分，Bradley...",
    "time": "2017/05/22 12:34:37",
    "event": "click"
  },
  {
    "category": "1",
    "app": "Facebook",
    "id": "8",
    "context": "【影片】一擊致命！Bradley超大心臟獻0.1秒三分絕殺 - Haters-黑特籃球NBA新聞影片圖片分享社區 波士頓塞爾提克隊上演翻盤好戲。雖然厄文得到29分，但LeBron 13投4中只有11分，Smart得到27分，Bradley...",
    "time": "2017/05/22 12:34:37",
    "event": "slide"
  },
  {
    "category": "1",
    "app": "MoPTT",
    "id": "9",
    "context": "[討論]NBA The不讓今天不讓了什麼? 各位午安  想討論一下The不讓今天不讓了什麼呢？  有人說今天是The讓  -讓塞爾提克輕敵  -讓矮湯沒面子  -讓勇士輕敵  -讓自己。放鬆。一下    但我覺得The不讓今年從The跨進化成The不讓是有歷史意義的  上一場也證明The不讓就是不讓  打到你塞爾提克變智障還是要繼續虐  所以今天到底是不讓了什麼呢？  -不讓騎士諸將放鬆  -不讓連勝繼續  -不讓大家看清楚騎士的策略  -其他    大家理性討論看看   ",
    "time": "2017/05/22 12:37:57",
    "event": "click"
  },
  {
    "category": "1",
    "app": "MoPTT",
    "id": "10",
    "context": "[討論]NBA The不讓今天不讓了什麼? 各位午安  想討論一下The不讓今天不讓了什麼呢？  有人說今天是The讓  -讓塞爾提克輕敵  -讓矮湯沒面子  -讓勇士輕敵  -讓自己。放鬆。一下    但我覺得The不讓今年從The跨進化成The不讓是有歷史意義的  上一場也證明The不讓就是不讓  打到你塞爾提克變智障還是要繼續虐  所以今天到底是不讓了什麼呢？  -不讓騎士諸將放鬆  -不讓連勝繼續  -不讓大家看清楚騎士的策略  -其他    大家理性討論看看   ",
    "time": "2017/05/22 12:37:57",
    "event": "slide"
  },
  {
    "category": "1",
    "app": "MoPTT",
    "id": "11",
    "context": "[花邊]NBA 老巴：若LBJ今年奪冠，他就跟Kobe同水準 Barkley：若LBJ今年奪冠，他就跟Kobe同一水準  虎撲籃球5月22日訊 在今日的節目裏，Charles Barkley談到了LeBron James，他稱如果James本賽季可以戰勝勇士而奪冠的話，他會把James 放到Kobe Bryant那個水準上。  “我告訴了人們，如果他能夠在本賽季奪冠，我也許會把他移到Kobe Bryant那個水準上去，Kobe贏了5個總冠軍，LBJ有3個，如果他可以擊 敗勇士奪冠的話，現在他和Kobe在我這裏的位置差不多，Kobe稍微排名 高一些，因為他的冠軍數更多，如果他（James）能夠在本賽季擊敗實 力強勁的勇士奪冠，我也許會把他放到跟非常優秀的Kobe同一個位置。 ”Barkley說道。  騎士今日在主場對陣塞爾提克，這是雙方東部決賽系列賽的第三場比 賽，現在騎士大比分2-0領先塞爾提克。（注：本新聞是老巴賽前說的）  (編輯：李昌隆)  https://voice.hupu.com/nba/2162361.html  備註： 好吧，老巴引戰XD ",
    "time": "2017/05/22 12:38:52",
    "event": "click"
  },
  {
    "category": "1",
    "app": "MoPTT",
    "id": "12",
    "context": "[花邊]NBA 老巴：若LBJ今年奪冠，他就跟Kobe同水準 Barkley：若LBJ今年奪冠，他就跟Kobe同一水準  虎撲籃球5月22日訊 在今日的節目裏，Charles Barkley談到了LeBron James，他稱如果James本賽季可以戰勝勇士而奪冠的話，他會把James 放到Kobe Bryant那個水準上。  “我告訴了人們，如果他能夠在本賽季奪冠，我也許會把他移到Kobe Bryant那個水準上去，Kobe贏了5個總冠軍，LBJ有3個，如果他可以擊 敗勇士奪冠的話，現在他和Kobe在我這裏的位置差不多，Kobe稍微排名 高一些，因為他的冠軍數更多，如果他（James）能夠在本賽季擊敗實 力強勁的勇士奪冠，我也許會把他放到跟非常優秀的Kobe同一個位置。 ”Barkley說道。  騎士今日在主場對陣塞爾提克，這是雙方東部決賽系列賽的第三場比 賽，現在騎士大比分2-0領先塞爾提克。（注：本新聞是老巴賽前說的）  (編輯：李昌隆)  https://voice.hupu.com/nba/2162361.html  備註： 好吧，老巴引戰XD ",
    "time": "2017/05/22 12:38:52",
    "event": "slide"
  },
  {
    "category": "2",
    "app": "MoPTT",
    "id": "13",
    "context": "[閒聊]LoL ZZ教你如何戰爆酸民!! 現在戰成這樣 我真的看不下去!!!!!  我今天要來好好嘴嘴酸民了!!!!  關於BP META的部分 我要來幫閃電狼後勤說話!  酸民最大的問題就是不知民間疾苦，只會在後面爽爽嘴人。  不知道前線的壓力有多大...。  我說實在啦! 看比賽這麼久了 也知道酸民的酸點很搞笑。  就讓我ZZ來教你如何戰爆酸民!! 每一個人都可以抄! 我們一起戰爆!  --------------------------------------------------------------------    酸點1︰每次閃電狼META都在抄LPL LCK。  ZZ的駁論︰ X! 你不抄最強賽區的META，那怎麼會贏? 閃電狼現在不抄，  那麼AHQ JT M17這些隊伍還是會猛抄阿! 不抄能打得贏他們? 出得了國??  事實上我覺得最大的問題就是抄不夠徹底，抄得好 我想就跟韓國隊伍一樣強了。     酸點2︰選手不練角，角色拿不出來。  ZZ的駁論︰ X! 說拿就拿喔。 你修八堂課就能變財經專家??     酸點3︰牛排BP爛。  ZZ的駁論︰ X! 牛排BP爛 那麼全LMS有誰BP好到能讓鄉民稱讚的? 叉燒? 綠茶? 小峰?  FB教練? 全都沒有嘛! 再來BP這種東西就是教練與選手討論後的成果 不必全牽拖牛排。 我認為拉!與其檢討BP爛 不如想想為什麼陣容BP無法達成理想中的模樣。     酸點4︰閃電狼選手不愛動腦，遊戲打起來單調無趣，不夠多變，被人摸透。  ZZ的駁論︰ X!笑死人了!! 選手要動什麼腦? 你以為是要參加超級大富翁嗎? 動腦咧XD 而且會動腦會讀書，那就能打好LOL 哪這麼容易? LOL還是重操作重反應的遊戲拉!  要是會動腦就能打好LOL 112就不會只在主播台出現了。  酸民一直酸選手學歷差，很笨。但問題是學歷好就能當好選手? 怎可能!又不是爐石這種遊戲  先不說五大名校這種，我們去一些風評不錯國立學校找選手，也是找不出幾個頂尖的拉! 你不信? 那你看YOOO 東山就知道了。他們會讀書動腦阿 但實力就是三流選手 跑不掉的  酸民該認清現實! 有些人就是有打電動的才能，即使他們學歷爛，鄉民也不該歧視他們。     酸點5︰反觀G2  ZZ的駁論︰真的是又來了! FW的IEM冠軍怎麼不反觀一下，是吹捧一個亞軍真的是笑死人了!!!  G2打得好 我們該稱讚! 但這不該成為鞭FW的理由。 G2能拿出他們自己的META，但這不代表他們就更好  畢竟G2最終也只拿下一場，實力而論，就算吹到最高最高 也只比KT強一場而已 酸民的吹捧也也過譽了。  FW的確是打敗過G2的隊伍 我們不應妄自菲薄自己的賽區 長他人志氣 滅自己威風。  以後我們還是能打敗這些歐美綜藝隊伍的，只要把亞洲的META實施徹底的話。       酸點6︰FW陣容差，該換人了，人情電競...ETC  ZZ的駁論︰X! 真的是很搞笑耶! 說換就換! 你以為是在打手遊?? Cyo老師真的說得好!覺得比他厲害的快報名!  先不說韓服鑽1 我覺得打到鑽4也能試試拉 不過我想酸民只會出張嘴拉XD 或者是被MMD打爆! 韓服菁英耶!!  好啦! 退而求其次 從別隊找好了! X! 你以為別隊都是智障?? 要是別隊知道有比MMD更強的上路  那早就自己珍藏了 還會送給FW資敵? 別傻了 他們還是對手好嗎?  好拉! 就算有隊伍缺錢 真的蠢到送人好了。  那陣容這樣排好了 Ziv Karsa Maple Betty Swordart 這樣有比現在陣容更強?  你們真心覺得這陣容可以保證世界賽不再止步8、16強?  真的該認清現實拉! MMD跟Ziv同等級 想找到能換MMD的 至少也要比Ziv強才能換     酸點7︰不管拉! 我94要酸 948794酸  ZZ的駁論︰ZZZZZ 左轉不送! 這酸點沒有回應的價值!!   各位鄉民! 這就是能夠戰爆酸民的秘技!  讓我們一起戰爆酸民吧!!!  -- ※ 發信站: 批踢踢實業坊(ptt.cc), 來自: 125.224.132.21 ※ 瀏覽網頁版 ※  這就是本版素質!   不必心虛拉!   你抄100分的考卷 當然拿100分阿! 你還會手抖抄錯?   至少同分阿!   新竹中學耶! 屌勝一堆LOL酸民吧!   人總有狀態起伏 沒什麼!    你們酸民才森777   酸民真的欠酸! 腦粉我覺得很正常! 事實上腦粉愈多 對LMS發展才好!   反什麼串? 我只反酸民!   唉! 真的是良知太少了...  ",
    "time": "2017/05/22 12:40:09",
    "event": "click"
  },
  {
    "category": "2",
    "app": "MoPTT",
    "id": "14",
    "context": "[閒聊]LoL ZZ教你如何戰爆酸民!! 現在戰成這樣 我真的看不下去!!!!!  我今天要來好好嘴嘴酸民了!!!!  關於BP META的部分 我要來幫閃電狼後勤說話!  酸民最大的問題就是不知民間疾苦，只會在後面爽爽嘴人。  不知道前線的壓力有多大...。  我說實在啦! 看比賽這麼久了 也知道酸民的酸點很搞笑。  就讓我ZZ來教你如何戰爆酸民!! 每一個人都可以抄! 我們一起戰爆!  --------------------------------------------------------------------    酸點1︰每次閃電狼META都在抄LPL LCK。  ZZ的駁論︰ X! 你不抄最強賽區的META，那怎麼會贏? 閃電狼現在不抄，  那麼AHQ JT M17這些隊伍還是會猛抄阿! 不抄能打得贏他們? 出得了國??  事實上我覺得最大的問題就是抄不夠徹底，抄得好 我想就跟韓國隊伍一樣強了。     酸點2︰選手不練角，角色拿不出來。  ZZ的駁論︰ X! 說拿就拿喔。 你修八堂課就能變財經專家??     酸點3︰牛排BP爛。  ZZ的駁論︰ X! 牛排BP爛 那麼全LMS有誰BP好到能讓鄉民稱讚的? 叉燒? 綠茶? 小峰?  FB教練? 全都沒有嘛! 再來BP這種東西就是教練與選手討論後的成果 不必全牽拖牛排。 我認為拉!與其檢討BP爛 不如想想為什麼陣容BP無法達成理想中的模樣。     酸點4︰閃電狼選手不愛動腦，遊戲打起來單調無趣，不夠多變，被人摸透。  ZZ的駁論︰ X!笑死人了!! 選手要動什麼腦? 你以為是要參加超級大富翁嗎? 動腦咧XD 而且會動腦會讀書，那就能打好LOL 哪這麼容易? LOL還是重操作重反應的遊戲拉!  要是會動腦就能打好LOL 112就不會只在主播台出現了。  酸民一直酸選手學歷差，很笨。但問題是學歷好就能當好選手? 怎可能!又不是爐石這種遊戲  先不說五大名校這種，我們去一些風評不錯國立學校找選手，也是找不出幾個頂尖的拉! 你不信? 那你看YOOO 東山就知道了。他們會讀書動腦阿 但實力就是三流選手 跑不掉的  酸民該認清現實! 有些人就是有打電動的才能，即使他們學歷爛，鄉民也不該歧視他們。     酸點5︰反觀G2  ZZ的駁論︰真的是又來了! FW的IEM冠軍怎麼不反觀一下，是吹捧一個亞軍真的是笑死人了!!!  G2打得好 我們該稱讚! 但這不該成為鞭FW的理由。 G2能拿出他們自己的META，但這不代表他們就更好  畢竟G2最終也只拿下一場，實力而論，就算吹到最高最高 也只比KT強一場而已 酸民的吹捧也也過譽了。  FW的確是打敗過G2的隊伍 我們不應妄自菲薄自己的賽區 長他人志氣 滅自己威風。  以後我們還是能打敗這些歐美綜藝隊伍的，只要把亞洲的META實施徹底的話。       酸點6︰FW陣容差，該換人了，人情電競...ETC  ZZ的駁論︰X! 真的是很搞笑耶! 說換就換! 你以為是在打手遊?? Cyo老師真的說得好!覺得比他厲害的快報名!  先不說韓服鑽1 我覺得打到鑽4也能試試拉 不過我想酸民只會出張嘴拉XD 或者是被MMD打爆! 韓服菁英耶!!  好啦! 退而求其次 從別隊找好了! X! 你以為別隊都是智障?? 要是別隊知道有比MMD更強的上路  那早就自己珍藏了 還會送給FW資敵? 別傻了 他們還是對手好嗎?  好拉! 就算有隊伍缺錢 真的蠢到送人好了。  那陣容這樣排好了 Ziv Karsa Maple Betty Swordart 這樣有比現在陣容更強?  你們真心覺得這陣容可以保證世界賽不再止步8、16強?  真的該認清現實拉! MMD跟Ziv同等級 想找到能換MMD的 至少也要比Ziv強才能換     酸點7︰不管拉! 我94要酸 948794酸  ZZ的駁論︰ZZZZZ 左轉不送! 這酸點沒有回應的價值!!   各位鄉民! 這就是能夠戰爆酸民的秘技!  讓我們一起戰爆酸民吧!!!  -- ※ 發信站: 批踢踢實業坊(ptt.cc), 來自: 125.224.132.21 ※ 瀏覽網頁版 ※  這就是本版素質!   不必心虛拉!   你抄100分的考卷 當然拿100分阿! 你還會手抖抄錯?   至少同分阿!   新竹中學耶! 屌勝一堆LOL酸民吧!   人總有狀態起伏 沒什麼!    你們酸民才森777   酸民真的欠酸! 腦粉我覺得很正常! 事實上腦粉愈多 對LMS發展才好!   反什麼串? 我只反酸民!   唉! 真的是良知太少了...  ",
    "time": "2017/05/22 12:40:09",
    "event": "slide"
  },
  {
    "category": "3",
    "app": "MoPTT",
    "id": "15",
    "context": "[閒聊]LoL 湯米 FB 原文網址：  https://goo.gl/DR6vAb http://imgur.com/ntnFRNf  來巴西沒有遇到搶劫，但在回去的前一天(;′口`) (;′口`) (;′口`)  我的6+啊啊啊啊啊啊啊啊啊啊啊啊！  求新莊或台北技術、評價好的螢幕更換...  24號一到台灣我馬上要換(′；ω；‵)    ------------------------------------------------------------------------- 看來回台灣喝茶前還有一筆開銷要花呢  ",
    "time": "2017/05/22 12:42:15",
    "event": "click"
  },
  {
    "category": "3",
    "app": "MoPTT",
    "id": "16",
    "context": "[閒聊]LoL 湯米 FB 原文網址：  https://goo.gl/DR6vAb http://imgur.com/ntnFRNf  來巴西沒有遇到搶劫，但在回去的前一天(;′口`) (;′口`) (;′口`)  我的6+啊啊啊啊啊啊啊啊啊啊啊啊！  求新莊或台北技術、評價好的螢幕更換...  24號一到台灣我馬上要換(′；ω；‵)    ------------------------------------------------------------------------- 看來回台灣喝茶前還有一筆開銷要花呢  ",
    "time": "2017/05/22 12:42:15",
    "event": "slide"
  },
  {
    "category": "2",
    "app": "MoPTT",
    "id": "17",
    "context": "[問題]LoL MSI過後的後勤問題 經過MSI大浪脫褲子後 各種預測各個賽區被脫褲子後 來到了 MSI會外賽-檢討大賽  現在全部人都在問後勤問題  現在有明星隊 但那是屬於選手的  我以為有大丸跟cyo、牛排的後勤已經算是明星等級  經過了MsI後好像大家都不同意 請問有沒有LMS最滿意後勤組合呢？  -- ※ 發信站: 批踢踢實業坊(ptt.cc), 來自: 49.217.225.190 ※ 瀏覽網頁版 ※ ",
    "time": "2017/05/22 12:44:45",
    "event": "click"
  },
  {
    "category": "2",
    "app": "MoPTT",
    "id": "18",
    "context": "[問題]LoL MSI過後的後勤問題 經過MSI大浪脫褲子後 各種預測各個賽區被脫褲子後 來到了 MSI會外賽-檢討大賽  現在全部人都在問後勤問題  現在有明星隊 但那是屬於選手的  我以為有大丸跟cyo、牛排的後勤已經算是明星等級  經過了MsI後好像大家都不同意 請問有沒有LMS最滿意後勤組合呢？  -- ※ 發信站: 批踢踢實業坊(ptt.cc), 來自: 49.217.225.190 ※ 瀏覽網頁版 ※ ",
    "time": "2017/05/22 12:44:45",
    "event": "slide"
  },
  {
    "category": "3",
    "app": "MoPTT",
    "id": "19",
    "context": "[毅力] 笑話觀止 16 一記者正在採訪一間精神病院的院長：「你們用什麼方法確定患者是否完全康復呢？」 院長說：「我們會做一個測驗：在一個浴缸盛滿水，旁邊放一個湯勺和一個大碗， 讓他們把缸裏的水排出去。」 記者不以為然說：「那當然是用大碗啦！」 院長看了他一眼，慢慢的說：「正常人應該是直接拔掉塞子的。」  本文以記者和院長的對話描述了一個關於精神病患者的測試 不料記者不打自招，其智商程度令人解頤 同時也證明了院長是個釣魚高手 整體而言可說是相當符合板旨  -- 作者 ilikeroc (U文起司) 看板 joke 標題 [猜謎] 很分的隔線 板主在推文中出現我一個月不發笑話 賞析：平時非常低調的板主突然出現推文卻沒人推爆， 可見這板主多沒存在感，整體而言可說是相當符合板旨  ",
    "time": "2017/05/22 12:48:25",
    "event": "click"
  },
  {
    "category": "3",
    "app": "MoPTT",
    "id": "20",
    "context": "[毅力] 笑話觀止 16 一記者正在採訪一間精神病院的院長：「你們用什麼方法確定患者是否完全康復呢？」 院長說：「我們會做一個測驗：在一個浴缸盛滿水，旁邊放一個湯勺和一個大碗， 讓他們把缸裏的水排出去。」 記者不以為然說：「那當然是用大碗啦！」 院長看了他一眼，慢慢的說：「正常人應該是直接拔掉塞子的。」  本文以記者和院長的對話描述了一個關於精神病患者的測試 不料記者不打自招，其智商程度令人解頤 同時也證明了院長是個釣魚高手 整體而言可說是相當符合板旨  -- 作者 ilikeroc (U文起司) 看板 joke 標題 [猜謎] 很分的隔線 板主在推文中出現我一個月不發笑話 賞析：平時非常低調的板主突然出現推文卻沒人推爆， 可見這板主多沒存在感，整體而言可說是相當符合板旨  ",
    "time": "2017/05/22 12:48:25",
    "event": "slide"
  },
  {
    "category": "4",
    "app": "MoPTT",
    "id": "21",
    "context": "[耍冷] 一句話的恐怖故事 對嗜鉻細胞瘤患者施行FNA ",
    "time": "2017/05/22 12:49:27",
    "event": "click"
  },
  {
    "category": "4",
    "app": "MoPTT",
    "id": "22",
    "context": "[耍冷] 一句話的恐怖故事 對嗜鉻細胞瘤患者施行FNA ",
    "time": "2017/05/22 12:49:27",
    "event": "slide"
  },
  {
    "category": "5",
    "app": "MoPTT",
    "id": "23",
    "context": "[閒聊] AMD反思顯卡市場糟糕表現：內部分歧太大 AMD反思顯卡市場糟糕表現：內部分歧太大  http://www.ithome.com/html/digi/309902.htm  由於北極星出色的銷售表現，目前AMD在299美元以下的市場份額大幅上升，而總的顯卡市場份額也從原來的20%提升至28%。當然對於目前的AMD來說，高端顯卡的缺乏實在是一個大大的遺憾，而現在AMD顯卡部分負責人Raja就反思了AMD在高端顯卡市場上節節敗退的原因。  根據Raja的說法，5年前，AMD內部經歷了一點調整，部分專家認為，桌面獨顯在市場上失勢是必然，用戶將多數轉向移動和集成顯卡領域。於是因此這個論調，AMD對於高端顯卡的研發並不予以重視，無論是研發經費還是後期的營銷都遠不如CPU部門。  但是市場上的現實卻狠狠地打擊了AMD一下，Nvidia高端顯卡的大放異彩讓AMD逐漸認識到高端顯卡的重要性，而Raja也認為未來的PC用戶基本都是玩家。  於是現在AMD計劃推出一款新的Vega遊戲顯卡來搶占高端市場，未來還將有更多的遊戲顯卡推出。  --  老黃：感謝AMD放生高階市場。讓我股價爽爽賺 ",
    "time": "2017/05/22 12:50:53",
    "event": "click"
  },
  {
    "category": "5",
    "app": "MoPTT",
    "id": "24",
    "context": "[閒聊] AMD反思顯卡市場糟糕表現：內部分歧太大 AMD反思顯卡市場糟糕表現：內部分歧太大  http://www.ithome.com/html/digi/309902.htm  由於北極星出色的銷售表現，目前AMD在299美元以下的市場份額大幅上升，而總的顯卡市場份額也從原來的20%提升至28%。當然對於目前的AMD來說，高端顯卡的缺乏實在是一個大大的遺憾，而現在AMD顯卡部分負責人Raja就反思了AMD在高端顯卡市場上節節敗退的原因。  根據Raja的說法，5年前，AMD內部經歷了一點調整，部分專家認為，桌面獨顯在市場上失勢是必然，用戶將多數轉向移動和集成顯卡領域。於是因此這個論調，AMD對於高端顯卡的研發並不予以重視，無論是研發經費還是後期的營銷都遠不如CPU部門。  但是市場上的現實卻狠狠地打擊了AMD一下，Nvidia高端顯卡的大放異彩讓AMD逐漸認識到高端顯卡的重要性，而Raja也認為未來的PC用戶基本都是玩家。  於是現在AMD計劃推出一款新的Vega遊戲顯卡來搶占高端市場，未來還將有更多的遊戲顯卡推出。  --  老黃：感謝AMD放生高階市場。讓我股價爽爽賺 ",
    "time": "2017/05/22 12:50:53",
    "event": "slide"
  },
  {
    "category": "6",
    "app": "MoPTT",
    "id": "25",
    "context": "[新聞] 民調六都滿意度　陳菊第一柯文哲墊底 民調六都滿意度　陳菊第一柯文哲墊底  蘋果  2017年05月22日11:56  凱達格蘭基金會董事長高志鵬今主持「六都市長施政滿意度記者會」，結果顯示，在六都首長滿意度方面，民眾對高雄市長陳菊的滿意度為75.4%居首，台北市長柯文哲則是44.6%墊底。  高志鵬今主持 新台灣國策智庫「六都市長施政滿意度暨主要政治人物好感度民調記者會」，並邀趨勢民調中心總經理吳世昌、成功大學政治系暨政經所副教授蒙志成、凱達格蘭基金會執行長陳致中共同與會。在六都首長滿意度方面，陳菊的滿意度為75.4%居首、其次為桃園市長鄭文燦的˙74.1%、台南市長賴清德的72.4%、台中市長林佳龍的55.6%、新北市長朱立倫53.4%、柯文哲44.6%。  新台灣國策智庫去年12月縣市長就職兩周年時的民調，陳菊滿意度為71.3%最高，接下來依序為賴清德的滿意度67.8%、鄭文燦的滿意度59.9%、林佳龍的滿意度52.5%、朱立倫的滿意度51%、柯文哲的滿意度39.3%。  這項調查針對居住在六都年滿20歲的一般民眾，採用電話調查、隨機抽樣方式，在5月6日至11日。各縣市共計完成4892份有效樣本，在95%的信心水準下，抽樣誤差為正負1.4個百分點。 （陳雅芃／台北報導）  http://www.appledaily.com.tw/realtimenews/article/new/20170522/1123616/  ",
    "time": "2017/05/22 12:54:50",
    "event": "click"
  },
  {
    "category": "6",
    "app": "MoPTT",
    "id": "26",
    "context": "[新聞] 民調六都滿意度　陳菊第一柯文哲墊底 民調六都滿意度　陳菊第一柯文哲墊底  蘋果  2017年05月22日11:56  凱達格蘭基金會董事長高志鵬今主持「六都市長施政滿意度記者會」，結果顯示，在六都首長滿意度方面，民眾對高雄市長陳菊的滿意度為75.4%居首，台北市長柯文哲則是44.6%墊底。  高志鵬今主持 新台灣國策智庫「六都市長施政滿意度暨主要政治人物好感度民調記者會」，並邀趨勢民調中心總經理吳世昌、成功大學政治系暨政經所副教授蒙志成、凱達格蘭基金會執行長陳致中共同與會。在六都首長滿意度方面，陳菊的滿意度為75.4%居首、其次為桃園市長鄭文燦的˙74.1%、台南市長賴清德的72.4%、台中市長林佳龍的55.6%、新北市長朱立倫53.4%、柯文哲44.6%。  新台灣國策智庫去年12月縣市長就職兩周年時的民調，陳菊滿意度為71.3%最高，接下來依序為賴清德的滿意度67.8%、鄭文燦的滿意度59.9%、林佳龍的滿意度52.5%、朱立倫的滿意度51%、柯文哲的滿意度39.3%。  這項調查針對居住在六都年滿20歲的一般民眾，採用電話調查、隨機抽樣方式，在5月6日至11日。各縣市共計完成4892份有效樣本，在95%的信心水準下，抽樣誤差為正負1.4個百分點。 （陳雅芃／台北報導）  http://www.appledaily.com.tw/realtimenews/article/new/20170522/1123616/  ",
    "time": "2017/05/22 12:54:50",
    "event": "slide"
  },
  {
    "category": "7",
    "app": "MoPTT",
    "id": "27",
    "context": "[問卦] THE要唸「了」還是「哩」？ 如標題  本魯妹以前學英文時  老師說如果the後面接的詞首是母音  就要唸「哩」  否則要唸「了」   可4粗惹社會之後  發現很多人「了」跟「哩」根本隨性唸阿  譬如有人會唸  「哩」 hamburger  「了」 egg  「哩」 most amazing experience  「了」 agreement between A and B  之類的   到底  the該怎麼判斷要怎麼唸啊？  嘸八卦某@@",
    "time": "2017/05/22 12:55:32",
    "event": "click"
  },
  {
    "category": "7",
    "app": "MoPTT",
    "id": "28",
    "context": "[問卦] THE要唸「了」還是「哩」？ 如標題  本魯妹以前學英文時  老師說如果the後面接的詞首是母音  就要唸「哩」  否則要唸「了」   可4粗惹社會之後  發現很多人「了」跟「哩」根本隨性唸阿  譬如有人會唸  「哩」 hamburger  「了」 egg  「哩」 most amazing experience  「了」 agreement between A and B  之類的   到底  the該怎麼判斷要怎麼唸啊？  嘸八卦某@@",
    "time": "2017/05/22 12:55:32",
    "event": "slide"
  },
  {
    "category": "8",
    "app": "MoPTT",
    "id": "29",
    "context": "[問卦] 一樓帥哥 五樓白痴是真的嗎？ 聽過一個都市傳說，PTT的一樓有90%機率是帥哥，  而五樓有90%是北七，請問這是真的嗎？ ",
    "time": "2017/05/22 12:58:56",
    "event": "click"
  },
  {
    "category": "8",
    "app": "MoPTT",
    "id": "30",
    "context": "[問卦] 一樓帥哥 五樓白痴是真的嗎？ 聽過一個都市傳說，PTT的一樓有90%機率是帥哥，  而五樓有90%是北七，請問這是真的嗎？ ",
    "time": "2017/05/22 12:58:56",
    "event": "slide"
  },
  {
    "category": "9",
    "app": "MoPTT",
    "id": "31",
    "context": "[新聞] 血糖飆到600mg/dl 鹽酥雞當正餐 竹科宅男 自由 血糖飆到600mg/dl 鹽酥雞當正餐 竹科宅男猝死 http://news.ltn.com.tw/news/life/paper/1104453  在新竹科學園區一家大廠工作的35歲男性工程師，上週被女友發現猝死在臥房地上，醫師發現他血糖值高達近600mg/dl，是一般正常人的6倍，女友說他生前愛吃鹽酥雞，經常當成正餐，檢方初步判定致命原因是急性酮酸中毒導致代謝性休克，可能與長期攝取高油脂食物，造成分泌功能異常有關。  該名工程師身高約180公分、體重80多公斤，稱不上特別肥胖，但平日嗜吃鹽酥雞，經常當成正餐，且很少出門運動，沒事就宅在租屋處，日前被女友發現倒臥在租屋處寢室地上、已無生命跡象。  檢方率法醫相驗時，發現該名工程師的血糖值高達近600mg/dl，高出一般正常人的 70-100mg/dl不少，且各項肝腎功能檢查指數，都超出標準值數倍，初步判定是急性酮酸中毒、導致代謝性休克而致命。  新竹馬偕醫院急診部部長蔡維謀說，酮酸中毒是糖尿病所引起的急性代謝紊亂現象之一， 又稱糖尿病昏迷。當胰島素嚴重不足時，血液中的葡萄糖不能被正常利用，人體只好加速分解脂肪，來代替葡萄糖以供給細胞能量，但脂肪分解生成大量游離脂肪酸，進入肝臟會產生大量酮體，變成酸中毒，必須儘速救治，否則患者將陷入昏迷，甚至引發代謝性休克致死。  據統計，150公克裹粉酥炸的鹽酥雞，就有近600卡熱量，堪稱高油脂的代表性食物，而罹患糖尿病的原因通常是攝取過多高油脂、高糖分食物，加上運動量少，造成脂肪過多、血糖增加，使得胰臟必須分泌較多胰島素代謝血糖，長期下來，將會導致分泌功能異常。  醫師建議，高油脂、高糖分的食物，淺嚐即可，不可過量食用，也不能當成正餐；此外， 現代人工作忙碌，常常身體有異狀、拖到受不了才就醫，建議定期身體檢查很重要，再搭配清淡飲食與規律運動，才能擁抱健康。  -- 我肥得理直氣壯 我胖得比誰都爽  -- ※ 發信站: 批踢踢實業坊(ptt.cc), 來自: 1.164.243.29 ※ 瀏覽網頁版 ※ ",
    "time": "2017/05/22 13:00:08",
    "event": "click"
  },
  {
    "category": "9",
    "app": "MoPTT",
    "id": "32",
    "context": "[新聞] 血糖飆到600mg/dl 鹽酥雞當正餐 竹科宅男 自由 血糖飆到600mg/dl 鹽酥雞當正餐 竹科宅男猝死 http://news.ltn.com.tw/news/life/paper/1104453  在新竹科學園區一家大廠工作的35歲男性工程師，上週被女友發現猝死在臥房地上，醫師發現他血糖值高達近600mg/dl，是一般正常人的6倍，女友說他生前愛吃鹽酥雞，經常當成正餐，檢方初步判定致命原因是急性酮酸中毒導致代謝性休克，可能與長期攝取高油脂食物，造成分泌功能異常有關。  該名工程師身高約180公分、體重80多公斤，稱不上特別肥胖，但平日嗜吃鹽酥雞，經常當成正餐，且很少出門運動，沒事就宅在租屋處，日前被女友發現倒臥在租屋處寢室地上、已無生命跡象。  檢方率法醫相驗時，發現該名工程師的血糖值高達近600mg/dl，高出一般正常人的 70-100mg/dl不少，且各項肝腎功能檢查指數，都超出標準值數倍，初步判定是急性酮酸中毒、導致代謝性休克而致命。  新竹馬偕醫院急診部部長蔡維謀說，酮酸中毒是糖尿病所引起的急性代謝紊亂現象之一， 又稱糖尿病昏迷。當胰島素嚴重不足時，血液中的葡萄糖不能被正常利用，人體只好加速分解脂肪，來代替葡萄糖以供給細胞能量，但脂肪分解生成大量游離脂肪酸，進入肝臟會產生大量酮體，變成酸中毒，必須儘速救治，否則患者將陷入昏迷，甚至引發代謝性休克致死。  據統計，150公克裹粉酥炸的鹽酥雞，就有近600卡熱量，堪稱高油脂的代表性食物，而罹患糖尿病的原因通常是攝取過多高油脂、高糖分食物，加上運動量少，造成脂肪過多、血糖增加，使得胰臟必須分泌較多胰島素代謝血糖，長期下來，將會導致分泌功能異常。  醫師建議，高油脂、高糖分的食物，淺嚐即可，不可過量食用，也不能當成正餐；此外， 現代人工作忙碌，常常身體有異狀、拖到受不了才就醫，建議定期身體檢查很重要，再搭配清淡飲食與規律運動，才能擁抱健康。  -- 我肥得理直氣壯 我胖得比誰都爽  -- ※ 發信站: 批踢踢實業坊(ptt.cc), 來自: 1.164.243.29 ※ 瀏覽網頁版 ※ ",
    "time": "2017/05/22 13:00:08",
    "event": "slide"
  },
  {
    "category": "10",
    "app": "MoPTT",
    "id": "33",
    "context": "[問題] 關於流血問題 如題假設現在我戴舊版虛空心靈，然後用熔岩打擊配上火之化身，傷害全部都是火傷，這樣還有辦法觸發流血嗎？還是可以觸發但是沒有傷害？  -- ※ 發信站: 批踢踢實業坊(ptt.cc), 來自: 101.15.98.90 ※ 瀏覽網頁版 ※ yuyugh2015 編輯 101.15.98.90 05/22 06:43      ",
    "time": "2017/05/22 13:03:20",
    "event": "click"
  },
  {
    "category": "10",
    "app": "MoPTT",
    "id": "34",
    "context": "[問題] 關於流血問題 如題假設現在我戴舊版虛空心靈，然後用熔岩打擊配上火之化身，傷害全部都是火傷，這樣還有辦法觸發流血嗎？還是可以觸發但是沒有傷害？  -- ※ 發信站: 批踢踢實業坊(ptt.cc), 來自: 101.15.98.90 ※ 瀏覽網頁版 ※ yuyugh2015 編輯 101.15.98.90 05/22 06:43      ",
    "time": "2017/05/22 13:03:20",
    "event": "slide"
  }
]