[
  {
    "category": "1",
    "app": "Messenger",
    "id": "1",
    "context": "愛你 我也是喔 在上課 ",
    "time": "2017/05/22 16:12:49",
    "event": "slide"
  },
  {
    "category": "1",
    "app": "Messenger",
    "id": "2",
    "context": "想起你昨天的照片 ",
    "time": "2017/05/22 16:12:49",
    "event": "type"
  },
  {
    "category": "6",
    "app": "Messenger",
    "id": "3",
    "context": "傳送",
    "time": "2017/05/22 16:12:49",
    "event": "click"
  },
  {
    "category": "1",
    "app": "Messenger",
    "id": "4",
    "context": "愛你 我也是喔 在上課 想起你昨天的照片",
    "time": "2017/05/22 16:12:49",
    "event": "slide"
  },
  {
    "category": "1",
    "app": "Messenger",
    "id": "5",
    "context": "捲的很特別 就覺得好好笑",
    "time": "2017/05/22 16:12:49",
    "event": "type"
  },
  {
    "category": "6",
    "app": "Messenger",
    "id": "6",
    "context": "傳送",
    "time": "2017/05/22 16:12:49",
    "event": "click"
  },
  {
    "category": "1",
    "app": "Messenger",
    "id": "7",
    "context": "愛你 我也是喔 在上課 想起你昨天的照片 捲的很特別 就覺得好好笑",
    "time": "2017/05/22 16:12:49",
    "event": "slide"
  },
  {
    "category": "2",
    "app": "Messenger",
    "id": "8",
    "context": "您好 關於搬家小幫手 想詢問房子的狀況  我有興趣",
    "time": "2017/05/22 16:14:20",
    "event": "type"
  },
  {
    "category": "6",
    "app": "Messenger",
    "id": "9",
    "context": "傳送",
    "time": "2017/05/22 16:14:20",
    "event": "click"
  },
  {
    "category": "2",
    "app": "Messenger",
    "id": "10",
    "context": "您好 關於搬家小幫手 想詢問房子的狀況  我有興趣",
    "time": "2017/05/22 16:14:20",
    "event": "slide"
  },
  {
    "category": "3",
    "app": "Facebook",
    "id": "11",
    "context": "比爾蓋茲給畢業生的人生建議：跟那些會挑戰、推動你的人相處 TechNews 科技新報",
    "time": "2017/05/22 16:16:44",
    "event": "click"
  },
  {
    "category": "3",
    "app": "Facebook",
    "id": "12",
    "context": "比爾蓋茲給畢業生的人生建議：跟那些會挑戰、推動你的人相處 TechNews 科技新報",
    "time": "2017/05/22 16:16:44",
    "event": "slide"
  },
  {
    "category": "4",
    "app": "Dcard",
    "id": "13",
    "context": "蘆薈膠黏背上粉刺 老爸背上真的超多這種粉刺，之前聽說最好不要用泰國蘆薈膠黏鼻子粉刺，就想說不要浪費拿來黏背好了?  超級多，這還只是一小部分而已，手機畫質不好拍不出高清圖?  接下來黏上去～  然後等個15分鐘吧   撕的時候我整個是慢慢撕?因為很享受毛被拔起來的樣子??  最後就整張黑森林啦～～   謝謝大家?? ",
    "time": "2017/05/22 16:18:15",
    "event": "click"
  },
  {
    "category": "4",
    "app": "Dcard",
    "id": "14",
    "context": "蘆薈膠黏背上粉刺 老爸背上真的超多這種粉刺，之前聽說最好不要用泰國蘆薈膠黏鼻子粉刺，就想說不要浪費拿來黏背好了?  超級多，這還只是一小部分而已，手機畫質不好拍不出高清圖?  接下來黏上去～  然後等個15分鐘吧   撕的時候我整個是慢慢撕?因為很享受毛被拔起來的樣子??  最後就整張黑森林啦～～   謝謝大家?? ",
    "time": "2017/05/22 16:18:15",
    "event": "slide"
  },
  {
    "category": "4",
    "app": "Dcard",
    "id": "15",
    "context": "#圖 ✨美妝控的化妝檯分享? Hello 大家好 我是Winnie? 昨天總算拍了化妝檯的全部了 欠超久的? ??先預告圖超多！！！ 然後原諒我真的沒辦法全部寫出每個產品名稱跟心得 因為真的太多東西啦?????  我的桌子是L型的 原本只有一邊放彩妝 已經漸漸的整張都放彩妝了????  先從這邊開始說吧  這邊都是放保養品  下面的收藏櫃基本上都是我現在沒在用的東西～～  倩碧區 倩碧主要是夏天使用 現在還有持續在用的是潔膚水 早上起床我會用它擦全臉  把昨天沒吸收完的保養品擦乾淨 再開始上妝前保養  后 Whoo 我完全是后腦粉 超愛 之前有分享過心得 可以看文章  眼藥水三個裡面最愛Fx  刷子最常使用SIGMA、MUJI  這些算是我第二戰區的唇彩 最常用的會放在另一區 MAC唇前打底我很愛 用在唇膏前很棒 只是我現在大部分用霧面液態唇膏比較不適合使用  Beauty Blender的家?  粉底區 Three粉底 腦粉無誤?? 一部分是因為櫃姐人太好 另一部分是他們家粉底也滿適合我的 但THREE的包裝真的超容易沾指紋 植村秀 鑽石光 我超愛這罐！！！ 持妝度 光澤度ㄧ級棒✨✨✨✨ BTW我之前有買Born This Way 有人問我心得 說真的 我真的超不喜歡 用BB上很雷 用粉底刷上好很多 可是到下午妝感就沒這麼美了 但這些都還好 重點是它會讓我臉頰上長小疹子 超不喜歡??  再來是綠色桌子底下藏的收納區  一些小盒的眼影跟單色眼影 有些之前有分享過 可以去看刷色  ㄧ堆的眼線筆、唇彩、睫毛膏、妝前乳  前陣子我非常愛用的pony effect腮紅 資生堂睫毛夾 歷史久遠的Chanel粉底 以前剛開始化妝的時候買的 後來再拿出來用 有點乾 但加Haba就復活了  常用筆狀物  這些是我比較常用的產品 Kat Von D： Double Dare/Lolita Mote 眼線筆：超激推！我之前都用Kissme 已經不太暈 但用了Mote 它更不暈 就算我流目油都不會暈 強！ Mote睫毛膏：一樣不暈強者 纖長效果一般般 喜歡拿來刷下睫毛 重點是不暈 下睫毛要是暈了會很恐怖 MAC眼影打底膏：沒用過其他家的 但這條很好用 讓我不會想去試其他家的 一個不知道什麼牌子的眉筆：這純粹我新買的 我沒什麼在畫眉毛 所以也沒什麼心得可以分享給大家  這層是收集colourpop的地方～～～  還沒塞滿的打亮、腮紅區  這裡堆放我的庫存、梳子等等的  這裡放的都是我比較常用的眼影、小腮紅打亮  Morphe x KathleenLights 這盤我超級超級愛 很好上手   Colourpop單色眼影 我把它送的盒子裡層拆了 這樣可以放10個單色眼影 我還有買幾顆還沒到 到了再跟大家分享  一半都是JOUER的產品?粉質超好 越用越喜歡  打亮盤、保養液  常方型的打亮盤都收到這  THREE粉餅平常是放在隨身化妝包裡 剛好昨天拿出來  終於分享完了?? 真的是超級多 用八百年也用不完 這些都是9成都是上班後開始買的 有經濟能力才購買的～～～～～～ 因為東西真的是太多了 沒有細說每個產品 如果有想知道產品我的使用心得 可以留言跟我說☺️ -Winnie- ",
    "time": "2017/05/22 16:18:51",
    "event": "click"
  },
  {
    "category": "4",
    "app": "Dcard",
    "id": "16",
    "context": "#圖 ✨美妝控的化妝檯分享? Hello 大家好 我是Winnie? 昨天總算拍了化妝檯的全部了 欠超久的? ??先預告圖超多！！！ 然後原諒我真的沒辦法全部寫出每個產品名稱跟心得 因為真的太多東西啦?????  我的桌子是L型的 原本只有一邊放彩妝 已經漸漸的整張都放彩妝了????  先從這邊開始說吧  這邊都是放保養品  下面的收藏櫃基本上都是我現在沒在用的東西～～  倩碧區 倩碧主要是夏天使用 現在還有持續在用的是潔膚水 早上起床我會用它擦全臉  把昨天沒吸收完的保養品擦乾淨 再開始上妝前保養  后 Whoo 我完全是后腦粉 超愛 之前有分享過心得 可以看文章  眼藥水三個裡面最愛Fx  刷子最常使用SIGMA、MUJI  這些算是我第二戰區的唇彩 最常用的會放在另一區 MAC唇前打底我很愛 用在唇膏前很棒 只是我現在大部分用霧面液態唇膏比較不適合使用  Beauty Blender的家?  粉底區 Three粉底 腦粉無誤?? 一部分是因為櫃姐人太好 另一部分是他們家粉底也滿適合我的 但THREE的包裝真的超容易沾指紋 植村秀 鑽石光 我超愛這罐！！！ 持妝度 光澤度ㄧ級棒✨✨✨✨ BTW我之前有買Born This Way 有人問我心得 說真的 我真的超不喜歡 用BB上很雷 用粉底刷上好很多 可是到下午妝感就沒這麼美了 但這些都還好 重點是它會讓我臉頰上長小疹子 超不喜歡??  再來是綠色桌子底下藏的收納區  一些小盒的眼影跟單色眼影 有些之前有分享過 可以去看刷色  ㄧ堆的眼線筆、唇彩、睫毛膏、妝前乳  前陣子我非常愛用的pony effect腮紅 資生堂睫毛夾 歷史久遠的Chanel粉底 以前剛開始化妝的時候買的 後來再拿出來用 有點乾 但加Haba就復活了  常用筆狀物  這些是我比較常用的產品 Kat Von D： Double Dare/Lolita Mote 眼線筆：超激推！我之前都用Kissme 已經不太暈 但用了Mote 它更不暈 就算我流目油都不會暈 強！ Mote睫毛膏：一樣不暈強者 纖長效果一般般 喜歡拿來刷下睫毛 重點是不暈 下睫毛要是暈了會很恐怖 MAC眼影打底膏：沒用過其他家的 但這條很好用 讓我不會想去試其他家的 一個不知道什麼牌子的眉筆：這純粹我新買的 我沒什麼在畫眉毛 所以也沒什麼心得可以分享給大家  這層是收集colourpop的地方～～～  還沒塞滿的打亮、腮紅區  這裡堆放我的庫存、梳子等等的  這裡放的都是我比較常用的眼影、小腮紅打亮  Morphe x KathleenLights 這盤我超級超級愛 很好上手   Colourpop單色眼影 我把它送的盒子裡層拆了 這樣可以放10個單色眼影 我還有買幾顆還沒到 到了再跟大家分享  一半都是JOUER的產品?粉質超好 越用越喜歡  打亮盤、保養液  常方型的打亮盤都收到這  THREE粉餅平常是放在隨身化妝包裡 剛好昨天拿出來  終於分享完了?? 真的是超級多 用八百年也用不完 這些都是9成都是上班後開始買的 有經濟能力才購買的～～～～～～ 因為東西真的是太多了 沒有細說每個產品 如果有想知道產品我的使用心得 可以留言跟我說☺️ -Winnie- ",
    "time": "2017/05/22 16:18:51",
    "event": "slide"
  },
  {
    "category": "4",
    "app": "Dcard",
    "id": "17",
    "context": "最近的日常清潔、保養分享 我並不是屬於天生皮膚好的人，需要在保養下些功夫才能讓皮膚維持在不錯的狀態  最近天氣變化大，氣溫也愈來愈高 今天要分享我最近的清潔及保養步驟和產品 肌膚都還算蠻穩定的?  膚質：T字油，臉頰中性  素顏⬇️   從晚上的卸妝清潔開始！  卸妝： Bobbi Brown 茉莉沁透淨妝油  這罐卸妝油我真的非常喜歡 卸妝力好，按摩的時候也會搓出粉刺 洗完很清爽、舒適 目前還有囤貨3罐???  洗顏 Rosette 海泥潔顏乳  日本藥妝店購入 很好搓出泡沫，泡泡綿密程度一般 沒有什麼香味，洗完臉很清爽，不會緊繃不舒服  夜間保養  Dr.Wu 杏仁酸溫和煥膚精華  並不是每天都會使用 只有在痘痘比較猖狂的時候才會用 稍微有點黏，使用時要避開眼周 連續用幾天，痘痘會比較快消 肌膚也會比較穩定  Kiehl's 金盞花化妝水  已經用完一罐250ml 這罐化妝水就是很清爽，味道也很舒服 通常會搭配化妝棉一起使用， 先擦拭全臉達到溫和去角質的效果 最後用手輕拍至吸收  SKII 青春露  只有在肌膚比較不穩定(長痘痘)的時候才會使用 同樣使用化妝棉擦拭再輕拍至吸收 有時候會濕敷在痘痘上，痘痘會消很快 臉也會稍微變比較亮 缺點就是真的很貴+味道不好聞?  IPSA ME濕潤平衡液 超強化3號  從它還是自律循環液時期就開始使用了 自從用了它就沒有變心過 需要搭配化妝棉使用 以前一直不喜歡使用乳液，總覺得黏 這罐非常清爽，顛覆我對乳液的看法 它讓我的肌膚長期維持在很穩定的狀態  Lululun 每日面膜霜  (循環液或面膜霜我會擇一使用) 這款面膜霜使用起來還算清爽 雖然不到滋潤，但保濕力也相當不錯 最喜歡的一點是它沒有香料 使用起來相當舒服  早上洗顏 清水(一年四季早上都只用清水洗臉)  早上保養  無印良品 敏感肌化妝水(高保濕)  很保濕！稍微有點黏膩 不過後續就要上妝了， 所以稍微黏膩還是可以接受的 (通常上完化妝水就直接上妝了?)  HABA 角鯊精華  如果當天要上的底妝比較乾或有重要約會 才會在化妝水後再加上這個步驟，用量大概1-2滴 也會在底妝混上一滴 有了它完全不用擔心底妝乾裂了～ 而且加入比較難吸收的保養品中也會讓保養品變得好吸收，媽媽也超愛的！?  眼部保養 Mote 睫眉精華液 (日夜都會使用)  這款精華液非常清爽 不會太滋潤而造成眼周肌膚的負擔 保濕力普通，較炎熱的天氣才會使用 如果眼周上遮瑕一段時間後會很乾的話 也可以混進遮瑕，效果不錯～ 眼周不太會有乾紋產生  以上就是最近的日常清潔與保養分享啦～? ",
    "time": "2017/05/22 16:19:00",
    "event": "click"
  },
  {
    "category": "4",
    "app": "Dcard",
    "id": "18",
    "context": "最近的日常清潔、保養分享 我並不是屬於天生皮膚好的人，需要在保養下些功夫才能讓皮膚維持在不錯的狀態  最近天氣變化大，氣溫也愈來愈高 今天要分享我最近的清潔及保養步驟和產品 肌膚都還算蠻穩定的?  膚質：T字油，臉頰中性  素顏⬇️   從晚上的卸妝清潔開始！  卸妝： Bobbi Brown 茉莉沁透淨妝油  這罐卸妝油我真的非常喜歡 卸妝力好，按摩的時候也會搓出粉刺 洗完很清爽、舒適 目前還有囤貨3罐???  洗顏 Rosette 海泥潔顏乳  日本藥妝店購入 很好搓出泡沫，泡泡綿密程度一般 沒有什麼香味，洗完臉很清爽，不會緊繃不舒服  夜間保養  Dr.Wu 杏仁酸溫和煥膚精華  並不是每天都會使用 只有在痘痘比較猖狂的時候才會用 稍微有點黏，使用時要避開眼周 連續用幾天，痘痘會比較快消 肌膚也會比較穩定  Kiehl's 金盞花化妝水  已經用完一罐250ml 這罐化妝水就是很清爽，味道也很舒服 通常會搭配化妝棉一起使用， 先擦拭全臉達到溫和去角質的效果 最後用手輕拍至吸收  SKII 青春露  只有在肌膚比較不穩定(長痘痘)的時候才會使用 同樣使用化妝棉擦拭再輕拍至吸收 有時候會濕敷在痘痘上，痘痘會消很快 臉也會稍微變比較亮 缺點就是真的很貴+味道不好聞?  IPSA ME濕潤平衡液 超強化3號  從它還是自律循環液時期就開始使用了 自從用了它就沒有變心過 需要搭配化妝棉使用 以前一直不喜歡使用乳液，總覺得黏 這罐非常清爽，顛覆我對乳液的看法 它讓我的肌膚長期維持在很穩定的狀態  Lululun 每日面膜霜  (循環液或面膜霜我會擇一使用) 這款面膜霜使用起來還算清爽 雖然不到滋潤，但保濕力也相當不錯 最喜歡的一點是它沒有香料 使用起來相當舒服  早上洗顏 清水(一年四季早上都只用清水洗臉)  早上保養  無印良品 敏感肌化妝水(高保濕)  很保濕！稍微有點黏膩 不過後續就要上妝了， 所以稍微黏膩還是可以接受的 (通常上完化妝水就直接上妝了?)  HABA 角鯊精華  如果當天要上的底妝比較乾或有重要約會 才會在化妝水後再加上這個步驟，用量大概1-2滴 也會在底妝混上一滴 有了它完全不用擔心底妝乾裂了～ 而且加入比較難吸收的保養品中也會讓保養品變得好吸收，媽媽也超愛的！?  眼部保養 Mote 睫眉精華液 (日夜都會使用)  這款精華液非常清爽 不會太滋潤而造成眼周肌膚的負擔 保濕力普通，較炎熱的天氣才會使用 如果眼周上遮瑕一段時間後會很乾的話 也可以混進遮瑕，效果不錯～ 眼周不太會有乾紋產生  以上就是最近的日常清潔與保養分享啦～? ",
    "time": "2017/05/22 16:19:00",
    "event": "slide"
  },
  {
    "category": "4",
    "app": "Dcard",
    "id": "19",
    "context": "#圖 捲髮女孩必備小物? 自從燙了捲髮之後 一直在找可以維持美美捲度的東西 結果！！！ 我找到了這個神奇的小物！！ 真的很厲害！！！   每天洗完頭髮 吹頭髮之前我都先抹這個(可是有人說要吹完在抹) 吹完之後那個捲度真的美的很自然 早上起床也是先抹一點在吹 捲度真的非常非常自然   而且！！！ 超持久????? 味道也很舒服應該是甜甜的果香吧～～ 前幾天用完了忘了去買新的 用了別的抹頭髮 很明顯的感覺捲度不見了 隔天馬上手刀衝去小屈買 自然的捲髮又回來啦? 總而言之 言而總之 捲髮的女孩 一定要衝一波啦??  #捲毛妹 ",
    "time": "2017/05/22 16:19:48",
    "event": "click"
  },
  {
    "category": "4",
    "app": "Dcard",
    "id": "20",
    "context": "#圖 捲髮女孩必備小物? 自從燙了捲髮之後 一直在找可以維持美美捲度的東西 結果！！！ 我找到了這個神奇的小物！！ 真的很厲害！！！   每天洗完頭髮 吹頭髮之前我都先抹這個(可是有人說要吹完在抹) 吹完之後那個捲度真的美的很自然 早上起床也是先抹一點在吹 捲度真的非常非常自然   而且！！！ 超持久????? 味道也很舒服應該是甜甜的果香吧～～ 前幾天用完了忘了去買新的 用了別的抹頭髮 很明顯的感覺捲度不見了 隔天馬上手刀衝去小屈買 自然的捲髮又回來啦? 總而言之 言而總之 捲髮的女孩 一定要衝一波啦??  #捲毛妹 ",
    "time": "2017/05/22 16:19:48",
    "event": "slide"
  },
  {
    "category": "4",
    "app": "Dcard",
    "id": "21",
    "context": "#分享#圖#抗痘粉刺寶 想說趁上班前去逛逛 順便買瓶粉刺寶  正要拿一瓶的時候眼睛瞄到旁邊有組合 ↓ 就是這個 (因為把包裝盒都回收網路找圖，可以變成筆筒)     裡面竟然就有??    抗痘粉刺寶30ml✨   抗痘潔膚泥20g✨   粉刺調理水30ml✨    (剛好去臺南可以隨身攜帶)   重點是同樣30ml的抗痘粉刺寶 單瓶單買400多 瞄到的這組也只要400出頭  結完帳點數扣一扣  登?登?登?登?  比官網跟門市買還划算 ?✌ ",
    "time": "2017/05/22 16:21:10",
    "event": "click"
  },
  {
    "category": "4",
    "app": "Dcard",
    "id": "22",
    "context": "#分享#圖#抗痘粉刺寶 想說趁上班前去逛逛 順便買瓶粉刺寶  正要拿一瓶的時候眼睛瞄到旁邊有組合 ↓ 就是這個 (因為把包裝盒都回收網路找圖，可以變成筆筒)     裡面竟然就有??    抗痘粉刺寶30ml✨   抗痘潔膚泥20g✨   粉刺調理水30ml✨    (剛好去臺南可以隨身攜帶)   重點是同樣30ml的抗痘粉刺寶 單瓶單買400多 瞄到的這組也只要400出頭  結完帳點數扣一扣  登?登?登?登?  比官網跟門市買還划算 ?✌ ",
    "time": "2017/05/22 16:21:10",
    "event": "slide"
  },
  {
    "category": "1",
    "app": "Messenger",
    "id": "23",
    "context": " 愛你 我也是喔 在上課 想起你昨天的照片 捲的很特別 就覺得好好笑 哈哈哈哈  等等要去學校操場跑步 然後跟屈臣氏 好",
    "time": "2017/05/22 16:23:22",
    "event": "slide"
  },
  {
    "category": "1",
    "app": "Messenger",
    "id": "24",
    "context": "等等要去學校操場跑步 然後跟屈臣氏",
    "time": "2017/05/22 16:23:22",
    "event": "type"
  },
  {
    "category": "6",
    "app": "Messenger",
    "id": "25",
    "context": " 傳送",
    "time": "2017/05/22 16:23:22",
    "event": "click"
  },
  {
    "category": "1",
    "app": "Messenger",
    "id": "26",
    "context": " 愛你 我也是喔 在上課 想起你昨天的照片 捲的很特別 就覺得好好笑 哈哈哈哈  等等要去學校操場跑步 然後跟屈臣氏",
    "time": "2017/05/22 16:23:22",
    "event": "slide"
  },
  {
    "category": "4",
    "app": "Dcard",
    "id": "27",
    "context": "#問 上完妝，浮出一粒粒這是什麼  這是我完妝才一小時而已，因為在測試哪個妝前比較持久又控油，但就看到兩邊不一樣，我鼻子也各擦一半，所以我覺得蠻明顯差異 那這是浮粉?可是有這麼快就浮粉嗎… 粉刺?我都有定期清也沒什麼東西...只有生成粉刺前的白白油脂 毛孔?毛孔很粗大，但是會浮起來變成一粒粒嗎… 細毛?我不知道怎拔除鼻子上細毛  有辦法讓他壓平回去嗎…補妝方法.......  有一粒粒上的是(塞尚妝前+fit me+integrate粉餅) 另一邊上的是(霓淨思妝前+fit me+integrate粉餅)",
    "time": "2017/05/22 16:23:57",
    "event": "slide"
  },
  {
    "category": "4",
    "app": "Dcard",
    "id": "28",
    "context": "#圖 What's In My Makeup Bag?化妝包內容 #文長 第一次發文 好緊張? （這篇都是專櫃喔?但我也是開架愛用者 都輪著用！如果這篇沒有消磨我的勇氣?會再來分享我的開架最愛♥️） 嗨大家好 我來分享個 每天帶在身上的化妝包（補妝包？）還有推薦可以帶在身上補妝（雖然我本身是睡過頭 只能在外面速速化妝的機率比較高⋯⋯）的東西！！start? （1）化妝包本身?  這個是朋友很久以前聖誕節時送的所以不知道價格，Victoria's Secret的化妝/旅行包組合裡的小包，外面一層塑膠，質地是硬的不易變形，我覺得比之前用過的帆布材質好用多了！因為材質是軟的，就很容易在包包裡被壓到變形，這樣化妝品比較容易撞壞、互相摩擦啦等等，上面會出現刮痕甚至碎掉！！（一起為我的Becca打亮節哀3秒???）很喜歡Victoria它們家的收納包！很值得（勝過他們的內衣耶說真的????）  （2）粉餅  嬌蘭Météorites蜜粉餅? $1800-2300都看過 忘了我自己買多少了 這個是整個化妝包裡少數我自己花錢買的東西，嬌蘭嘛價錢都不親民不可愛?花錢當下很心痛，可是它很特別！裡面有非常非常細的亮粉，效果是刷在臉上，新的妝容會有女神光（就是我畢生追求的Catie光✨有人懂嗎?）需要補的妝容會起死回生！！如果有多的預算，我真的推到爆炸！又有紫羅蘭香味，包裝又美（我的錢很好賺......） 啊不過我的皮膚是中性的！！不會太乾也不出什麼油，所以膚質不一樣的你們一定要先櫃上試試喔～～～ 這價錢買到毒藥的會哭！  （3）底妝  NARS Tinted Moisturizer 色號#Terre Nueve $1800（媽媽色號選錯 哈 直接變傳家之寶） 我本身皮膚沒有什麼需要遮的東西，也不會出油，所以我對底妝的要求是要有光澤、要小小小提亮效果，還有絕對不能有色塊！！總之就是不重視遮瑕力，重視淡淡的光澤感的話，它就對了！底妝、潤澤、防曬all in one我愛！而且一瓶不大，但我用很久很久了喔！！用量很省！ BUT??上過蜜粉了再用它（補妝的意思）會有色塊！！看起來像脫皮的那種！nonono 我通常補妝就不會補底妝了！！  （4）唇頰膏（較常用於臉頰?）  Laura Mercier 限量款 Color Dots #Fruit Punch $朋友送 不知道? 這個唇頰膏顏色淡淡的，不是非常顯色～～ 拿來當腮紅頗有氣色，很可愛！拿來當唇彩倒是不太夠力～～喜歡，但是即使是永久商品，用完也不會回購? 沒有說非常特別或非常好用，取代性很高！ （題外話我覺得擦在臉上的效果可以用Canmake #PW38代替）  （4）唇彩??  Dior Addict Lip Glow #005紫丁香? $950 找代購買的  我化妝包通常都會帶兩隻唇彩，這一隻固定的，還有我當天選來擦的唇膏也會放到化妝包裡！（我是 開架+專櫃唇膏可能破20支的人QQ ....有人想看唇膏文ㄇ) 這支是我的無限回購OG Holy Grail！！我.愛.死.它.了！！持久、保濕、顏色又美（私心覺得005色號大勝001！！更紅潤、又沒有001的螢光感～～而且已經不是限量了?）  ?補上試色！！（沒有濾鏡的室外光   （5）眼妝?  植村秀 自動武士刀眉筆#06 $1200 植村秀 Lasting Gel Pencil #Navy $忘了也是1000多 這兩支是朋友送的生日禮物！！（Ps.是說 這種朋友哪裡找?回禮怎麼回啊啊啊她暑假就生日了?） 我要幫自動武士刀平反一下！！就方便程度而言，這支有削筆器、理毛梳，帶在身上很方便！！傳統的武士刀要拿去給人家削ㄟ 嘎 麻煩！又有蓋子不會畫到化妝包內部！很棒～～ 可是價格跟容量衡量下來（Catie有做比較可以看個！我就不多講了），我自己不會回購！！要放在化妝包的話，應該會買Ettusais的！ 眼線筆很中規中矩，顏色飽和漂亮、畫起來滑滑順順，不太會掉色！朋友送當然是爽歪歪la 可是對我來說，價錢還有取代性都有點高！用完會繼續買Stila的Stay All Day（推?? Ps.眼影我通常都在宿舍先畫好，用VDL的眼影打底膏prep好，就整天不用補啦啦啦！我因為Becca碎裂事件，機乎不會帶粉狀的彩妝出門！嬌蘭是因為有絨布袋又有化妝包內裡保護，我才敢忐忑的帶出來✌?）  （6）哩哩扣扣  小小罐的針管香水（有什麼帶什麼，下午會噴脖子、手腕）、小小罐的Kiehl's保濕霜（需要從零開始化的話，當打底用）  我的隨身化妝包大概就這樣啦～～～希望你們喜歡? -E.L.H.? ",
    "time": "2017/05/22 16:25:02",
    "event": "slide"
  },
  {
    "category": "4",
    "app": "Dcard",
    "id": "29",
    "context": "粉刺人的悲慘人生 小弟我是個長期受痘痘所苦的少男 真的不知道我到底是造了什麼孽 我的臉上的油真的可以讓台灣加入opec 看遍各大中西醫醫美等等 you know~ 真的是效果很有限 上個星期有人跟我說我是不是該清粉刺了 超丟臉的好嗎 於是今天就來清一清 結果撕下來那瞬間 我真的是懷疑我這麼努力擦酸去角質保養 究竟是三小！！！ 廢話不多說了直接上圖 密集恐懼症請迴 ://i.imgur.com/FWnhFtN.jpg ",
    "time": "2017/05/22 16:25:14",
    "event": "slide"
  },
  {
    "category": "4",
    "app": "Dcard",
    "id": "30",
    "context": "油肌人夏天粉刺真的很猖狂！  加上平常有化妝的習慣，只要一週沒有清粉刺鼻頭就會很可怕  之前喜歡用像妙鼻貼那種暴力式拔除粉刺的方式  但拔完皮膚都紅紅的 效果也沒有非常好 用完一盒就沒再繼續買  自從跟著姊姊一起用契爾氏的白泥  就習慣上用擦的溫和的方式代謝粉刺  下面是我最近習慣用的粉刺代謝好物      泥狀面膜是新買的innisfree火山慕斯 我買的是基礎清潔版  大概一周敷個一次做週間保養 敷完之後粉刺會浮出來一點點， 再用粉刺夾或青春棒挑出來 記得最後要擦保溼化妝水鎮定     除了泥狀面膜，我也會用水楊酸代謝  有聽過寶拉的水楊酸蠻有名的，不過有點小貴下不了手>< 現在是用牛爾的茶樹粉刺寶＋調理水， 裡面也有添加水楊酸成分， 我都擦在粉刺比較多的鼻頭跟下巴 重點是痘痘急救也蠻好用的!!!!  前一天晚上擦 隔天痘痘就會好很多    以上這樣三樣是我最近會用來代謝粉刺的傢伙們  想知道大家除粉刺都會用什麼，可以借參考一下嗎？？ ",
    "time": "2017/05/22 16:25:46",
    "event": "slide"
  },
  {
    "category": "4",
    "app": "Dcard",
    "id": "31",
    "context": "#圖 除掉鼻翼的敵人 大概有一個月沒除粉刺了吧～ 發懶了一陣子終於開始用杏仁酸跟白泥 用手滑過鼻頭覺得狀況一切良好 一到鼻翼我的老天鵝啊那幾顆不除我心不甘 拿出泰國蘆薈白膠！ 買過聖克萊爾、上山採藥，必須發自內心的說 除了白膠之外對我都沒用啊?????? 但我還是會先用聖克萊爾的第一劑先軟化 洗掉之後再用熱毛巾敷個兩分鐘 塗上白膠打開電腦看個大力女子， 不小心就看完一集才拔掉??????? 痛死了不過倒是把鼻翼那幾個深根敵人給拔根了? 附上微弱的戰力品  用資生堂艷容露輕拍之後再濕敷金盞花化妝水 收斂完成打完收工！ 以上！掰囉 ",
    "time": "2017/05/22 16:26:13",
    "event": "slide"
  },
  {
    "category": "4",
    "app": "Dcard",
    "id": "32",
    "context": "kiehl's/霓淨思/innisfree 目前只使用過亞馬遜白泥 覺得它在我臉上功能沒有達到效果?  反而比較推薦kiehl's莓果薑黃面膜?? 使用過後臉亮了許多 也沒有那麼暗沉 版上有女孩反應說用了試用包效果很好 去專櫃買了正品 卻沒有效果了?  我都是買試用包 效果差不多是一樣的喔 我用了2-3次後 接下來使用也沒有閃閃發亮了 個人覺得 ❗️效果有限❗️ 所以不要天天用 一個禮拜一次就差不多了 尤其是在臉非常墮落非常暗沉用 效果肯定很顯著囉??  —————————————————————  看板上都推薦 innisfree 或 霓淨思  innisfree 據說專門給有黑頭的人 而霓淨思我對它就很陌生 但也一堆人推薦?  有沒有人可以簡單解釋一下? 霓淨思的好 ✨深層清潔面膜✨  順便排行一下這三款哪款No.1? ",
    "time": "2017/05/22 16:26:34",
    "event": "slide"
  },
  {
    "category": "4",
    "app": "Dcard",
    "id": "33",
    "context": "#問 innisfree新款溫感粉餅 想請問一下美妝版的大大們 有人買過innisfree這款新出的溫感粉餅嗎~  五月開始在國際官網賣 還有活動 但已經快五月底還是沒有查到分享文嗚嗚 蝦皮也只有一個賣家有上架 但也沒有評價無從考證(? 懇求善心人士解惑QwQ  BTW我是大乾肌 用過很多家的粉餅還有粉底液都會爆粉刺 目前保濕款的氣墊們比較合我的皮膚 特別是innisfree的保濕遮瑕款真的大愛!!! 但最近考慮到氣墊的衛生問題 想轉行(?)這種保濕粉餅 他們家一出這款就把我燒毀了  最後最後 麻煩有買過的各位帥哥美女了 我會非常感謝您",
    "time": "2017/05/22 16:27:44",
    "event": "slide"
  },
  {
    "category": "4",
    "app": "Dcard",
    "id": "34",
    "context": "#發問 #揪團 理膚寶水7折團購 由於上次沒有跟到理膚7折團購，失落了好久，也等不到有人要開團  畢竟自己的保養品一系列都是理膚寶水的，加上天氣越來越熱，溫泉水噴的更是凶  家裡附近也沒有這麼低的折數 後來有詢問了一下常買的那家藥局，看是不是可以量多的話也給我們7折  他們說可以  想問有人想要跟我一起湊嗎",
    "time": "2017/05/22 16:27:55",
    "event": "slide"
  },
  {
    "category": "4",
    "app": "Dcard",
    "id": "35",
    "context": "萬頭攢動粉刺蟲（很噁慎入） 老是看大家分享粉刺林  那你看過粉刺蟲嗎  在臉書上看到驚呆  個人是覺得很噁啦  慎入！  http://www.ettoday.net/news/20170521/929094.htm?from=fb_et_news",
    "time": "2017/05/22 16:28:43",
    "event": "slide"
  },
  {
    "category": "1",
    "app": "Messenger",
    "id": "36",
    "context": "愛你 我也是喔 在上課 想起你昨天的照片 捲的很特別 就覺得好好笑 哈哈哈哈  等等要去學校操場跑步 然後跟屈臣氏 好 ",
    "time": "2017/05/22 16:29:41",
    "event": "slide"
  },
  {
    "category": "1",
    "app": "Messenger",
    "id": "37",
    "context": "上到五點半 ",
    "time": "2017/05/22 16:29:41",
    "event": "type"
  },
  {
    "category": "6",
    "app": "Messenger",
    "id": "38",
    "context": "傳送 ",
    "time": "2017/05/22 16:29:41",
    "event": "click"
  },
  {
    "category": "1",
    "app": "Messenger",
    "id": "39",
    "context": "愛你 我也是喔 在上課 想起你昨天的照片 捲的很特別 就覺得好好笑 哈哈哈哈  等等要去學校操場跑步 然後跟屈臣氏 好 上到五點半 ",
    "time": "2017/05/22 16:29:41",
    "event": "slide"
  },
  {
    "category": "7",
    "app": "Dcard",
    "id": "40",
    "context": "有人矯正牙齒完後悔的嗎？  如題！ 不知道要發哪版所以發這 今天一如往常到跟我家大嬸聊天說到我想等年尾再去拔左邊的智齒們（上排長歪下排水平） 這時我家的千年古人又開始他的長篇大論了 智齒能不要拔就不要拔拔了會讓你牙齒無法靠緊老了會往兩邊開 牙醫說要拔牙只是要賺健保費 整牙也是你看很多人老了都後悔整牙 我真是受夠了當然知道牙齒能不拔就不拔啊重點他已經歪了還有一顆長不出來抵到牙齒要吃蛀牙了豈不更麻煩！！  再來我牙床本身就不夠智齒的位置所以已經把我下排門牙擠歪了  拜託有哪位牙醫系的大大可以有點根據讓我跟我爸溝通  上網都只找到長歪就必須拔的資料  還有矯正牙齒方面我小時候牙齒滿不整齊的是後來有自然推回來但還是有點兔寶寶 本來大嬸是有預計要讓我整牙但是被古人擋下了因為他說整了牙根會鬆老了會容易掉（我不知道他哪來的根據）而且整完後因為非自然所以還是會走樣等幾年後又得在花一筆錢矯正 啊啊啊啊受夠了受夠了 上網查資料從來沒看到這方面的文章！！ 只有因為醫生只顧慮牙齒整齊沒考慮到臉型的文章 聽到後悔的只有後悔太晚矯正 拜託我誰後悔的跟我說一下  抱歉讓大家看完這篇抱怨文 我真的覺得有一口漂亮的牙齒是很好看的一件事 附上兔寶寶牙（自己是覺得滿有特色的） ",
    "time": "2017/05/22 16:29:46",
    "event": "click"
  },
  {
    "category": "7",
    "app": "Dcard",
    "id": "41",
    "context": "有人矯正牙齒完後悔的嗎？  如題！ 不知道要發哪版所以發這 今天一如往常到跟我家大嬸聊天說到我想等年尾再去拔左邊的智齒們（上排長歪下排水平） 這時我家的千年古人又開始他的長篇大論了 智齒能不要拔就不要拔拔了會讓你牙齒無法靠緊老了會往兩邊開 牙醫說要拔牙只是要賺健保費 整牙也是你看很多人老了都後悔整牙 我真是受夠了當然知道牙齒能不拔就不拔啊重點他已經歪了還有一顆長不出來抵到牙齒要吃蛀牙了豈不更麻煩！！  再來我牙床本身就不夠智齒的位置所以已經把我下排門牙擠歪了  拜託有哪位牙醫系的大大可以有點根據讓我跟我爸溝通  上網都只找到長歪就必須拔的資料  還有矯正牙齒方面我小時候牙齒滿不整齊的是後來有自然推回來但還是有點兔寶寶 本來大嬸是有預計要讓我整牙但是被古人擋下了因為他說整了牙根會鬆老了會容易掉（我不知道他哪來的根據）而且整完後因為非自然所以還是會走樣等幾年後又得在花一筆錢矯正 啊啊啊啊受夠了受夠了 上網查資料從來沒看到這方面的文章！！ 只有因為醫生只顧慮牙齒整齊沒考慮到臉型的文章 聽到後悔的只有後悔太晚矯正 拜託我誰後悔的跟我說一下  抱歉讓大家看完這篇抱怨文 我真的覺得有一口漂亮的牙齒是很好看的一件事 附上兔寶寶牙（自己是覺得滿有特色的） ",
    "time": "2017/05/22 16:29:46",
    "event": "slide"
  },
  {
    "category": "8",
    "app": "Dcard",
    "id": "42",
    "context": "?短髮穿搭?圖 嘿呦打ㄍㄟ赫好久沒出現了 ?這是剛剪完還很帥的我（我自己講的?）  然後頭髮長超級快前陣子又去剪了個帶眼鏡沒整理不上妝根本就欠霸凌的造型?? 好啦言歸正傳，今天要來分享偶的短髮穿搭? 開屎囉  順便分享我猥瑣的笑容?  透膚襯衫，領口設計可以綁蝴蝶結（阿斯..根本欠解開） 吊帶裙，稍微遮住前方的裸露 靴子，單穿靴子腳踝看起來很粗，加了同色的襪子拉長腿部線條  感謝?我敬業的兄弟雖然還是沒放你拍的照片然後我猥褻了敬騰  上衣，高領水袖然後又有皺摺（原諒我的知識淺短我不知道專有名詞） 前開衩吊帶裙，沒有腰身的設計加上開衩可愛帶點性感 米灰色高筒襪&咖啡色靴子  一字領，純色加七分袖氣質加分 緊身高腰牛仔褲，搭配上衣簡單舒服 長襯衫綁腰&綁帶厚底涼鞋讓整體不無聊  不要介意我的方臉?  透視上衣，水袖加上大領口（走著走著領口會不自覺滑落?） 緊身牛仔短褲，下擺有鬚鬚設計（然後走路會露屁蛋，沒關係啦海邊嘛） 網襪加上綁帶涼鞋，我覺得有點神奇有點好看大家可以試看看  平口吊嘎&高腰緊身裙&短網襪加上布鞋，利用腳上的運動風和襯衫平衡整體才不會那麼OL?  一件式洋裝，不得不誇讚這件洋裝針織的材質讓它表面就有紋路雖然顏色簡單但是又不簡單再加上服貼給它三個讚???  短板黑色上衣（不就一般簡單的？）不不不旁邊多了綁帶，本身衣服兩側是開衩的藉由綁線縫合，可以自行調整裸露程度? 寬褲，垂墜感十足的寬褲營造忍者感（什麼鬼忍者神經病...） 最後送上崩壞正面?臉太欠霸凌了容許我用?遮一下  分享完畢感謝?觀賞           Zen ",
    "time": "2017/05/22 16:31:40",
    "event": "click"
  },
  {
    "category": "8",
    "app": "Dcard",
    "id": "43",
    "context": "?短髮穿搭?圖 嘿呦打ㄍㄟ赫好久沒出現了 ?這是剛剪完還很帥的我（我自己講的?）  然後頭髮長超級快前陣子又去剪了個帶眼鏡沒整理不上妝根本就欠霸凌的造型?? 好啦言歸正傳，今天要來分享偶的短髮穿搭? 開屎囉  順便分享我猥瑣的笑容?  透膚襯衫，領口設計可以綁蝴蝶結（阿斯..根本欠解開） 吊帶裙，稍微遮住前方的裸露 靴子，單穿靴子腳踝看起來很粗，加了同色的襪子拉長腿部線條  感謝?我敬業的兄弟雖然還是沒放你拍的照片然後我猥褻了敬騰  上衣，高領水袖然後又有皺摺（原諒我的知識淺短我不知道專有名詞） 前開衩吊帶裙，沒有腰身的設計加上開衩可愛帶點性感 米灰色高筒襪&咖啡色靴子  一字領，純色加七分袖氣質加分 緊身高腰牛仔褲，搭配上衣簡單舒服 長襯衫綁腰&綁帶厚底涼鞋讓整體不無聊  不要介意我的方臉?  透視上衣，水袖加上大領口（走著走著領口會不自覺滑落?） 緊身牛仔短褲，下擺有鬚鬚設計（然後走路會露屁蛋，沒關係啦海邊嘛） 網襪加上綁帶涼鞋，我覺得有點神奇有點好看大家可以試看看  平口吊嘎&高腰緊身裙&短網襪加上布鞋，利用腳上的運動風和襯衫平衡整體才不會那麼OL?  一件式洋裝，不得不誇讚這件洋裝針織的材質讓它表面就有紋路雖然顏色簡單但是又不簡單再加上服貼給它三個讚???  短板黑色上衣（不就一般簡單的？）不不不旁邊多了綁帶，本身衣服兩側是開衩的藉由綁線縫合，可以自行調整裸露程度? 寬褲，垂墜感十足的寬褲營造忍者感（什麼鬼忍者神經病...） 最後送上崩壞正面?臉太欠霸凌了容許我用?遮一下  分享完畢感謝?觀賞           Zen ",
    "time": "2017/05/22 16:31:40",
    "event": "slide"
  },
  {
    "category": "8",
    "app": "Dcard",
    "id": "44",
    "context": "#圖 分享在Net買些什麼✨ 在4月底時看到板上有人分享net在特價出清? 所以4/28-5月中我買了不少東西想跟大家分享☺️ 我158/50 男友183/97  有些不是出清商品? 褲子我是在被翻亂的的推架上找到的? 看到亂成一團，真的覺得工作人員辛苦啊?? 背心s  外套L  襯衫M（超喜歡❤️  微厚刺繡上衣（短版） 當初看到立馬放籃子阿?還拍給我娘看 我娘竟然說沒那個價值⋯（白眼?  上衣L(當初剩這件，本人肩膀寬，但試穿覺得肩膀變小了，丟籃子? 項鍊有點不清楚??（是很多貝殼組成的?  鞋子99元（小缺點是會刮後腳跟?  髮帶39元，跟大創價錢一樣！但是好戴很多? ???????????????? 再來分享我送男友的??  男生衣櫥一定要有襯衫啊啊啊❤️ 因為他很大隻,幾乎沒有他的size?  男生衣服都很貴，真心覺得net很善良?  分享結束?? ",
    "time": "2017/05/22 16:31:52",
    "event": "click"
  },
  {
    "category": "8",
    "app": "Dcard",
    "id": "45",
    "context": "#圖 分享在Net買些什麼✨ 在4月底時看到板上有人分享net在特價出清? 所以4/28-5月中我買了不少東西想跟大家分享☺️ 我158/50 男友183/97  有些不是出清商品? 褲子我是在被翻亂的的推架上找到的? 看到亂成一團，真的覺得工作人員辛苦啊?? 背心s  外套L  襯衫M（超喜歡❤️  微厚刺繡上衣（短版） 當初看到立馬放籃子阿?還拍給我娘看 我娘竟然說沒那個價值⋯（白眼?  上衣L(當初剩這件，本人肩膀寬，但試穿覺得肩膀變小了，丟籃子? 項鍊有點不清楚??（是很多貝殼組成的?  鞋子99元（小缺點是會刮後腳跟?  髮帶39元，跟大創價錢一樣！但是好戴很多? ???????????????? 再來分享我送男友的??  男生衣櫥一定要有襯衫啊啊啊❤️ 因為他很大隻,幾乎沒有他的size?  男生衣服都很貴，真心覺得net很善良?  分享結束?? ",
    "time": "2017/05/22 16:31:52",
    "event": "slide"
  },
  {
    "category": "8",
    "app": "Dcard",
    "id": "46",
    "context": "#圖 #分享 去Net掏寶 女友說最近版上很多人在net買了紅標商品 昨天我們也到彰化某間去挖寶 話不多說直接往下看 . . . . . 1.牛仔平織?249 這件算是紅標的polo裡好看的版型    2.圓領毛衣條紋199 條紋毛衣單穿有點像罪犯 或是我穿起來不好看 再搭個帽子或是飾品感覺會很不錯    3.FLANNEL雙口法絨襯衫149 這兩種穿搭方式都很好看 最喜歡的一件?    4.兩顆釦半裡休閒西裝外套199 超便宜的休閒西裝外套 摸起來材質應該有尼龍摸起來滑滑的 這件我也超愛     5.斜袋T/R西褲149 修身的西裝褲能買到這個價格真的是超划算       最後附上發票 最後一件裙子是女友的 全部買下來不到一千塊實在是很開心 其實還有很多衣服很好看 只是找不到我的size 有空的人也可以去試試穿搭  ",
    "time": "2017/05/22 16:32:27",
    "event": "click"
  },
  {
    "category": "8",
    "app": "Dcard",
    "id": "47",
    "context": "#圖 #分享 去Net掏寶 女友說最近版上很多人在net買了紅標商品 昨天我們也到彰化某間去挖寶 話不多說直接往下看 . . . . . 1.牛仔平織?249 這件算是紅標的polo裡好看的版型    2.圓領毛衣條紋199 條紋毛衣單穿有點像罪犯 或是我穿起來不好看 再搭個帽子或是飾品感覺會很不錯    3.FLANNEL雙口法絨襯衫149 這兩種穿搭方式都很好看 最喜歡的一件?    4.兩顆釦半裡休閒西裝外套199 超便宜的休閒西裝外套 摸起來材質應該有尼龍摸起來滑滑的 這件我也超愛     5.斜袋T/R西褲149 修身的西裝褲能買到這個價格真的是超划算       最後附上發票 最後一件裙子是女友的 全部買下來不到一千塊實在是很開心 其實還有很多衣服很好看 只是找不到我的size 有空的人也可以去試試穿搭  ",
    "time": "2017/05/22 16:32:27",
    "event": "slide"
  },
  {
    "category": "8",
    "app": "Dcard",
    "id": "48",
    "context": "想問下各位這種緊身長版洋裝應該怎麼搭？是搭個短版牛仔外套？還是格子襯衫？還是有什麼配件可以搭？ 不知道各位高人能不能指點迷津一下～如果有穿搭圖就更好了謝謝各位",
    "time": "2017/05/22 16:32:53",
    "event": "click"
  },
  {
    "category": "8",
    "app": "Dcard",
    "id": "49",
    "context": "想問下各位這種緊身長版洋裝應該怎麼搭？是搭個短版牛仔外套？還是格子襯衫？還是有什麼配件可以搭？ 不知道各位高人能不能指點迷津一下～如果有穿搭圖就更好了謝謝各位",
    "time": "2017/05/22 16:32:53",
    "event": "slide"
  },
  {
    "category": "9",
    "app": "Dcard",
    "id": "50",
    "context": "#問 男生胸包推薦？？ 請問各位大大有人買過這幾款包嗎？小弟最近想買個貼身點的小包,不知道各位怎麼看(^^ゞ",
    "time": "2017/05/22 16:33:20",
    "event": "click"
  },
  {
    "category": "9",
    "app": "Dcard",
    "id": "51",
    "context": "#問 男生胸包推薦？？ 請問各位大大有人買過這幾款包嗎？小弟最近想買個貼身點的小包,不知道各位怎麼看(^^ゞ",
    "time": "2017/05/22 16:33:20",
    "event": "slide"
  },
  {
    "category": "8",
    "app": "Dcard",
    "id": "52",
    "context": "有大神能救救這件五分褲穿搭嗎 好多人看到我這樣穿說真的不行 能搭什麼上衣呢 ",
    "time": "2017/05/22 16:33:29",
    "event": "click"
  },
  {
    "category": "8",
    "app": "Dcard",
    "id": "53",
    "context": "有大神能救救這件五分褲穿搭嗎 好多人看到我這樣穿說真的不行 能搭什麼上衣呢 ",
    "time": "2017/05/22 16:33:29",
    "event": "slide"
  },
  {
    "category": "10",
    "app": "Dcard",
    "id": "54",
    "context": "#問 MK錶代購真假 各位好，最近想買這隻錶 發現這家價錢很佛 想請問有人買過這家嗎？是不是正的 或是有推薦的賣家嗎",
    "time": "2017/05/22 16:33:40",
    "event": "click"
  },
  {
    "category": "10",
    "app": "Dcard",
    "id": "55",
    "context": "#問 MK錶代購真假 各位好，最近想買這隻錶 發現這家價錢很佛 想請問有人買過這家嗎？是不是正的 或是有推薦的賣家嗎",
    "time": "2017/05/22 16:33:40",
    "event": "slide"
  },
  {
    "category": "11",
    "app": "Dcard",
    "id": "56",
    "context": "我本來就常常做惡夢的人了 可是這個我就算醒著都感到害怕 而且還夢了兩天（媽蛋啊我想睡個好覺 夢的內容⬇️ 《第一天》 我夢到爸爸開車載著全家一起到一個地方（是晚上）我的手機掉在車子旁邊 我們走過一個連結應該是大水溝的木橋 對面是一個住宅區 等我們走過橋我才發現手機掉了 在我們要回去撿我手機的時候 一架飛機從天上衝向住宅區然後墜毀然後起火 我們怕被波及所以往停車子的方向跑回去 我撿了手機 看到有些自行脫困的人跑出來 救難隊的人也來了 我們上車打算離開 一個救難隊的人請我們載一個小男孩到醫院 起初我們不太願意 但是救難隊的人態度很強硬 所以我們只好載他去醫院 那個小男孩顯然嚇壞了 在車上一直說著空難前一刻發生的事 我們叫他不要再說了 但他還是驚恐的一直說 我聽到崩潰哭了 然後我就嚇醒了 《第二天》 我夢到我是一個救難隊的隊員 跟其他人一起搭車要到一個很重大的空難事故現場 已經有些人過去了 我們算比較晚過去的 沿路上旁邊一直是鐵路 還可以看到很多直升機要飛往現場 經過很長一段路終於到了現場 這個空難是一輛民航機墜毀在有火車正在行駛的鐵軌上 火車上和飛機上的乘客死傷慘重 我要下車看到的是滿地的屍塊和各種焦屍 然後我被畫面嚇傻了 我就醒了  我不知道這些夢是不是表示什麼 可是真的很可怕 醒來都滿身大汗 就算是醒著的時候想到都會感到害怕 ",
    "time": "2017/05/22 16:33:58",
    "event": "click"
  },
  {
    "category": "11",
    "app": "Dcard",
    "id": "57",
    "context": "我本來就常常做惡夢的人了 可是這個我就算醒著都感到害怕 而且還夢了兩天（媽蛋啊我想睡個好覺 夢的內容⬇️ 《第一天》 我夢到爸爸開車載著全家一起到一個地方（是晚上）我的手機掉在車子旁邊 我們走過一個連結應該是大水溝的木橋 對面是一個住宅區 等我們走過橋我才發現手機掉了 在我們要回去撿我手機的時候 一架飛機從天上衝向住宅區然後墜毀然後起火 我們怕被波及所以往停車子的方向跑回去 我撿了手機 看到有些自行脫困的人跑出來 救難隊的人也來了 我們上車打算離開 一個救難隊的人請我們載一個小男孩到醫院 起初我們不太願意 但是救難隊的人態度很強硬 所以我們只好載他去醫院 那個小男孩顯然嚇壞了 在車上一直說著空難前一刻發生的事 我們叫他不要再說了 但他還是驚恐的一直說 我聽到崩潰哭了 然後我就嚇醒了 《第二天》 我夢到我是一個救難隊的隊員 跟其他人一起搭車要到一個很重大的空難事故現場 已經有些人過去了 我們算比較晚過去的 沿路上旁邊一直是鐵路 還可以看到很多直升機要飛往現場 經過很長一段路終於到了現場 這個空難是一輛民航機墜毀在有火車正在行駛的鐵軌上 火車上和飛機上的乘客死傷慘重 我要下車看到的是滿地的屍塊和各種焦屍 然後我被畫面嚇傻了 我就醒了  我不知道這些夢是不是表示什麼 可是真的很可怕 醒來都滿身大汗 就算是醒著的時候想到都會感到害怕 ",
    "time": "2017/05/22 16:33:58",
    "event": "slide"
  },
  {
    "category": "12",
    "app": "Dcard",
    "id": "58",
    "context": "因為有前人的各種分享，以及正在就讀語言所的學長幫助，所以現在順利考上語言治療研究所，真的非常感謝在ptt、部落格Po文分享的學長姊們，還有我的直屬學長，因此飲水思源，也來向大家分享。  Google能找得到的每一篇ptt、部落格，不論年代我都看過了，因此這篇應該可以說是集各位學長姊大成的一篇考試心得（沒有九分把握，我是不會把話說這麼滿的）。 先跟大家分享我考取的研究所以及錄取分數   Ø  研究所分數：  國北護－筆試成績  溝通障礙導論56 言語科學80 平均68（最低錄取分數61）  面試成績88（最低錄取分數73）正取   北市大－  語言治療理論與研究~含研究方法與統計原成績51 計分方式x2 =實得成績102（這輩子第一次加分到破百實在難掩欣喜）  語言治療臨床與實務（x1.5）原成績58 計分方式x1.5 =實得成績87正取4  考生背景：我以前在大學是念職能治療系，所學與語言治療有些相關，實習時、甚至工作後也有機會看到語言治療執業以及與他們合作，算是在眾考生中蠻有優勢的。   畢業後全職工作一年，因為在工作過程中，接觸了許多與語言相關的治療，發現自己對語言治療的興趣更甚於職能治療，便改做兼職，一邊準備研究所考試，希望以後可以成為一個厲害的語言治療師。   優勢： 解剖學（但以前其實沒把喉部解剖學那麼仔細） 復健科常見各種疾病兒童語言治療實務與技巧   弱勢：  國中程度物理（在閱讀言語科學的語音聲學、語言病理學基礎第一章的波形、相位時簡直想燒毀書本）  國中程度數學（高中學的我都還給老師了，統計我實在不行，所以沒考慮報考高師大）   在看考試準備心得時，我覺得最重要的是瞭解一個考生的背景，因為背景不同，優劣勢就不同，絕對沒有任何一位考生的準備方法是100%適合你的，必須參考他人作法，調整成適合自己的讀書計畫。   Ø  準備時間：4個月。扣除上班以及休息時間，每天真正唸書約3-5小時左右。   最後一個多月，我有比較頻繁的請假準備考試以及面試資料，幾乎是沒有任何假日的度過這一個月（這麼認真的另一個原因，是國北護言語科學考爛，所以心裡大受打擊，出來的成績這麼高，我心裡認為他一定有加分過!!!比我預期的高了快一倍）。   Ø  報考學校以及考科：  國北護－言語科學、溝通障礙導論 （沒有加權）每一科的考試時間都是80分鐘，我在考試的時候覺得時間非常充裕，甚至有一科還因為實在想不出其他內容寫進申論題裡，而提前交卷。   北市大－語言治療理論與研究~含研究方法與統計（x2）、語言治療臨床與實務（x1.5）每一科的考試時間都是100分鐘。   Ø  考生書單：  許多書籍是參考歷年相傳下來的學長姊書單以及研究所建議書單，再加上我自己的讀法以及對這本書的看法（建議或不建議考生讀）。  若有更新的書籍版本，建議大家一定要購買最新的唷！翻譯會更容易理解，內容也會隨更新而更為實用。   我要反覆看四五次、做筆記、畫線才有辦法記得內容，所以我買了許多書，而非至圖書館借閱而已。 不過，因為我閱讀、理解原文書的速度十分緩慢，大概需要唸中文書的三倍以上時間（尤其是第一次接觸的概念），所以我推薦大家的都是中文書，基於我都考上了，所以可以跟大家保證，不一定要K原文才有辦法考進研究所。   但是我推薦的雖然都是中文書，還是建議大家要背各種術語的英文（例如：解剖神經、肌肉、骨頭、大腦區域，疾病名稱，特殊的治療方式……等等），因為考題幾乎都是英文呀！（不過今年國北護的言語科學倒是出乎意料的出了很多道中文題目）   此外，每一本書的中文翻譯雖然不一定一致，但英文單字是通用絕對不會錯或變更的，因此熟記英文單字絕對不會錯。   Ø  必買書單：  1.  溝通障礙導論：以實證本位觀點為導向（二版）華騰文化作者： Robert E. Owens Jr., Dale Evan Metz, Kimberly A. Farinella校閱：林寶貴 譯者：錡寶香  http://www.books.com.tw/products/0010699374  這一本可說是語言治療考試入門書，是所有考試選書最好上手的一本。從這本開始念比較容易進入語言治療的世界，懂他們到底在做什麼評估、治療？接觸的病人種類？如果還不確定是否要考的人，建議也可以買這一本來看，讓你對語言治療有初步認識。  這本書我反覆看最多次（應該有五、六次），翻到都爛了，恨不得有記憶吐司，我一定會不怕胖的把他每一頁都印下、吃進去。這是要告訴大家，一定一定要熟讀這本書！   前兩次我幾乎全書研讀，後面幾次是做考古時對哪一題或哪一部分概念不熟悉，再回去挑重點重讀。這本重點大致整理得不錯，算是清晰好懂，但對於非就讀或從事教育、醫療相關的考生而言，建議可以再另外做筆記，幫助記憶。   這本書中，有一兩章評估、治療寫的很亂，我很難吸收：音韻障礙、讀寫萌發，建議大家這兩章的評估可以同時參考別本－語言治療評估指引。   2.  言語科學 心理出版社作者：C.T. Ferrand譯者：林佩瑜、何恬、李芳宜、林香均、李沛群、蔡昆憲 http://www.books.com.tw/products/0010342035  這一本可說是言語科學入門書，是所有準備言語科學考試選書最好上手的一本。我物理極差，但是這一本比語言病理學基礎的內容好懂，多讀三四遍就可以理解。我都挑好上手的念啦～  我有看到網上學長姐說，北市大不考這本，要考試的人可以pass，但是這本有在北市大研究生建議參考書單呀！而且我真的看過兩三遍後覺得，要考北市大的人，有看過一遍（以上）還是比較保險，才能奠基一些呼吸發聲聽力解剖、構音與聽力相關的知識。   考國北護的人就不用說了，這本十分重要，尤其今年語音聲學考了非常多題，瞭解頻譜圖、子音聲學特徵變得重要（但這一部分真的很難，如果有認識的人在念這個或是懂這個的，一定要厚臉皮的問他們，把考古弄懂）。  因為我很常上Dcard，但是在考試時候，發現dcard裡準備聽語研究所的資訊不多，所以來這裡跟大家分享一下，希望可以幫助到各個考生！ ",
    "time": "2017/05/22 16:34:44",
    "event": "click"
  },
  {
    "category": "12",
    "app": "Dcard",
    "id": "59",
    "context": "因為有前人的各種分享，以及正在就讀語言所的學長幫助，所以現在順利考上語言治療研究所，真的非常感謝在ptt、部落格Po文分享的學長姊們，還有我的直屬學長，因此飲水思源，也來向大家分享。  Google能找得到的每一篇ptt、部落格，不論年代我都看過了，因此這篇應該可以說是集各位學長姊大成的一篇考試心得（沒有九分把握，我是不會把話說這麼滿的）。 先跟大家分享我考取的研究所以及錄取分數   Ø  研究所分數：  國北護－筆試成績  溝通障礙導論56 言語科學80 平均68（最低錄取分數61）  面試成績88（最低錄取分數73）正取   北市大－  語言治療理論與研究~含研究方法與統計原成績51 計分方式x2 =實得成績102（這輩子第一次加分到破百實在難掩欣喜）  語言治療臨床與實務（x1.5）原成績58 計分方式x1.5 =實得成績87正取4  考生背景：我以前在大學是念職能治療系，所學與語言治療有些相關，實習時、甚至工作後也有機會看到語言治療執業以及與他們合作，算是在眾考生中蠻有優勢的。   畢業後全職工作一年，因為在工作過程中，接觸了許多與語言相關的治療，發現自己對語言治療的興趣更甚於職能治療，便改做兼職，一邊準備研究所考試，希望以後可以成為一個厲害的語言治療師。   優勢： 解剖學（但以前其實沒把喉部解剖學那麼仔細） 復健科常見各種疾病兒童語言治療實務與技巧   弱勢：  國中程度物理（在閱讀言語科學的語音聲學、語言病理學基礎第一章的波形、相位時簡直想燒毀書本）  國中程度數學（高中學的我都還給老師了，統計我實在不行，所以沒考慮報考高師大）   在看考試準備心得時，我覺得最重要的是瞭解一個考生的背景，因為背景不同，優劣勢就不同，絕對沒有任何一位考生的準備方法是100%適合你的，必須參考他人作法，調整成適合自己的讀書計畫。   Ø  準備時間：4個月。扣除上班以及休息時間，每天真正唸書約3-5小時左右。   最後一個多月，我有比較頻繁的請假準備考試以及面試資料，幾乎是沒有任何假日的度過這一個月（這麼認真的另一個原因，是國北護言語科學考爛，所以心裡大受打擊，出來的成績這麼高，我心裡認為他一定有加分過!!!比我預期的高了快一倍）。   Ø  報考學校以及考科：  國北護－言語科學、溝通障礙導論 （沒有加權）每一科的考試時間都是80分鐘，我在考試的時候覺得時間非常充裕，甚至有一科還因為實在想不出其他內容寫進申論題裡，而提前交卷。   北市大－語言治療理論與研究~含研究方法與統計（x2）、語言治療臨床與實務（x1.5）每一科的考試時間都是100分鐘。   Ø  考生書單：  許多書籍是參考歷年相傳下來的學長姊書單以及研究所建議書單，再加上我自己的讀法以及對這本書的看法（建議或不建議考生讀）。  若有更新的書籍版本，建議大家一定要購買最新的唷！翻譯會更容易理解，內容也會隨更新而更為實用。   我要反覆看四五次、做筆記、畫線才有辦法記得內容，所以我買了許多書，而非至圖書館借閱而已。 不過，因為我閱讀、理解原文書的速度十分緩慢，大概需要唸中文書的三倍以上時間（尤其是第一次接觸的概念），所以我推薦大家的都是中文書，基於我都考上了，所以可以跟大家保證，不一定要K原文才有辦法考進研究所。   但是我推薦的雖然都是中文書，還是建議大家要背各種術語的英文（例如：解剖神經、肌肉、骨頭、大腦區域，疾病名稱，特殊的治療方式……等等），因為考題幾乎都是英文呀！（不過今年國北護的言語科學倒是出乎意料的出了很多道中文題目）   此外，每一本書的中文翻譯雖然不一定一致，但英文單字是通用絕對不會錯或變更的，因此熟記英文單字絕對不會錯。   Ø  必買書單：  1.  溝通障礙導論：以實證本位觀點為導向（二版）華騰文化作者： Robert E. Owens Jr., Dale Evan Metz, Kimberly A. Farinella校閱：林寶貴 譯者：錡寶香  http://www.books.com.tw/products/0010699374  這一本可說是語言治療考試入門書，是所有考試選書最好上手的一本。從這本開始念比較容易進入語言治療的世界，懂他們到底在做什麼評估、治療？接觸的病人種類？如果還不確定是否要考的人，建議也可以買這一本來看，讓你對語言治療有初步認識。  這本書我反覆看最多次（應該有五、六次），翻到都爛了，恨不得有記憶吐司，我一定會不怕胖的把他每一頁都印下、吃進去。這是要告訴大家，一定一定要熟讀這本書！   前兩次我幾乎全書研讀，後面幾次是做考古時對哪一題或哪一部分概念不熟悉，再回去挑重點重讀。這本重點大致整理得不錯，算是清晰好懂，但對於非就讀或從事教育、醫療相關的考生而言，建議可以再另外做筆記，幫助記憶。   這本書中，有一兩章評估、治療寫的很亂，我很難吸收：音韻障礙、讀寫萌發，建議大家這兩章的評估可以同時參考別本－語言治療評估指引。   2.  言語科學 心理出版社作者：C.T. Ferrand譯者：林佩瑜、何恬、李芳宜、林香均、李沛群、蔡昆憲 http://www.books.com.tw/products/0010342035  這一本可說是言語科學入門書，是所有準備言語科學考試選書最好上手的一本。我物理極差，但是這一本比語言病理學基礎的內容好懂，多讀三四遍就可以理解。我都挑好上手的念啦～  我有看到網上學長姐說，北市大不考這本，要考試的人可以pass，但是這本有在北市大研究生建議參考書單呀！而且我真的看過兩三遍後覺得，要考北市大的人，有看過一遍（以上）還是比較保險，才能奠基一些呼吸發聲聽力解剖、構音與聽力相關的知識。   考國北護的人就不用說了，這本十分重要，尤其今年語音聲學考了非常多題，瞭解頻譜圖、子音聲學特徵變得重要（但這一部分真的很難，如果有認識的人在念這個或是懂這個的，一定要厚臉皮的問他們，把考古弄懂）。  因為我很常上Dcard，但是在考試時候，發現dcard裡準備聽語研究所的資訊不多，所以來這裡跟大家分享一下，希望可以幫助到各個考生！ ",
    "time": "2017/05/22 16:34:44",
    "event": "slide"
  },
  {
    "category": "12",
    "app": "Dcard",
    "id": "60",
    "context": "現在就讀於國立大學夜間部的金融系大二下， 大一下會計被當（現在重修中） 大二上保險/統計被當 以上都是必修  對現在念的東西越念越沒興趣.. 上禮拜去報研究所補習班教x家， 本來打算補到考研究所（2年） 報考臨心所（目標國立） 之後有上的話，很多學校規定還是要補完大學該修的心理系相關課程  想請問 1.繼續補到畢業考研究所？ 2.明年大三下報考轉學考，希望能轉大三但名額很少 （補習班的課就是考臨心所的所有科目）  轉學考的話是報台綜大/輔仁/東吳  就算轉學了，之後還是要考研究所 （要考臨床心理師要碩士畢）  可以給我建議嗎？謝謝 ps要轉學的話是否先把體育一些能修的先修，之後在抵免？ ",
    "time": "2017/05/22 16:35:09",
    "event": "click"
  },
  {
    "category": "12",
    "app": "Dcard",
    "id": "61",
    "context": "現在就讀於國立大學夜間部的金融系大二下， 大一下會計被當（現在重修中） 大二上保險/統計被當 以上都是必修  對現在念的東西越念越沒興趣.. 上禮拜去報研究所補習班教x家， 本來打算補到考研究所（2年） 報考臨心所（目標國立） 之後有上的話，很多學校規定還是要補完大學該修的心理系相關課程  想請問 1.繼續補到畢業考研究所？ 2.明年大三下報考轉學考，希望能轉大三但名額很少 （補習班的課就是考臨心所的所有科目）  轉學考的話是報台綜大/輔仁/東吳  就算轉學了，之後還是要考研究所 （要考臨床心理師要碩士畢）  可以給我建議嗎？謝謝 ps要轉學的話是否先把體育一些能修的先修，之後在抵免？ ",
    "time": "2017/05/22 16:35:09",
    "event": "slide"
  },
  {
    "category": "13",
    "app": "Line",
    "id": "62",
    "context": "Roger老師好 老師好～ 岱萱我剛剛有加進來了 老師好 老師好~~~~ 現在是江湖救急的時候了各位！！！！ 我優~ 有人認識林岱萱跟任容萱嗎？ 既然大家都進來了 還少陳昱彤？ 容萱有人有她的line嗎？沒有的話我就要出絕招了 你棒棒 孟誠我有容萱的line ～～ @林岱萱有哈哈哈 哇 真讚 班代辛苦了 哈哈大家一起加油 然後晚一點我會把大家誰是誰的直屬po上來 然後直屬的fb也會附上 這樣大家有任何問題就可以直接問學長姐了 感謝你~~ 單子* 有她一定也要知道的事情我再幫你轉達她～～～ 但因為她之後的事情都不會跟我們一起參與所以她覺得先不要進來好了 對 他沒有填到單字 有認識她的可以加她進來嗎？ 哈哈辛苦你了 不會～～～ Wow, 我現在才見識了什麼叫 prolific (line) user ( 你們都是）",
    "time": "2017/05/22 16:36:34",
    "event": "slide"
  },
  {
    "category": "14",
    "app": "Line",
    "id": "63",
    "context": "你去逢甲考之前的證照嗎？是哦我不知道有這种店欸 對逢甲不熟",
    "time": "2017/05/22 16:37:56",
    "event": "slide"
  },
  {
    "category": "14",
    "app": "Line",
    "id": "64",
    "context": "可以啊你可以問問醫生 還是不要亂塗比較好",
    "time": "2017/05/22 16:37:56",
    "event": "type"
  },
  {
    "category": "6",
    "app": "Line",
    "id": "65",
    "context": "傳送",
    "time": "2017/05/22 16:37:56",
    "event": "click"
  },
  {
    "category": "14",
    "app": "Line",
    "id": "66",
    "context": "你去逢甲考之前的證照嗎？是哦我不知道有這种店欸 對逢甲不熟 可以啊你可以問問醫生 還是不要亂塗比較好",
    "time": "2017/05/22 16:37:56",
    "event": "slide"
  },
  {
    "category": "15",
    "app": "Facebook",
    "id": "67",
    "context": "銀行員消失中⋯ 法遵、風控、科技人才變搶手 | 即時 | 聯合財經網",
    "time": "2017/05/22 16:59:21",
    "event": "click"
  },
  {
    "category": "15",
    "app": "Facebook",
    "id": "68",
    "context": "銀行員消失中⋯ 法遵、風控、科技人才變搶手 | 即時 | 聯合財經網",
    "time": "2017/05/22 16:59:21",
    "event": "slide"
  },
  {
    "category": "16",
    "app": "Facebook",
    "id": "69",
    "context": "楊洋帥氣亮相坎城影展！　卻糗被誤認成「他」 | 娛樂星光雲 手機版 MobileWeb | ETtoday東森新聞雲",
    "time": "2017/05/22 17:00:28",
    "event": "click"
  },
  {
    "category": "16",
    "app": "Facebook",
    "id": "70",
    "context": "楊洋帥氣亮相坎城影展！　卻糗被誤認成「他」 | 娛樂星光雲 手機版 MobileWeb | ETtoday東森新聞雲",
    "time": "2017/05/22 17:00:28",
    "event": "slide"
  }
]