[
  {
    "category": "1",
    "app": "Facebook",
    "id": "1",
    "context": "被遺忘的工程師歷史：二戰時的彈道計算全靠一群女性，最後卻沒人記得她們 【我們為什麼挑選這篇文章】50 年前，電腦程式設計曾經被認為是非常女性化的職業，但 1980 年代，女性程式設計師的占比陡然下滑並一直延續到今天。是什麼原因和歷史背景，導致如此大的轉折？50 年前，又有哪些無名的女性英雄呢？（責任編輯：曾宜婷） 作者/纪云 你腦中的電腦程式員是什麼樣？是男性，年輕的男性嗎？你是對的，因為事實如此。數一數每天出現在科技媒體上的人名：比爾·蓋茨、史蒂夫·約伯斯、伊隆·馬斯克、馬克·祖克柏、拉里·佩奇、馬化騰…… 都是男性。在科技公司裡，從事程式設計和技術性工作的女性比例低得可憐。 蘋果、Google、Facebook 等幾大互聯網公司裡的技術部門裡男性員工占 80% 以上。 我沒有找到中國互聯網公司這方面的直接資料，但想起此前看到的一個新聞。去年阿里巴巴發佈一則招聘「程式設計師鼓勵師」的廣告，性別為女性，特地強調要求「顏值高」。隨便在求職網站拉勾網上一搜，眾多科技公司都在招聘程式設計師的廣告中單獨列一條在工作場所「大波單身妹子出沒」描述。在求職網站 100offer 的一份男女程式設計師求職報告中顯示，每五個找工作的程式設計師中只有一位女性。 在「程式設計師」幾乎等於「男性程式設計師」的同時，對女性程式設計師的一個普遍認知是，近些年女性從事程式設計的人數才漸漸多起來。回頭翻電腦歷史，我發現一個完全相反的事實。 七十年前，電腦程式設計曾經被認為是非常女性化的職業，在隨後的三四十年裡女性是這個領域的領軍人物。轉折發生在 80 年代，女程式設計師的增長陡然經歷下滑，一直持續到今天。 下面是一項美國的權威調查，反應了從 1965 年至 2015 年女性在高校不同專業人數的變化。不像女性人數在醫學院、法學院或物理學院中一直增長，電腦科學學院裡的女性數量從 80 年代後期開始一路持續下降。這是怎麼發生的？ 世界上第一位程式設計師是名女性 她叫阿達·愛絲（Ada Lovelace）。2012 年，在她 194 歲誕辰時出現在 Google Doodle 上。科技作者沃爾特·以撒森（Walter Isaacson）在他關於科技互聯網歷史的新書《創新者》裡便從她的故事講起。 阿達·愛絲的父親是英國大詩人拜倫，在她出生一個月後拜倫離開母女，並於四個月後永遠地離開英國，最終在愛絲八歲時死於疾病。其母不希望她變成父親那樣的浪漫詩人，於是幾乎只讓她接觸和學習數學。少年時， 她的數學天賦讓她與當時的英國數學家，同時也是「電腦之父」查理斯·巴貝奇（Charles Babbage）建立持久的工作關係和友誼。 愛絲 17 歲時，巴貝奇給她展示了自己關於能自動解答繁瑣數學問題電腦的想法。愛絲在之後的一篇文章裡表達了自己對這個機器的看法，她認為其能做的不僅是計算。 她預見到，「電腦能做任何通過邏輯表述的事情」。包括句子、圖像、音樂，不僅是數位。伊薩克森在書裡寫道，「她理解輸入一個指令到機器裡這件事，她甚至編寫了伯努利數作為例子，這是一個驚人複雜的數字序列。」 她與巴貝奇的合作持續一生，期間她翻譯了一位元義大利工程師關於電腦的書，翻譯中她作了研究和大量筆記，與原作整合在一起。巴貝奇的機器從未被造出，但他的設計和愛絲的筆記得到出版，並於 1953 年再版，激發後人造出第一台電腦。 巴貝奇設想的機器被認為是最早的電腦模型，愛絲的筆記是對電腦和軟體的最早描述。 給第一台電子電腦程式設計的也是女性 ，這台電腦大名鼎鼎，出現在各大歷史課本中，叫 ENIAC，但幾乎沒有歷史書提到給它程式設計的六名女性。 我不知你能否想像 ENIAC 對我們所有人來說有多興奮，我們不談論社交或其他任何事情，都是它，我們無時無刻不在討論這台電腦。——簡·傑寧斯（Jean Jennings），ENIAC 程式設計師 二戰催生眾多科技成果，電腦是其中之一。二戰也讓男性上戰場，女性被應徵到各個工作崗位。 那些學數學的女性被帶到佔據了一間房的機器前，她們的工作是計算資料，讓士兵能瞄準目標 ，説明科學家開發原子彈。簡·傑寧斯是其中之一。 1924 年 12 月 27 日，傑寧斯出生在密蘇里的一個農場裡。她有兄弟姐妹七人，家裡很窮，但父母很重視教育，把七個孩子都送進學校。傑甯斯進入密蘇里西北師範學院（今密蘇里西北大學）讀新聞學，但她討厭輔導員，所以轉到數學，這一下簡直愛死了。 1945 年結業後，數學老師給傑甯斯看了一份軍隊的招聘啟事，這麼寫的： 招聘：有數學學位的女性。這裡有科學和工程學工作提供給女性，此前只招男性。現在是時候考慮進入科學和工程學領域工作了。你會發現這裡的口號將和其他地方一樣：需要女性！ 風格如下： 工作地點在賓州大學。傑寧斯報了名，不久後收到讓她去面試的通知書，當天晚上她便乘上往東去的午夜列車，在 40 個小時後出現在賓州。傑寧斯渴望冒險。這是 1945 年 3 月，20 歲的傑寧斯第一次來到故鄉之外的地方，她發現已經有 70 多位女性在這裡工作。 她先坐在桌前計算了幾個月的彈道。當時很多學數學的女性都從事這份工作， 這被認為是「女人的工作」。 它要求耐心仔細，不需要太有創意。一個人要能坐那一整天，填表、處理數位。總之，沒那麼有趣。 ",
    "time": "2017/06/01 17:05:12",
    "event": "click"
  },
  {
    "category": "1",
    "app": "Facebook",
    "id": "2",
    "context": "被遺忘的工程師歷史：二戰時的彈道計算全靠一群女性，最後卻沒人記得她們 【我們為什麼挑選這篇文章】50 年前，電腦程式設計曾經被認為是非常女性化的職業，但 1980 年代，女性程式設計師的占比陡然下滑並一直延續到今天。是什麼原因和歷史背景，導致如此大的轉折？50 年前，又有哪些無名的女性英雄呢？（責任編輯：曾宜婷） 作者/纪云 你腦中的電腦程式員是什麼樣？是男性，年輕的男性嗎？你是對的，因為事實如此。數一數每天出現在科技媒體上的人名：比爾·蓋茨、史蒂夫·約伯斯、伊隆·馬斯克、馬克·祖克柏、拉里·佩奇、馬化騰…… 都是男性。在科技公司裡，從事程式設計和技術性工作的女性比例低得可憐。 蘋果、Google、Facebook 等幾大互聯網公司裡的技術部門裡男性員工占 80% 以上。 我沒有找到中國互聯網公司這方面的直接資料，但想起此前看到的一個新聞。去年阿里巴巴發佈一則招聘「程式設計師鼓勵師」的廣告，性別為女性，特地強調要求「顏值高」。隨便在求職網站拉勾網上一搜，眾多科技公司都在招聘程式設計師的廣告中單獨列一條在工作場所「大波單身妹子出沒」描述。在求職網站 100offer 的一份男女程式設計師求職報告中顯示，每五個找工作的程式設計師中只有一位女性。 在「程式設計師」幾乎等於「男性程式設計師」的同時，對女性程式設計師的一個普遍認知是，近些年女性從事程式設計的人數才漸漸多起來。回頭翻電腦歷史，我發現一個完全相反的事實。 七十年前，電腦程式設計曾經被認為是非常女性化的職業，在隨後的三四十年裡女性是這個領域的領軍人物。轉折發生在 80 年代，女程式設計師的增長陡然經歷下滑，一直持續到今天。 下面是一項美國的權威調查，反應了從 1965 年至 2015 年女性在高校不同專業人數的變化。不像女性人數在醫學院、法學院或物理學院中一直增長，電腦科學學院裡的女性數量從 80 年代後期開始一路持續下降。這是怎麼發生的？ 世界上第一位程式設計師是名女性 她叫阿達·愛絲（Ada Lovelace）。2012 年，在她 194 歲誕辰時出現在 Google Doodle 上。科技作者沃爾特·以撒森（Walter Isaacson）在他關於科技互聯網歷史的新書《創新者》裡便從她的故事講起。 阿達·愛絲的父親是英國大詩人拜倫，在她出生一個月後拜倫離開母女，並於四個月後永遠地離開英國，最終在愛絲八歲時死於疾病。其母不希望她變成父親那樣的浪漫詩人，於是幾乎只讓她接觸和學習數學。少年時， 她的數學天賦讓她與當時的英國數學家，同時也是「電腦之父」查理斯·巴貝奇（Charles Babbage）建立持久的工作關係和友誼。 愛絲 17 歲時，巴貝奇給她展示了自己關於能自動解答繁瑣數學問題電腦的想法。愛絲在之後的一篇文章裡表達了自己對這個機器的看法，她認為其能做的不僅是計算。 她預見到，「電腦能做任何通過邏輯表述的事情」。包括句子、圖像、音樂，不僅是數位。伊薩克森在書裡寫道，「她理解輸入一個指令到機器裡這件事，她甚至編寫了伯努利數作為例子，這是一個驚人複雜的數字序列。」 她與巴貝奇的合作持續一生，期間她翻譯了一位元義大利工程師關於電腦的書，翻譯中她作了研究和大量筆記，與原作整合在一起。巴貝奇的機器從未被造出，但他的設計和愛絲的筆記得到出版，並於 1953 年再版，激發後人造出第一台電腦。 巴貝奇設想的機器被認為是最早的電腦模型，愛絲的筆記是對電腦和軟體的最早描述。 給第一台電子電腦程式設計的也是女性 ，這台電腦大名鼎鼎，出現在各大歷史課本中，叫 ENIAC，但幾乎沒有歷史書提到給它程式設計的六名女性。 我不知你能否想像 ENIAC 對我們所有人來說有多興奮，我們不談論社交或其他任何事情，都是它，我們無時無刻不在討論這台電腦。——簡·傑寧斯（Jean Jennings），ENIAC 程式設計師 二戰催生眾多科技成果，電腦是其中之一。二戰也讓男性上戰場，女性被應徵到各個工作崗位。 那些學數學的女性被帶到佔據了一間房的機器前，她們的工作是計算資料，讓士兵能瞄準目標 ，説明科學家開發原子彈。簡·傑寧斯是其中之一。 1924 年 12 月 27 日，傑寧斯出生在密蘇里的一個農場裡。她有兄弟姐妹七人，家裡很窮，但父母很重視教育，把七個孩子都送進學校。傑甯斯進入密蘇里西北師範學院（今密蘇里西北大學）讀新聞學，但她討厭輔導員，所以轉到數學，這一下簡直愛死了。 1945 年結業後，數學老師給傑甯斯看了一份軍隊的招聘啟事，這麼寫的： 招聘：有數學學位的女性。這裡有科學和工程學工作提供給女性，此前只招男性。現在是時候考慮進入科學和工程學領域工作了。你會發現這裡的口號將和其他地方一樣：需要女性！ 風格如下： 工作地點在賓州大學。傑寧斯報了名，不久後收到讓她去面試的通知書，當天晚上她便乘上往東去的午夜列車，在 40 個小時後出現在賓州。傑寧斯渴望冒險。這是 1945 年 3 月，20 歲的傑寧斯第一次來到故鄉之外的地方，她發現已經有 70 多位女性在這裡工作。 她先坐在桌前計算了幾個月的彈道。當時很多學數學的女性都從事這份工作， 這被認為是「女人的工作」。 它要求耐心仔細，不需要太有創意。一個人要能坐那一整天，填表、處理數位。總之，沒那麼有趣。 ",
    "time": "2017/06/01 17:05:12",
    "event": "slide"
  },
  {
    "category": "2",
    "app": "Facebook",
    "id": "3",
    "context": "10 週年代表作就是猛！iPhone 8 規格影片曝光：超美螢幕、玻璃機身，好想快拿到啊！ 【為什麼我們要選這篇文章】 iPhone 8 的開箱影片疑似意外曝光！正如外界猜測，iPhone 8 包括 4.7 吋和 5.5 吋採用 TFT-LCD 螢幕的 2 款新品、以及 5.8 吋採用有機發光二極體（OLED）螢幕的新品。 今年適逢蘋果推出 iPhone 十周年，市場預期今年新款 iPhone 搭配 OLED 面板與全平面螢幕、玻璃機殼、處理效能更高的 A11 處理器、取消實體主按鍵、 3D 感測以及無線充電等 6 大功能。 ",
    "time": "2017/06/01 17:05:12",
    "event": "click"
  },
  {
    "category": "2",
    "app": "Facebook",
    "id": "4",
    "context": "10 週年代表作就是猛！iPhone 8 規格影片曝光：超美螢幕、玻璃機身，好想快拿到啊！ 【為什麼我們要選這篇文章】 iPhone 8 的開箱影片疑似意外曝光！正如外界猜測，iPhone 8 包括 4.7 吋和 5.5 吋採用 TFT-LCD 螢幕的 2 款新品、以及 5.8 吋採用有機發光二極體（OLED）螢幕的新品。 今年適逢蘋果推出 iPhone 十周年，市場預期今年新款 iPhone 搭配 OLED 面板與全平面螢幕、玻璃機殼、處理效能更高的 A11 處理器、取消實體主按鍵、 3D 感測以及無線充電等 6 大功能。 ",
    "time": "2017/06/01 17:05:12",
    "event": "slide"
  },
  {
    "category": "1",
    "app": "Facebook",
    "id": "5",
    "context": "被遺忘的工程師歷史：二戰時的彈道計算全靠一群女性，最後卻沒人記得她們 【我們為什麼挑選這篇文章】50 年前，電腦程式設計曾經被認為是非常女性化的職業，但 1980 年代，女性程式設計師的占比陡然下滑並一直延續到今天。是什麼原因和歷史背景，導致如此大的轉折？50 年前，又有哪些無名的女性英雄呢？（責任編輯：曾宜婷） 作者/纪云 你腦中的電腦程式員是什麼樣？是男性，年輕的男性嗎？你是對的，因為事實如此。數一數每天出現在科技媒體上的人名：比爾·蓋茨、史蒂夫·約伯斯、伊隆·馬斯克、馬克·祖克柏、拉里·佩奇、馬化騰…… 都是男性。在科技公司裡，從事程式設計和技術性工作的女性比例低得可憐。 蘋果、Google、Facebook 等幾大互聯網公司裡的技術部門裡男性員工占 80% 以上。 我沒有找到中國互聯網公司這方面的直接資料，但想起此前看到的一個新聞。去年阿里巴巴發佈一則招聘「程式設計師鼓勵師」的廣告，性別為女性，特地強調要求「顏值高」。隨便在求職網站拉勾網上一搜，眾多科技公司都在招聘程式設計師的廣告中單獨列一條在工作場所「大波單身妹子出沒」描述。在求職網站 100offer 的一份男女程式設計師求職報告中顯示，每五個找工作的程式設計師中只有一位女性。 在「程式設計師」幾乎等於「男性程式設計師」的同時，對女性程式設計師的一個普遍認知是，近些年女性從事程式設計的人數才漸漸多起來。回頭翻電腦歷史，我發現一個完全相反的事實。 七十年前，電腦程式設計曾經被認為是非常女性化的職業，在隨後的三四十年裡女性是這個領域的領軍人物。轉折發生在 80 年代，女程式設計師的增長陡然經歷下滑，一直持續到今天。 下面是一項美國的權威調查，反應了從 1965 年至 2015 年女性在高校不同專業人數的變化。不像女性人數在醫學院、法學院或物理學院中一直增長，電腦科學學院裡的女性數量從 80 年代後期開始一路持續下降。這是怎麼發生的？ 世界上第一位程式設計師是名女性 她叫阿達·愛絲（Ada Lovelace）。2012 年，在她 194 歲誕辰時出現在 Google Doodle 上。科技作者沃爾特·以撒森（Walter Isaacson）在他關於科技互聯網歷史的新書《創新者》裡便從她的故事講起。 阿達·愛絲的父親是英國大詩人拜倫，在她出生一個月後拜倫離開母女，並於四個月後永遠地離開英國，最終在愛絲八歲時死於疾病。其母不希望她變成父親那樣的浪漫詩人，於是幾乎只讓她接觸和學習數學。少年時， 她的數學天賦讓她與當時的英國數學家，同時也是「電腦之父」查理斯·巴貝奇（Charles Babbage）建立持久的工作關係和友誼。 愛絲 17 歲時，巴貝奇給她展示了自己關於能自動解答繁瑣數學問題電腦的想法。愛絲在之後的一篇文章裡表達了自己對這個機器的看法，她認為其能做的不僅是計算。 她預見到，「電腦能做任何通過邏輯表述的事情」。包括句子、圖像、音樂，不僅是數位。伊薩克森在書裡寫道，「她理解輸入一個指令到機器裡這件事，她甚至編寫了伯努利數作為例子，這是一個驚人複雜的數字序列。」 她與巴貝奇的合作持續一生，期間她翻譯了一位元義大利工程師關於電腦的書，翻譯中她作了研究和大量筆記，與原作整合在一起。巴貝奇的機器從未被造出，但他的設計和愛絲的筆記得到出版，並於 1953 年再版，激發後人造出第一台電腦。 巴貝奇設想的機器被認為是最早的電腦模型，愛絲的筆記是對電腦和軟體的最早描述。 給第一台電子電腦程式設計的也是女性 ，這台電腦大名鼎鼎，出現在各大歷史課本中，叫 ENIAC，但幾乎沒有歷史書提到給它程式設計的六名女性。 我不知你能否想像 ENIAC 對我們所有人來說有多興奮，我們不談論社交或其他任何事情，都是它，我們無時無刻不在討論這台電腦。——簡·傑寧斯（Jean Jennings），ENIAC 程式設計師 二戰催生眾多科技成果，電腦是其中之一。二戰也讓男性上戰場，女性被應徵到各個工作崗位。 那些學數學的女性被帶到佔據了一間房的機器前，她們的工作是計算資料，讓士兵能瞄準目標 ，説明科學家開發原子彈。簡·傑寧斯是其中之一。 1924 年 12 月 27 日，傑寧斯出生在密蘇里的一個農場裡。她有兄弟姐妹七人，家裡很窮，但父母很重視教育，把七個孩子都送進學校。傑甯斯進入密蘇里西北師範學院（今密蘇里西北大學）讀新聞學，但她討厭輔導員，所以轉到數學，這一下簡直愛死了。 1945 年結業後，數學老師給傑甯斯看了一份軍隊的招聘啟事，這麼寫的： 招聘：有數學學位的女性。這裡有科學和工程學工作提供給女性，此前只招男性。現在是時候考慮進入科學和工程學領域工作了。你會發現這裡的口號將和其他地方一樣：需要女性！ 風格如下： 工作地點在賓州大學。傑寧斯報了名，不久後收到讓她去面試的通知書，當天晚上她便乘上往東去的午夜列車，在 40 個小時後出現在賓州。傑寧斯渴望冒險。這是 1945 年 3 月，20 歲的傑寧斯第一次來到故鄉之外的地方，她發現已經有 70 多位女性在這裡工作。 她先坐在桌前計算了幾個月的彈道。當時很多學數學的女性都從事這份工作， 這被認為是「女人的工作」。 它要求耐心仔細，不需要太有創意。一個人要能坐那一整天，填表、處理數位。總之，沒那麼有趣。 ",
    "time": "2017/06/01 17:05:14",
    "event": "click"
  },
  {
    "category": "1",
    "app": "Facebook",
    "id": "6",
    "context": "被遺忘的工程師歷史：二戰時的彈道計算全靠一群女性，最後卻沒人記得她們 【我們為什麼挑選這篇文章】50 年前，電腦程式設計曾經被認為是非常女性化的職業，但 1980 年代，女性程式設計師的占比陡然下滑並一直延續到今天。是什麼原因和歷史背景，導致如此大的轉折？50 年前，又有哪些無名的女性英雄呢？（責任編輯：曾宜婷） 作者/纪云 你腦中的電腦程式員是什麼樣？是男性，年輕的男性嗎？你是對的，因為事實如此。數一數每天出現在科技媒體上的人名：比爾·蓋茨、史蒂夫·約伯斯、伊隆·馬斯克、馬克·祖克柏、拉里·佩奇、馬化騰…… 都是男性。在科技公司裡，從事程式設計和技術性工作的女性比例低得可憐。 蘋果、Google、Facebook 等幾大互聯網公司裡的技術部門裡男性員工占 80% 以上。 我沒有找到中國互聯網公司這方面的直接資料，但想起此前看到的一個新聞。去年阿里巴巴發佈一則招聘「程式設計師鼓勵師」的廣告，性別為女性，特地強調要求「顏值高」。隨便在求職網站拉勾網上一搜，眾多科技公司都在招聘程式設計師的廣告中單獨列一條在工作場所「大波單身妹子出沒」描述。在求職網站 100offer 的一份男女程式設計師求職報告中顯示，每五個找工作的程式設計師中只有一位女性。 在「程式設計師」幾乎等於「男性程式設計師」的同時，對女性程式設計師的一個普遍認知是，近些年女性從事程式設計的人數才漸漸多起來。回頭翻電腦歷史，我發現一個完全相反的事實。 七十年前，電腦程式設計曾經被認為是非常女性化的職業，在隨後的三四十年裡女性是這個領域的領軍人物。轉折發生在 80 年代，女程式設計師的增長陡然經歷下滑，一直持續到今天。 下面是一項美國的權威調查，反應了從 1965 年至 2015 年女性在高校不同專業人數的變化。不像女性人數在醫學院、法學院或物理學院中一直增長，電腦科學學院裡的女性數量從 80 年代後期開始一路持續下降。這是怎麼發生的？ 世界上第一位程式設計師是名女性 她叫阿達·愛絲（Ada Lovelace）。2012 年，在她 194 歲誕辰時出現在 Google Doodle 上。科技作者沃爾特·以撒森（Walter Isaacson）在他關於科技互聯網歷史的新書《創新者》裡便從她的故事講起。 阿達·愛絲的父親是英國大詩人拜倫，在她出生一個月後拜倫離開母女，並於四個月後永遠地離開英國，最終在愛絲八歲時死於疾病。其母不希望她變成父親那樣的浪漫詩人，於是幾乎只讓她接觸和學習數學。少年時， 她的數學天賦讓她與當時的英國數學家，同時也是「電腦之父」查理斯·巴貝奇（Charles Babbage）建立持久的工作關係和友誼。 愛絲 17 歲時，巴貝奇給她展示了自己關於能自動解答繁瑣數學問題電腦的想法。愛絲在之後的一篇文章裡表達了自己對這個機器的看法，她認為其能做的不僅是計算。 她預見到，「電腦能做任何通過邏輯表述的事情」。包括句子、圖像、音樂，不僅是數位。伊薩克森在書裡寫道，「她理解輸入一個指令到機器裡這件事，她甚至編寫了伯努利數作為例子，這是一個驚人複雜的數字序列。」 她與巴貝奇的合作持續一生，期間她翻譯了一位元義大利工程師關於電腦的書，翻譯中她作了研究和大量筆記，與原作整合在一起。巴貝奇的機器從未被造出，但他的設計和愛絲的筆記得到出版，並於 1953 年再版，激發後人造出第一台電腦。 巴貝奇設想的機器被認為是最早的電腦模型，愛絲的筆記是對電腦和軟體的最早描述。 給第一台電子電腦程式設計的也是女性 ，這台電腦大名鼎鼎，出現在各大歷史課本中，叫 ENIAC，但幾乎沒有歷史書提到給它程式設計的六名女性。 我不知你能否想像 ENIAC 對我們所有人來說有多興奮，我們不談論社交或其他任何事情，都是它，我們無時無刻不在討論這台電腦。——簡·傑寧斯（Jean Jennings），ENIAC 程式設計師 二戰催生眾多科技成果，電腦是其中之一。二戰也讓男性上戰場，女性被應徵到各個工作崗位。 那些學數學的女性被帶到佔據了一間房的機器前，她們的工作是計算資料，讓士兵能瞄準目標 ，説明科學家開發原子彈。簡·傑寧斯是其中之一。 1924 年 12 月 27 日，傑寧斯出生在密蘇里的一個農場裡。她有兄弟姐妹七人，家裡很窮，但父母很重視教育，把七個孩子都送進學校。傑甯斯進入密蘇里西北師範學院（今密蘇里西北大學）讀新聞學，但她討厭輔導員，所以轉到數學，這一下簡直愛死了。 1945 年結業後，數學老師給傑甯斯看了一份軍隊的招聘啟事，這麼寫的： 招聘：有數學學位的女性。這裡有科學和工程學工作提供給女性，此前只招男性。現在是時候考慮進入科學和工程學領域工作了。你會發現這裡的口號將和其他地方一樣：需要女性！ 風格如下： 工作地點在賓州大學。傑寧斯報了名，不久後收到讓她去面試的通知書，當天晚上她便乘上往東去的午夜列車，在 40 個小時後出現在賓州。傑寧斯渴望冒險。這是 1945 年 3 月，20 歲的傑寧斯第一次來到故鄉之外的地方，她發現已經有 70 多位女性在這裡工作。 她先坐在桌前計算了幾個月的彈道。當時很多學數學的女性都從事這份工作， 這被認為是「女人的工作」。 它要求耐心仔細，不需要太有創意。一個人要能坐那一整天，填表、處理數位。總之，沒那麼有趣。 ",
    "time": "2017/06/01 17:05:14",
    "event": "slide"
  },
  {
    "category": "1",
    "app": "Facebook",
    "id": "7",
    "context": "有天傑寧斯聽說一個神秘項目在招聘女性。她對這個專案毫不知情，可以確定的是，如果得到這份工作，她將不用計算彈道，她將從頭開始學新東西，激動的東西。 傑寧斯和其他五位女性一起進入 ENIAC 項目。她們先接受六週訓練，然後人手一份表格和圖表，負責的男性說，「現在你們去弄明白這台機器如何運作，以及怎麼給它程式設計。」 在當時，男性更傾向於做跟硬體相關的工作，像程式設計和處理表格這些事情被留給女性。 如果當時男性意識到程式設計將變得何等重要，也許就不會把這個工作交給女人們了。ENIAC 是軍方保密項目，初衷也是計算彈道，因為純粹通過人來計算太慢了。這幾位女性邊做邊學，她們分析不同等式，決定讓哪條電線連在哪個正確電路上。她們開始理解這台機器能做什麼，不能做什麼，出現問題時可以診斷到每個獨立真空管的地步。事實上，在診斷問題時，她們跟男性工程師一樣好。 這些工程師很喜歡這點，漸漸把調式工作都交給這六個女人。 直到 1946 年 2 月軍方才決定公開這個專案，並且決定在發佈會上做彈道計算演示。提前兩週，負責人找到傑甯斯和另一位女性貝蒂·辛徳，問她們能否給 ENIAC 編這個程式。傑寧斯覺得很興奮，回答說當然可以。 男人們知道現在演示成功與否取決於這兩位女性了。 專案負責人，之後被認為是 ENIAC 設計者的約翰·莫卡利，他在星期六晚上拎著一瓶杏仁味的白蘭地去看望日以繼夜工作的傑甯斯和辛徳。幾天後，工程學院院長又拎著一袋子威士卡來探望。儘管這兩位女性都不太喝酒，但這些舉動讓她們意識到自己工作的重要性。 最終的演示很成功。ENIAC 只用 15 秒就能計算一組彈道 ，此前這要花費好幾週的人力。《紐約時報》在頭版作了報導，美聯社將它稱為「開創了用數學給每個人帶來更好生活的先河」。 不過無論是發佈會，還是之後的慶功會，都沒有這幾位女性的身影。她們被交給一個從未被實現過的任務，她們累得像條狗一樣完成這個任務，然後就被遺忘了。 為了記錄這段歷史，佛吉尼亞大學教授傑內特·阿貝（Janet Abbate）採訪了當時這些女性，並寫作《記錄性別》（Recording Gender）一書，揭開當年那些女性在電腦科學中的探索，和從中獲得的樂趣。 這些男人做程式設計師真讓我吃驚，因為我以為這是女人的工作！——艾爾斯·沙特（Elsie Shutt），1953 年，軟體公司 CompInc 創始人 馬塞諸塞州人艾爾斯·沙特也是在二戰期間接觸電腦，同樣因為她的數學出身。戰爭結束後，她繼續在這個領域工作，先後在 Raytheon、霍尼韋爾做程式設計師。 期間， 程式設計師這個行業出現兩個大變化。首先，男性回來工作了，沙特覺得很吃驚，因為此前程式設計的都是女人。同時，電腦快速反覆運算更新。 從最初的 ENIAC 到比它更先進的 Univac，再到 IBM 的大型機。機器性能越好，對軟體程式的需求越大。 1957 年，沙特在第一個孩子出生後辭去工作。這在當時很常見，照顧孩子是女性本職，回歸家庭理所當然。 但沙特很享受程式設計時的樂趣，這些年在行業裡的積累讓她看到兼職工作的可能性。剛好當時另外兩位她熟識的女程式設計師也生了孩子，原來的公司拒絕繼續雇傭她們。 沙特決定成立一家雇傭自由職業者的軟體公司。 這家公司成立於 1958 年，從事軟體外包工作，員工全部是女性。 這些女人在白天照顧小孩，晚上找電腦寫程式。 當時還沒有個人電腦，有時候聘請她們的公司有電腦，便開車去那裡工作，當時還有很多公司在晚上閒置時間將電腦租出去，她們也用這種方式。沙特記得有一次開車到附近的鎮子上租計算機工作，回來的路上汽車爆胎，那是淩晨一點鐘。 這種專門的軟體公司在美國還是頭一家。幾乎同一時間，在英國另一位叫迪那·韓（Dina Vaughan）的女性也創立了一家類似的軟體公司。 在全職女性不被接受的年代，這些女程式設計師兼職工作的一大動力是能跟上行業發展，待孩子長大後能再回到職場。 儘管如此，在之後的二十幾年裡，女性程式設計師還是一個很普遍的存在。1967 年，《時尚 COSMO》雜誌寫了一篇叫《電腦女孩》的文章，裡面說：「現在耀眼的大電腦來了，一起到來的還有女性的新職業：程式設計。」 先後為沙特工作過的 50 多名工作女性很多都成功回到程式設計行業，從事自己喜歡的工作。 ",
    "time": "2017/06/01 17:07:10",
    "event": "click"
  },
  {
    "category": "1",
    "app": "Facebook",
    "id": "8",
    "context": "有天傑寧斯聽說一個神秘項目在招聘女性。她對這個專案毫不知情，可以確定的是，如果得到這份工作，她將不用計算彈道，她將從頭開始學新東西，激動的東西。 傑寧斯和其他五位女性一起進入 ENIAC 項目。她們先接受六週訓練，然後人手一份表格和圖表，負責的男性說，「現在你們去弄明白這台機器如何運作，以及怎麼給它程式設計。」 在當時，男性更傾向於做跟硬體相關的工作，像程式設計和處理表格這些事情被留給女性。 如果當時男性意識到程式設計將變得何等重要，也許就不會把這個工作交給女人們了。ENIAC 是軍方保密項目，初衷也是計算彈道，因為純粹通過人來計算太慢了。這幾位女性邊做邊學，她們分析不同等式，決定讓哪條電線連在哪個正確電路上。她們開始理解這台機器能做什麼，不能做什麼，出現問題時可以診斷到每個獨立真空管的地步。事實上，在診斷問題時，她們跟男性工程師一樣好。 這些工程師很喜歡這點，漸漸把調式工作都交給這六個女人。 直到 1946 年 2 月軍方才決定公開這個專案，並且決定在發佈會上做彈道計算演示。提前兩週，負責人找到傑甯斯和另一位女性貝蒂·辛徳，問她們能否給 ENIAC 編這個程式。傑寧斯覺得很興奮，回答說當然可以。 男人們知道現在演示成功與否取決於這兩位女性了。 專案負責人，之後被認為是 ENIAC 設計者的約翰·莫卡利，他在星期六晚上拎著一瓶杏仁味的白蘭地去看望日以繼夜工作的傑甯斯和辛徳。幾天後，工程學院院長又拎著一袋子威士卡來探望。儘管這兩位女性都不太喝酒，但這些舉動讓她們意識到自己工作的重要性。 最終的演示很成功。ENIAC 只用 15 秒就能計算一組彈道 ，此前這要花費好幾週的人力。《紐約時報》在頭版作了報導，美聯社將它稱為「開創了用數學給每個人帶來更好生活的先河」。 不過無論是發佈會，還是之後的慶功會，都沒有這幾位女性的身影。她們被交給一個從未被實現過的任務，她們累得像條狗一樣完成這個任務，然後就被遺忘了。 為了記錄這段歷史，佛吉尼亞大學教授傑內特·阿貝（Janet Abbate）採訪了當時這些女性，並寫作《記錄性別》（Recording Gender）一書，揭開當年那些女性在電腦科學中的探索，和從中獲得的樂趣。 這些男人做程式設計師真讓我吃驚，因為我以為這是女人的工作！——艾爾斯·沙特（Elsie Shutt），1953 年，軟體公司 CompInc 創始人 馬塞諸塞州人艾爾斯·沙特也是在二戰期間接觸電腦，同樣因為她的數學出身。戰爭結束後，她繼續在這個領域工作，先後在 Raytheon、霍尼韋爾做程式設計師。 期間， 程式設計師這個行業出現兩個大變化。首先，男性回來工作了，沙特覺得很吃驚，因為此前程式設計的都是女人。同時，電腦快速反覆運算更新。 從最初的 ENIAC 到比它更先進的 Univac，再到 IBM 的大型機。機器性能越好，對軟體程式的需求越大。 1957 年，沙特在第一個孩子出生後辭去工作。這在當時很常見，照顧孩子是女性本職，回歸家庭理所當然。 但沙特很享受程式設計時的樂趣，這些年在行業裡的積累讓她看到兼職工作的可能性。剛好當時另外兩位她熟識的女程式設計師也生了孩子，原來的公司拒絕繼續雇傭她們。 沙特決定成立一家雇傭自由職業者的軟體公司。 這家公司成立於 1958 年，從事軟體外包工作，員工全部是女性。 這些女人在白天照顧小孩，晚上找電腦寫程式。 當時還沒有個人電腦，有時候聘請她們的公司有電腦，便開車去那裡工作，當時還有很多公司在晚上閒置時間將電腦租出去，她們也用這種方式。沙特記得有一次開車到附近的鎮子上租計算機工作，回來的路上汽車爆胎，那是淩晨一點鐘。 這種專門的軟體公司在美國還是頭一家。幾乎同一時間，在英國另一位叫迪那·韓（Dina Vaughan）的女性也創立了一家類似的軟體公司。 在全職女性不被接受的年代，這些女程式設計師兼職工作的一大動力是能跟上行業發展，待孩子長大後能再回到職場。 儘管如此，在之後的二十幾年裡，女性程式設計師還是一個很普遍的存在。1967 年，《時尚 COSMO》雜誌寫了一篇叫《電腦女孩》的文章，裡面說：「現在耀眼的大電腦來了，一起到來的還有女性的新職業：程式設計。」 先後為沙特工作過的 50 多名工作女性很多都成功回到程式設計行業，從事自己喜歡的工作。 ",
    "time": "2017/06/01 17:07:10",
    "event": "slide"
  },
  {
    "category": "1",
    "app": "Facebook",
    "id": "9",
    "context": "然而這些先驅們的工作並為持續下去，此後有志於從事程式設計的女性面臨一個完全不同的挑戰。 數學天才的退學 1984 年，約翰·霍普金斯大學的微型電腦課程中坐了一位女學生，帕蒂·爾單尼亞斯。跟那些從事程式設計的女性前輩一樣，她很擅長數學。從小學到中學，帕蒂的數學老師都覺得她在數學上很有天分，總給她額外作業，並跟其他幾位男生一起補課。高中時她被稱為數學天才，上大學時自然進入電腦科學專業。她對自己很自信，可第一堂課就讓她徹底沒了信心。 在這堂課上，她記得自己提了一個問題，教授對她看一眼，說：你早該知道這個了。她感覺糟透，對自己說，「我永遠不會在這裡表現出眾。」相對地，在她眼裡班上的男孩們簡直跟天才無異，他們永遠都在玩電腦，似乎什麼都知道。 她開始懷疑自己的能力，以至於最終換了專業，曾經的高中數學天才去學了外國語。 帕蒂不是唯一一個放棄電腦專業的女性，卡內基·梅隆大學發現其電腦專業的女學生一半都輟學了。為找出原因，加州洛杉磯大學分校研究員簡·瑪格麗絲（Jane Margolis）在 1992 年採訪和觀察這所學校電腦科學專業的所有學生，並最終發表為《解鎖俱樂部：電腦科學中的女性》一書。（Unlocking the Clubhouse: Women in Computing） 她採訪的很多女學生都經歷過跟帕蒂一樣的感受， 這些坐在電腦科學課堂中的女性漸漸相信男性在電腦上比她們更優秀，並常常感到強烈的挫敗感。 七十年代，簡在大學畢業後嘗試了高空電工作業，它被認為是男人的工作。但是簡很喜歡，她學會使用工具，在工作中感到自己從未設想過的征服感。這份工作她做了十年，直到決定回歸教育行業，她在哈佛研究生院學習教育，研究性別、種族和教育中的不平等。 自身經歷讓她意識到，學習機會、偏見、榜樣和期待能給我們帶來多大影響。她想，如果它影響了電工工作，在其他領域又怎麼樣？為什麼女孩不學電腦科學？ 男孩的玩具 簡在課堂上感到挫敗的那一年，蘋果公司推出載入史冊的麥金托什個人電腦廣告。也是 這一年，女性程式設計師的數量從巔峰的 37% 開始一路下滑 ，2011 年這個數字是 12%。 「個人電腦」是 80 年代的主題之一。這個詞最初出現在 1962 年《紐約時報》的一篇文章中，此前負責 ENIAC 專案的約翰·麥卡裡預見了未來電腦的樣子，他說，「沒有理由不相信每個男孩，或女孩都能成為個人電腦大師。」 ",
    "time": "2017/06/01 17:07:31",
    "event": "click"
  },
  {
    "category": "1",
    "app": "Facebook",
    "id": "10",
    "context": "然而這些先驅們的工作並為持續下去，此後有志於從事程式設計的女性面臨一個完全不同的挑戰。 數學天才的退學 1984 年，約翰·霍普金斯大學的微型電腦課程中坐了一位女學生，帕蒂·爾單尼亞斯。跟那些從事程式設計的女性前輩一樣，她很擅長數學。從小學到中學，帕蒂的數學老師都覺得她在數學上很有天分，總給她額外作業，並跟其他幾位男生一起補課。高中時她被稱為數學天才，上大學時自然進入電腦科學專業。她對自己很自信，可第一堂課就讓她徹底沒了信心。 在這堂課上，她記得自己提了一個問題，教授對她看一眼，說：你早該知道這個了。她感覺糟透，對自己說，「我永遠不會在這裡表現出眾。」相對地，在她眼裡班上的男孩們簡直跟天才無異，他們永遠都在玩電腦，似乎什麼都知道。 她開始懷疑自己的能力，以至於最終換了專業，曾經的高中數學天才去學了外國語。 帕蒂不是唯一一個放棄電腦專業的女性，卡內基·梅隆大學發現其電腦專業的女學生一半都輟學了。為找出原因，加州洛杉磯大學分校研究員簡·瑪格麗絲（Jane Margolis）在 1992 年採訪和觀察這所學校電腦科學專業的所有學生，並最終發表為《解鎖俱樂部：電腦科學中的女性》一書。（Unlocking the Clubhouse: Women in Computing） 她採訪的很多女學生都經歷過跟帕蒂一樣的感受， 這些坐在電腦科學課堂中的女性漸漸相信男性在電腦上比她們更優秀，並常常感到強烈的挫敗感。 七十年代，簡在大學畢業後嘗試了高空電工作業，它被認為是男人的工作。但是簡很喜歡，她學會使用工具，在工作中感到自己從未設想過的征服感。這份工作她做了十年，直到決定回歸教育行業，她在哈佛研究生院學習教育，研究性別、種族和教育中的不平等。 自身經歷讓她意識到，學習機會、偏見、榜樣和期待能給我們帶來多大影響。她想，如果它影響了電工工作，在其他領域又怎麼樣？為什麼女孩不學電腦科學？ 男孩的玩具 簡在課堂上感到挫敗的那一年，蘋果公司推出載入史冊的麥金托什個人電腦廣告。也是 這一年，女性程式設計師的數量從巔峰的 37% 開始一路下滑 ，2011 年這個數字是 12%。 「個人電腦」是 80 年代的主題之一。這個詞最初出現在 1962 年《紐約時報》的一篇文章中，此前負責 ENIAC 專案的約翰·麥卡裡預見了未來電腦的樣子，他說，「沒有理由不相信每個男孩，或女孩都能成為個人電腦大師。」 ",
    "time": "2017/06/01 17:07:31",
    "event": "click"
  },
  {
    "category": "1",
    "app": "Facebook",
    "id": "11",
    "context": "然而這些先驅們的工作並為持續下去，此後有志於從事程式設計的女性面臨一個完全不同的挑戰。 數學天才的退學 1984 年，約翰·霍普金斯大學的微型電腦課程中坐了一位女學生，帕蒂·爾單尼亞斯。跟那些從事程式設計的女性前輩一樣，她很擅長數學。從小學到中學，帕蒂的數學老師都覺得她在數學上很有天分，總給她額外作業，並跟其他幾位男生一起補課。高中時她被稱為數學天才，上大學時自然進入電腦科學專業。她對自己很自信，可第一堂課就讓她徹底沒了信心。 在這堂課上，她記得自己提了一個問題，教授對她看一眼，說：你早該知道這個了。她感覺糟透，對自己說，「我永遠不會在這裡表現出眾。」相對地，在她眼裡班上的男孩們簡直跟天才無異，他們永遠都在玩電腦，似乎什麼都知道。 她開始懷疑自己的能力，以至於最終換了專業，曾經的高中數學天才去學了外國語。 帕蒂不是唯一一個放棄電腦專業的女性，卡內基·梅隆大學發現其電腦專業的女學生一半都輟學了。為找出原因，加州洛杉磯大學分校研究員簡·瑪格麗絲（Jane Margolis）在 1992 年採訪和觀察這所學校電腦科學專業的所有學生，並最終發表為《解鎖俱樂部：電腦科學中的女性》一書。（Unlocking the Clubhouse: Women in Computing） 她採訪的很多女學生都經歷過跟帕蒂一樣的感受， 這些坐在電腦科學課堂中的女性漸漸相信男性在電腦上比她們更優秀，並常常感到強烈的挫敗感。 七十年代，簡在大學畢業後嘗試了高空電工作業，它被認為是男人的工作。但是簡很喜歡，她學會使用工具，在工作中感到自己從未設想過的征服感。這份工作她做了十年，直到決定回歸教育行業，她在哈佛研究生院學習教育，研究性別、種族和教育中的不平等。 自身經歷讓她意識到，學習機會、偏見、榜樣和期待能給我們帶來多大影響。她想，如果它影響了電工工作，在其他領域又怎麼樣？為什麼女孩不學電腦科學？ 男孩的玩具 簡在課堂上感到挫敗的那一年，蘋果公司推出載入史冊的麥金托什個人電腦廣告。也是 這一年，女性程式設計師的數量從巔峰的 37% 開始一路下滑 ，2011 年這個數字是 12%。 「個人電腦」是 80 年代的主題之一。這個詞最初出現在 1962 年《紐約時報》的一篇文章中，此前負責 ENIAC 專案的約翰·麥卡裡預見了未來電腦的樣子，他說，「沒有理由不相信每個男孩，或女孩都能成為個人電腦大師。」 ",
    "time": "2017/06/01 17:07:31",
    "event": "slide"
  },
  {
    "category": "1",
    "app": "Facebook",
    "id": "12",
    "context": "他的預見很快成為現實。八十年代，除蘋果公司外，Radio Shack 和 Commodore 是最大個人電腦生產商，它們在美國賣出 50 萬台個人電腦。麥卡裡沒想到的是，女孩並未被包括在這個未來裡。 這些早期個人電腦記憶體很小，功能簡單，商家的一大賣點是遊戲，如著名的《太空大戰》（Spacewar!）便誕生於此時。正因此， 它被商家定位為「男孩的玩具」。 在一則八十年代的 Radio Shack 彩色電腦廣告中，清一色男孩從校車上下來，回到家後立馬坐在長得像電視機一樣的個人電腦前，玩遊戲。我看了 很多那個時期的電腦廣告，裡面幾乎都是男孩和男人，只有一位女性出現在這種廣告中，她穿著比基尼跳到游泳池裡。 當電腦進入家庭時，它以玩具的身份。商業廣告以洗腦的頻率一遍又一遍將玩具打上性別烙印： 電腦，男孩的玩具；娃娃，女孩的玩具。 瑪格麗絲採訪的電腦科學專業女學生深受這種性別設定的影響。一位女學生告訴她，每次想用電腦都得問哥哥要鑰匙，因為個 人電腦，「自然地」被放在家中男孩的房間。 當帕蒂覺得班上男生都是電腦天才時，其實只是因為他們從小就接觸電腦。 這種性別傾向不僅出現在廣告中，大眾文化也參與進來。「呆子」的形象開始出現，電影《菜鳥大反攻》（Revenge of the Nerds，1984）、《摩登保姆》（Weird Science，1985）等電影無一例外地塑造了男性電腦呆子形象，跟你今天腦子裡的形象差別不大——戴個眼鏡，不事著裝，在現實生活中內向不受歡迎，在電腦世界裡叱吒風雲。 也是那一年，我們都熟知的科技作者史蒂夫·列維出版了《駭客》一書。這本天真而激昂的著作塑造了新一代電腦英雄，他們剛巧都是白人、男性。與史蒂夫·約伯斯一起創辦蘋果公司的史蒂夫·沃茲尼亞克在這本書裡，除他外列維還寫了其他幾十個人，沒有一名女性。 此時史蒂夫·約伯斯和比爾·蓋茨開始出現在公眾視線中，電腦領域男性主導的時代開始了。 ",
    "time": "2017/06/01 17:07:35",
    "event": "click"
  },
  {
    "category": "1",
    "app": "Facebook",
    "id": "13",
    "context": "他的預見很快成為現實。八十年代，除蘋果公司外，Radio Shack 和 Commodore 是最大個人電腦生產商，它們在美國賣出 50 萬台個人電腦。麥卡裡沒想到的是，女孩並未被包括在這個未來裡。 這些早期個人電腦記憶體很小，功能簡單，商家的一大賣點是遊戲，如著名的《太空大戰》（Spacewar!）便誕生於此時。正因此， 它被商家定位為「男孩的玩具」。 在一則八十年代的 Radio Shack 彩色電腦廣告中，清一色男孩從校車上下來，回到家後立馬坐在長得像電視機一樣的個人電腦前，玩遊戲。我看了 很多那個時期的電腦廣告，裡面幾乎都是男孩和男人，只有一位女性出現在這種廣告中，她穿著比基尼跳到游泳池裡。 當電腦進入家庭時，它以玩具的身份。商業廣告以洗腦的頻率一遍又一遍將玩具打上性別烙印： 電腦，男孩的玩具；娃娃，女孩的玩具。 瑪格麗絲採訪的電腦科學專業女學生深受這種性別設定的影響。一位女學生告訴她，每次想用電腦都得問哥哥要鑰匙，因為個 人電腦，「自然地」被放在家中男孩的房間。 當帕蒂覺得班上男生都是電腦天才時，其實只是因為他們從小就接觸電腦。 這種性別傾向不僅出現在廣告中，大眾文化也參與進來。「呆子」的形象開始出現，電影《菜鳥大反攻》（Revenge of the Nerds，1984）、《摩登保姆》（Weird Science，1985）等電影無一例外地塑造了男性電腦呆子形象，跟你今天腦子裡的形象差別不大——戴個眼鏡，不事著裝，在現實生活中內向不受歡迎，在電腦世界裡叱吒風雲。 也是那一年，我們都熟知的科技作者史蒂夫·列維出版了《駭客》一書。這本天真而激昂的著作塑造了新一代電腦英雄，他們剛巧都是白人、男性。與史蒂夫·約伯斯一起創辦蘋果公司的史蒂夫·沃茲尼亞克在這本書裡，除他外列維還寫了其他幾十個人，沒有一名女性。 此時史蒂夫·約伯斯和比爾·蓋茨開始出現在公眾視線中，電腦領域男性主導的時代開始了。 ",
    "time": "2017/06/01 17:07:35",
    "event": "slide"
  },
  {
    "category": "1",
    "app": "Facebook",
    "id": "14",
    "context": "如簡·瑪格麗絲所總結的四點： 學習機會、偏見、榜樣和期待。 在知道原因後，想要打破電腦科學中的性別怪圈並非不可能。 打破怪圈 沃爾特·以撒森解釋自己為何在《創新者》這本書裡講述了大量女性的故事。「當她們不在歷史敘事中時，你就沒有這些偉大的榜樣，」他在接受採訪時說，「但如果你知道這些女性後……比如我的女兒，她上高中時讀了這些人的故事，成為一個數學和電腦科學極客。」 如簡·瑪格麗絲所總結的四點： 學習機會、偏見、榜樣和期待。 在知道原因後，想要打破電腦科學中的性別怪圈並非不可能。 九十年代與她一起從事那項研究的還有卡內基·梅隆大學教授阿蘭·費舍（Alan Fisher），找出原因後他在電腦科學專業中加入電腦入門課程，讓此前因為種種原因沒有機會接觸電腦的學生能補上那堂課。僅僅五年後的 2000 年，該校電腦科學專業裡 40% 是女性，男女輟學率相差無幾。 世界也不是個人電腦時代了，至少智慧手機和其他智慧終端機沒被打上明顯的性別烙印，從接觸機會這個角度看， 電腦科學中的兩種性別正趨於平等。 更難打破的恐怕是「偏見和期待」，它來自他人，固化為女性自己腦中的一道鐵門。 讓我感到樂觀的是，無論國內外，這方面議題越來越多， 各大科技公司都表示希望提高女性程式設計師比例。 在國內，像科技貓這樣為女性程式設計師服務的組織開始出現。 可以肯定的是，變化正在發生。 延伸閱讀 為什麼女性科學家始終比男生少？微軟研究：女孩 15 歲開始不愛數學 【女力時代】女性創業不孤單， SheMeansBusiness 當妳的靠山 課本裡不會有她們的名字！六位在歷史中被忽略的女性科學家，你認得幾個？ （本文經原作者極客公園授權轉載，並同意 TechOrange 編寫導讀與修訂標題，原文標題為 〈1984：女性是如何一步步停止編程的？〉。首圖來源：Pixabay，CC Licensed） ",
    "time": "2017/06/01 17:07:39",
    "event": "click"
  },
  {
    "category": "1",
    "app": "Facebook",
    "id": "15",
    "context": "如簡·瑪格麗絲所總結的四點： 學習機會、偏見、榜樣和期待。 在知道原因後，想要打破電腦科學中的性別怪圈並非不可能。 打破怪圈 沃爾特·以撒森解釋自己為何在《創新者》這本書裡講述了大量女性的故事。「當她們不在歷史敘事中時，你就沒有這些偉大的榜樣，」他在接受採訪時說，「但如果你知道這些女性後……比如我的女兒，她上高中時讀了這些人的故事，成為一個數學和電腦科學極客。」 如簡·瑪格麗絲所總結的四點： 學習機會、偏見、榜樣和期待。 在知道原因後，想要打破電腦科學中的性別怪圈並非不可能。 九十年代與她一起從事那項研究的還有卡內基·梅隆大學教授阿蘭·費舍（Alan Fisher），找出原因後他在電腦科學專業中加入電腦入門課程，讓此前因為種種原因沒有機會接觸電腦的學生能補上那堂課。僅僅五年後的 2000 年，該校電腦科學專業裡 40% 是女性，男女輟學率相差無幾。 世界也不是個人電腦時代了，至少智慧手機和其他智慧終端機沒被打上明顯的性別烙印，從接觸機會這個角度看， 電腦科學中的兩種性別正趨於平等。 更難打破的恐怕是「偏見和期待」，它來自他人，固化為女性自己腦中的一道鐵門。 讓我感到樂觀的是，無論國內外，這方面議題越來越多， 各大科技公司都表示希望提高女性程式設計師比例。 在國內，像科技貓這樣為女性程式設計師服務的組織開始出現。 可以肯定的是，變化正在發生。 延伸閱讀 為什麼女性科學家始終比男生少？微軟研究：女孩 15 歲開始不愛數學 【女力時代】女性創業不孤單， SheMeansBusiness 當妳的靠山 課本裡不會有她們的名字！六位在歷史中被忽略的女性科學家，你認得幾個？ （本文經原作者極客公園授權轉載，並同意 TechOrange 編寫導讀與修訂標題，原文標題為 〈1984：女性是如何一步步停止編程的？〉。首圖來源：Pixabay，CC Licensed） ",
    "time": "2017/06/01 17:07:39",
    "event": "slide"
  },
  {
    "category": "3",
    "app": "Facebook",
    "id": "16",
    "context": "TechOrange 科技報橘的人氣文章 ",
    "time": "2017/06/01 17:07:41",
    "event": "click"
  },
  {
    "category": "3",
    "app": "Facebook",
    "id": "17",
    "context": "TechOrange 科技報橘的人氣文章 ",
    "time": "2017/06/01 17:07:41",
    "event": "slide"
  },
  {
    "category": "10",
    "app": "Facebook",
    "id": "18",
    "context": "110亿打造智慧城．纳吉：赛城2019年华丽转身 （雪兰莪．赛城31日讯）首相拿督斯里纳吉宣布，总值110亿令吉，",
    "time": "2017/06/01 17:36:06",
    "event": "click"
  },
  {
    "category": "10",
    "app": "Facebook",
    "id": "19",
    "context": "110亿打造智慧城．纳吉：赛城2019年华丽转身 （雪兰莪．赛城31日讯）首相拿督斯里纳吉宣布，总值110亿令吉，提供1Gbps光速宽频网络，并将成为国际外包数据谘询服务公司集中地的“赛城城中城”智慧城，一旦首期工程在2019年建竣落成，不仅是大马首座智慧城，也为成立20年的赛城“华丽转身”，带来全新面貌。 无现金交易 提供1Gbps网络 纳吉说，这座智慧城的精彩之处，包括将会是一座“无现金交易城”，目前只供公司集团使用的1Gbps光速宽频网络也将进一步扩大至住家用户，未来让所有居住在赛城的高科技分子都能享有1Gbps网络。 他说，Cyberview有限公司也将与中国百灵顿集团及北京丰瑞祥资讯公司合作，在未来5年成立区域金融科技枢杻，提供各式简易付费服务，如智慧形银行交易、风险管理及大资讯分析服务等。 “这个金融科技枢杻的总投资客约6000万令吉，并将为赛城提供300个高革新技术的职位，预料在成立5年后将有1000万名用户达致32亿宗交易，交易总额近800亿令吉。” 设赛城未来革新基金 纳吉也是财政部长。他今日为赛城主持落成20周年庆之际，宣布落实以“革新驱动智慧城转型计划”为主题的“赛城城中城”智慧城计划时，也宣布成立总值1亿令吉的“赛城未来革新基金”（CIFF），鼓励本地商家、创业者、甚至是本地或国际中小型企业申请，让他们投入与赛城相关的智慧产权的研发工作。 “我也要很高兴的宣布，赛城将兴建一座医院，就建在赛城的多媒体区域里，一旦落成将联同布城与沙登医院，一并完善了本区域医疗服务，接纳这一带的病患并为他们提供优质医疗服务。” ",
    "time": "2017/06/01 17:36:06",
    "event": "slide"
  },
  {
    "category": "11",
    "app": "Facebook",
    "id": "20",
    "context": "出席者包括城市和谐、房屋及地方政府部长丹斯里诺奥马、财政部副部长拿督奥斯曼阿兹、秘书长丹斯里莫哈末依尔旺、Cyberview有限公司董事经理拿督法立斯雅耶、马资源（MRCB）董事经理丹斯里莫哈末沙林、主席拿督斯里祖丁、高级副总裁士林依克巴等。 “20年前，原本是一片油棕园的赛城，在多媒体超级走廊（MSC）下发展成为大马高科技中心，迄今不仅是世界各资讯工艺公司重要的投资地点，也让大马凭着‘共享服务”成为世界第三大外包公司中心，仅次于中国及印度，60%在大马落户的外包谘询公司，都选择在赛城设立资讯中心。” 成最密集科技专才居住地 “如今，赛城成了逾800家科技公司的中心，其中48家是有MNC地位的公司；赛城居民超过10万人，其中40%是知识分子，是全国最密集的科技专才居住地。” ",
    "time": "2017/06/01 17:36:14",
    "event": "click"
  },
  {
    "category": "11",
    "app": "Facebook",
    "id": "21",
    "context": "出席者包括城市和谐、房屋及地方政府部长丹斯里诺奥马、财政部副部长拿督奥斯曼阿兹、秘书长丹斯里莫哈末依尔旺、Cyberview有限公司董事经理拿督法立斯雅耶、马资源（MRCB）董事经理丹斯里莫哈末沙林、主席拿督斯里祖丁、高级副总裁士林依克巴等。 “20年前，原本是一片油棕园的赛城，在多媒体超级走廊（MSC）下发展成为大马高科技中心，迄今不仅是世界各资讯工艺公司重要的投资地点，也让大马凭着‘共享服务”成为世界第三大外包公司中心，仅次于中国及印度，60%在大马落户的外包谘询公司，都选择在赛城设立资讯中心。” 成最密集科技专才居住地 “如今，赛城成了逾800家科技公司的中心，其中48家是有MNC地位的公司；赛城居民超过10万人，其中40%是知识分子，是全国最密集的科技专才居住地。” ",
    "time": "2017/06/01 17:36:14",
    "event": "slide"
  },
  {
    "category": "3",
    "app": "Facebook",
    "id": "22",
    "context": "马来西亚星洲日报 Malaysia Sin Chew Daily 的人氣文章 ",
    "time": "2017/06/01 17:36:16",
    "event": "slide"
  },
  {
    "category": "8",
    "app": "Facebook",
    "id": "23",
    "context": "是否涉金钱游戏？．首长指示查多福城 ",
    "time": "2017/06/01 17:46:19",
    "event": "click"
  },
  {
    "category": "8",
    "app": "Facebook",
    "id": "24",
    "context": "是否涉金钱游戏？．首长指示查多福城 ",
    "time": "2017/06/01 17:46:19",
    "event": "slide"
  },
  {
    "category": "9",
    "app": "Facebook",
    "id": "25",
    "context": "MBI及MFACE 91银行户头遭冻结‧涉及数额达1.7亿令吉 （布城31日讯）国内贸易丶合作社及消费部及4个政府部门联手的反金字塔行动（Ops Token），一共冻结了MBI及MFACE国际有限公司相关的91个银行户头，涉及数额高达1亿7700万令吉，但当局并未逮捕任何人。 ",
    "time": "2017/06/01 17:46:20",
    "event": "click"
  },
  {
    "category": "9",
    "app": "Facebook",
    "id": "26",
    "context": "MBI及MFACE 91银行户头遭冻结‧涉及数额达1.7亿令吉 （布城31日讯）国内贸易丶合作社及消费部及4个政府部门联手的反金字塔行动（Ops Token），一共冻结了MBI及MFACE国际有限公司相关的91个银行户头，涉及数额高达1亿7700万令吉，但当局并未逮捕任何人。 ",
    "time": "2017/06/01 17:46:20",
    "event": "slide"
  },
  {
    "category": "4",
    "app": "Facebook",
    "id": "27",
    "context": "（马六甲31日讯）吉里望“多福城”（Fortune City）综合旅游度假胜地，昨日高调迎来2万名中国“胜威家人”投资者实地考察，引起州政府关注，甲州首长拿督斯里依德利斯哈伦指示甲历史城市政厅对该项目进行调查，以查明是否有金钱游戏（gaming）性质。 他今日在州行政议会新闻发布会上，针对多福城项目作出上述简短宣布。 根据报道，该项目发展商胜威国际集团子公司威世地产，被指投下28亿令吉发展吉里望填海区30英亩地段。 另外，依德利斯宣布，目前在吉里望一马广场营业的巴士餐厅业者，必须在今年10月31日后搬走，以让路给当地将进行的施工建设。 ",
    "time": "2017/06/01 17:46:21",
    "event": "click"
  },
  {
    "category": "4",
    "app": "Facebook",
    "id": "28",
    "context": "（马六甲31日讯）吉里望“多福城”（Fortune City）综合旅游度假胜地，昨日高调迎来2万名中国“胜威家人”投资者实地考察，引起州政府关注，甲州首长拿督斯里依德利斯哈伦指示甲历史城市政厅对该项目进行调查，以查明是否有金钱游戏（gaming）性质。 他今日在州行政议会新闻发布会上，针对多福城项目作出上述简短宣布。 根据报道，该项目发展商胜威国际集团子公司威世地产，被指投下28亿令吉发展吉里望填海区30英亩地段。 另外，依德利斯宣布，目前在吉里望一马广场营业的巴士餐厅业者，必须在今年10月31日后搬走，以让路给当地将进行的施工建设。 ",
    "time": "2017/06/01 17:46:21",
    "event": "slide"
  },
  {
    "category": "5",
    "app": "Facebook",
    "id": "29",
    "context": "州会动议重整宗教学校 依德利斯披露，将于下月6至8日举行的州议会，将在首日由州政府提呈和辩论一项制度化及重整甲州背诵可兰经学校（Sekolah Tahfiz）动议，以确保州内未注册的私人学校，能遵照首相署伊斯兰发展局（JAKIM）关于背诵可兰经学校的准则。 他坦言，目前有家长倾向把孩子送往背诵可兰经学校的趋势，甲州有超过40所，而且设立有关学校不难，只要有数名相关教师、家长也有意愿，加上适合的地点，便很容易开办学校，州政府已要求地方和社区领袖关注任何新起的背诵可兰经学校。 他表示，将确保所有政府部门机构开设的背诵可兰经学校，须依据伊斯兰发展局规划的准则，而私立的也应如此。 依德利斯透露，州议会在首日的辩论环节，将由3名国阵议员、伊党、行动党和独立议员各一人参与，由他于次日进行总结。 “我也邀请甲州的私立背诵可兰经学校经营者，到州议会了解代议士提呈有关动议。州政府会有这项意愿，并非要阻挠，而是要改进和提升目前的背诵可兰经学校机制和日常管理。” 他也对目前在甲州开始活跃的伊斯兰什叶派和瓦哈比教义深表关注，指示甲州宗教司局进行调查和监督，尤其是从外国来到宣教和进行宗教座谈的宗教司。 7月7开斋节门户开放 依德利斯披露，甲州政府的开斋节门户开放庆典，将于7月7日进行，届时甲州元首敦莫哈末卡里耶谷和州秘书都会出席。 到欧促销甲旅游奏效 依德利斯指示甲州国际贸易、交通及工程复苏事务行政议员拿督林万锋，须在一个月内完成亚航将登陆马六甲峇株安南机场，以展开马六甲—广州和马六甲—雅加达往返航线的报告。 对于英国《每日电讯报》将马六甲列入全球十大最具潮流（trendy）城市的第五名，依德利斯形容，这是欧洲国家对马六甲的认可，他近来发现到有许多欧洲游客涌入甲州观光，证明甲州旅游局和相关机构到欧洲进行旅游促销的努力奏效。 ",
    "time": "2017/06/01 17:46:38",
    "event": "click"
  },
  {
    "category": "5",
    "app": "Facebook",
    "id": "30",
    "context": "州会动议重整宗教学校 依德利斯披露，将于下月6至8日举行的州议会，将在首日由州政府提呈和辩论一项制度化及重整甲州背诵可兰经学校（Sekolah Tahfiz）动议，以确保州内未注册的私人学校，能遵照首相署伊斯兰发展局（JAKIM）关于背诵可兰经学校的准则。 他坦言，目前有家长倾向把孩子送往背诵可兰经学校的趋势，甲州有超过40所，而且设立有关学校不难，只要有数名相关教师、家长也有意愿，加上适合的地点，便很容易开办学校，州政府已要求地方和社区领袖关注任何新起的背诵可兰经学校。 他表示，将确保所有政府部门机构开设的背诵可兰经学校，须依据伊斯兰发展局规划的准则，而私立的也应如此。 依德利斯透露，州议会在首日的辩论环节，将由3名国阵议员、伊党、行动党和独立议员各一人参与，由他于次日进行总结。 “我也邀请甲州的私立背诵可兰经学校经营者，到州议会了解代议士提呈有关动议。州政府会有这项意愿，并非要阻挠，而是要改进和提升目前的背诵可兰经学校机制和日常管理。” 他也对目前在甲州开始活跃的伊斯兰什叶派和瓦哈比教义深表关注，指示甲州宗教司局进行调查和监督，尤其是从外国来到宣教和进行宗教座谈的宗教司。 7月7开斋节门户开放 依德利斯披露，甲州政府的开斋节门户开放庆典，将于7月7日进行，届时甲州元首敦莫哈末卡里耶谷和州秘书都会出席。 到欧促销甲旅游奏效 依德利斯指示甲州国际贸易、交通及工程复苏事务行政议员拿督林万锋，须在一个月内完成亚航将登陆马六甲峇株安南机场，以展开马六甲—广州和马六甲—雅加达往返航线的报告。 对于英国《每日电讯报》将马六甲列入全球十大最具潮流（trendy）城市的第五名，依德利斯形容，这是欧洲国家对马六甲的认可，他近来发现到有许多欧洲游客涌入甲州观光，证明甲州旅游局和相关机构到欧洲进行旅游促销的努力奏效。 ",
    "time": "2017/06/01 17:46:38",
    "event": "slide"
  },
  {
    "category": "6",
    "app": "Facebook",
    "id": "31",
    "context": "社會 司機「肉身阻擋」爆衝校車！慘骨盆碎、陰囊撕裂傷 ▲（圖／東森新聞） 台中豐原高中學生專車在昨日（31日）",
    "time": "2017/06/01 17:50:54",
    "event": "click"
  },
  {
    "category": "6",
    "app": "Facebook",
    "id": "32",
    "context": "社會 司機「肉身阻擋」爆衝校車！慘骨盆碎、陰囊撕裂傷 ▲（圖／東森新聞） 台中豐原高中學生專車在昨日（31日）下午，突然衝撞進校門口對面的豬血湯店，想不到62歲林姓駕駛竟衝向前以「肉身」阻擋，造成骨盆碎裂，陰囊撕裂傷，所幸沒有生命大礙。 ",
    "time": "2017/06/01 17:50:54",
    "event": "slide"
  },
  {
    "category": "7",
    "app": "Facebook",
    "id": "33",
    "context": "生活 ​血水到處流…他在好市多遇「慘況」 發文痛批卻反遭狠酸 （圖／擷取自COSTCO 好市多 消費經驗分享區） ",
    "time": "2017/06/01 17:50:54",
    "event": "click"
  },
  {
    "category": "7",
    "app": "Facebook",
    "id": "34",
    "context": "生活 ​血水到處流…他在好市多遇「慘況」 發文痛批卻反遭狠酸 （圖／擷取自COSTCO 好市多 消費經驗分享區） 美式賣場好市多對許多人來說，是購買商品的好去處。日前賣場宣布，為了配合「限塑政策」，生鮮區不再提供塑膠袋，引發熱烈討論。然而現在有消費者在臉書上貼文表示，包裝沒有提升的狀態下，就不供應塑膠袋，害他買的肉品「血水到處流」，實在有待改進。 ",
    "time": "2017/06/01 17:50:54",
    "event": "slide"
  },
  {
    "category": "6",
    "app": "Facebook",
    "id": "35",
    "context": "社會 司機「肉身阻擋」爆衝校車！慘骨盆碎、陰囊撕裂傷 ▲（圖／東森新聞） 台中豐原高中學生專車在昨日（31日）下午，突然衝撞進校門口對面的豬血湯店，想不到62歲林姓駕駛竟衝向前以「肉身」阻擋，造成骨盆碎裂，陰囊撕裂傷，所幸沒有生命大礙。 ",
    "time": "2017/06/01 17:50:55",
    "event": "click"
  },
  {
    "category": "6",
    "app": "Facebook",
    "id": "36",
    "context": "社會 司機「肉身阻擋」爆衝校車！慘骨盆碎、陰囊撕裂傷 ▲（圖／東森新聞） 台中豐原高中學生專車在昨日（31日）下午，突然衝撞進校門口對面的豬血湯店，想不到62歲林姓駕駛竟衝向前以「肉身」阻擋，造成骨盆碎裂，陰囊撕裂傷，所幸沒有生命大礙。 ",
    "time": "2017/06/01 17:50:55",
    "event": "slide"
  },
  {
    "category": "6",
    "app": "Facebook",
    "id": "37",
    "context": "台中豐原高中學生專車在昨日（31日）下午，突然衝撞進校門口對面的豬血湯店，想不到62歲林姓駕駛竟衝向前以「肉身」阻擋，造成骨盆碎裂，陰囊撕裂傷，所幸沒有生命大礙。 事發在下午約4點半，當時林姓駕駛將校車停在校門口，準備接送下課的學生，自己先下車與其他司機聊天，突然間校車卻不知什麼原因滑動，直直衝向對面的豬血湯店。駕駛林錦崧看見校車移動，情急之下竟衝到校車前以肉身阻擋，但以螳臂擋車之力實在無法讓校車停下，最後被夾在校車與電線桿之間，痛得大喊「救命」。 ",
    "time": "2017/06/01 17:51:04",
    "event": "click"
  },
  {
    "category": "6",
    "app": "Facebook",
    "id": "38",
    "context": "台中豐原高中學生專車在昨日（31日）下午，突然衝撞進校門口對面的豬血湯店，想不到62歲林姓駕駛竟衝向前以「肉身」阻擋，造成骨盆碎裂，陰囊撕裂傷，所幸沒有生命大礙。 事發在下午約4點半，當時林姓駕駛將校車停在校門口，準備接送下課的學生，自己先下車與其他司機聊天，突然間校車卻不知什麼原因滑動，直直衝向對面的豬血湯店。駕駛林錦崧看見校車移動，情急之下竟衝到校車前以肉身阻擋，但以螳臂擋車之力實在無法讓校車停下，最後被夾在校車與電線桿之間，痛得大喊「救命」。 ",
    "time": "2017/06/01 17:51:04",
    "event": "slide"
  },
  {
    "category": "6",
    "app": "Facebook",
    "id": "39",
    "context": "目擊鄰居表示，她先聽到慘叫，接著是撞擊般「砰的一聲」，她嚇得心臟跳超快，出門查看，竟發現校車撞進豬血湯店，「我是怕他的車子會轉向，還好是直直的，還好那邊都沒有人。」所幸豬血湯店當時沒有營業，騎樓的早餐店也只有早上時段開店，當時沒有客人，只有一輛停在店前的黑色小客車遭受波及。學生則尚未下課，因此校車上空無一人，除了林姓駕使外沒有其他人員傷亡。 救護人員獲報到場後，急忙將林姓駕駛送往豐原醫院，醫生檢查後說明，林姓駕駛骨盆骨折，左手和大腿都有擦傷，但意識清楚，目前正接受治療，並無大礙。 豐原交通分隊長許家瑜表示，林姓司機宣稱，他有將手煞車拉好，警方初步研判，有可能是手煞車故障，或是煞車裝置沒有完全拉好，詳細原因尚待調查。",
    "time": "2017/06/01 17:51:18",
    "event": "click"
  },
  {
    "category": "6",
    "app": "Facebook",
    "id": "40",
    "context": "目擊鄰居表示，她先聽到慘叫，接著是撞擊般「砰的一聲」，她嚇得心臟跳超快，出門查看，竟發現校車撞進豬血湯店，「我是怕他的車子會轉向，還好是直直的，還好那邊都沒有人。」所幸豬血湯店當時沒有營業，騎樓的早餐店也只有早上時段開店，當時沒有客人，只有一輛停在店前的黑色小客車遭受波及。學生則尚未下課，因此校車上空無一人，除了林姓駕使外沒有其他人員傷亡。 救護人員獲報到場後，急忙將林姓駕駛送往豐原醫院，醫生檢查後說明，林姓駕駛骨盆骨折，左手和大腿都有擦傷，但意識清楚，目前正接受治療，並無大礙。 豐原交通分隊長許家瑜表示，林姓司機宣稱，他有將手煞車拉好，警方初步研判，有可能是手煞車故障，或是煞車裝置沒有完全拉好，詳細原因尚待調查。",
    "time": "2017/06/01 17:51:18",
    "event": "slide"
  }
]