[
  {
    "category": "1",
    "app": "Line",
    "id": "1",
    "context": "不知道誒 我今天晚上幫你看看好了 只是覺得我好像狗一樣被他丟棄 果然在圈內認識真心的朋友很難吧 你不要難過啦 ",
    "time": "2017/05/23 10:50:53",
    "event": "slide"
  },
  {
    "category": "1",
    "app": "Line",
    "id": "2",
    "context": "是蠻難的 我那時後woo三天 現在只剩一個人回我 ㄎㄎㄎ",
    "time": "2017/05/23 10:50:53",
    "event": "type"
  },
  {
    "category": "13",
    "app": "Line",
    "id": "3",
    "context": "傳送",
    "time": "2017/05/23 10:50:53",
    "event": "click"
  },
  {
    "category": "1",
    "app": "Line",
    "id": "4",
    "context": "不知道誒 我今天晚上幫你看看好了 只是覺得我好像狗一樣被他丟棄 果然在圈內認識真心的朋友很難吧 你不要難過啦 是蠻難的 我那時後woo三天 現在只剩一個人回我 ㄎㄎㄎ",
    "time": "2017/05/23 10:50:53",
    "event": "slide"
  },
  {
    "category": "1",
    "app": "Line",
    "id": "5",
    "context": "不知道誒 我今天晚上幫你看看好了 只是覺得我好像狗一樣被他丟棄 果然在圈內認識真心的朋友很難吧 你不要難過啦 是蠻難的 我那時後woo三天 現在只剩一個人回我 ㄎㄎㄎ 什麼三天呢？",
    "time": "2017/05/23 10:50:53",
    "event": "slide"
  },
  {
    "category": "1",
    "app": "Line",
    "id": "6",
    "context": "我寒假很閒 ㄎㄎㄎ 然後我有三天就有woo人啊",
    "time": "2017/05/23 10:50:53",
    "event": "type"
  },
  {
    "category": "13",
    "app": "Line",
    "id": "7",
    "context": "傳送",
    "time": "2017/05/23 10:50:53",
    "event": "click"
  },
  {
    "category": "1",
    "app": "Line",
    "id": "8",
    "context": "不知道誒 我今天晚上幫你看看好了 只是覺得我好像狗一樣被他丟棄 果然在圈內認識真心的朋友很難吧 你不要難過啦 是蠻難的 我那時後woo三天 現在只剩一個人回我 ㄎㄎㄎ 什麼三天呢？ 我寒假很閒 ㄎㄎㄎ 然後我有三天就有woo人啊",
    "time": "2017/05/23 10:50:53",
    "event": "slide"
  },
  {
    "category": "2",
    "app": "Line",
    "id": "9",
    "context": "今天梅克 你這幾學分呢？ 18 太多了吧 你好強 黑阿 就想說碩一先把克修完 不過真的很多 你們有畢業幾學分 你什麼所的呢",
    "time": "2017/05/23 10:51:09",
    "event": "slide"
  },
  {
    "category": "2",
    "app": "Line",
    "id": "10",
    "context": "24",
    "time": "2017/05/23 10:51:09",
    "event": "type"
  },
  {
    "category": "13",
    "app": "Line",
    "id": "11",
    "context": "傳送",
    "time": "2017/05/23 10:51:09",
    "event": "click"
  },
  {
    "category": "2",
    "app": "Line",
    "id": "12",
    "context": "今天梅克 你這幾學分呢？ 18 太多了吧 你好強 黑阿 就想說碩一先把克修完 不過真的很多 你們有畢業幾學分 你什麼所的呢 24",
    "time": "2017/05/23 10:51:09",
    "event": "slide"
  },
  {
    "category": "2",
    "app": "Line",
    "id": "13",
    "context": "我是工工",
    "time": "2017/05/23 10:51:09",
    "event": "type"
  },
  {
    "category": "13",
    "app": "Line",
    "id": "14",
    "context": "傳送",
    "time": "2017/05/23 10:51:09",
    "event": "click"
  },
  {
    "category": "2",
    "app": "Line",
    "id": "15",
    "context": "今天梅克 你這幾學分呢？ 18 太多了吧 你好強 黑阿 就想說碩一先把克修完 不過真的很多 你們有畢業幾學分 你什麼所的呢 24 我是工工",
    "time": "2017/05/23 10:51:09",
    "event": "slide"
  },
  {
    "category": "3",
    "app": "JPTT",
    "id": "16",
    "context": "[一般] 台中/6/9~6/12/台中旅展工讀生 本人同意並願意遵守現行法律、本站使用者條款、本站各級規定、本板所有規範， 本人願意為本文內容負責，並保証本文內容皆詳盡屬實，若違反相關規範，願受處分。 本文僅授權發表於PTT實業坊，未經同意不得轉載至其它網站，本人保留一切訴訟權。 ★《工作期間》 工作日期：6/9~6/12 排班方式：全天 每日工作時間：10：00~18：00 每日休息時間︰30分鐘 休息有無計薪供餐：否 ★《工作待遇》 (法定最低工資為每小時新台幣133元，日薪、按件計酬換算時薪不得低於上開標準) 　平常日工資：133/H 國定假日工資：(應為上開約定之2倍以上並補休，未填者視為依法規定) 延長工時工資：(前2小時應為上開約定之1.33倍、後2小時1.66倍，未填者視為依法規定) 勞健保、勞退︰依法規定投保、提撥(不得刪除或變更此項) 工資發放日：6/12工作結束後現領 ★《工作內容》 工作地點︰台中烏日展覽館 勞務內容︰澎湖離島行程解說銷售 ★《事業登記資料》 單位名稱：好美國際旅行社 單位地址：台中市博館路117號9樓之2 ★《聯絡資訊》 聯絡人姓氏稱謂︰李先生 Email︰lico571338@yahoo.com.tw(來信履歷請附上清晰的全身或半身照) Line:jpv588 電話︰0985080990 是否回覆報名者：只回錄取者 ◎《其他資訊》 需求人數：4名 通知方式：電話通知 面試時間：電話面試 受訓時間：6/8(15:30)須參加職訓，約一小時 截止時間：6/5 00：00 P.S代po文請勿站內信，任何問題請直接電話詢問",
    "time": "2017/05/23 10:54:46",
    "event": "click"
  },
  {
    "category": "3",
    "app": "JPTT",
    "id": "17",
    "context": "[一般] 台中/6/9~6/12/台中旅展工讀生 本人同意並願意遵守現行法律、本站使用者條款、本站各級規定、本板所有規範， 本人願意為本文內容負責，並保証本文內容皆詳盡屬實，若違反相關規範，願受處分。 本文僅授權發表於PTT實業坊，未經同意不得轉載至其它網站，本人保留一切訴訟權。 ★《工作期間》 工作日期：6/9~6/12 排班方式：全天 每日工作時間：10：00~18：00 每日休息時間︰30分鐘 休息有無計薪供餐：否 ★《工作待遇》 (法定最低工資為每小時新台幣133元，日薪、按件計酬換算時薪不得低於上開標準) 　平常日工資：133/H 國定假日工資：(應為上開約定之2倍以上並補休，未填者視為依法規定) 延長工時工資：(前2小時應為上開約定之1.33倍、後2小時1.66倍，未填者視為依法規定) 勞健保、勞退︰依法規定投保、提撥(不得刪除或變更此項) 工資發放日：6/12工作結束後現領 ★《工作內容》 工作地點︰台中烏日展覽館 勞務內容︰澎湖離島行程解說銷售 ★《事業登記資料》 單位名稱：好美國際旅行社 單位地址：台中市博館路117號9樓之2 ★《聯絡資訊》 聯絡人姓氏稱謂︰李先生 Email︰lico571338@yahoo.com.tw(來信履歷請附上清晰的全身或半身照) Line:jpv588 電話︰0985080990 是否回覆報名者：只回錄取者 ◎《其他資訊》 需求人數：4名 通知方式：電話通知 面試時間：電話面試 受訓時間：6/8(15:30)須參加職訓，約一小時 截止時間：6/5 00：00 P.S代po文請勿站內信，任何問題請直接電話詢問",
    "time": "2017/05/23 10:54:46",
    "event": "slide"
  },
  {
    "category": "3",
    "app": "Line",
    "id": "18",
    "context": "[台中/一般] 發DM及文書工讀生 本人同意並願意遵守現行法律、本站使用者條款、本站各級規定、本板所有規範， 本人願意為本文內容負責，並保証本文內容皆詳盡屬實，若違反相關規範，願受處分。 本文僅授權發表於PTT實業坊，未經同意不得轉載至其它網站，本人保留一切訴訟權。 工作日期：5/23(二) am9:00~10:30 PM3:30~5:30 PM6:30~8:00 5/24(三) am9:00~10:30 PM12:00~1:30 PM6:30~8:00 5/25(四) am9:00~10:30 PM3:30~5:30 PM6:30~8:00 5/26(五) am9:00~10:30 PM3:30~5:30 PM6:30~8:00 排班方式： 每日工作時間： 每日休息時間︰ 休息有無計薪供餐：NO 　平常日工資：133 國定假日工資： 延長工時工資： 勞健保、勞退︰依法規定投保、提撥 工資發放日：最後上班日結算領現 工作地點︰西屯區各國中小 勞務內容︰發傳單/包裝傳單 單位名稱 紘睿文理補習班 單位地址：府教社字第123632號 聯絡人姓氏稱謂︰陳老師 聯絡方式︰站內信、或撥04-27088090 是否回覆報名者：只回錄取者 需求人數：每時段2人 通知方式：電話聯繫+站內信回應 面試時間：依雙方可以時間 受訓時間：無 截止時間：5/26止 備註: 1.來信請附上履歷 2.因為需要移動，所以有交通工具為優先 3.須面對人群或電訪，所以請應徵者留意是否能勝任。",
    "time": "2017/05/23 10:55:07",
    "event": "click"
  },
  {
    "category": "3",
    "app": "Line",
    "id": "19",
    "context": "[台中/一般] 發DM及文書工讀生 本人同意並願意遵守現行法律、本站使用者條款、本站各級規定、本板所有規範， 本人願意為本文內容負責，並保証本文內容皆詳盡屬實，若違反相關規範，願受處分。 本文僅授權發表於PTT實業坊，未經同意不得轉載至其它網站，本人保留一切訴訟權。 工作日期：5/23(二) am9:00~10:30 PM3:30~5:30 PM6:30~8:00 5/24(三) am9:00~10:30 PM12:00~1:30 PM6:30~8:00 5/25(四) am9:00~10:30 PM3:30~5:30 PM6:30~8:00 5/26(五) am9:00~10:30 PM3:30~5:30 PM6:30~8:00 排班方式： 每日工作時間： 每日休息時間︰ 休息有無計薪供餐：NO 　平常日工資：133 國定假日工資： 延長工時工資： 勞健保、勞退︰依法規定投保、提撥 工資發放日：最後上班日結算領現 工作地點︰西屯區各國中小 勞務內容︰發傳單/包裝傳單 單位名稱 紘睿文理補習班 單位地址：府教社字第123632號 聯絡人姓氏稱謂︰陳老師 聯絡方式︰站內信、或撥04-27088090 是否回覆報名者：只回錄取者 需求人數：每時段2人 通知方式：電話聯繫+站內信回應 面試時間：依雙方可以時間 受訓時間：無 截止時間：5/26止 備註: 1.來信請附上履歷 2.因為需要移動，所以有交通工具為優先 3.須面對人群或電訪，所以請應徵者留意是否能勝任。",
    "time": "2017/05/23 10:55:07",
    "event": "slide"
  },
  {
    "category": "1",
    "app": "Line",
    "id": "20",
    "context": "不知道誒 我今天晚上幫你看看好了 只是覺得我好像狗一樣被他丟棄 果然在圈內認識真心的朋友很難吧 你不要難過啦 是蠻難的 我那時後woo三天 現在只剩一個人回我 ㄎㄎㄎ 什麼三天呢？ 我寒假很閒 ㄎㄎㄎ 然後我有三天就有woo人啊 有認識到誰呢",
    "time": "2017/05/23 10:56:07",
    "event": "slide"
  },
  {
    "category": "1",
    "app": "Line",
    "id": "21",
    "context": "15-22歲都有認識啊",
    "time": "2017/05/23 10:56:07",
    "event": "type"
  },
  {
    "category": "13",
    "app": "Line",
    "id": "22",
    "context": "傳送",
    "time": "2017/05/23 10:56:07",
    "event": "click"
  },
  {
    "category": "1",
    "app": "Line",
    "id": "23",
    "context": "不知道誒 我今天晚上幫你看看好了 只是覺得我好像狗一樣被他丟棄 果然在圈內認識真心的朋友很難吧 你不要難過啦 是蠻難的 我那時後woo三天 現在只剩一個人回我 ㄎㄎㄎ 什麼三天呢？ 我寒假很閒 ㄎㄎㄎ 然後我有三天就有woo人啊 有認識到誰呢  15-22歲都有認識啊",
    "time": "2017/05/23 10:56:07",
    "event": "slide"
  },
  {
    "category": "4",
    "app": "Facebook",
    "id": "24",
    "context": "站起來！一天站3小時，一年抵過10趟馬拉松｜天下雜誌部落格｜2017-05-22｜天下部落格｜天下雜誌",
    "time": "2017/05/23 10:58:39",
    "event": "click"
  },
  {
    "category": "4",
    "app": "Facebook",
    "id": "25",
    "context": "站起來！一天站3小時，一年抵過10趟馬拉松｜天下雜誌部落格｜2017-05-22｜天下部落格｜天下雜誌",
    "time": "2017/05/23 10:58:39",
    "event": "slide"
  },
  {
    "category": "2",
    "app": "Line",
    "id": "26",
    "context": "今天梅克 你這幾學分呢？ 18 太多了吧 你好強 黑阿 就想說碩一先把克修完 不過真的很多 你們有畢業幾學分 你什麼所的呢 24 我是工工 酷",
    "time": "2017/05/23 11:10:54",
    "event": "slide"
  },
  {
    "category": "1",
    "app": "Line",
    "id": "27",
    "context": "不知道誒 我今天晚上幫你看看好了 只是覺得我好像狗一樣被他丟棄 果然在圈內認識真心的朋友很難吧 你不要難過啦 是蠻難的 我那時後woo三天 現在只剩一個人回我 ㄎㄎㄎ 什麼三天呢？ 我寒假很閒 ㄎㄎㄎ 然後我有三天就有woo人啊 有認識到誰呢  15-22歲都有認識啊 哈哈！都不介紹我認識",
    "time": "2017/05/23 11:11:04",
    "event": "slide"
  },
  {
    "category": "1",
    "app": "Line",
    "id": "28",
    "context": "可是他也不在台中 哈哈哈哈",
    "time": "2017/05/23 11:11:04",
    "event": "type"
  },
  {
    "category": "13",
    "app": "Line",
    "id": "29",
    "context": "傳送",
    "time": "2017/05/23 11:11:04",
    "event": "click"
  },
  {
    "category": "1",
    "app": "Line",
    "id": "30",
    "context": "不知道誒 我今天晚上幫你看看好了 只是覺得我好像狗一樣被他丟棄 果然在圈內認識真心的朋友很難吧 你不要難過啦 是蠻難的 我那時後woo三天 現在只剩一個人回我 ㄎㄎㄎ 什麼三天呢？ 我寒假很閒 ㄎㄎㄎ 然後我有三天就有woo人啊 有認識到誰呢  15-22歲都有認識啊 哈哈！都不介紹我認識 可是他也不在台中 哈哈哈哈",
    "time": "2017/05/23 11:11:04",
    "event": "slide"
  },
  {
    "category": "1",
    "app": "Line",
    "id": "31",
    "context": "而且在台北念書 哈哈哈",
    "time": "2017/05/23 11:11:04",
    "event": "type"
  },
  {
    "category": "13",
    "app": "Line",
    "id": "32",
    "context": "傳送",
    "time": "2017/05/23 11:11:04",
    "event": "click"
  },
  {
    "category": "1",
    "app": "Line",
    "id": "33",
    "context": "不知道誒 我今天晚上幫你看看好了 只是覺得我好像狗一樣被他丟棄 果然在圈內認識真心的朋友很難吧 你不要難過啦 是蠻難的 我那時後woo三天 現在只剩一個人回我 ㄎㄎㄎ 什麼三天呢？ 我寒假很閒 ㄎㄎㄎ 然後我有三天就有woo人啊 有認識到誰呢  15-22歲都有認識啊 哈哈！都不介紹我認識  可是他也不在台中 哈哈哈哈 而且在台北念書 哈哈哈",
    "time": "2017/05/23 11:11:04",
    "event": "slide"
  },
  {
    "category": "5",
    "app": "Line",
    "id": "34",
    "context": "沒事 早安 我睡過頭了 誰叫你那麼晚睡",
    "time": "2017/05/23 11:11:18",
    "event": "slide"
  },
  {
    "category": "5",
    "app": "Line",
    "id": "35",
    "context": "宿醉",
    "time": "2017/05/23 11:11:18",
    "event": "type"
  },
  {
    "category": "13",
    "app": "Line",
    "id": "36",
    "context": "傳送",
    "time": "2017/05/23 11:11:18",
    "event": "click"
  },
  {
    "category": "5",
    "app": "Line",
    "id": "37",
    "context": "沒事 早安 我睡過頭了 誰叫你那麼晚睡 宿醉",
    "time": "2017/05/23 11:11:18",
    "event": "slide"
  },
  {
    "category": "6",
    "app": "JPTT",
    "id": "38",
    "context": "[其他] 想考600分 有推薦的書嗎..今年24 求學期天高中及大學都讀夜間部 沒有要求英文畢業門檻，所以完全沒讀英文 我估計我只有國中英文程度 文法不行  尤其選磁性  單字後面ly tion 啥的都不懂  4/23裸考   L180   R90  =270  Q_Q 因為工作考試需求  想要考到600 想要認真準備.....不想要浪費報名費 有推薦的用書嗎  我買過NEW TOEIC TEST金色證書字彙 裡面的單字沒幾個看懂的   單字看這本行嗎 還是有推薦其他好的用書嗎?..文法 字彙  閱讀的書  這樣子有救嗎..",
    "time": "2017/05/23 11:11:38",
    "event": "click"
  },
  {
    "category": "6",
    "app": "JPTT",
    "id": "39",
    "context": "[其他] 想考600分 有推薦的書嗎..今年24 求學期天高中及大學都讀夜間部 沒有要求英文畢業門檻，所以完全沒讀英文 我估計我只有國中英文程度 文法不行  尤其選磁性  單字後面ly tion 啥的都不懂  4/23裸考   L180   R90  =270  Q_Q 因為工作考試需求  想要考到600 想要認真準備.....不想要浪費報名費 有推薦的用書嗎  我買過NEW TOEIC TEST金色證書字彙 裡面的單字沒幾個看懂的   單字看這本行嗎 還是有推薦其他好的用書嗎?..文法 字彙  閱讀的書  這樣子有救嗎..",
    "time": "2017/05/23 11:11:38",
    "event": "slide"
  },
  {
    "category": "6",
    "app": "JPTT",
    "id": "40",
    "context": "[心得] 一些不常見的考試小技巧分享 小弟今天考完多益 非常感謝之前在板上爬文和發文，很多前輩給的資訊 讓我今天考試滿順遂的 雖然小弟實力無法跟板上的多益高手比較 不過今天考完試，有幾個感覺之前在板上比較少看見的技巧，想分享給版友一下： 1.考前別多喝水 多益考試時間雖然表訂120分鐘 但實際上加上先前填一些基本資料、問卷、提早入場的時間 關在考場的時間實際上差不多是150分鐘 所以建議考前千萬不要多喝水， 我自己是大概2-3小時就不太喝水了 2.女生最好提早到考場 跟前一個有關 因為今天我的考場在師大 女生廁所考前都排的滿滿的 如果考前女生有上廁所需求的，最好提早一點到場 3.帶外套 今天考場有開冷氣 如果有對溫度比較敏感的考生，多準備一件外套有益無害 而且如果冷，也比較容易利尿想上廁所 4.準備兩種2B筆 http://www.we888.com.tw/img/Product/GC049-(1)-(M)(4).jpg 我第一種是準備上面這種，因為比較粗，答題劃卡感覺比較好用 但我還有準備一支裝2B筆芯的自動鉛筆，這次也派上用場 因為考前其實要寫一段宣示性的文字，大概有20-30字吧 如果用比較粗的2B筆，實在是有點難寫 但我用自動鉛筆寫起來就很順 (因為我平常就有用自動鉛筆的習慣) 雖然這是個小問題，但我想很多版友如果第一次考試容易緊張 一開始又碰到這個小障礙恐怕更擾亂心神 因此建議可準備2種2B筆備用 5.測試音量時，有問題就講 在開始聽力測驗前，考官會測試播音器的音量，看試場是否都能聽清楚 這時如果覺得過大或過小聲，可以跟考官反應 千萬不要覺得不好意思，就不講 考試費這麼貴，該有的權益就要爭取 6.關於閱讀測驗的答題順序 之前看板上的心得，大多建議part5+6，答題時間20-25分鐘，part7就50-55分鐘 至於順序，有人建議說可以先把par7寫完，再來寫part5+part6 理由是part7有看就有分數，另外剛考完聽力，頭昏腦脹，先寫part7比較容易 我不能說這是否適合每個人 我分享我的經驗 我之前寫「全新！NEW TOEIC新多益閱讀題庫大全」模擬考試題時 第1次我就採用先寫part7的方式，但最後沒有有寫完...最後par6剩下大概10題左右 但我感覺滿不爽的 因為事實上part5+6寫的速度很快，如果我先寫part5+6，最後part7可能只會剩下5題吧 所以第2次模擬考，我就照原本的順序part5-6-7這樣寫 但最後part7還是剩下10題 XD 不過我感覺就順很多了 因為留著比較簡單的part5、6不寫，先去衝很耗時part7，感覺真的寫得很慌 而且剛考完聽力，先寫part5、6，斬菜切瓜，不僅有休息到，同時也恢復信心 最後慢慢在part7跟他耗 所以今天考試我也是這樣做 運氣不錯，果然在考前順順的寫完，最後大概還能剩1-2分鐘 (不過聽說這次閱讀比較簡單就是了XD) 以上是我的心得，給大家參考，我覺得沒有一定要先從哪個part做起， 所以建議模擬考時，要測試自己怎樣的順序才會順 不過part5+6的時間還是要控制，我想最多不要超過30分鐘 (今天考試我大概就30分鐘) 7.不要浮躁 其實我之前在家寫「全新！NEW TOEIC新多益閱讀(聽力)題庫大全」模擬考時 從來沒辦法一次寫完 聽力聽到一個part完，就要去喝個水休息一下 主要原因就在於感覺後面還一堆題目，心情真的很煩很燥 尤其是在part3、4時，因為會聽不懂，感覺更差 但實際上，就我的感覺，正式考試時，其實還好，不用這麼煩躁 以我的狀況 困難高峰在part3+4 到了part5+6就感覺寫得很爽 到part7，因為已經最後快解脫了，所以心態反而有點像看解謎書一樣 看題目找答案，最後寫完其實不會真的虛脫感 (不過這次聽說閱讀比較簡單就是了XD) 所以我的重點是，正式考試的心態上， 到了part3、4，千萬不要煩躁，要想過了這段就倒吃甘蔗了 這樣感覺就會比較好，不然心情一煩躁，變更聽不懂，更糟糕！ 以上一些心得，之前好像在板上比較少見(或許也可能是我爬文不夠多XD) 給大家參考",
    "time": "2017/05/23 11:15:37",
    "event": "click"
  },
  {
    "category": "6",
    "app": "JPTT",
    "id": "41",
    "context": "[心得] 一些不常見的考試小技巧分享 小弟今天考完多益 非常感謝之前在板上爬文和發文，很多前輩給的資訊 讓我今天考試滿順遂的 雖然小弟實力無法跟板上的多益高手比較 不過今天考完試，有幾個感覺之前在板上比較少看見的技巧，想分享給版友一下： 1.考前別多喝水 多益考試時間雖然表訂120分鐘 但實際上加上先前填一些基本資料、問卷、提早入場的時間 關在考場的時間實際上差不多是150分鐘 所以建議考前千萬不要多喝水， 我自己是大概2-3小時就不太喝水了 2.女生最好提早到考場 跟前一個有關 因為今天我的考場在師大 女生廁所考前都排的滿滿的 如果考前女生有上廁所需求的，最好提早一點到場 3.帶外套 今天考場有開冷氣 如果有對溫度比較敏感的考生，多準備一件外套有益無害 而且如果冷，也比較容易利尿想上廁所 4.準備兩種2B筆 http://www.we888.com.tw/img/Product/GC049-(1)-(M)(4).jpg 我第一種是準備上面這種，因為比較粗，答題劃卡感覺比較好用 但我還有準備一支裝2B筆芯的自動鉛筆，這次也派上用場 因為考前其實要寫一段宣示性的文字，大概有20-30字吧 如果用比較粗的2B筆，實在是有點難寫 但我用自動鉛筆寫起來就很順 (因為我平常就有用自動鉛筆的習慣) 雖然這是個小問題，但我想很多版友如果第一次考試容易緊張 一開始又碰到這個小障礙恐怕更擾亂心神 因此建議可準備2種2B筆備用 5.測試音量時，有問題就講 在開始聽力測驗前，考官會測試播音器的音量，看試場是否都能聽清楚 這時如果覺得過大或過小聲，可以跟考官反應 千萬不要覺得不好意思，就不講 考試費這麼貴，該有的權益就要爭取 6.關於閱讀測驗的答題順序 之前看板上的心得，大多建議part5+6，答題時間20-25分鐘，part7就50-55分鐘 至於順序，有人建議說可以先把par7寫完，再來寫part5+part6 理由是part7有看就有分數，另外剛考完聽力，頭昏腦脹，先寫part7比較容易 我不能說這是否適合每個人 我分享我的經驗 我之前寫「全新！NEW TOEIC新多益閱讀題庫大全」模擬考試題時 第1次我就採用先寫part7的方式，但最後沒有有寫完...最後par6剩下大概10題左右 但我感覺滿不爽的 因為事實上part5+6寫的速度很快，如果我先寫part5+6，最後part7可能只會剩下5題吧 所以第2次模擬考，我就照原本的順序part5-6-7這樣寫 但最後part7還是剩下10題 XD 不過我感覺就順很多了 因為留著比較簡單的part5、6不寫，先去衝很耗時part7，感覺真的寫得很慌 而且剛考完聽力，先寫part5、6，斬菜切瓜，不僅有休息到，同時也恢復信心 最後慢慢在part7跟他耗 所以今天考試我也是這樣做 運氣不錯，果然在考前順順的寫完，最後大概還能剩1-2分鐘 (不過聽說這次閱讀比較簡單就是了XD) 以上是我的心得，給大家參考，我覺得沒有一定要先從哪個part做起， 所以建議模擬考時，要測試自己怎樣的順序才會順 不過part5+6的時間還是要控制，我想最多不要超過30分鐘 (今天考試我大概就30分鐘) 7.不要浮躁 其實我之前在家寫「全新！NEW TOEIC新多益閱讀(聽力)題庫大全」模擬考時 從來沒辦法一次寫完 聽力聽到一個part完，就要去喝個水休息一下 主要原因就在於感覺後面還一堆題目，心情真的很煩很燥 尤其是在part3、4時，因為會聽不懂，感覺更差 但實際上，就我的感覺，正式考試時，其實還好，不用這麼煩躁 以我的狀況 困難高峰在part3+4 到了part5+6就感覺寫得很爽 到part7，因為已經最後快解脫了，所以心態反而有點像看解謎書一樣 看題目找答案，最後寫完其實不會真的虛脫感 (不過這次聽說閱讀比較簡單就是了XD) 所以我的重點是，正式考試的心態上， 到了part3、4，千萬不要煩躁，要想過了這段就倒吃甘蔗了 這樣感覺就會比較好，不然心情一煩躁，變更聽不懂，更糟糕！ 以上一些心得，之前好像在板上比較少見(或許也可能是我爬文不夠多XD) 給大家參考",
    "time": "2017/05/23 11:15:37",
    "event": "slide"
  },
  {
    "category": "6",
    "app": "JPTT",
    "id": "42",
    "context": "[討論] 依目前的實力題本推薦?  英文程度是學測15級 英聽A (2年多前的事情了) 目前想靠刷個5回去考 請問有哪本書比較推薦嗎? 查到版上推薦書單有怪物講師,但怪物講師系列有很多書 不知道是不是指題本 查了一下怪物講師5回+詳解版,看到博客來底下的評論有說太難 而且有點偏 實際多益不會那麼難,是真的嗎? 各位不知道有沒有比較推薦平易近人的題本,我的目標850而已 謝謝了 -- 你好啊~! 布魯ㄍㄨㄥˊ 阿ㄎㄧㄚˋ 猴鳥~ 猴鳥龍 髂屋 尿~ 鬥!",
    "time": "2017/05/23 11:17:26",
    "event": "click"
  },
  {
    "category": "6",
    "app": "JPTT",
    "id": "43",
    "context": "[討論] 依目前的實力題本推薦?  英文程度是學測15級 英聽A (2年多前的事情了) 目前想靠刷個5回去考 請問有哪本書比較推薦嗎? 查到版上推薦書單有怪物講師,但怪物講師系列有很多書 不知道是不是指題本 查了一下怪物講師5回+詳解版,看到博客來底下的評論有說太難 而且有點偏 實際多益不會那麼難,是真的嗎? 各位不知道有沒有比較推薦平易近人的題本,我的目標850而已 謝謝了 -- 你好啊~! 布魯ㄍㄨㄥˊ 阿ㄎㄧㄚˋ 猴鳥~ 猴鳥龍 髂屋 尿~ 鬥!",
    "time": "2017/05/23 11:17:26",
    "event": "slide"
  },
  {
    "category": "6",
    "app": "JPTT",
    "id": "44",
    "context": "[其他] 贈書 國學 聽力與閱讀題庫解析 感謝從本版獲益良多， 考到金色證書^_^ 贈書希望書本繼續被好好使用。 1.國際學村 新多益聽力題庫解析 2013年 4月9刷（含CD) 2.國際學村 新多益閱讀題庫解析 2013年 6月9刷 書況蠻新，幾乎無劃記， 雖然是2013年的，但今年用來準備考試完全沒問題， 全家店到店運費60元我出（希望獲贈者真的有需要再索取）， 站內信接洽（推文不算喔），感謝！",
    "time": "2017/05/23 11:18:03",
    "event": "click"
  },
  {
    "category": "6",
    "app": "JPTT",
    "id": "45",
    "context": "[其他] 贈書 國學 聽力與閱讀題庫解析 感謝從本版獲益良多， 考到金色證書^_^ 贈書希望書本繼續被好好使用。 1.國際學村 新多益聽力題庫解析 2013年 4月9刷（含CD) 2.國際學村 新多益閱讀題庫解析 2013年 6月9刷 書況蠻新，幾乎無劃記， 雖然是2013年的，但今年用來準備考試完全沒問題， 全家店到店運費60元我出（希望獲贈者真的有需要再索取）， 站內信接洽（推文不算喔），感謝！",
    "time": "2017/05/23 11:18:03",
    "event": "slide"
  },
  {
    "category": "6",
    "app": "JPTT",
    "id": "46",
    "context": "售全新寂天模考2000題 出售全新「挑戰新多益寂天聽力閱讀滿分2」 因為不再報考多益，最近整理書櫃發現可以把它換成黃金，決定出售哈哈哈！ 保證全新！沒動過！有興趣可私 $800 台南可面交唷！",
    "time": "2017/05/23 11:18:43",
    "event": "click"
  },
  {
    "category": "6",
    "app": "JPTT",
    "id": "47",
    "context": "售全新寂天模考2000題 出售全新「挑戰新多益寂天聽力閱讀滿分2」 因為不再報考多益，最近整理書櫃發現可以把它換成黃金，決定出售哈哈哈！ 保證全新！沒動過！有興趣可私 $800 台南可面交唷！",
    "time": "2017/05/23 11:18:43",
    "event": "slide"
  },
  {
    "category": "6",
    "app": "JPTT",
    "id": "48",
    "context": "[題目] 怪物講師 新多益第五回 123題 有關詞性 A  team of 165 is in charge of the grounds _______ around and in the professio 完全不知道空格該填什麼詞性 T T 題目： (D) maintains (B) maintenance 書名： 怪物講師 新多益 黑黃封面 疑問： (A) maintaining 答案為 B nal baseball field. 頁數： 208 [題目] 怪物講師 新多益第五回 123題 有關詞性 (C) maintained",
    "time": "2017/05/23 11:19:09",
    "event": "click"
  },
  {
    "category": "6",
    "app": "JPTT",
    "id": "49",
    "context": "[題目] 怪物講師 新多益第五回 123題 有關詞性 A  team of 165 is in charge of the grounds _______ around and in the professio 完全不知道空格該填什麼詞性 T T 題目： (D) maintains (B) maintenance 書名： 怪物講師 新多益 黑黃封面 疑問： (A) maintaining 答案為 B nal baseball field. 頁數： 208 [題目] 怪物講師 新多益第五回 123題 有關詞性 (C) maintained",
    "time": "2017/05/23 11:19:09",
    "event": "slide"
  },
  {
    "category": "6",
    "app": "JPTT",
    "id": "50",
    "context": "[其他] 文法書  不好意思 想請教一下 小弟是在外商公司，客戶都是外國人。 一直都沒考多益 想說上班面試 工作 講很流利就好 但最近發現有時候打字很流水帳，雖然相比下很多外國人打的糟糕。 不知道有沒有推薦的文法書 內容不重覆的又對多益有幫助，也希望不要太淺。以前求學 的文法書真的是一直重覆 感覺蠻浪費時間的。 謝謝。",
    "time": "2017/05/23 11:19:14",
    "event": "click"
  },
  {
    "category": "6",
    "app": "JPTT",
    "id": "51",
    "context": "[其他] 文法書  不好意思 想請教一下 小弟是在外商公司，客戶都是外國人。 一直都沒考多益 想說上班面試 工作 講很流利就好 但最近發現有時候打字很流水帳，雖然相比下很多外國人打的糟糕。 不知道有沒有推薦的文法書 內容不重覆的又對多益有幫助，也希望不要太淺。以前求學 的文法書真的是一直重覆 感覺蠻浪費時間的。 謝謝。",
    "time": "2017/05/23 11:19:14",
    "event": "slide"
  },
  {
    "category": "6",
    "app": "JPTT",
    "id": "52",
    "context": "[討論] 國際學村閱讀書籍選擇 哈囉各位前輩好 我知道書單這種東西見仁見智 但實在考到沒信心了所以想說換新的書寫寫看 查了板上說的國際學村書有2014和2016的 想請問寫過的前輩們哪個版本的閱讀好呢? 拜託大家給予意見 我之前是寫下面這本黃金認證7題回的 今年2月考試閱讀280 4月的閱讀325 http://www.books.com.tw/products/0010474585 以下是準備購入的選擇 選手1: 全新！NEW TOEIC新多益閱讀題庫解析： 考題會翻新，所以我們絕不用陳年舊題混充新題！ http://www.books.com.tw/products/0010633060 2014出版 選手2:黃金認證NEW TOEIC新多益閱讀模擬試題： 詢問度最高的閱讀測驗最新題庫，輕鬆拿高分就靠這一本 http://www.books.com.tw/products/0010714170 2016出版 ",
    "time": "2017/05/23 11:19:36",
    "event": "click"
  },
  {
    "category": "6",
    "app": "JPTT",
    "id": "53",
    "context": "[討論] 國際學村閱讀書籍選擇 哈囉各位前輩好 我知道書單這種東西見仁見智 但實在考到沒信心了所以想說換新的書寫寫看 查了板上說的國際學村書有2014和2016的 想請問寫過的前輩們哪個版本的閱讀好呢? 拜託大家給予意見 我之前是寫下面這本黃金認證7題回的 今年2月考試閱讀280 4月的閱讀325 http://www.books.com.tw/products/0010474585 以下是準備購入的選擇 選手1: 全新！NEW TOEIC新多益閱讀題庫解析： 考題會翻新，所以我們絕不用陳年舊題混充新題！ http://www.books.com.tw/products/0010633060 2014出版 選手2:黃金認證NEW TOEIC新多益閱讀模擬試題： 詢問度最高的閱讀測驗最新題庫，輕鬆拿高分就靠這一本 http://www.books.com.tw/products/0010714170 2016出版 ",
    "time": "2017/05/23 11:19:36",
    "event": "slide"
  },
  {
    "category": "6",
    "app": "JPTT",
    "id": "54",
    "context": "國學聽力/閱讀10回難度  4/23考試成績出來了 成績比模考都還低... 想請問有用這兩本的各位 這次成績出來也是差很多嗎？  另外一直想知道 多益官方到底是怎麼計算成績的啊？",
    "time": "2017/05/23 11:19:45",
    "event": "click"
  },
  {
    "category": "6",
    "app": "JPTT",
    "id": "55",
    "context": "國學聽力/閱讀10回難度  4/23考試成績出來了 成績比模考都還低... 想請問有用這兩本的各位 這次成績出來也是差很多嗎？  另外一直想知道 多益官方到底是怎麼計算成績的啊？",
    "time": "2017/05/23 11:19:45",
    "event": "slide"
  },
  {
    "category": "5",
    "app": "Line",
    "id": "56",
    "context": "沒事 早安 我睡過頭了 誰叫你那麼晚睡 宿醉 喝太多了吧",
    "time": "2017/05/23 11:20:34",
    "event": "slide"
  },
  {
    "category": "5",
    "app": "Line",
    "id": "57",
    "context": "恩吧 在上課了嗎？",
    "time": "2017/05/23 11:20:34",
    "event": "type"
  },
  {
    "category": "13",
    "app": "Line",
    "id": "58",
    "context": "傳送",
    "time": "2017/05/23 11:20:34",
    "event": "click"
  },
  {
    "category": "5",
    "app": "Line",
    "id": "59",
    "context": "沒事 早安 我睡過頭了 誰叫你那麼晚睡 宿醉 喝太多了吧 恩吧 在上課了嗎？",
    "time": "2017/05/23 11:20:34",
    "event": "slide"
  },
  {
    "category": "2",
    "app": "Line",
    "id": "60",
    "context": "今天梅克 你這幾學分呢？ 18 太多了吧 你好強 黑阿 就想說碩一先把克修完 不過真的很多 你們有畢業幾學分 你什麼所的呢 24 我是工工 酷 你們怎麼那麼少",
    "time": "2017/05/23 11:20:42",
    "event": "slide"
  },
  {
    "category": "2",
    "app": "Line",
    "id": "61",
    "context": "工科好像都這樣",
    "time": "2017/05/23 11:20:42",
    "event": "type"
  },
  {
    "category": "13",
    "app": "Line",
    "id": "62",
    "context": "傳送",
    "time": "2017/05/23 11:20:42",
    "event": "click"
  },
  {
    "category": "2",
    "app": "Line",
    "id": "63",
    "context": "今天梅克 你這幾學分呢？ 18 太多了吧 你好強 黑阿 就想說碩一先把克修完 不過真的很多 你們有畢業幾學分 你什麼所的呢 24 我是工工 酷 你們怎麼那麼少 工科好像都這樣",
    "time": "2017/05/23 11:20:42",
    "event": "slide"
  },
  {
    "category": "7",
    "app": "Facebook",
    "id": "64",
    "context": "用畢業考丟書的傳統，延續成功高中反抗體制的「成功精神」 - The News Lens 關鍵評論網",
    "time": "2017/05/23 11:23:16",
    "event": "click"
  },
  {
    "category": "7",
    "app": "Facebook",
    "id": "65",
    "context": "用畢業考丟書的傳統，延續成功高中反抗體制的「成功精神」 - The News Lens 關鍵評論網",
    "time": "2017/05/23 11:23:16",
    "event": "slide"
  },
  {
    "category": "8",
    "app": "Facebook",
    "id": "66",
    "context": "幣圖誌Bituzi - 挑戰市場規則: 除了巴菲特，你應該可以關注這兩檔基金操盤人的動態~2017Q1全美大戶基金經理人動向出爐",
    "time": "2017/05/23 11:26:17",
    "event": "click"
  },
  {
    "category": "8",
    "app": "Facebook",
    "id": "67",
    "context": "幣圖誌Bituzi - 挑戰市場規則: 除了巴菲特，你應該可以關注這兩檔基金操盤人的動態~2017Q1全美大戶基金經理人動向出爐",
    "time": "2017/05/23 11:26:17",
    "event": "slide"
  },
  {
    "category": "2",
    "app": "Line",
    "id": "68",
    "context": "今天梅克 你這幾學分呢？ 18 太多了吧 你好強 黑阿 就想說碩一先把克修完 不過真的很多 你們有畢業幾學分 你什麼所的呢 24 我是工工 酷 你們怎麼那麼少 工科好像都這樣 原來如此 你為何想要念研究所",
    "time": "2017/05/23 11:27:04",
    "event": "slide"
  },
  {
    "category": "2",
    "app": "Line",
    "id": "69",
    "context": "找工作有差",
    "time": "2017/05/23 11:27:04",
    "event": "type"
  },
  {
    "category": "13",
    "app": "Line",
    "id": "70",
    "context": "傳送",
    "time": "2017/05/23 11:27:04",
    "event": "click"
  },
  {
    "category": "2",
    "app": "Line",
    "id": "71",
    "context": "今天梅克 你這幾學分呢？ 18 太多了吧 你好強 黑阿 就想說碩一先把克修完 不過真的很多 你們有畢業幾學分 你什麼所的呢 24 我是工工 酷 你們怎麼那麼少 工科好像都這樣 原來如此 你為何想要念研究所 找工作有差",
    "time": "2017/05/23 11:27:04",
    "event": "slide"
  },
  {
    "category": "8",
    "app": "Facebook",
    "id": "72",
    "context": "幣圖誌Bituzi - 挑戰市場規則: 除了巴菲特，你應該可以關注這兩檔基金操盤人的動態~2017Q1全美大戶基金經理人動向出爐",
    "time": "2017/05/23 11:27:21",
    "event": "slide"
  },
  {
    "category": "9",
    "app": "Line",
    "id": "73",
    "context": "你好 我等等要睡了 沒關係 要上班 辛苦了 你是做什麼的呢？ 休閒服務業",
    "time": "2017/05/23 11:33:21",
    "event": "slide"
  },
  {
    "category": "9",
    "app": "Line",
    "id": "74",
    "context": "我還是學生 下班了吧",
    "time": "2017/05/23 11:33:21",
    "event": "type"
  },
  {
    "category": "13",
    "app": "Line",
    "id": "75",
    "context": "傳送",
    "time": "2017/05/23 11:33:21",
    "event": "click"
  },
  {
    "category": "9",
    "app": "Line",
    "id": "76",
    "context": "你好 我等等要睡了 沒關係 要上班 辛苦了 你是做什麼的呢？ 休閒服務業 我還是學生 下班了吧",
    "time": "2017/05/23 11:33:21",
    "event": "slide"
  },
  {
    "category": "2",
    "app": "Line",
    "id": "77",
    "context": "今天梅克 你這幾學分呢？ 18 太多了吧 你好強 黑阿 就想說碩一先把克修完 不過真的很多 你們有畢業幾學分 你什麼所的呢 24 我是工工 酷 你們怎麼那麼少 工科好像都這樣 原來如此 你為何想要念研究所 找工作有差 你之前有工作過嗎？",
    "time": "2017/05/23 11:34:27",
    "event": "slide"
  },
  {
    "category": "2",
    "app": "Line",
    "id": "78",
    "context": "有喔",
    "time": "2017/05/23 11:34:27",
    "event": "type"
  },
  {
    "category": "13",
    "app": "Line",
    "id": "79",
    "context": "傳送",
    "time": "2017/05/23 11:34:27",
    "event": "click"
  },
  {
    "category": "2",
    "app": "Line",
    "id": "80",
    "context": "今天梅克 你這幾學分呢？ 18 太多了吧 你好強 黑阿 就想說碩一先把克修完 不過真的很多 你們有畢業幾學分 你什麼所的呢 24 我是工工 酷 你們怎麼那麼少 工科好像都這樣 原來如此 你為何想要念研究所 找工作有差 你之前有工作過嗎？ 有喔",
    "time": "2017/05/23 11:34:27",
    "event": "slide"
  },
  {
    "category": "12",
    "app": "JPTT",
    "id": "81",
    "context": "[問卷] FACEBOOK 粉絲傳頁 相關問卷 各位版友您好，我是健行科技大學的研究生， 這是一份想要了解您對於粉絲專頁之認知、感受。 問卷連結: https://goo.gl/forms/9SkmLaKtF8xqjGLh2 填答條件: 任何有使用過fb粉絲專頁的人都可填寫 本問卷將於回收後，針對有效問卷進行抽獎，欲參加抽獎者可留下您的e-mail方便後續連 繫。謝謝您",
    "time": "2017/05/23 11:45:28",
    "event": "click"
  },
  {
    "category": "12",
    "app": "JPTT",
    "id": "82",
    "context": "[問卷] FACEBOOK 粉絲傳頁 相關問卷 各位版友您好，我是健行科技大學的研究生， 這是一份想要了解您對於粉絲專頁之認知、感受。 問卷連結: https://goo.gl/forms/9SkmLaKtF8xqjGLh2 填答條件: 任何有使用過fb粉絲專頁的人都可填寫 本問卷將於回收後，針對有效問卷進行抽獎，欲參加抽獎者可留下您的e-mail方便後續連 繫。謝謝您",
    "time": "2017/05/23 11:45:28",
    "event": "slide"
  }
]