[
  {
    "category": "1",
    "app": "Facebook",
    "id": "1",
    "context": "真的有驍勇善戰、不輸男子的亞馬遜女戰士 考古研究證實，這些驍勇善戰的女性也抽大麻、刺青，而且不僅殺男人，也愛男人。 亞馬遜女戰士在古代時名聲不佳。她們",
    "time": "2017/05/31 17:57:44",
    "event": "click"
  },
  {
    "category": "1",
    "app": "Facebook",
    "id": "2",
    "context": "真的有驍勇善戰、不輸男子的亞馬遜女戰士  考古研究證實，這些驍勇善戰的女性也抽大麻、刺青，而且不僅殺男人，也愛男人。 亞馬遜女戰士在古代時名聲不佳。她們",
    "time": "2017/05/31 17:57:44",
    "event": "slide"
  },
  {
    "category": "2",
    "app": "Facebook",
    "id": "3",
    "context": "你的地理知識比國小五年級的學生強嗎？ 與今年「國家地理小蜜蜂」競賽那些年輕得獎者一起比賽，你的表現會是如何呢？ 華盛頓特區現場──請問：利比亞、葉門",
    "time": "2017/05/31 17:58:10",
    "event": "click"
  },
  {
    "category": "2",
    "app": "Facebook",
    "id": "4",
    "context": "你的地理知識比國小五年級的學生強嗎？ 與今年「國家地理小蜜蜂」競賽那些年輕得獎者一起比賽，你的表現會是如何呢？ 華盛頓特區現場──請問：利比亞、葉門",
    "time": "2017/05/31 17:58:10",
    "event": "slide"
  },
  {
    "category": "3",
    "app": "Facebook",
    "id": "5",
    "context": "「換份新工作，我會做的更快樂」別傻了！飛機上的乘客教我的事｜經理人 每個人總是覺得他們在另外的地方會比較快樂。從一份工作換到另一份工作，從一段婚姻跳進另一段婚姻，總是在找更多的東西，殊不知他們其實真正應該尋找的東西，就在",
    "time": "2017/05/31 17:59:55",
    "event": "click"
  },
  {
    "category": "3",
    "app": "Facebook",
    "id": "6",
    "context": "「換份新工作，我會做的更快樂」別傻了！飛機上的乘客教我的事｜經理人 每個人總是覺得他們在另外的地方會比較快樂。從一份工作換到另一份工作，從一段婚姻跳進另一段婚姻，總是在找更多的東西，殊不知他們其實真正應該尋找的東西，就在",
    "time": "2017/05/31 17:59:55",
    "event": "slide"
  },
  {
    "category": "4",
    "app": "Facebook",
    "id": "7",
    "context": "新知-趣味 外國人你不懂啦！十種亞洲人生活特有的小習慣 最近Twitter上的「#growingupasia」話題火熱，許多網友紛紛貼出對於亞洲人生活小習慣的觀察，有些人覺得有趣，有些人覺得難以理解，但其實追根究底，就是大家生活習慣及文化不同，因此，小編就整理出十種外國網友不懂的亞洲人生活，博君一笑的同時，其實也是一種文化交流啦！    1. 煮米時，總愛用手指測水量 雖然小編我在洗米時，有用量杯，但是量久了也是蠻煩的，幾次以後，就會知道大概落在哪個位置是剛好的，而手就是最好的驗證工具（永遠不會忘記帶）。 2. 餅乾罐裡裝的不是餅乾！ 好吧！這點小編承認，小時候看到家裡有餅乾鐵罐盒子時，都會感到很興奮，但開了幾次，失望了幾次以後，只要我發現鐵罐蓋邊邊沒有用透明膠封住，我就知道那一定是被我媽拿來裝其他東西了，「開獎」時失落感也就會少一點。 3. 用剪刀剪披薩 前陣子小編逛某北歐賣場時，也興起要買一支披薩專用的滾輪刀，但是後來想想還是放回去，因為我一年吃披薩的次數一隻手就數得出來，就算很常吃，不想用剪刀，也是可以暫時用菜刀取代啦！（披薩不是主食才是最大原因啦！） 4. 飯上總愛放不明的粉末 這就有所不知了！想當年小編去國外唸書時，一定會帶某品牌的真空包裝肉鬆，淋在飯上，配著開水喝，不僅有飽足感，一餐也就簡單搞定了，簡直是窮學生的生命救星啊！ 5. 東西保持越新越好 套句媽媽愛說的話：「賺錢很辛苦！東西不好好愛惜的話，弄壞了就不會再買給你了！」這樣有解釋到外國人的疑惑嗎？ 6. 盒子裡永遠裝的都跟包裝寫得不一樣！ 這個問題跟第二個有異曲同工之妙，冷凍庫裡的冰淇淋盒裝的是媽媽的冷凍肉，餅乾罐裡總是收納其他東西，套句小編媽媽的說法：「東西還能用就用啊！這不就是你們年輕人常講的，回收做環保、愛地球嗎？」 7. 洗衣機或乾洗機上總是會鋪東西 小編強烈懷疑，鋪東西除了美觀，其實也是在曬東西吧？ 8. 每個人童年都會有一張照片，是鳳梨頭造型！ 先澄清一下，這不叫鳳梨頭，是沖天炮頭好嗎？ 9. 打蛋總是用筷子，不知道有打蛋器這種東西嗎？ 有錢當然可以去買打蛋器，只是既然一雙筷子就可以做到的事情，為什麼還要多買一樣東西佔空間呢？ 10. 看到紅包時，總是很興奮 這就真的是文化差異的不同了！最完美的結果，就是聖誕節收禮物，過年收紅包！哈 ",
    "time": "2017/05/31 18:00:37",
    "event": "click"
  },
  {
    "category": "4",
    "app": "Facebook",
    "id": "8",
    "context": "新知-趣味 外國人你不懂啦！十種亞洲人生活特有的小習慣 最近Twitter上的「#growingupasia」話題火熱，許多網友紛紛貼出對於亞洲人生活小習慣的觀察，有些人覺得有趣，有些人覺得難以理解，但其實追根究底，就是大家生活習慣及文化不同，因此，小編就整理出十種外國網友不懂的亞洲人生活，博君一笑的同時，其實也是一種文化交流啦！    1. 煮米時，總愛用手指測水量 雖然小編我在洗米時，有用量杯，但是量久了也是蠻煩的，幾次以後，就會知道大概落在哪個位置是剛好的，而手就是最好的驗證工具（永遠不會忘記帶）。 2. 餅乾罐裡裝的不是餅乾！ 好吧！這點小編承認，小時候看到家裡有餅乾鐵罐盒子時，都會感到很興奮，但開了幾次，失望了幾次以後，只要我發現鐵罐蓋邊邊沒有用透明膠封住，我就知道那一定是被我媽拿來裝其他東西了，「開獎」時失落感也就會少一點。 3. 用剪刀剪披薩 前陣子小編逛某北歐賣場時，也興起要買一支披薩專用的滾輪刀，但是後來想想還是放回去，因為我一年吃披薩的次數一隻手就數得出來，就算很常吃，不想用剪刀，也是可以暫時用菜刀取代啦！（披薩不是主食才是最大原因啦！） 4. 飯上總愛放不明的粉末 這就有所不知了！想當年小編去國外唸書時，一定會帶某品牌的真空包裝肉鬆，淋在飯上，配著開水喝，不僅有飽足感，一餐也就簡單搞定了，簡直是窮學生的生命救星啊！ 5. 東西保持越新越好 套句媽媽愛說的話：「賺錢很辛苦！東西不好好愛惜的話，弄壞了就不會再買給你了！」這樣有解釋到外國人的疑惑嗎？ 6. 盒子裡永遠裝的都跟包裝寫得不一樣！ 這個問題跟第二個有異曲同工之妙，冷凍庫裡的冰淇淋盒裝的是媽媽的冷凍肉，餅乾罐裡總是收納其他東西，套句小編媽媽的說法：「東西還能用就用啊！這不就是你們年輕人常講的，回收做環保、愛地球嗎？」 7. 洗衣機或乾洗機上總是會鋪東西 小編強烈懷疑，鋪東西除了美觀，其實也是在曬東西吧？ 8. 每個人童年都會有一張照片，是鳳梨頭造型！ 先澄清一下，這不叫鳳梨頭，是沖天炮頭好嗎？ 9. 打蛋總是用筷子，不知道有打蛋器這種東西嗎？ 有錢當然可以去買打蛋器，只是既然一雙筷子就可以做到的事情，為什麼還要多買一樣東西佔空間呢？ 10. 看到紅包時，總是很興奮 這就真的是文化差異的不同了！最完美的結果，就是聖誕節收禮物，過年收紅包！哈 ",
    "time": "2017/05/31 18:00:37",
    "event": "slide"
  },
  {
    "category": "6",
    "app": "Facebook",
    "id": "9",
    "context": "跟誰在一起舒服就和誰在一起！ 當你看清了一個人而不揭穿， 你就懂得了原諒的意義； 討厭一個人而不翻臉， 你就懂得了尊重的內涵。 活著， 總有你看不慣的人， 也總有看不慣你的人。  你的成熟不是因為你活了多少年， 走了多少路、經歷了多少失敗。 而是因為你懂得了放棄， 學會了寬容，明白了不爭。 每人心中所承受的那些苦與痛， 不是因為時間就沒有了感覺， 而是懂得了說與不說都一樣。 而是懂得了冷面相對和自我修復 品味人生，到了現在的年齡， 跟誰在一起舒服就和誰在一起！ 包括朋友也是，累了就躲遠一點。 早已過了那個你不喜歡我， 我也非要喜歡你的年齡， 取悅別人遠不如讓快樂自己。 難過了，不必告訴別人， 別人永遠不會明白你的感受！ 有些疼痛，只能自己承受。 難過了，任眼淚盡情的揮灑， 讓生活展現最真實的自己！ 天那麼大，能包容你很多委屈。 難過了，可以假裝快樂， 帶給別人歡樂的同時， 也能忘了自己的憂傷！  又何必苦苦想念呢。 \"本文章文字與內容由幾米愛好者所編寫，封面圖即為示意之用途，并非原作者幾米真正的含義，如想了解幾米的真正故事，請到幾米S.P.A. 購買相關繪本收藏，感謝！\" ",
    "time": "2017/05/31 18:01:15",
    "event": "click"
  },
  {
    "category": "6",
    "app": "Facebook",
    "id": "10",
    "context": "跟誰在一起舒服就和誰在一起！ 當你看清了一個人而不揭穿， 你就懂得了原諒的意義； 討厭一個人而不翻臉， 你就懂得了尊重的內涵。 活著， 總有你看不慣的人， 也總有看不慣你的人。  你的成熟不是因為你活了多少年， 走了多少路、經歷了多少失敗。 而是因為你懂得了放棄， 學會了寬容，明白了不爭。 每人心中所承受的那些苦與痛， 不是因為時間就沒有了感覺， 而是懂得了說與不說都一樣。 而是懂得了冷面相對和自我修復 品味人生，到了現在的年齡， 跟誰在一起舒服就和誰在一起！ 包括朋友也是，累了就躲遠一點。 早已過了那個你不喜歡我， 我也非要喜歡你的年齡， 取悅別人遠不如讓快樂自己。 難過了，不必告訴別人， 別人永遠不會明白你的感受！ 有些疼痛，只能自己承受。 難過了，任眼淚盡情的揮灑， 讓生活展現最真實的自己！ 天那麼大，能包容你很多委屈。 難過了，可以假裝快樂， 帶給別人歡樂的同時， 也能忘了自己的憂傷！  又何必苦苦想念呢。 \"本文章文字與內容由幾米愛好者所編寫，封面圖即為示意之用途，并非原作者幾米真正的含義，如想了解幾米的真正故事，請到幾米S.P.A. 購買相關繪本收藏，感謝！\" ",
    "time": "2017/05/31 18:01:15",
    "event": "slide"
  },
  {
    "category": "7",
    "app": "Facebook",
    "id": "11",
    "context": "U Map。Your Journey, Your World Map. – UMade 專屬世界地圖World Map (台灣限定版3色發行中！) -海軍藍世界地圖/2016Pantone色-輕柔粉/湖水綠/客製/訂製款/背包客必備/旅遊/World Map/愛旅遊最佳禮物/ 臺灣地圖/ 易收納地圖/ 可標註地標/ 飛機(東京紐約加州英國曼谷香港上海舊金山矽谷LA日本大阪京都峇里島迪士尼環球影城巴黎)",
    "time": "2017/05/31 18:01:39",
    "event": "click"
  },
  {
    "category": "7",
    "app": "Facebook",
    "id": "12",
    "context": "U Map。Your Journey, Your World Map. – UMade 專屬世界地圖World Map (台灣限定版3色發行中！) -海軍藍世界地圖/2016Pantone色-輕柔粉/湖水綠/客製/訂製款/背包客必備/旅遊/World Map/愛旅遊最佳禮物/ 臺灣地圖/ 易收納地圖/ 可標註地標/ 飛機(東京紐約加州英國曼谷香港上海舊金山矽谷LA日本大阪京都峇里島迪士尼環球影城巴黎)",
    "time": "2017/05/31 18:01:39",
    "event": "slide"
  },
  {
    "category": "8",
    "app": "Facebook",
    "id": "13",
    "context": "研究發現：真正「感情好的情侶」不會在臉書上放閃！",
    "time": "2017/05/31 18:02:37",
    "event": "click"
  },
  {
    "category": "8",
    "app": "Facebook",
    "id": "14",
    "context": "研究發現：真正「感情好的情侶」不會在臉書上放閃！ 現在點開你的社群軟體，不管是臉書，還是IG，都可以一天到晚看到情侶在上面放閃，舉凡是親吻、對看、互餵對方吃東西，各式各樣的照片五花八門。但是這樣真的代表他們彼此的感情很好嗎？不過研究指出，其實真的感情好的情侶，是不會在社群軟體上放閃的！來看看為什麼吧！ 1. 當他們真的在這段關係中過得很開心，他們是活在當下享受此刻。 這並不代表他們相處的時候不會拍任何照片，或是滑手機，而是說他們兩個人在一起的時候，根本已經無從分心去做其他的事了，更也不需要去寫什麼動態跟其他人說「他們兩個現在很好」。 2. 在網路上放閃的情侶，其實也無法從中獲得任何東西。 在網路上對每個人分享你的個人問題，其實對於解決辦法一點效果也沒有，甚至還有可能讓你跟男/女友的感情關係更糟糕！ 3. 真正的快樂，是與你愛的人擁有一段美好的關係。 你不需要向他人證明什麼，因為臉書上的那些朋友的回應並不會帶給你快樂，真正感情好的快樂是從與另一半的相處中獲取。 4. 沒有人有這個必要向他人證明任何事。 真正快樂的情侶都知道，只要他們彼此都開心，根本不需要向他人證明「我們真的很好」。 5. 更重要的是... 研究顯示，其實那些沒有使用社群軟體的情侶會比有使用的情侶過得還快樂，因為使用社群軟體的人會常常拿他人的情侶關係做比較，更忘記了自己其實在現實生活中，其實可能過得比他人還快樂，而不是從比較中獲得樂趣！ 如果真的想在一段情侶關係中獲得快樂的話，網路上放閃並不是解決辦法！從溝通開始吧！也記得分享出去阿~~",
    "time": "2017/05/31 18:02:37",
    "event": "slide"
  },
  {
    "category": "9",
    "app": "Facebook",
    "id": "15",
    "context": "這個男子鼻子炸出來的「粉刺森林」讓大家秒吐，誇張的量讓大家都直呼要把鼻子砍掉重練！",
    "time": "2017/05/31 18:02:54",
    "event": "click"
  },
  {
    "category": "9",
    "app": "Facebook",
    "id": "16",
    "context": "這個男子鼻子炸出來的「粉刺森林」讓大家秒吐，夸張的量讓大家都直呼要把鼻子砍掉重練！ 大家平時都是怎樣清理鼻頭粉刺的？最近，國外一名網友分享了自己清理黑頭粉刺的過程。他不需要用工具，只要用力往上推一下鼻子，一堆粉刺就爭先恐后冒出來！ ",
    "time": "2017/05/31 18:02:54",
    "event": "slide"
  },
  {
    "category": "6",
    "app": "Facebook",
    "id": "17",
    "context": "一樣的心，不一樣的想法。 一樣的錢，不一樣的花法。 一樣的人們，不一樣的活法！ 人生的路， 要活出自我，活出自信。 我很喜歡這段話！ 「錢」離開人，廢紙一張； 人離開「錢」，廢物一個。 鷹，不需鼓掌，也在飛翔。 小草，沒人心疼，也在成長。 深山的野花，沒人欣賞，也在芬芳。 做事不需人人都理解，只需盡心盡力， 做人不需人人都喜歡，只需坦坦蕩蕩。 堅持，注定有孤獨彷徨，質疑嘲笑，也都無妨。 就算遍體鱗傷，也要撐起堅強，其實一世并不長，既然來了，就要活得漂亮！下面這些話，說的太漂亮了！ 山有山的高度， 水有水的深度， 沒必要攀比， 你認為值得的，就去守候； 你認為幸福的，就去珍惜。 沒有不被評說的事， 沒有不被猜測的人。 做最真實最漂亮的自己， 依心而行， 無憾今生。 人生1條路： 走自己的路 人生2件寶： 身體好、心不老 人生3種朋友： 肯借錢給你、 參加你的婚禮、 參加你的葬禮。 人生有4苦： 輸不起、 放不下。 人生5句話，送給我敬愛的你： 再難也要堅持， 再好也要淡泊， 再差也要自信， 再多也要節省， 再冷也要熱情。 人生6財富： 身體、知識、 夢想、信念、 自信、骨氣。 \"本文章文字與內容由幾米愛好者所編寫，封面圖即為示意之用途，并非原作者幾米真正的含義，如想了解幾米的真正故事，請到幾米S.P.A. 購買相關繪本收藏，感謝！\" ",
    "time": "2017/05/31 18:02:54",
    "event": "click"
  },
  {
    "category": "6",
    "app": "Facebook",
    "id": "18",
    "context": "一樣的心，不一樣的想法。 一樣的錢，不一樣的花法。 一樣的人們，不一樣的活法！ 人生的路， 要活出自我，活出自信。 我很喜歡這段話！ 「錢」離開人，廢紙一張； 人離開「錢」，廢物一個。 鷹，不需鼓掌，也在飛翔。 小草，沒人心疼，也在成長。 深山的野花，沒人欣賞，也在芬芳。 做事不需人人都理解，只需盡心盡力， 做人不需人人都喜歡，只需坦坦蕩蕩。 堅持，注定有孤獨彷徨，質疑嘲笑，也都無妨。 就算遍體鱗傷，也要撐起堅強，其實一世并不長，既然來了，就要活得漂亮！下面這些話，說的太漂亮了！ 山有山的高度， 水有水的深度， 沒必要攀比， 你認為值得的，就去守候； 你認為幸福的，就去珍惜。 沒有不被評說的事， 沒有不被猜測的人。 做最真實最漂亮的自己， 依心而行， 無憾今生。 人生1條路： 走自己的路 人生2件寶： 身體好、心不老 人生3種朋友： 肯借錢給你、 參加你的婚禮、 參加你的葬禮。 人生有4苦： 輸不起、 放不下。 人生5句話，送給我敬愛的你： 再難也要堅持， 再好也要淡泊， 再差也要自信， 再多也要節省， 再冷也要熱情。 人生6財富： 身體、知識、 夢想、信念、 自信、骨氣。 \"本文章文字與內容由幾米愛好者所編寫，封面圖即為示意之用途，并非原作者幾米真正的含義，如想了解幾米的真正故事，請到幾米S.P.A. 購買相關繪本收藏，感謝！\" ",
    "time": "2017/05/31 18:02:54",
    "event": "slide"
  },
  {
    "category": "6",
    "app": "Facebook",
    "id": "19",
    "context": "你認為值得的，就去守候； 你認為幸福的，就去珍惜。 沒有不被評說的事， 沒有不被猜測的人。 做最真實最漂亮的自己， 依心而行， 無憾今生。 人生1條路： 走自己的路 人生2件寶： 身體好、心不老 人生3種朋友： 肯借錢給你、 參加你的婚禮、 參加你的葬禮。 人生有四苦：看不透、捨不得、輸不起、放不下。 人生5句話，送給我敬愛的你： 再難也要堅持， 再好也要淡泊， 再差也要自信， 再多也要節省， 再冷也要熱情。 人生6財富： 身體、知識、 夢想、信念、 自信、骨氣。 \"本文章文字與內容由幾米愛好者所編寫，封面圖即為示意之用途，并非原作者幾米真正的含義，如想了解幾米的真正故事，請到幾米S.P.A. 購買相關繪本收藏，感謝！\" ",
    "time": "2017/05/31 18:02:58",
    "event": "click"
  },
  {
    "category": "6",
    "app": "Facebook",
    "id": "20",
    "context": "你認為值得的，就去守候； 你認為幸福的，就去珍惜。 沒有不被評說的事， 沒有不被猜測的人。 做最真實最漂亮的自己， 依心而行， 無憾今生。 人生1條路： 走自己的路 人生2件寶： 身體好、心不老 人生3種朋友： 肯借錢給你、 參加你的婚禮、 參加你的葬禮。 人生有四苦：看不透、捨不得、輸不起、放不下。 人生5句話，送給我敬愛的你： 再難也要堅持， 再好也要淡泊， 再差也要自信， 再多也要節省， 再冷也要熱情。 人生6財富： 身體、知識、 夢想、信念、 自信、骨氣。 \"本文章文字與內容由幾米愛好者所編寫，封面圖即為示意之用途，并非原作者幾米真正的含義，如想了解幾米的真正故事，請到幾米S.P.A. 購買相關繪本收藏，感謝！\" ",
    "time": "2017/05/31 18:02:58",
    "event": "slide"
  },
  {
    "category": "6",
    "app": "Facebook",
    "id": "21",
    "context": "跟誰在一起舒服就和誰在一起！ 當你看清了一個人而不揭穿， 你就懂得了原諒的意義； 討厭一個人而不翻臉， 你就懂得了尊重的內涵。 ",
    "time": "2017/05/31 18:03:04",
    "event": "click"
  },
  {
    "category": "6",
    "app": "Facebook",
    "id": "22",
    "context": "跟誰在一起舒服就和誰在一起！ 當你看清了一個人而不揭穿， 你就懂得了原諒的意義； 討厭一個人而不翻臉， 你就懂得了尊重的內涵。 活著， 總有你看不慣的人， 也總有看不慣你的人。 你的成熟不是因為你活了多少年， 走了多少路、經歷了多少失敗。 而是因為你懂得了放棄， 學會了寬容，明白了不爭。 每人心中所承受的那些苦與痛， 不是因為時間就沒有了感覺， 而是懂得了說與不說都一樣。 有些暗傷，不是不在乎， 而是懂得了冷面相對和自我修復 品味人生，到了現在的年齡， 跟誰在一起舒服就和誰在一起！ 包括朋友也是，累了就躲遠一點。 早已過了那個你不喜歡我， 我也非要喜歡你的年齡， 取悅別人遠不如讓快樂自己。 難過了，不必告訴別人， 別人永遠不會明白你的感受！ 有些疼痛，只能自己承受。 難過了，任眼淚盡情的揮灑， 讓生活展現最真實的自己！天那麼大，能包容你很多委屈。 用微笑宣泄悲傷， 讓自己灑脫一點。 哪怕是假裝， 也要假裝成快樂的那一個！ 其實路是自己走的， 再痛都要忍著。 過去的不再回來， 又何必苦苦想念呢。 \"本文章文字與內容由幾米愛好者所編寫，封面圖即為示意之用途，并非原作者幾米真正的含義，如想了解幾米的真正故事，請到幾米S.P.A. 購買相關繪本收藏，感謝！\" ",
    "time": "2017/05/31 18:03:04",
    "event": "slide"
  },
  {
    "category": "5",
    "app": "Facebook",
    "id": "23",
    "context": "幾米的童話城堡的人氣文章 ",
    "time": "2017/05/31 18:03:23",
    "event": "click"
  },
  {
    "category": "6",
    "app": "Facebook",
    "id": "24",
    "context": "看懂了，感動 看透了，心疼 當你看懂一個人的時候，你會感動。當你看透一段情的時候，你會心寒。 題記 這個世界是公平的，也是不公平的。女人會記得讓她笑的男人，男人會記得讓他哭的女人。而最後，女人總會呆在讓她哭的男人身邊，男人卻留在讓他笑的女人身邊。",
    "time": "2017/05/31 18:03:30",
    "event": "click"
  },
  {
    "category": "6",
    "app": "Facebook",
    "id": "25",
    "context": "看懂了，感動 看透了，心疼 當你看懂一個人的時候，你會感動。當你看透一段情的時候，你會心寒。 題記 這個世界是公平的，也是不公平的。女人會記得讓她笑的男人，男人會記得讓他哭的女人。而最後，女人總會呆在讓她哭的男人身邊，男人卻留在讓他笑的女人身邊。所以，愛是說不明白的，也不要去追尋一定的結果，結果不過是某一段時間的總結，代表不了所有。 愛情里的患得患失，是通病，也是不可避免的。愛一個人，才會覺得卑微，也許不至於低到塵埃，卻也是放下了一切的尊嚴。 任性因為在意，掙扎因為渴望。 愛得深，所以傷得重。 要得多，所以痛苦也會多。 并非說無欲無求，只是要明白，真正屬於你的，不會離開。一個真正愛你的人，不會讓你難過。 看懂一個人，不難。難的是，看懂一顆心。 讓你傷心的，肯定是你在乎的。 帶給你痛苦的，肯定是你離不開的。愛情不是對等，更不是付出就有回報。  你的死心塌地，換不來不愛你的一心一意。 你的關細心呵護，換不來不愛你的生死同路。 其實，愛你的人，不會讓你痛。 想你的人，不會讓你久等。 凡事不要勉強，等不到就放手。舍得，有舍才會有得。放開求不來的溫暖，屬於你的溫柔，才會來到。 每個人在這個世界都是一個半圓，總有另一個在某個角落等著你，所以不要怕，努力去珍惜吧，去愛珍惜你的人，去珍惜愛你的人吧。  \"本文章文字與內容由幾米愛好者所編寫，封面圖即為示意之用途，并非原作者幾米真正的含義，如想了解幾米的真正故事，請到幾米S.P.A. 購買相關繪本收藏，感謝！\"",
    "time": "2017/05/31 18:03:30",
    "event": "slide"
  },
  {
    "category": "6",
    "app": "Facebook",
    "id": "26",
    "context": "慢慢變老，最深的領悟 (看完哭了！) 慢慢地，我們都會變老， 從起點走向終點，自然而必然。 成長的途中， 匆匆而又忙忙，跌跌而又撞撞， 奔波而又小心，",
    "time": "2017/05/31 18:03:45",
    "event": "click"
  },
  {
    "category": "6",
    "app": "Facebook",
    "id": "27",
    "context": "慢慢變老，最深的領悟 (看完哭了！) 慢慢地，我們都會變老， 從起點走向終點，自然而必然。 成長的途中， 匆匆而又忙忙，跌跌而又撞撞， 奔波而又小心，勞累而又費心，一生，留下什麼，又得到什麼。 細想，活著，就該盡力活好， 別讓自己活得太累。 想開、看淡，放松， 人不可太精，事不可太勤， 不要累人、累己、累心。 記住，你好，全家才會安好。 人生不過是一場旅行， 你路過我，我路過你， 然後各自向前，各自修行。 在歲月中跋涉，每個人都有自己的故事， 看淡心境才會秀麗，看開心情才會明媚。 好好扮演自己的角色，做自己該做的事。 生活不可能像你想像得那麼好， 但也不會像你想像得那麼糟。 人的脆弱和堅強都超乎自己的想像。 有時，可能脆弱得一句話就淚流滿面， 有時，也發現自己咬著牙走了很長的路。 人的一生，注定要經歷很多。 一段路上，朗朗的笑聲； 一段路上，懵懂的堅持； 一段路上，茫然的取舍； 一段路上，成功的自信； 一段路上，失敗的警醒 每一段經歷注定珍貴， 它必將令你憶起智慧， 生命的豐盈在於心的慈悲， 生活的美好緣於一顆平常心。 不必雕琢，踏踏實實做事，簡簡單單做人。 有的人本來幸福著，卻看起來很煩惱； 有的人本來該煩惱，卻看起來很幸福。 誰不想拿得起，放得下，把人生走得愉愉快快， 有時，可能脆弱得一句話就淚流滿面， 有時，也發現自己咬著牙走了很長的路。 人的一生，注定要經歷很多。 一段路上，朗朗的笑聲； 一段路上，委屈的淚水； ",
    "time": "2017/05/31 18:03:45",
    "event": "slide"
  },
  {
    "category": "6",
    "app": "Facebook",
    "id": "28",
    "context": "有時，可能脆弱得一句話就淚流滿面， 有時，也發現自己咬著牙走了很長的路。 人的一生，注定要經歷很多。 一段路上，朗朗的笑聲； 一段路上，委屈的淚水； ",
    "time": "2017/05/31 18:03:57",
    "event": "click"
  },
  {
    "category": "6",
    "app": "Facebook",
    "id": "29",
    "context": "有時，可能脆弱得一句話就淚流滿面， 有時，也發現自己咬著牙走了很長的路。 人的一生，注定要經歷很多。 一段路上，朗朗的笑聲； 一段路上，委屈的淚水； ",
    "time": "2017/05/31 18:03:57",
    "event": "slide"
  },
  {
    "category": "10",
    "app": "Facebook",
    "id": "30",
    "context": "「每次坐客運回台北，心情就很沉重...」3個中南部囝仔在天龍國的蝸居日記 (夏鑄九,營隊,休學,涵碧樓,...) - 職場力 - 心靈成長 - 非讀BOOK - 商業周刊 - 商周.com",
    "time": "2017/05/31 18:04:20",
    "event": "click"
  },
  {
    "category": "10",
    "app": "Facebook",
    "id": "31",
    "context": "「每次坐客運回台北，心情就很沉重...」3個中南部囝仔在天龍國的蝸居日記 (夏鑄九,營隊,休學,涵碧樓,...) - 職場力 - 心靈成長 - 非讀BOOK - 商業周刊 - 商周.com",
    "time": "2017/05/31 18:04:20",
    "event": "slide"
  },
  {
    "category": "11",
    "app": "Facebook",
    "id": "32",
    "context": "酷知識測驗：俏「皮」大測驗 貼心提醒：以下圖片與正解無絕對關係喔，請以題目與選項作為主要判斷依據～～～ 內容摘錄自《5000個考倒老師的酷",
    "time": "2017/05/31 18:05:05",
    "event": "click"
  },
  {
    "category": "11",
    "app": "Facebook",
    "id": "33",
    "context": "酷知識測驗：俏「皮」大測驗 貼心提醒：以下圖片與正解無絕對關係喔，請以題目與選項作為主要判斷依據～～～ 內容摘錄自《5000個考倒老師的酷",
    "time": "2017/05/31 18:05:05",
    "event": "slide"
  },
  {
    "category": "12",
    "app": "Facebook",
    "id": "34",
    "context": "SITCON 夏令營 2017 年度，以「踏入資訊域，放眼開源界」為主軸，SITCON 夏令營將於東海大學舉辦，承接開源鄉的概念，配合豐富的課程、座談會及社群闖關，",
    "time": "2017/05/31 18:05:39",
    "event": "click"
  },
  {
    "category": "12",
    "app": "Facebook",
    "id": "35",
    "context": "SITCON 夏令營 2017 年度，以「踏入資訊域，放眼開源界」為主軸，SITCON 夏令營將於東海大學舉辦，承接開源鄉的概念，配合豐富的課程、座談會及社群闖關，透過程式編寫管理、演算法思維、團隊合作等架構下學習，讓學員推開程式大門、踏入資訊領域，並認識「開源」世界的廣大，透過開源城的引導，甚至做出自己的聊天機器人，擁有截然不同的營隊體驗。",
    "time": "2017/05/31 18:05:39",
    "event": "slide"
  },
  {
    "category": "13",
    "app": "Facebook",
    "id": "36",
    "context": "夜市5元麵包怎麼做出來 網友齊解惑 文青別鬼扯的鬼王今天在臉書貼文，在新竹某夜市發現品質OK，沒有發霉怪味的平價麵包，但考量到原物料成本與水、電，攤位租金等...",
    "time": "2017/05/31 18:05:56",
    "event": "click"
  },
  {
    "category": "13",
    "app": "Facebook",
    "id": "37",
    "context": "夜市5元麵包怎麼做出來 網友齊解惑 文青別鬼扯的鬼王今天在臉書貼文，在新竹某夜市發現品質OK，沒有發霉怪味的平價麵包，但考量到原物料成本與水、電，攤位租金等費用，百思不解，一個只要5元的麵包到底是怎麼做出來的。 文青別鬼扯臉書粉絲團的鬼王今天在臉書貼文，在新竹某夜市固定攤位，發現品質OK，沒有發霉怪味的平價麵包，不僅麵包種類繁多，價錢1個只要5元，7個30元。他還買了克林姆麵包和肉鬆麵包，親自嚐試。雖不算好吃，但也不難吃，品質OK，沒有過期或發霉的怪味。 鬼王的疑問是考量到原物料成本與水、電，5元麵包到底是怎麼辦到的？即使成本可以壓很低，一個晚上就算能賣1000個麵包好了，這樣的利潤夠嗎？何況還要考量到夜市攤位的租金成本與清潔費，這樣的利潤夠嗎？實在令人百思不解。 有網友留言解釋，這是中央工廠製作，攤販(加盟後)只是去批貨販賣，賣不完的繳回工廠回收，但馬上有人表示，這比之前媒體報導的中央工廠體系價錢還少一半；也有人說，「很多是麵包店賣剩的」，「大概就是逼近報廢期限的麵包」。 另有網友解惑，夜市攤位租金比店面便宜很多，假設此攤販每天賣1000個麵包，收入約5000元，扣掉租金、運送、麵包成本有2000元利潤，一個月賣24天，月淨利約48K，還不用繳稅。 網友還說，平價麵包製作過程人力比例不多，機器佔大多數，添加物是一定的，可減少一半的製作時間，麵包發至4至5倍大，雖然看起來不小，重量卻很輕，餡料化學品佔多數，幾滴香精可做數十公斤麵包。 也有網友說，這種麵包神奇的是，一般市售麵包壓扁都還是有一定的體積，這種便宜麵包壓扁會薄的像紙一樣；建議「少吃為妙」，如果有去烘焙材料行買過食材自己製作過就知道成本都超過這個售價，有鋪料的還要更貴。",
    "time": "2017/05/31 18:05:56",
    "event": "slide"
  },
  {
    "category": "14",
    "app": "Facebook",
    "id": "38",
    "context": "長庚養生村夯 單人房要價這麼多 銀髮住宅市場逐漸成熟，台塑集團旗下的長庚養生文化村，近期啟動第二棟住宅大樓招租",
    "time": "2017/05/31 18:06:33",
    "event": "click"
  },
  {
    "category": "14",
    "app": "Facebook",
    "id": "39",
    "context": "長庚養生村夯 單人房要價這麼多 銀髮住宅市場逐漸成熟，台塑集團旗下的長庚養生文化村，近期啟動第二棟住宅大樓招租，喊出「活得好、老得慢」口號，將釋出1,300戶數，長庚養生文化村主任戴興業表示，1946年以後的「戰後嬰兒潮」世代，如今也邁入「中老人」階段，該世代隨著年紀越大、需求將越強，銀髮宅市場可謂已成形。 看好銀髮宅市場，戴興業透露，只要第二棟住房率達到一定程度，長庚養生村就會展開第三、四棟工程計畫，再新增2,000戶數，也穩居全台最大銀髮社區。 不過，長庚養生村去年呈現住戶人口負成長，主要因素是養生村評估團隊策略性提高入住條件標準。長庚養生村指出，去年申請入住長者逾500人，讓經營團隊不得不建立較高門檻，另外一方面，原本入住的人，又遇上去年因為經濟因素退租者增多，形成人口負成長。 根據聯合國的定義，65歲以上老年人口比率達7%，即進入老化社會，65歲以上老年人口比率達14%，則進入老年社會。台灣從1993年邁入高齡化社會以來，65歲以上老人所占比率持續攀升，至2014年底已達12.0％。 戴興業表示，雖然台灣正式進入高齡化社會，原本大家都直覺銀髮商機相當龐大，不過國人對於家中長者住在養生村、銀髮宅的觀念保守，「左鄰右舍會說，這是小孩不孝，不想侍奉父母」。這也是為何，許多壽險業者都在觀望這塊商機，但至今還不敢大舉投資。 他也坦言，養生村開幕12年啟用第一棟700戶住宿大樓，也是在最近住房率才達到九成。 不過近期第二棟大樓已啟用，並開始對外營運招租，該棟戶數高達1,300戶，量體比第一棟多1.8倍。雖然戶數大幅增加，但是養生村十分有信心認為無須再花12年才能住滿。 戴興業分析，1946年～1964年為外界所稱之「戰後嬰兒潮」，每一個出生年代表著30萬人口，等於總共有540萬人口，這些民眾已邁入70歲大關，也就是所謂「中老人」年齡層，不論是在醫療或是居家方面都要重新打造適當條件與環境，只要是一成或是0.5%，人口數也會高達27萬。 此外，他也進一步提到，現在台灣民眾對於家中長者入住養生村或是銀髮宅的觀念，也比以往來得開放，許多民眾親自參訪養生村後認為，這裡提供的照護反而是比在家更適當。",
    "time": "2017/05/31 18:06:33",
    "event": "slide"
  },
  {
    "category": "15",
    "app": "Facebook",
    "id": "40",
    "context": "風衣上的肩帶原來是這麼用的，白買了這麼多件風衣，不知道太浪費！ - Beauties of Life",
    "time": "2017/05/31 18:07:20",
    "event": "click"
  },
  {
    "category": "15",
    "app": "Facebook",
    "id": "41",
    "context": "風衣上的肩帶原來是這麼用的，白買了這麼多件風衣，不知道太浪費！ - Beauties of Life 天氣在不斷回暖，但回寒的日子，很多人愛上了風衣。一路哥發現，風衣上有很多特別的地方，結果一查，來頭還不小！這些別有用心的小細節你得知道它存在的意義，來漲姿勢吧！ 風衣上的特別造型 ▼<不管潮流多麼變幻莫測，總有一些單品經典永恆，比如風衣。春天是風衣橫行的季節，每個人的衣櫥裡都少不了一件風衣來 防風雨凹造型。但買了那麼多穿，你知道它上面奇特的構造是怎麼來的嗎？比如肩膀上的肩帶，袖口的袖帶，後背的布片…… 最初風衣是軍隊用衣，被叫做“戰壕衣”，所以風衣上的很多設計也是為了戰爭需要。 到了現在，風衣上的很多細節都傳承下來了，來研究一下風衣上這些特別的造型。 #肩帶# ▼ 肩膀上的肩帶，人們管它叫Epaulettes，最初是掛士兵肩章用的。把釦子解開把包包掛上去，再把釦子扣好就可以防止包包的肩帶滑掉了，還可以讓肩頸更加挺立呢！ #袖帶# ▼ 袖口的袖帶，綁緊它，可以防止風灌進衣服裡，防風保暖。另外，也有些人當時把手套掛在袖帶上，超級人性化。 #防風布# ▼ 風衣肩前，有多出的一塊布，叫做Gun flap(槍皮瓣)。這塊佈在戰時主要是為了墊槍的，防止槍械的後坐力衝擊。現在更多的是裝飾作用。 背面的防風片這塊布主要是為遮雨用的。下雨的時候，把腰帶束緊，雨水就順著後面的這塊布滴落，就不會把整個背部打濕了，還有一定的修身作用。 #搭配# ▼ 風衣流傳到現在，經過了無數時尚元素的洗禮，也變了新的模樣。顏色上不再是單一的卡其色，材質也更豐富了，就連風衣上的設計也有了改變。但風衣永遠都是換季首選單品，經典永不過時。 ▼ 搭配簡單緊身褲，牛仔褲 ▼ 搭配連衣裙、半身裙 衛衣帽子上的繩子 ▼ 連帽衛衣是秋冬春三季都可以穿的單品，絕對的百搭又實用。當然連帽衛衣上的兩根帶子也是一個神秘的存在。有說掛鑰匙的還可以理解，那些說蹲廁所的時候可以用來堵鼻孔的是什麼鬼！這種宇宙無敵大的腦洞就讓一路哥給你補上吧~ 到了風大寒冷的冬天，帶上帽子把兩根繩子一拉收緊帽口，就能防風保暖了，很簡單的設計卻很暖。 #繞圈圈法# ▼ 步驟：取帽繩適當的長度上折並往下繞圈圈，將最後一小段塞到圈圈裡，完成！",
    "time": "2017/05/31 18:07:20",
    "event": "slide"
  },
  {
    "category": "16",
    "app": "Facebook",
    "id": "42",
    "context": "牠就是融化上萬人的「真貓版鞋貓劍客」，只要視線一對到牠的眼睛你就會被馴服成貓奴… ",
    "time": "2017/05/31 18:09:36",
    "event": "click"
  },
  {
    "category": "16",
    "app": "Facebook",
    "id": "43",
    "context": "牠就是融化上萬人的「真貓版鞋貓劍客」，只要視線一對到牠的眼睛你就會被馴服成貓奴… 最近，一隻叫做Hosico的格蘭折耳貓紅遍網路。牠住在莫斯科，雖然沒有垂垂的耳朵，但憑藉圓滾滾的碧綠色眼睛，還有胖嘟嘟的臉蛋，成功萌化人心。 ▼主人專門為牠創建了Instagram帳號，經常分享牠的照片，牠的粉絲也越來越多。 ▼Hosico是一隻有性格的貓咪，尤其喜新厭舊。牠喜歡玩新玩具，一個星期後玩具變舊，就會被牠打入冷宮。 ▼牠不喜歡主人專門買來的玩具，反而對鞋帶、樹枝、紙團、網球等等很感興趣，從小就勤儉持家，很討人喜歡。 ▼牠從小被呵護，對陌生人、陌生的地方充滿恐懼，有時候把家具換地方擺放，牠都會被嚇一跳。 ▼因為身材圓潤，牠很難擠進紙箱，厭世的表情超好笑。 家中有這樣一隻可愛的貓咪，主人的生活一定多姿多彩。看著牠碧綠的眼睛，大家只想狠狠寵愛牠，給牠更多的愛，世界上怎麼會有這麼萌的動物，真是太犯規了！",
    "time": "2017/05/31 18:09:36",
    "event": "slide"
  },
  {
    "category": "17",
    "app": "Facebook",
    "id": "44",
    "context": "男子撿到一窩「蜜蜂狗」, 詢問獸醫品種，實情讓人憤怒 ",
    "time": "2017/05/31 18:10:02",
    "event": "click"
  },
  {
    "category": "17",
    "app": "Facebook",
    "id": "45",
    "context": "男子撿到一窩「蜜蜂狗」, 詢問獸醫品種，實情讓人憤怒 男子在路邊散步，聽到草叢內一片騷動，翻開草叢一看，發現了4隻小家夥。 小家夥是一種狗狗，身上毛發很奇怪，紅黑相間，看起來十分像浣熊。男子覺得好奇，就把小家夥抱了出來，放在自己的背包上。 小家夥可能是病了，趴在地上沒有啥活力。加上很久沒吃東西，一隻小狗狗側躺在地上，好像快不行的樣子。 男子趕緊把狗狗帶回了家，叫來了獸醫朋友，檢查一下情況。 獸醫朋友當場看了就怒了，這是典型的染色狗。商家為了讓狗狗看起來品相好，就用染料給狗狗染色。 其實這並不是“蜜蜂狗”，就是一隻土狗。 染色後，狗狗的皮膚就會不舒服，不舒服就喜歡舔染色毛發，殊不知這些燃料都是有毒的，狗狗就會慢性中毒，通常活不過3個月。 為了錢，狗販子真是什麼都做的出來。 其實，狗狗被染色也是消費者的愚蠢造成的，消費者看到狗狗色彩稀奇，就會傾向於去買，直接鼓勵了這種行為。 所以大家如果看到這種狗，千萬不要買。隻要看到這種狗賣不出去，商家就不會浪費成本去染色，因為染色也是要錢的。 沒有買賣，就沒有傷害",
    "time": "2017/05/31 18:10:02",
    "event": "slide"
  },
  {
    "category": "10",
    "app": "Facebook",
    "id": "46",
    "context": "「每次坐客運回台北，心情就很沉重...」",
    "time": "2017/05/31 18:12:40",
    "event": "click"
  },
  {
    "category": "10",
    "app": "Facebook",
    "id": "47",
    "context": "「每次坐客運回台北，心情就很沉重...」3個中南部囝仔在天龍國的蝸居日記 (夏鑄九,營隊,休學,涵碧樓,...) ",
    "time": "2017/05/31 18:12:40",
    "event": "slide"
  },
  {
    "category": "18",
    "app": "Facebook",
    "id": "48",
    "context": "明天就將拿到身份證！》貢獻台灣50年 ",
    "time": "2017/05/31 18:13:08",
    "event": "click"
  },
  {
    "category": "18",
    "app": "Facebook",
    "id": "49",
    "context": "明天就將拿到身份證！》貢獻台灣50年，丁松筠神父心臟病過世，享壽75歲！ (神父,松青,台灣50,美語,身分證,聖地牙哥,扶養,...) ",
    "time": "2017/05/31 18:13:08",
    "event": "slide"
  },
  {
    "category": "19",
    "app": "Line",
    "id": "50",
    "context": "我們導生聚就決定去敦煌了 要什麼自己拿 算宗銘的 今天要上機?",
    "time": "2017/05/31 18:22:30",
    "event": "slide"
  },
  {
    "category": "19",
    "app": "Line",
    "id": "51",
    "context": "沒 物理算作業百分比，下禮拜交",
    "time": "2017/05/31 18:22:30",
    "event": "type"
  },
  {
    "category": "21",
    "app": "Line",
    "id": "52",
    "context": "傳送",
    "time": "2017/05/31 18:22:30",
    "event": "click"
  },
  {
    "category": "19",
    "app": "Line",
    "id": "53",
    "context": "我們導生聚就決定去敦煌了 要什麼自己拿 算宗銘的 今天要上機? 沒 物理算作業百分比，下禮拜交",
    "time": "2017/05/31 18:22:30",
    "event": "slide"
  },
  {
    "category": "20",
    "app": "Line",
    "id": "54",
    "context": "有人要知道自己成績咩 應該都知道了吧？",
    "time": "2017/05/31 18:22:33",
    "event": "slide"
  },
  {
    "category": "20",
    "app": "Line",
    "id": "55",
    "context": "好哦 ~~~~ 感謝你",
    "time": "2017/05/31 18:22:33",
    "event": "type"
  },
  {
    "category": "21",
    "app": "Line",
    "id": "56",
    "context": "傳送",
    "time": "2017/05/31 18:22:33",
    "event": "click"
  },
  {
    "category": "20",
    "app": "Line",
    "id": "57",
    "context": "有人要知道自己成績咩 應該都知道了吧？ 好哦 ~~~~ 感謝你",
    "time": "2017/05/31 18:22:33",
    "event": "slide"
  }
]