[
  {
    "category": "1",
    "app": "Line",
    "id": "1",
    "context": "那你先休息吧！ 不。 我要堅強的爬起來 去醫院看醫生 =-= 好哦！ 心疼了。。 乖老公等我回來！ 我去打針啦",
    "time": "2017/06/05 16:35:11",
    "event": "slide"
  },
  {
    "category": "2",
    "app": "Line",
    "id": "2",
    "context": "好哦 去吧",
    "time": "2017/06/05 16:35:17",
    "event": "type"
  },
  {
    "category": "3",
    "app": "Line",
    "id": "3",
    "context": "傳送",
    "time": "2017/06/05 16:35:18",
    "event": "click"
  },
  {
    "category": "1",
    "app": "Line",
    "id": "4",
    "context": "那你先休息吧！ 不。 我要堅強的爬起來 去醫院看醫生 =-= 好哦！ 心疼了。。 乖老公等我回來！ 我去打針啦 好哦 去吧",
    "time": "2017/06/05 16:35:20",
    "event": "slide"
  },
  {
    "category": "4",
    "app": "Chrome",
    "id": "5",
    "context": "註冊Dcard",
    "time": "2017/06/05 16:36:10",
    "event": "click"
  },
  {
    "category": "4",
    "app": "Chrome",
    "id": "6",
    "context": "Dcard 不想錯過任何有趣的話題嗎？趕快加入我們吧！",
    "time": "2017/06/05 16:36:10",
    "event": "slide"
  },
  {
    "category": "5",
    "app": "Chrome",
    "id": "7",
    "context": "電影板 - Dcard ",
    "time": "2017/06/05 16:36:15",
    "event": "click"
  },
  {
    "category": "5",
    "app": "Chrome",
    "id": "8",
    "context": "電影板 - Dcard ",
    "time": "2017/06/05 16:36:16",
    "event": "slide"
  },
  {
    "category": "5",
    "app": "Chrome",
    "id": "9",
    "context": "#舊電影 #一言心得 AI人工智慧 - Dcard 簡約的一句心得......，一生只愛一個人...好累。（主角是一名機器人，由於硬碟設定的限制，一生只會愛一個人。），簡單來說，這是一部帶著熊熊千里尋母的故事，途中遇見保母機器人、情人機器人，令我印象最深刻個是保母機器人由於機器的設定，到死前一刻，依然對自己保母這個職業視為最重要的一部份，對於如此，喜乎？憂乎？但至少這是我們無法勝過機器人的這一塊。",
    "time": "2017/06/05 16:36:44",
    "event": "click"
  },
  {
    "category": "5",
    "app": "Chrome",
    "id": "10",
    "context": "#舊電影 #一言心得 AI人工智慧 - Dcard 簡約的一句心得......，一生只愛一個人...好累。（主角是一名機器人，由於硬碟設定的限制，一生只會愛一個人。），簡單來說，這是一部帶著熊熊千里尋母的故事，途中遇見保母機器人、情人機器人，令我印象最深刻個是保母機器人由於機器的設定，到死前一刻，依然對自己保母這個職業視為最重要的一部份，對於如此，喜乎？憂乎？但至少這是我們無法勝過機器人的這一塊。",
    "time": "2017/06/05 16:36:44",
    "event": "slide"
  },
  {
    "category": "5",
    "app": "Chrome",
    "id": "11",
    "context": "電影板 - Dcard ",
    "time": "2017/06/05 16:37:08",
    "event": "slide"
  },
  {
    "category": "6",
    "app": "Chrome",
    "id": "12",
    "context": "追星板 - Dcard ",
    "time": "2017/06/05 16:37:45",
    "event": "click"
  },
  {
    "category": "6",
    "app": "Chrome",
    "id": "13",
    "context": "追星板 - Dcard ",
    "time": "2017/06/05 16:37:45",
    "event": "slide"
  },
  {
    "category": "7",
    "app": "Chrome",
    "id": "14",
    "context": "靈異板 - Dcard ",
    "time": "2017/06/05 16:38:27",
    "event": "click"
  },
  {
    "category": "7",
    "app": "Chrome",
    "id": "15",
    "context": "靈異板 - Dcard ",
    "time": "2017/06/05 16:38:27",
    "event": "slide"
  },
  {
    "category": "8",
    "app": "Chrome",
    "id": "16",
    "context": "考試板 - Dcard ",
    "time": "2017/06/05 16:39:01",
    "event": "click"
  },
  {
    "category": "8",
    "app": "Chrome",
    "id": "17",
    "context": "考試板 - Dcard ",
    "time": "2017/06/05 16:39:01",
    "event": "slide"
  },
  {
    "category": "8",
    "app": "Chrome",
    "id": "18",
    "context": "#公告 標題請加上分類 #轉學考 、#國考 、#重考 、#考古題 - Dcard 要考試但是只唸了封面嗎？要考試但是忍不住滑 Dcard 嗎？要考試但是心早就放假去了嗎？（*´∀`）~，我們都知道的，所以 Dcard 開「考試版」囉！，為了讓後續逛版的人方便閱讀查找，所以請大家在標題統一格式",
    "time": "2017/06/05 16:39:04",
    "event": "click"
  },
  {
    "category": "8",
    "app": "Chrome",
    "id": "19",
    "context": "#公告 標題請加上分類 #轉學考 、#國考 、#重考 、#考古題 - Dcard 要考試但是只唸了封面嗎？要考試但是忍不住滑 Dcard 嗎？要考試但是心早就放假去了嗎？（*´∀`）~，我們都知道的，所以 Dcard 開「考試版」囉！，為了讓後續逛版的人方便閱讀查找，所以請大家在標題統一格式",
    "time": "2017/06/05 16:39:04",
    "event": "slide"
  },
  {
    "category": "9",
    "app": "Chrome",
    "id": "20",
    "context": "蘋果日報—即時新聞 ",
    "time": "2017/06/05 16:39:56",
    "event": "click"
  },
  {
    "category": "9",
    "app": "Chrome",
    "id": "21",
    "context": "蘋果日報—即時新聞 ",
    "time": "2017/06/05 16:39:56",
    "event": "slide"
  },
  {
    "category": "9",
    "app": "Chrome",
    "id": "22",
    "context": "蘋果地產網｜首頁｜蘋果日報",
    "time": "2017/06/05 16:40:35",
    "event": "click"
  },
  {
    "category": "9",
    "app": "Chrome",
    "id": "23",
    "context": "蘋果地產網｜首頁｜蘋果日報",
    "time": "2017/06/05 16:40:35",
    "event": "slide"
  },
  {
    "category": "4",
    "app": "Chrome",
    "id": "24",
    "context": "Dcard 不想錯過任何有趣的話題嗎？趕快加入我們吧！",
    "time": "2017/06/05 16:41:44",
    "event": "slide"
  },
  {
    "category": "10",
    "app": "Chrome",
    "id": "25",
    "context": "#圖 簡易壽喜燒 - Dcard 這兩天雨下超級大的，要外出買三餐有夠困難，所以就就近去全聯買了一些簡單的食材來煮壽喜燒啦！以下食材可以替換成自己喜歡的蔬菜，食材 ：小白菜、青江菜，玉米筍、鱈魚丸，雪白菇、豬肉片，洋蔥、白蘿蔔，寬粉絲、火鍋用豆腐",
    "time": "2017/06/05 16:42:10",
    "event": "click"
  },
  {
    "category": "10",
    "app": "Chrome",
    "id": "26",
    "context": "#圖 簡易壽喜燒 - Dcard 這兩天雨下超級大的，要外出買三餐有夠困難，所以就就近去全聯買了一些簡單的食材來煮壽喜燒啦！以下食材可以替換成自己喜歡的蔬菜，食材 ：小白菜、青江菜，玉米筍、鱈魚丸，雪白菇、豬肉片，洋蔥、白蘿蔔，寬粉絲、火鍋用豆腐",
    "time": "2017/06/05 16:42:10",
    "event": "slide"
  },
  {
    "category": "4",
    "app": "Chrome",
    "id": "27",
    "context": "Dcard 不想錯過任何有趣的話題嗎？趕快加入我們吧！",
    "time": "2017/06/05 16:44:04",
    "event": "slide"
  },
  {
    "category": "10",
    "app": "Chrome",
    "id": "28",
    "context": "8種泰國泡麵 + 3種越南泡麵 #評比 - Dcard 上次在公館的泰國小館前面買了泰國泡麵 + 越南泡麵回去。（其實原本以為都是泰國泡麵，回來之後才發現有3種越南泡麵），泰國小館非常有名，在汀州路上，因為不打算推薦餐廳美食，有需要去那邊買再自己查店址囉，這是所有泡麵排排站照，有些口味應該可以在超市找到。",
    "time": "2017/06/05 16:44:29",
    "event": "click"
  },
  {
    "category": "10",
    "app": "Chrome",
    "id": "29",
    "context": "8種泰國泡麵 + 3種越南泡麵 #評比 - Dcard 上次在公館的泰國小館前面買了泰國泡麵 + 越南泡麵回去。（其實原本以為都是泰國泡麵，回來之後才發現有3種越南泡麵），泰國小館非常有名，在汀州路上，因為不打算推薦餐廳美食，有需要去那邊買再自己查店址囉，這是所有泡麵排排站照，有些口味應該可以在超市找到。",
    "time": "2017/06/05 16:44:29",
    "event": "slide"
  },
  {
    "category": "4",
    "app": "Chrome",
    "id": "30",
    "context": "Dcard 不想錯過任何有趣的話題嗎？趕快加入我們吧！",
    "time": "2017/06/05 16:47:17",
    "event": "slide"
  },
  {
    "category": "10",
    "app": "Chrome",
    "id": "31",
    "context": "全聯/綠豆涼菓子 - Dcard 大家好，第一次在美食版發文如果有什麼不妥還請多多包涵指教，看到還沒有人分享的樣子所以就來發了，前一陣子看到有一篇分享古早味的傳統點心，因為不知道為什麼我超愛古早味點心的，愛到連我媽都說我有一顆古早胃",
    "time": "2017/06/05 16:47:39",
    "event": "click"
  },
  {
    "category": "10",
    "app": "Chrome",
    "id": "32",
    "context": "全聯/綠豆涼菓子 - Dcard 大家好，第一次在美食版發文如果有什麼不妥還請多多包涵指教，看到還沒有人分享的樣子所以就來發了，前一陣子看到有一篇分享古早味的傳統點心，因為不知道為什麼我超愛古早味點心的，愛到連我媽都說我有一顆古早胃",
    "time": "2017/06/05 16:47:39",
    "event": "slide"
  },
  {
    "category": "4",
    "app": "Chrome",
    "id": "33",
    "context": "Dcard 不想錯過任何有趣的話題嗎？趕快加入我們吧！",
    "time": "2017/06/05 16:48:41",
    "event": "slide"
  },
  {
    "category": "11",
    "app": "Facebook",
    "id": "34",
    "context": "貓媽生下小貓20天後，終於肯叼回家，下一刻場面忍不住痛哭！ - COCO大马站 ▲這隻挺起大肚子的貓媽，叫大白，是我餵養的一隻流浪貓。2個月後，大白鼓鼓的肚子軟了，它做了媽媽。▲每天吃飯，仍然像過去一樣，等別人吃完才會去吃，無論相貌和性格，它都非常像自己的外祖母，一樣的小心謹慎。等啊，等啊，它已經等了好久，兩位咋還吃不完呢，眼看著碗裡的飯都要光了。",
    "time": "2017/06/05 16:49:18",
    "event": "click"
  },
  {
    "category": "11",
    "app": "Facebook",
    "id": "35",
    "context": "貓媽生下小貓20天後，終於肯叼回家，下一刻場面忍不住痛哭！ - COCO大马站 ▲這隻挺起大肚子的貓媽，叫大白，是我餵養的一隻流浪貓。2個月後，大白鼓鼓的肚子軟了，它做了媽媽。▲每天吃飯，仍然像過去一樣，等別人吃完才會去吃，無論相貌和性格，它都非常像自己的外祖母，一樣的小心謹慎。等啊，等啊，它已經等了好久，兩位咋還吃不完呢，眼看著碗裡的飯都要光了。",
    "time": "2017/06/05 16:49:18",
    "event": "slide"
  },
  {
    "category": "11",
    "app": "Facebook",
    "id": "36",
    "context": "小浣熊突然深情款款地望著喵喵，沒想到下一秒的舉動....讓看的人瞬間笑到噴飯！ - COCO大马站 小浣熊都有個看見什麼東西就想拿去水裡洗的奇怪習慣，也曾經鬧出不少悲劇！看牠雙手隨時準備好要洗東西的樣 ...",
    "time": "2017/06/05 16:54:40",
    "event": "click"
  },
  {
    "category": "11",
    "app": "Facebook",
    "id": "37",
    "context": "小浣熊突然深情款款地望著喵喵，沒想到下一秒的舉動....讓看的人瞬間笑到噴飯！ - COCO大马站 小浣熊都有個看見什麼東西就想拿去水裡洗的奇怪習慣，也曾經鬧出不少悲劇！看牠雙手隨時準備好要洗東西的樣 ...",
    "time": "2017/06/05 16:54:40",
    "event": "slide"
  },
  {
    "category": "11",
    "app": "Facebook",
    "id": "38",
    "context": "《全職摸貓工作》全天下最適合貓奴的工作 - COCO01 天啊！看得我超想應徵的！一個人有沒有養貓～看他摸貓咪的手勢就知道，常摸貓咪的人知道怎麼摸可以讓貓老大們最舒爽，愛爾蘭都柏林這間專門替貓咪看診的獸醫院「Just Cats Veterinary Clin",
    "time": "2017/06/05 16:55:33",
    "event": "click"
  },
  {
    "category": "11",
    "app": "Facebook",
    "id": "39",
    "context": "《全職摸貓工作》全天下最適合貓奴的工作 - COCO01 天啊！看得我超想應徵的！一個人有沒有養貓～看他摸貓咪的手勢就知道，常摸貓咪的人知道怎麼摸可以讓貓老大們最舒爽，愛爾蘭都柏林這間專門替貓咪看診的獸醫院「Just Cats Veterinary Clin",
    "time": "2017/06/05 16:55:33",
    "event": "slide"
  },
  {
    "category": "12",
    "app": "Facebook",
    "id": "40",
    "context": "這個寶寶一出生臉上就有「上帝給的禮物」爆紅，長大後的樣子已經融化一堆粉絲了！ – ShareU趣味新聞 土耳其有一位28歲的媽媽 Ceyda 生下了寶寶 Çinar，想不到寶寶的臉上有一個漂亮愛心形狀的胎記，讓 C",
    "time": "2017/06/05 16:56:12",
    "event": "click"
  },
  {
    "category": "12",
    "app": "Facebook",
    "id": "41",
    "context": "這個寶寶一出生臉上就有「上帝給的禮物」爆紅，長大後的樣子已經融化一堆粉絲了！ – ShareU趣味新聞 土耳其有一位28歲的媽媽 Ceyda 生下了寶寶 Çinar，想不到寶寶的臉上有一個漂亮愛心形狀的胎記，讓 C",
    "time": "2017/06/05 16:56:12",
    "event": "slide"
  },
  {
    "category": "13",
    "app": "Facebook",
    "id": "42",
    "context": "小男孩不知道媽媽已經去世了還趴在棺木上癡癡望著她，當阿姨聽到他問出「這一個問題」心臟都快裂開了… 爸爸和媽媽是孩子成長的過程中不可或缺的角色，因此對一個小小年紀不黯世事的孩子來說，失去媽媽是多麼悲傷的事…。 近來有一張菲律賓小男孩趴在媽媽棺木前的照片讓人心碎，拍攝照片的是小男孩的阿姨，只見小男孩靜靜趴在棺木前思念母親，而阿姨拍下了他和媽媽最後的合照……。 喪禮中，小男孩小心趴在媽媽的棺木前，看著母親熟睡的容顏。他的阿姨在臉書寫下：你要怎麼解釋你的小孩問說：「為什麼我不能睡在媽媽旁邊？」。 這是多麼讓人心碎的一句話，儘管他對死亡的定義還懵懵懂懂，但他的童言童語無不讓人心痛。阿姨還寫到：「他自己推著椅子，爬上去擁抱媽媽，看到這幕時，我頓時心痛到難以言喻…」。 ",
    "time": "2017/06/05 16:57:43",
    "event": "click"
  },
  {
    "category": "13",
    "app": "Facebook",
    "id": "43",
    "context": "小男孩不知道媽媽已經去世了還趴在棺木上癡癡望著她，當阿姨聽到他問出「這一個問題」心臟都快裂開了… 爸爸和媽媽是孩子成長的過程中不可或缺的角色，因此對一個小小年紀不黯世事的孩子來說，失去媽媽是多麼悲傷的事…。 近來有一張菲律賓小男孩趴在媽媽棺木前的照片讓人心碎，拍攝照片的是小男孩的阿姨，只見小男孩靜靜趴在棺木前思念母親，而阿姨拍下了他和媽媽最後的合照……。 喪禮中，小男孩小心趴在媽媽的棺木前，看著母親熟睡的容顏。他的阿姨在臉書寫下：你要怎麼解釋你的小孩問說：「為什麼我不能睡在媽媽旁邊？」。 這是多麼讓人心碎的一句話，儘管他對死亡的定義還懵懵懂懂，但他的童言童語無不讓人心痛。阿姨還寫到：「他自己推著椅子，爬上去擁抱媽媽，看到這幕時，我頓時心痛到難以言喻…」。 ",
    "time": "2017/06/05 16:57:43",
    "event": "slide"
  }
]