[
  {
    "category": "1",
    "app": "AppleMedia",
    "id": "1",
    "context": "同婚釋憲　呂秋遠：祭品暑假開始奉上  呂秋遠：祭品暑假開始奉上 2017-05-25 10:17:00  ▲同婚釋憲案結果出爐，大法官認定民法違憲。（圖／記者季相儒攝，下同。） 政治中心／綜合報導 大法官24日對同婚釋憲案作出解釋，宣告《民法》不允許同性結婚的規定違憲，主管機關應在2年內修法或立法，時限過後若未完成，同性伴侶可以直接結婚。律師呂秋遠也將兌現承諾，他表示會在暑假以後開始供奉「祭品」，所有經費我會支出，請不要搶著付錢。 大法官釋字第748號解釋文指出，民法中的婚姻規定，未使相同性別2人，得為經營共同生活之目的，成立具有親密性及排他性之永久結合關係，違犯憲法第22條保障人民婚姻自由及第7條保障人民平等權。 因此，有關機關應於本解釋公布之日起2年內，依本解釋意旨完成修正民法或立法，逾期未完成，同性伴侶可以持2人以上證人簽名之書面，直接向戶政機關辦理結婚登記。  呂秋遠24日在釋憲結果出爐前，先在臉書上發祭品文，如果最後大法官釋憲結果公布，同志不能結婚違憲，且要求立法院修法，就辦12場公益演講。 接著，結果也讓呂秋遠相當感動，並在臉書上提到，婚姻是一項選擇權，有選擇是好事。歡迎進入婚姻制度，體驗第二人生，同時也要感謝同志運動先驅祁家威的努力，「您真的辛苦了」。 呂秋遠認為，此釋憲解果是性別平權的重要里程碑，但是未來還很長，性別平等教育是落實反性別歧視的重要角色，請不要放棄治療；至於說好的祭品，他強調，演講會在暑假後舉辦，主題另行公布，有興趣的人都可以共同參與，「雞排要不要切要不要加辣通通都有，珍珠奶茶可以無糖去冰，但不可以換冰咖啡。」 「做到了，我們是亞洲第一個支持同志婚姻合法化的國家」，不過，呂秋遠仍說，修法尚未成功，同志仍須努力，請支持修訂民法，不要專法。   推薦閱讀 一改再改！是國家還地方？　BBC臉書貼文一晚變4次  同婚釋憲轟大法官「無三小路用」　蔡易餘認失言道歉了  成為亞洲第一有希望？　CNN：為同性婚姻鋪好路！  大法官翻開正確的史頁　段宜康：修法責任就在民進黨！  大法官你們好棒！　吳崢喊：要邁向婚姻平權的國度  挺同婚！相愛是人權　陳菊貼彩虹旗照高喊：加油  如果禁同婚違憲　呂秋遠辦12場公益演講！  國民黨布局曝光？　吳敦義笑：少數網友開玩笑的狂想曲  國民黨也喊特赦陳水扁　蔡易餘：這很明顯就是講幹話！  18國力挺入WHA　大陸怒：各方停止干涉國家內政！",
    "time": "2017/05/25 10:33:42",
    "event": "click"
  },
  {
    "category": "1",
    "app": "AppleMedia",
    "id": "2",
    "context": "同婚釋憲　呂秋遠：祭品暑假開始奉上  呂秋遠：祭品暑假開始奉上 2017-05-25 10:17:00  ▲同婚釋憲案結果出爐，大法官認定民法違憲。（圖／記者季相儒攝，下同。） 政治中心／綜合報導 大法官24日對同婚釋憲案作出解釋，宣告《民法》不允許同性結婚的規定違憲，主管機關應在2年內修法或立法，時限過後若未完成，同性伴侶可以直接結婚。律師呂秋遠也將兌現承諾，他表示會在暑假以後開始供奉「祭品」，所有經費我會支出，請不要搶著付錢。 大法官釋字第748號解釋文指出，民法中的婚姻規定，未使相同性別2人，得為經營共同生活之目的，成立具有親密性及排他性之永久結合關係，違犯憲法第22條保障人民婚姻自由及第7條保障人民平等權。 因此，有關機關應於本解釋公布之日起2年內，依本解釋意旨完成修正民法或立法，逾期未完成，同性伴侶可以持2人以上證人簽名之書面，直接向戶政機關辦理結婚登記。  呂秋遠24日在釋憲結果出爐前，先在臉書上發祭品文，如果最後大法官釋憲結果公布，同志不能結婚違憲，且要求立法院修法，就辦12場公益演講。 接著，結果也讓呂秋遠相當感動，並在臉書上提到，婚姻是一項選擇權，有選擇是好事。歡迎進入婚姻制度，體驗第二人生，同時也要感謝同志運動先驅祁家威的努力，「您真的辛苦了」。 呂秋遠認為，此釋憲解果是性別平權的重要里程碑，但是未來還很長，性別平等教育是落實反性別歧視的重要角色，請不要放棄治療；至於說好的祭品，他強調，演講會在暑假後舉辦，主題另行公布，有興趣的人都可以共同參與，「雞排要不要切要不要加辣通通都有，珍珠奶茶可以無糖去冰，但不可以換冰咖啡。」 「做到了，我們是亞洲第一個支持同志婚姻合法化的國家」，不過，呂秋遠仍說，修法尚未成功，同志仍須努力，請支持修訂民法，不要專法。   推薦閱讀 一改再改！是國家還地方？　BBC臉書貼文一晚變4次  同婚釋憲轟大法官「無三小路用」　蔡易餘認失言道歉了  成為亞洲第一有希望？　CNN：為同性婚姻鋪好路！  大法官翻開正確的史頁　段宜康：修法責任就在民進黨！  大法官你們好棒！　吳崢喊：要邁向婚姻平權的國度  挺同婚！相愛是人權　陳菊貼彩虹旗照高喊：加油  如果禁同婚違憲　呂秋遠辦12場公益演講！  國民黨布局曝光？　吳敦義笑：少數網友開玩笑的狂想曲  國民黨也喊特赦陳水扁　蔡易餘：這很明顯就是講幹話！  18國力挺入WHA　大陸怒：各方停止干涉國家內政！",
    "time": "2017/05/25 10:33:42",
    "event": "slide"
  },
  {
    "category": "1",
    "app": "AppleMedia",
    "id": "3",
    "context": "成為亞洲第一有希望？　CNN：為同性婚姻鋪好路！  成為亞洲第一有希望？　CNN：為同性婚姻鋪好路！ 2017-05-24 17:43:00  政治中心／綜合報導 亞洲首場同婚釋憲案最終結果揭曉，民法不許同性別2人締結婚姻關係，實屬違憲，立法院須在2年內完成修法或立法，倘若沒在2年內完成修法或立法，同性伴侶就可以直接依民法到戶政事務所登記結婚。釋憲結果引來各界高度關注，《CNN》報導指出，大法官釋憲為同性婚姻鋪路，未來很可能因此成為亞洲第一個允許同婚的地方。  ▲同婚釋憲案結果出爐，大法官認定民法違憲。（圖／記者季相儒攝，下同。） 司法院大法官釋憲結果指出，民法第4編親屬第2章婚姻規定，未使相同性別2人，得為經營共同生活之目的，成立具有親密性及排他性之永久結合關係，於此範圍內，與憲法第22條保障人民婚姻自由及第7條保障人民平等權之意旨有違。 因此，有關機關應於本解釋公布之日起2年內，依本解釋意旨完成相關法律之修正或制定。至於以何種形式達成婚姻自由之平等保護，屬立法形成之範圍。逾期未完成相關法律之修正或制定者，相同性別2人為成立上開永久結合關係，得依上開婚姻章規定，持2人以上證人簽名之書面，向戶政機關辦理結婚登記。  《CNN》表示，同婚相關立法草案已經送進立法院裡，雖然陷入僵局，但過去總統蔡英文在2016大選前，就已經明確表達對同婚的支持，「面對愛，每個人都是平等的」，力挺婚姻權益人人平等，要讓每個人都能夠自由地尋找愛與幸福。 眼見同志權益將邁入下個里程碑，《CNN》點出，其實在亞洲其他地方，卻有許多同志族群在社會上臨著越來越多的迫害，包括韓國、印尼；至於日本，雖然同志族群未受到歧視，但同樣也不承認同性婚姻，反觀當前的成果，顯然已經更接近成為亞洲爭取同志權益的第一名。 同志運動先驅祁家威在2013年3月，和男伴到台北市萬華區戶政事務所登記結婚，被以不符《民法》規定為由駁回，經行政訴訟後敗訴定讞；但他認為，民法第4編親屬第2章婚姻規定「使同性別二人間不能成立法律上婚姻關係」有違憲的疑慮，因此聲請釋憲。 然而，身為戶政主管機關的台北市政府民政局，為關心同志權益，對相關婚姻法令是否憲法保障人民的自由權、平等權等問題，同樣也聲請大法官解釋。大法官2017年3月24日召開憲法法庭，針對相關疑慮進行討論，最終結果今天下午總算出爐，雖然結果不出意料，但公布結果的這一刻仍讓挺同人士都相當振奮。 ▼祁家威1986年出櫃，站出來為同志發聲，成為投身同志運動的先驅。（圖／記者林世文攝）  推薦閱讀 大法官翻開正確的史頁　段宜康：修法責任就在民進黨！  大法官你們好棒！　吳崢喊：要邁向婚姻平權的國度  挺同婚！相愛是人權　陳菊貼彩虹旗照高喊：加油  如果禁同婚違憲　呂秋遠辦12場公益演講加送雞排珍奶！  國民黨布局曝光？　吳敦義笑：少數網友開玩笑的狂想曲  國民黨也喊特赦陳水扁　蔡易餘：這很明顯就是講幹話！  陳時中署名「中華民國」　游盈隆：誰的主意？真見笑  同婚釋憲／民主很重要的一天　蔡政府別再玩話術！  加一堆班叫保障勞工權益？一例一休擬放寬加班時數挨轟  可能重審5大案！扁健康好轉去餐會　法院最快26日發傳票",
    "time": "2017/05/25 10:37:32",
    "event": "click"
  },
  {
    "category": "1",
    "app": "AppleMedia",
    "id": "4",
    "context": "成為亞洲第一有希望？　CNN：為同性婚姻鋪好路！  成為亞洲第一有希望？　CNN：為同性婚姻鋪好路！ 2017-05-24 17:43:00  政治中心／綜合報導 亞洲首場同婚釋憲案最終結果揭曉，民法不許同性別2人締結婚姻關係，實屬違憲，立法院須在2年內完成修法或立法，倘若沒在2年內完成修法或立法，同性伴侶就可以直接依民法到戶政事務所登記結婚。釋憲結果引來各界高度關注，《CNN》報導指出，大法官釋憲為同性婚姻鋪路，未來很可能因此成為亞洲第一個允許同婚的地方。  ▲同婚釋憲案結果出爐，大法官認定民法違憲。（圖／記者季相儒攝，下同。） 司法院大法官釋憲結果指出，民法第4編親屬第2章婚姻規定，未使相同性別2人，得為經營共同生活之目的，成立具有親密性及排他性之永久結合關係，於此範圍內，與憲法第22條保障人民婚姻自由及第7條保障人民平等權之意旨有違。 因此，有關機關應於本解釋公布之日起2年內，依本解釋意旨完成相關法律之修正或制定。至於以何種形式達成婚姻自由之平等保護，屬立法形成之範圍。逾期未完成相關法律之修正或制定者，相同性別2人為成立上開永久結合關係，得依上開婚姻章規定，持2人以上證人簽名之書面，向戶政機關辦理結婚登記。  《CNN》表示，同婚相關立法草案已經送進立法院裡，雖然陷入僵局，但過去總統蔡英文在2016大選前，就已經明確表達對同婚的支持，「面對愛，每個人都是平等的」，力挺婚姻權益人人平等，要讓每個人都能夠自由地尋找愛與幸福。 眼見同志權益將邁入下個里程碑，《CNN》點出，其實在亞洲其他地方，卻有許多同志族群在社會上臨著越來越多的迫害，包括韓國、印尼；至於日本，雖然同志族群未受到歧視，但同樣也不承認同性婚姻，反觀當前的成果，顯然已經更接近成為亞洲爭取同志權益的第一名。 同志運動先驅祁家威在2013年3月，和男伴到台北市萬華區戶政事務所登記結婚，被以不符《民法》規定為由駁回，經行政訴訟後敗訴定讞；但他認為，民法第4編親屬第2章婚姻規定「使同性別二人間不能成立法律上婚姻關係」有違憲的疑慮，因此聲請釋憲。 然而，身為戶政主管機關的台北市政府民政局，為關心同志權益，對相關婚姻法令是否憲法保障人民的自由權、平等權等問題，同樣也聲請大法官解釋。大法官2017年3月24日召開憲法法庭，針對相關疑慮進行討論，最終結果今天下午總算出爐，雖然結果不出意料，但公布結果的這一刻仍讓挺同人士都相當振奮。 ▼祁家威1986年出櫃，站出來為同志發聲，成為投身同志運動的先驅。（圖／記者林世文攝）  推薦閱讀 大法官翻開正確的史頁　段宜康：修法責任就在民進黨！  大法官你們好棒！　吳崢喊：要邁向婚姻平權的國度  挺同婚！相愛是人權　陳菊貼彩虹旗照高喊：加油  如果禁同婚違憲　呂秋遠辦12場公益演講加送雞排珍奶！  國民黨布局曝光？　吳敦義笑：少數網友開玩笑的狂想曲  國民黨也喊特赦陳水扁　蔡易餘：這很明顯就是講幹話！  陳時中署名「中華民國」　游盈隆：誰的主意？真見笑  同婚釋憲／民主很重要的一天　蔡政府別再玩話術！  加一堆班叫保障勞工權益？一例一休擬放寬加班時數挨轟  可能重審5大案！扁健康好轉去餐會　法院最快26日發傳票",
    "time": "2017/05/25 10:37:32",
    "event": "slide"
  },
  {
    "category": "1",
    "app": "AppleMedia",
    "id": "5",
    "context": "挺同婚！相愛是人權　陳菊貼彩虹旗照高喊：加油 挺同婚！相愛是人權　陳菊貼彩虹旗照高喊：加油 2017-05-24 16:30:00  政治中心／綜合報導 亞洲首場同婚釋憲案最終結果揭曉，民法不許同性別2人締結婚姻關係，實屬違憲，立法院須在2年內完成修法或立法，倘若沒在2年內完成修法或立法，同性伴侶就可以直接依民法到戶政事務所登記結婚。對此，高雄市長陳菊隨即在臉書上發布彩虹旗照，並寫下：「相愛是人權」，大家都堅信本於愛及善良，必能走向進步而更加美好的價值，加油。  ▲同婚釋憲結果出爐，禁同婚違憲。（資料照／記者季相儒攝） 司法院大法官釋憲結果指出，民法第4編親屬第2章婚姻規定，未使相同性別2人，得為經營共同生活之目的，成立具有親密性及排他性之永久結合關係，於此範圍內，與憲法第22條保障人民婚姻自由及第7條保障人民平等權之意旨有違。 因此，有關機關應於本解釋公布之日起2年內，依本解釋意旨完成相關法律之修正或制定。至於以何種形式達成婚姻自由之平等保護，屬立法形成之範圍。逾期未完成相關法律之修正或制定者，相同性別2人為成立上開永久結合關係，得依上開婚姻章規定，持2人以上證人簽名之書面，向戶政機關辦理結婚登記。 ▼祁家威1986年出櫃，站出來為同志發聲，成為投身同志運動的先驅。（圖／記者林世文攝）  同志運動先驅祁家威在2013年3月，和男伴到台北市萬華區戶政事務所登記結婚，被以不符《民法》規定為由駁回，經行政訴訟後敗訴定讞；但他認為，民法第4編親屬第2章婚姻規定「使同性別二人間不能成立法律上婚姻關係」有違憲的疑慮，因此聲請釋憲。 然而，身為戶政主管機關的台北市政府民政局，為關心同志權益，對相關婚姻法令是否憲法保障人民的自由權、平等權等問題，同樣也聲請大法官解釋。大法官2017年3月24日召開憲法法庭，針對相關疑慮進行討論，最終結果今天下午總算出爐，雖然結果不出意料，但公布結果這一刻仍讓挺同婚人士都相當振奮。 ▼大法官釋憲保障同婚平權結果出爐，同志團體聚集立法院外。（圖／記者季相儒攝）  ",
    "time": "2017/05/25 10:38:55",
    "event": "click"
  },
  {
    "category": "1",
    "app": "AppleMedia",
    "id": "6",
    "context": "挺同婚！相愛是人權　陳菊貼彩虹旗照高喊：加油 挺同婚！相愛是人權　陳菊貼彩虹旗照高喊：加油 2017-05-24 16:30:00  政治中心／綜合報導 亞洲首場同婚釋憲案最終結果揭曉，民法不許同性別2人締結婚姻關係，實屬違憲，立法院須在2年內完成修法或立法，倘若沒在2年內完成修法或立法，同性伴侶就可以直接依民法到戶政事務所登記結婚。對此，高雄市長陳菊隨即在臉書上發布彩虹旗照，並寫下：「相愛是人權」，大家都堅信本於愛及善良，必能走向進步而更加美好的價值，加油。  ▲同婚釋憲結果出爐，禁同婚違憲。（資料照／記者季相儒攝） 司法院大法官釋憲結果指出，民法第4編親屬第2章婚姻規定，未使相同性別2人，得為經營共同生活之目的，成立具有親密性及排他性之永久結合關係，於此範圍內，與憲法第22條保障人民婚姻自由及第7條保障人民平等權之意旨有違。 因此，有關機關應於本解釋公布之日起2年內，依本解釋意旨完成相關法律之修正或制定。至於以何種形式達成婚姻自由之平等保護，屬立法形成之範圍。逾期未完成相關法律之修正或制定者，相同性別2人為成立上開永久結合關係，得依上開婚姻章規定，持2人以上證人簽名之書面，向戶政機關辦理結婚登記。 ▼祁家威1986年出櫃，站出來為同志發聲，成為投身同志運動的先驅。（圖／記者林世文攝）  同志運動先驅祁家威在2013年3月，和男伴到台北市萬華區戶政事務所登記結婚，被以不符《民法》規定為由駁回，經行政訴訟後敗訴定讞；但他認為，民法第4編親屬第2章婚姻規定「使同性別二人間不能成立法律上婚姻關係」有違憲的疑慮，因此聲請釋憲。 然而，身為戶政主管機關的台北市政府民政局，為關心同志權益，對相關婚姻法令是否憲法保障人民的自由權、平等權等問題，同樣也聲請大法官解釋。大法官2017年3月24日召開憲法法庭，針對相關疑慮進行討論，最終結果今天下午總算出爐，雖然結果不出意料，但公布結果這一刻仍讓挺同婚人士都相當振奮。 ▼大法官釋憲保障同婚平權結果出爐，同志團體聚集立法院外。（圖／記者季相儒攝）  ",
    "time": "2017/05/25 10:38:55",
    "event": "slide"
  },
  {
    "category": "1",
    "app": "AppleMedia",
    "id": "7",
    "context": "搞不懂同婚釋憲？　台大教授的白話文版看了秒懂  搞不懂同婚釋憲？　台大教授的白話文版看了秒懂 2017-05-25 08:04:00  ▲同婚釋憲案結果出爐，大法官認定民法違憲！（圖／記者季相儒攝） 記者徐政璿／台北報導 大法官24日下午4點公布釋憲結果，宣告《民法》不允許同性結婚的規定違憲，主管機關應以法律保障同婚，等於宣告成為亞洲第一個以法律保障同性婚姻的國家。對此，台大法律系教授李茂生在臉書表示，大法官的白話意思，是「雖然你們立法者有權力決定要修民法還是立專法，但我只給你兩年的時間」。 根據大法官解釋，法務部應在2年內研擬修法，保障同性婚姻，但大法官並未指明應另立專法或修改《民法》保障同婚權益。若未完成法律修正，同性婚姻者，可直接向戶政機關辦理結婚登記。  李茂生接著說，不過，他還是想再加幾句白話文，而且也認為這才是亮點。「雖然你們立法者有權力決定要修民法還是立專法，但我只給你兩年的時間。而且我也認為你們在兩年內絕對不可能修出來或訂出來，所以兩年後，同性的人，直接就可以去登記結婚，行政機關絕對不敢拒絕的。如果有人等不及的話，也可以現在就去試試看，不過我不保證行政機關就會買單。至於結婚後的許多權益的保障或限制等，那就再說了，反正我跑不掉，會在這裡等著。」",
    "time": "2017/05/25 10:43:10",
    "event": "click"
  },
  {
    "category": "1",
    "app": "AppleMedia",
    "id": "8",
    "context": "搞不懂同婚釋憲？　台大教授的白話文版看了秒懂  搞不懂同婚釋憲？　台大教授的白話文版看了秒懂 2017-05-25 08:04:00  ▲同婚釋憲案結果出爐，大法官認定民法違憲！（圖／記者季相儒攝） 記者徐政璿／台北報導 大法官24日下午4點公布釋憲結果，宣告《民法》不允許同性結婚的規定違憲，主管機關應以法律保障同婚，等於宣告成為亞洲第一個以法律保障同性婚姻的國家。對此，台大法律系教授李茂生在臉書表示，大法官的白話意思，是「雖然你們立法者有權力決定要修民法還是立專法，但我只給你兩年的時間」。 根據大法官解釋，法務部應在2年內研擬修法，保障同性婚姻，但大法官並未指明應另立專法或修改《民法》保障同婚權益。若未完成法律修正，同性婚姻者，可直接向戶政機關辦理結婚登記。  李茂生接著說，不過，他還是想再加幾句白話文，而且也認為這才是亮點。「雖然你們立法者有權力決定要修民法還是立專法，但我只給你兩年的時間。而且我也認為你們在兩年內絕對不可能修出來或訂出來，所以兩年後，同性的人，直接就可以去登記結婚，行政機關絕對不敢拒絕的。如果有人等不及的話，也可以現在就去試試看，不過我不保證行政機關就會買單。至於結婚後的許多權益的保障或限制等，那就再說了，反正我跑不掉，會在這裡等著。」",
    "time": "2017/05/25 10:43:10",
    "event": "slide"
  },
  {
    "category": "2",
    "app": "AppleMedia",
    "id": "9",
    "context": "飯店談判另一內幕！傳陳星妻逼下跪道歉　林奕含崩潰吞藥 飯店談判另一內幕！傳陳星妻逼下跪道歉　林奕含崩潰吞藥 2017-05-24 22:51:00  ▲陳星應訊時把更詳細的聲明稿內容及和林奕含交往過程皆上報給檢察官。（圖／東森新聞） 地方中心／綜合報導 作家林奕含輕生後被爆出疑遭補教名師陳星誘姦，目前已進入司法調查階段。陳星否認誘姦，透露妻子參與和林奕含父母談判過程中選擇原諒，沒有提告陳星；不過有媒體報導指出，陳星妻子揚言要告林奕含妨害家庭，更逼林奕含當場下跪道歉，林奕含父母不敢追究，此舉讓林奕含事後吞了300多顆安眠藥打算輕生。 根據知情人士指出，發現婚外情事件時，最該生氣的人應該就是陳星老婆，在談判時陳星妻子也在場，她幾乎沒有表達意見，甚至還選擇原諒陳星，也沒有提告；在陳星發聲明當天，陳星妻子也手寫一段自己的心聲。 「妻子的心聲    8年前，我被告知戀情    我選擇—沒有提告    我沉默了8年    X妻XX」 該段手稿並未曝光，不過字裏行間表達出身為妻子的無奈與沉默。陳星9日在南檢應訊完後就對外發布聲明，坦承自己與林奕含曾交往過2個月，最後被林奕含父母發現後要求2人分手，而陳星妻子在當時也表達原諒，戀情就告一段落，聲明中將所有的事情都導向「婚外情」。 不過，根據《蘋果日報》報導，雙方談判時原本是林奕含父母要求陳星給出交代，謾罵的過程中激起陳星妻子情緒上來，反批林奕含明明自知陳星有老婆還選擇交往，揚言要控告林奕含妨害家庭。 報導指出，林奕含父母當時難以反應，也不知如何是好。陳星妻子進一步要求林奕含下跪認錯，最後林奕含父母不再追究，雙方只好達成協議分手。然而林奕含事後因此身心受創，精神狀況不好，也不吃不喝，甚至吞了300多粒安眠藥進行第二次輕生。 ● 《ETtoday新聞雲》提醒您，請給自己機會：自殺防治諮詢安心專線：0800-788995；生命線協談專線：1995",
    "time": "2017/05/25 10:44:08",
    "event": "click"
  },
  {
    "category": "2",
    "app": "AppleMedia",
    "id": "10",
    "context": "飯店談判另一內幕！傳陳星妻逼下跪道歉　林奕含崩潰吞藥 飯店談判另一內幕！傳陳星妻逼下跪道歉　林奕含崩潰吞藥 2017-05-24 22:51:00  ▲陳星應訊時把更詳細的聲明稿內容及和林奕含交往過程皆上報給檢察官。（圖／東森新聞） 地方中心／綜合報導 作家林奕含輕生後被爆出疑遭補教名師陳星誘姦，目前已進入司法調查階段。陳星否認誘姦，透露妻子參與和林奕含父母談判過程中選擇原諒，沒有提告陳星；不過有媒體報導指出，陳星妻子揚言要告林奕含妨害家庭，更逼林奕含當場下跪道歉，林奕含父母不敢追究，此舉讓林奕含事後吞了300多顆安眠藥打算輕生。 根據知情人士指出，發現婚外情事件時，最該生氣的人應該就是陳星老婆，在談判時陳星妻子也在場，她幾乎沒有表達意見，甚至還選擇原諒陳星，也沒有提告；在陳星發聲明當天，陳星妻子也手寫一段自己的心聲。 「妻子的心聲    8年前，我被告知戀情    我選擇—沒有提告    我沉默了8年    X妻XX」 該段手稿並未曝光，不過字裏行間表達出身為妻子的無奈與沉默。陳星9日在南檢應訊完後就對外發布聲明，坦承自己與林奕含曾交往過2個月，最後被林奕含父母發現後要求2人分手，而陳星妻子在當時也表達原諒，戀情就告一段落，聲明中將所有的事情都導向「婚外情」。 不過，根據《蘋果日報》報導，雙方談判時原本是林奕含父母要求陳星給出交代，謾罵的過程中激起陳星妻子情緒上來，反批林奕含明明自知陳星有老婆還選擇交往，揚言要控告林奕含妨害家庭。 報導指出，林奕含父母當時難以反應，也不知如何是好。陳星妻子進一步要求林奕含下跪認錯，最後林奕含父母不再追究，雙方只好達成協議分手。然而林奕含事後因此身心受創，精神狀況不好，也不吃不喝，甚至吞了300多粒安眠藥進行第二次輕生。 ● 《ETtoday新聞雲》提醒您，請給自己機會：自殺防治諮詢安心專線：0800-788995；生命線協談專線：1995",
    "time": "2017/05/25 10:44:08",
    "event": "slide"
  },
  {
    "category": "3",
    "app": "MoPTT",
    "id": "11",
    "context": " 本帳號僅為版主共同發布置底文章使用，關於版務之詢問、申訴請勿寄到此帳號。 寄到此帳號之信件並不受理。  本版規有任何未竟事宜，本版所屬的站務小組長及本版版主有權力做最後裁決。  poopooer 2010.05.12 Ithildin 2010.06.09 補充盜版部分以及第二條之討論範圍 iPhone3G 2010.08.14 補充第六點 Ithildin 2010.11.09 條文修訂 補充 poopooer 2010.11.11 補充新手文章判定 poopooer 2011.03.10 補充產品名稱規範 Ithildin 2011.07.27 補充新聞文章規範 Ithildin 2012.02.25 整合舊有公告 poopooer 2012.04.06 補充修正第三點 Ithildin 2012.04.07 整合板規一、四、八 2012.05.01 增修板規5.e 問卷文規範 2012.05.22 增修板規4.a 修改問卷文規範 iPhone3G 2012.05.25 增修問卷文規範 2012.07.16 增修板規3. 2012.08.18 增修板規5.c Ithildin 2012.09.23 整理板規 修改部分罰則 iPhone3G 2012.11.15 增修板規6 Ithildin 2013.01.17 修改板規5.b iPhone3G 2013.02.19 增修板規6 2013.02.25 新增板規5.l 2013.03.22 新增板規5.m 2013.03.24 增修板規5.l Ithildin 2014.06.04 微調板規6 修正板規5.n應歸屬發文注意事項大項 Ithildin 2014.12.09 編修板規5.b 因iPhone3GS帳號曾遭刪除目前無發文權限 由本人代發 Ithildin 2017.05.04 修正退文相關用語 增補LINE貼圖規則 增補爭議新聞規則 ",
    "time": "2017/05/25 10:46:28",
    "event": "click"
  },
  {
    "category": "3",
    "app": "MoPTT",
    "id": "12",
    "context": " 本帳號僅為版主共同發布置底文章使用，關於版務之詢問、申訴請勿寄到此帳號。 寄到此帳號之信件並不受理。  本版規有任何未竟事宜，本版所屬的站務小組長及本版版主有權力做最後裁決。  poopooer 2010.05.12 Ithildin 2010.06.09 補充盜版部分以及第二條之討論範圍 iPhone3G 2010.08.14 補充第六點 Ithildin 2010.11.09 條文修訂 補充 poopooer 2010.11.11 補充新手文章判定 poopooer 2011.03.10 補充產品名稱規範 Ithildin 2011.07.27 補充新聞文章規範 Ithildin 2012.02.25 整合舊有公告 poopooer 2012.04.06 補充修正第三點 Ithildin 2012.04.07 整合板規一、四、八 2012.05.01 增修板規5.e 問卷文規範 2012.05.22 增修板規4.a 修改問卷文規範 iPhone3G 2012.05.25 增修問卷文規範 2012.07.16 增修板規3. 2012.08.18 增修板規5.c Ithildin 2012.09.23 整理板規 修改部分罰則 iPhone3G 2012.11.15 增修板規6 Ithildin 2013.01.17 修改板規5.b iPhone3G 2013.02.19 增修板規6 2013.02.25 新增板規5.l 2013.03.22 新增板規5.m 2013.03.24 增修板規5.l Ithildin 2014.06.04 微調板規6 修正板規5.n應歸屬發文注意事項大項 Ithildin 2014.12.09 編修板規5.b 因iPhone3GS帳號曾遭刪除目前無發文權限 由本人代發 Ithildin 2017.05.04 修正退文相關用語 增補LINE貼圖規則 增補爭議新聞規則 ",
    "time": "2017/05/25 10:46:28",
    "event": "slide"
  },
  {
    "category": "4",
    "app": "MoPTT",
    "id": "13",
    "context": "[無言] 關於男友的國文 由於跟男友在一起近三年了， 所以幾乎他講什麼我都能理解他想表達的意思， 前陣子我們在車上聊到「刺青」這個議題， 我：「我以後刺青，一定要刺一個很有意義的東西，以免我後悔！」 男友：「你這樣不行！你難道不知道一件事嗎？ 」 我：「什麼事？」 男友：「古時候有一句話，就是身體如媳婦的啊！」 我：「蛤？」 男友：「就是你不能傷害自己，身體就是什麼媳婦的」 我：「你是要講身體髮膚受之父母嗎？」 男友：「啊對啦對啦哈哈哈哈哈」 - （白眼+無言） 整句話到底是關媳婦什麼事？？？？ ",
    "time": "2017/05/25 10:48:10",
    "event": "click"
  },
  {
    "category": "4",
    "app": "MoPTT",
    "id": "14",
    "context": "[無言] 關於男友的國文 由於跟男友在一起近三年了， 所以幾乎他講什麼我都能理解他想表達的意思， 前陣子我們在車上聊到「刺青」這個議題， 我：「我以後刺青，一定要刺一個很有意義的東西，以免我後悔！」 男友：「你這樣不行！你難道不知道一件事嗎？ 」 我：「什麼事？」 男友：「古時候有一句話，就是身體如媳婦的啊！」 我：「蛤？」 男友：「就是你不能傷害自己，身體就是什麼媳婦的」 我：「你是要講身體髮膚受之父母嗎？」 男友：「啊對啦對啦哈哈哈哈哈」 - （白眼+無言） 整句話到底是關媳婦什麼事？？？？ ",
    "time": "2017/05/25 10:48:10",
    "event": "slide"
  },
  {
    "category": "5",
    "app": "MoPTT",
    "id": "15",
    "context": "[聽錯] 一定要那麼兇嗎？ 這是朋友的工作場合碰到的事情 因為很好笑就來分享下  ======================== 今天有一位客人走進店裡  指著我們店內的玩具說： 「我要這個，馬的！」  我當下愣了一下心想： 哇靠只是買個玩具而已，有需要罵人？  我耐著脾氣看著眼前的客人 順著他指著的方向 . . .  喔 不好意思 原來他是要買這隻玩具馬= =   可以不要突然語氣加那麼重嗎XDDD  ",
    "time": "2017/05/25 10:48:29",
    "event": "click"
  },
  {
    "category": "5",
    "app": "MoPTT",
    "id": "16",
    "context": "[聽錯] 一定要那麼兇嗎？ 這是朋友的工作場合碰到的事情 因為很好笑就來分享下  ======================== 今天有一位客人走進店裡  指著我們店內的玩具說： 「我要這個，馬的！」  我當下愣了一下心想： 哇靠只是買個玩具而已，有需要罵人？  我耐著脾氣看著眼前的客人 順著他指著的方向 . . .  喔 不好意思 原來他是要買這隻玩具馬= =   可以不要突然語氣加那麼重嗎XDDD  ",
    "time": "2017/05/25 10:48:29",
    "event": "slide"
  },
  {
    "category": "6",
    "app": "MoPTT",
    "id": "17",
    "context": "英文真的要好好學之M與W的差異 是這樣的 前幾天剛從日本旅行回國 回程搭乘某日航空的班機  中途 忽然想上廁所 於是一直往座位前方行走 眼看我即將到達頭等艙 發現我真的找不到廁所在哪 剛好旁邊有空姐 我詢問空姐「思里馬say…廁所？」 空姐一臉疑惑「...」 我心想「糟糕！廁所的英文怎麼拚？t…什麼的！啊！廁所有英文縮寫，就決定用這個了！」 正當我邊覺得自己怎能如此聰明時，就脫口而出「M.C？」 空姐再度疑惑並覆誦我的話「M.C？」 我點點頭 空姐又一次的說「M.C？」 繼續點頭 此時，空姐忽然恍然大悟「W.C！」 我也跟著恍然大悟 「是W.C！」 「是W.C！！」 「是W.C！！！」  至今， 我仍不敢向同行好友提起自己可以上笨版的這件事…  ",
    "time": "2017/05/25 10:49:34",
    "event": "click"
  },
  {
    "category": "6",
    "app": "MoPTT",
    "id": "18",
    "context": "英文真的要好好學之M與W的差異 是這樣的 前幾天剛從日本旅行回國 回程搭乘某日航空的班機  中途 忽然想上廁所 於是一直往座位前方行走 眼看我即將到達頭等艙 發現我真的找不到廁所在哪 剛好旁邊有空姐 我詢問空姐「思里馬say…廁所？」 空姐一臉疑惑「...」 我心想「糟糕！廁所的英文怎麼拚？t…什麼的！啊！廁所有英文縮寫，就決定用這個了！」 正當我邊覺得自己怎能如此聰明時，就脫口而出「M.C？」 空姐再度疑惑並覆誦我的話「M.C？」 我點點頭 空姐又一次的說「M.C？」 繼續點頭 此時，空姐忽然恍然大悟「W.C！」 我也跟著恍然大悟 「是W.C！」 「是W.C！！」 「是W.C！！！」  至今， 我仍不敢向同行好友提起自己可以上笨版的這件事…  ",
    "time": "2017/05/25 10:49:34",
    "event": "slide"
  },
  {
    "category": "7",
    "app": "MoPTT",
    "id": "19",
    "context": "[聽錯] 包心粉圓 上周去宜蘭跟朋友去排很有名的包心粉圓，排隊的隊伍中在我前方有三個應該是國中生的小朋友，以下就簡稱為中好了  中A：「誒 包心粉圓唸快一點就變包莖粉圓了！」  中B:「哈哈哈 包莖 包莖」  中C:「包莖粉圓有點噁」   心想屁孩就是屁孩  屁孩買完之後終於輪到我們了   「你好 我要一個包心綜合！」  等到我們也點完在等待時  排在我們後面的兩個女生，應該是大學生吧！在櫃檯前討論要吃什麼  女大A:「我要兩碗包莖豆花 我要兩碗包莖豆花 我要兩碗包莖豆花」  瞬時全場空氣凝結成一個氣場  好像時間都停止了一樣  然後感覺氣場隨之而來的是及將爆炸的爆笑衝擊  說時遲那時快  女大A身旁友人女大B以一個迅雷不及掩耳的速度一個move 說道  「是兩碗包心豆花拉！ 她大舌頭拉！」然後目光掃向全場  那感覺像要是有人敢笑出來聲來 一定會死！！  瞬間吸收了要引爆的爆笑衝擊  化解了危機  女大A,不管你是不是大舌頭  請好好珍惜這個為你擋下核彈的朋友！   ",
    "time": "2017/05/25 10:51:05",
    "event": "click"
  },
  {
    "category": "7",
    "app": "MoPTT",
    "id": "20",
    "context": "[聽錯] 包心粉圓 上周去宜蘭跟朋友去排很有名的包心粉圓，排隊的隊伍中在我前方有三個應該是國中生的小朋友，以下就簡稱為中好了  中A：「誒 包心粉圓唸快一點就變包莖粉圓了！」  中B:「哈哈哈 包莖 包莖」  中C:「包莖粉圓有點噁」   心想屁孩就是屁孩  屁孩買完之後終於輪到我們了   「你好 我要一個包心綜合！」  等到我們也點完在等待時  排在我們後面的兩個女生，應該是大學生吧！在櫃檯前討論要吃什麼  女大A:「我要兩碗包莖豆花 我要兩碗包莖豆花 我要兩碗包莖豆花」  瞬時全場空氣凝結成一個氣場  好像時間都停止了一樣  然後感覺氣場隨之而來的是及將爆炸的爆笑衝擊  說時遲那時快  女大A身旁友人女大B以一個迅雷不及掩耳的速度一個move 說道  「是兩碗包心豆花拉！ 她大舌頭拉！」然後目光掃向全場  那感覺像要是有人敢笑出來聲來 一定會死！！  瞬間吸收了要引爆的爆笑衝擊  化解了危機  女大A,不管你是不是大舌頭  請好好珍惜這個為你擋下核彈的朋友！   ",
    "time": "2017/05/25 10:51:05",
    "event": "slide"
  },
  {
    "category": "8",
    "app": "MoPTT",
    "id": "21",
    "context": "[大笑] 有著設計師魂的阿嬤 魯蛇我朋友因為上班方便，平日跟阿嬤同住  平時洗衣物都習慣自己手洗，但熱心的阿嬤偶爾會幫忙一併丟洗衣機  就在今天一下班回家跑去陽台收衣服，以為阿嬤把舅舅衣服吊在我陽台  仔細一看，乾  是我的耶!  罵了幾句髒話後直接笑出來!  制服由右方變成左方那樣  http://imgur.com/a/oM2OV  魯蛇我朋友怕阿嬤難過，不敢問怎麼做到的...  染的均勻就算了，還變得蠻好看的！  差點以為阿嬤是知名設計師 Sit dowm please 哈哈  不過阿嬤...這件衣服應該進不了公司了阿...T_T  只能說阿嬤真是太厲害了拉！  ",
    "time": "2017/05/25 10:53:28",
    "event": "click"
  },
  {
    "category": "8",
    "app": "MoPTT",
    "id": "22",
    "context": "[大笑] 有著設計師魂的阿嬤 魯蛇我朋友因為上班方便，平日跟阿嬤同住  平時洗衣物都習慣自己手洗，但熱心的阿嬤偶爾會幫忙一併丟洗衣機  就在今天一下班回家跑去陽台收衣服，以為阿嬤把舅舅衣服吊在我陽台  仔細一看，乾  是我的耶!  罵了幾句髒話後直接笑出來!  制服由右方變成左方那樣  http://imgur.com/a/oM2OV  魯蛇我朋友怕阿嬤難過，不敢問怎麼做到的...  染的均勻就算了，還變得蠻好看的！  差點以為阿嬤是知名設計師 Sit dowm please 哈哈  不過阿嬤...這件衣服應該進不了公司了阿...T_T  只能說阿嬤真是太厲害了拉！  ",
    "time": "2017/05/25 10:53:28",
    "event": "slide"
  },
  {
    "category": "8",
    "app": "MoPTT",
    "id": "23",
    "context": "[無言] 拔智齒會痛嗎? 板工提醒:內容少於二十字 或 少於三行,會立刻砍文,並視情況劣退!  想發集氣文或問卷文的，請將板規八每一個字都看清楚，再有違反就劣退+水桶了! ==========================================================================  最近我有顆智齒長一半卡住 而且竟然蛀牙 那天吃蛋餅還吃到斷掉(它真的超廢的森77)  剛剛我就問阿爸拔智齒會不會痛  阿爸“你怎麼可能長智齒”  我“?????????”  阿爸“你又沒有很聰明”  我“……………………”  阿爸“不會啦!你可以去xx牙醫找之前幫我拔的那個醫生拔啊”  我“阿他會痛嗎?”  阿爸“他不會痛啊”  我“真假真的沒感覺喔?!”  阿爸“他不會痛你會痛啊”(然後就大笑走掉了)  我“…………………………”    －－－－－－－－－－－－－－－－－－－－－－－－－－－－  怕笨點太微弱補個笨點  上禮拜騎車回家 到房間發現鑰匙不在身上 東翻西找都沒有 整個包包都翻出來還是找不到 想說是不是忘記拔了或掉在路上 就趕快衝下去找 沿路都沒有看到 也沒有插在機車上 於是我走回家 邊脫鞋子邊想著如果被我反鎖在坐墊下怎麼辦 結果發現鑰匙就躺在我今天回來時穿的那雙鞋子裡  還有一個  前陣子的某天覺得很熱就開冰箱找飲料 結果發現我的眼鏡在冰箱裡 難怪最近一直找不到(我近視200度平常看黑板什麼才戴眼鏡)  戴起來冰冰的還起霧 好像是之前冰外帶的便當順便就放進去了",
    "time": "2017/05/25 10:54:35",
    "event": "click"
  },
  {
    "category": "8",
    "app": "MoPTT",
    "id": "24",
    "context": "[無言] 拔智齒會痛嗎? 板工提醒:內容少於二十字 或 少於三行,會立刻砍文,並視情況劣退!  想發集氣文或問卷文的，請將板規八每一個字都看清楚，再有違反就劣退+水桶了! ==========================================================================  最近我有顆智齒長一半卡住 而且竟然蛀牙 那天吃蛋餅還吃到斷掉(它真的超廢的森77)  剛剛我就問阿爸拔智齒會不會痛  阿爸“你怎麼可能長智齒”  我“?????????”  阿爸“你又沒有很聰明”  我“……………………”  阿爸“不會啦!你可以去xx牙醫找之前幫我拔的那個醫生拔啊”  我“阿他會痛嗎?”  阿爸“他不會痛啊”  我“真假真的沒感覺喔?!”  阿爸“他不會痛你會痛啊”(然後就大笑走掉了)  我“…………………………”    －－－－－－－－－－－－－－－－－－－－－－－－－－－－  怕笨點太微弱補個笨點  上禮拜騎車回家 到房間發現鑰匙不在身上 東翻西找都沒有 整個包包都翻出來還是找不到 想說是不是忘記拔了或掉在路上 就趕快衝下去找 沿路都沒有看到 也沒有插在機車上 於是我走回家 邊脫鞋子邊想著如果被我反鎖在坐墊下怎麼辦 結果發現鑰匙就躺在我今天回來時穿的那雙鞋子裡  還有一個  前陣子的某天覺得很熱就開冰箱找飲料 結果發現我的眼鏡在冰箱裡 難怪最近一直找不到(我近視200度平常看黑板什麼才戴眼鏡)  戴起來冰冰的還起霧 好像是之前冰外帶的便當順便就放進去了",
    "time": "2017/05/25 10:54:35",
    "event": "slide"
  },
  {
    "category": "10",
    "app": "MoPTT",
    "id": "25",
    "context": "[心得] 海島沙灘防曬必看!海洋友善防曬品 哈囉大家好:)又到了夏天，海島沙灘比基尼的季節～～ 因此想要來再次介紹【海洋友善防曬乳】的觀念&更新我的心得!  自從去年學了潛水，在國內外的海洋底下親眼看到很多不可思議的美景， 也接觸了很多可愛的生物後，就一直很想讓更多人知道 海洋友善防曬 的觀念 簡單說，就是市面上一般的防曬乳有許多對海洋有害，甚至只要1滴就會造成汙染&危害 讓珊瑚失去生殖能力甚至死亡，也對海洋其他生物可能造成嚴重危害 因此若是直接接觸到海水，建議選擇經認證對海洋對珊瑚友善的防曬乳 包括我之後會介紹的Badger Company & Thinkbaby  我去年寫了文字版介紹  http://tinyurl.com/hsjrayn (也有在板上發過可a我id) 今年補上更完整的心得，拍了影片版想跟更多人分享 Youtube影片看這裡>>  https://youtu.be/aSAbPok4mrw (有實擦試用介紹 影片開頭可能有YT廣告 不喜勿入 也可以往下看純文字喔:) )  以下則是純文字版給大家參考  市面上許多防曬對海洋有嚴重的負面影響，因此美國有個NGO組織叫做EWG 針對防曬列出一個清單推薦對人體、對環境、對海洋最安全級的防曬乳供大家參考 基本上有以下幾個特色 1.生物可分解 2.非奈米化(粒子過小容易被人體吸收) 3.非噴霧式(防曬成分若被人體吸收會造成負面影響) 4.無有害物質(NO Vitamin A, Oxybenzone, Butylparaben, Octinoxate, 4MBC)  EWG針對防曬乳分級評比，第1級是最安全的，此為推薦清單 http://tinyurl.com/jlofavb 我用過其中的兩款 1.Badger Company的Sport Sunscreen Cream SPF35 2.Thinkbaby Sunscreen SPF50+ 以上兩款共通點除了都符合海洋友善以外 也都有高濃度的氧化鋅(物理性防曬機制)、美國製、不做動物實驗、可防水達80分鐘  1.Badger Company 優點:氧化鋅濃度略高，防水力防曬力非常顯著、100%天然94%有機成分 缺點:厚重難推，需要少量多次耐心塗抹，要不然容易面具臉；也比較難卸除  2.Thinkbaby 優點:較清爽好推，也較不容易泛白 缺點:防水力較沒有Badger顯著，但也有80分以上的水準!  基本上這兩款都不太好買，但可以透過Iherb.com來購買 或是如果真的無法買到海洋友善防曬乳 請至少避開含有上述已確認會危害海洋的有毒物質的防曬乳 通常越偏物理性防曬、成分越單純的防曬會越安全喔!   認識海洋之後深深覺得以前很多觀念都需要調整 到海洋裡沖掉東西並不是洗淨，因為你的洗澡水就是生物們賴以為生的海洋 這種感覺就像當我們呼吸的空氣被嚴重汙染 而我們卻無處可逃一樣  真的希望大家一起愛保養的同時也愛護海洋<3  最後偷渡一個觀念 其實化妝品很多也含有對海洋有害的物質 因此如果要游泳要接觸海水還是素顏比較好喔!!  希望大家可以努力讓這個觀念讓更多人知道 海龜鯨鯊珊瑚河豚小丑魚會感謝你們的~~~<(_ _)>  謝謝大家 一起享受海洋享受陽光吧!! ",
    "time": "2017/05/25 11:00:42",
    "event": "click"
  },
  {
    "category": "10",
    "app": "MoPTT",
    "id": "26",
    "context": "[心得] 海島沙灘防曬必看!海洋友善防曬品 哈囉大家好:)又到了夏天，海島沙灘比基尼的季節～～ 因此想要來再次介紹【海洋友善防曬乳】的觀念&更新我的心得!  自從去年學了潛水，在國內外的海洋底下親眼看到很多不可思議的美景， 也接觸了很多可愛的生物後，就一直很想讓更多人知道 海洋友善防曬 的觀念 簡單說，就是市面上一般的防曬乳有許多對海洋有害，甚至只要1滴就會造成汙染&危害 讓珊瑚失去生殖能力甚至死亡，也對海洋其他生物可能造成嚴重危害 因此若是直接接觸到海水，建議選擇經認證對海洋對珊瑚友善的防曬乳 包括我之後會介紹的Badger Company & Thinkbaby  我去年寫了文字版介紹  http://tinyurl.com/hsjrayn (也有在板上發過可a我id) 今年補上更完整的心得，拍了影片版想跟更多人分享 Youtube影片看這裡>>  https://youtu.be/aSAbPok4mrw (有實擦試用介紹 影片開頭可能有YT廣告 不喜勿入 也可以往下看純文字喔:) )  以下則是純文字版給大家參考  市面上許多防曬對海洋有嚴重的負面影響，因此美國有個NGO組織叫做EWG 針對防曬列出一個清單推薦對人體、對環境、對海洋最安全級的防曬乳供大家參考 基本上有以下幾個特色 1.生物可分解 2.非奈米化(粒子過小容易被人體吸收) 3.非噴霧式(防曬成分若被人體吸收會造成負面影響) 4.無有害物質(NO Vitamin A, Oxybenzone, Butylparaben, Octinoxate, 4MBC)  EWG針對防曬乳分級評比，第1級是最安全的，此為推薦清單 http://tinyurl.com/jlofavb 我用過其中的兩款 1.Badger Company的Sport Sunscreen Cream SPF35 2.Thinkbaby Sunscreen SPF50+ 以上兩款共通點除了都符合海洋友善以外 也都有高濃度的氧化鋅(物理性防曬機制)、美國製、不做動物實驗、可防水達80分鐘  1.Badger Company 優點:氧化鋅濃度略高，防水力防曬力非常顯著、100%天然94%有機成分 缺點:厚重難推，需要少量多次耐心塗抹，要不然容易面具臉；也比較難卸除  2.Thinkbaby 優點:較清爽好推，也較不容易泛白 缺點:防水力較沒有Badger顯著，但也有80分以上的水準!  基本上這兩款都不太好買，但可以透過Iherb.com來購買 或是如果真的無法買到海洋友善防曬乳 請至少避開含有上述已確認會危害海洋的有毒物質的防曬乳 通常越偏物理性防曬、成分越單純的防曬會越安全喔!   認識海洋之後深深覺得以前很多觀念都需要調整 到海洋裡沖掉東西並不是洗淨，因為你的洗澡水就是生物們賴以為生的海洋 這種感覺就像當我們呼吸的空氣被嚴重汙染 而我們卻無處可逃一樣  真的希望大家一起愛保養的同時也愛護海洋<3  最後偷渡一個觀念 其實化妝品很多也含有對海洋有害的物質 因此如果要游泳要接觸海水還是素顏比較好喔!!  希望大家可以努力讓這個觀念讓更多人知道 海龜鯨鯊珊瑚河豚小丑魚會感謝你們的~~~<(_ _)>  謝謝大家 一起享受海洋享受陽光吧!! ",
    "time": "2017/05/25 11:00:42",
    "event": "slide"
  },
  {
    "category": "9",
    "app": "MoPTT",
    "id": "27",
    "context": "[閒聊] 大家最常囤到過期的東西 最近在大整理房間 接連發現未開封的過期品QQ  一是旁氏的卸眼唇 自從小屈沒賣之後 在康是美看到特價都會買 因為我有些會收在小盒子裡 有2罐就被遺忘到過期了..  二是DHC的金靚白防曬 懶人如我基本上只有夏天才防曬 而且通常用噴霧式比較多 這罐是很~久以前跟同事團購的 因為連假要出去玩才想到它 結果剛翻出來一看  有效期限 2017.05.16  燈愣..本來還打算擦臉的 這下只能帶去擦身體趕快用完了  大家有沒有什麼也很常囤到過期的東西呢？",
    "time": "2017/05/25 11:01:51",
    "event": "click"
  },
  {
    "category": "9",
    "app": "MoPTT",
    "id": "28",
    "context": "[閒聊] 大家最常囤到過期的東西 最近在大整理房間 接連發現未開封的過期品QQ  一是旁氏的卸眼唇 自從小屈沒賣之後 在康是美看到特價都會買 因為我有些會收在小盒子裡 有2罐就被遺忘到過期了..  二是DHC的金靚白防曬 懶人如我基本上只有夏天才防曬 而且通常用噴霧式比較多 這罐是很~久以前跟同事團購的 因為連假要出去玩才想到它 結果剛翻出來一看  有效期限 2017.05.16  燈愣..本來還打算擦臉的 這下只能帶去擦身體趕快用完了  大家有沒有什麼也很常囤到過期的東西呢？",
    "time": "2017/05/25 11:01:51",
    "event": "slide"
  },
  {
    "category": "10",
    "app": "MoPTT",
    "id": "29",
    "context": "[心得] 懶人保養Kiehl's契爾氏冰河醣蛋白保濕霜 是否已讀取發文須知並詳閱版規(Y/N)：Y  會注意這個牌子是因為有FOLLOW章潔 買來敷也意外覺得很不錯 不輸之前敷過的幾個醫美牌子面膜 我是買天山雪蓮淨白淡斑面膜 面膜紙是薄薄透透的那種 之前爬文有看到分享說面膜紙很舒服 實際敷確實很舒服不會粗粗刮臉  而且雖然很薄但拿起來感覺精華液還是吸的飽飽的 包裝袋裡精華液也給的很豪爽 拿來擦在脖子胸口都很夠！ 敷完兩片了 覺得臉有透亮感還蠻明顯的  而且我是同一週就敷了兩次 會覺得臉上暗沉也比較不囂張了 如果用膩手上面膜的話我覺得這片是還蠻推薦的~",
    "time": "2017/05/25 11:08:34",
    "event": "click"
  },
  {
    "category": "10",
    "app": "MoPTT",
    "id": "30",
    "context": "[心得] 懶人保養Kiehl's契爾氏冰河醣蛋白保濕霜 是否已讀取發文須知並詳閱版規(Y/N)：Y  會注意這個牌子是因為有FOLLOW章潔 買來敷也意外覺得很不錯 不輸之前敷過的幾個醫美牌子面膜 我是買天山雪蓮淨白淡斑面膜 面膜紙是薄薄透透的那種 之前爬文有看到分享說面膜紙很舒服 實際敷確實很舒服不會粗粗刮臉  而且雖然很薄但拿起來感覺精華液還是吸的飽飽的 包裝袋裡精華液也給的很豪爽 拿來擦在脖子胸口都很夠！ 敷完兩片了 覺得臉有透亮感還蠻明顯的  而且我是同一週就敷了兩次 會覺得臉上暗沉也比較不囂張了 如果用膩手上面膜的話我覺得這片是還蠻推薦的~",
    "time": "2017/05/25 11:08:34",
    "event": "slide"
  },
  {
    "category": "10",
    "app": "MoPTT",
    "id": "31",
    "context": "[請益] 瑞士薇佳&乳液 是否已讀取發文須知並詳閱版規(Y/N)：Y  已爬文關鍵字：simple 乳液   大家好 ，如題，想請問有人用過simple的這款乳液嗎？   前陣子（其實就是昨天）喜歡的歐美youtuber業配這個牌子，看起來滿溫和的，但想說應該很難購入就沒注意    沒想到剛剛在康是美晃的時候發現康是美有賣而且剛好還在買一送一    試在手上感覺就是…乳液（其實也感覺不出個所以然）所以來請教版友    爬了文這個牌子的討論度滿低的，大多是說他們家卸妝水不錯（但也有些人說爆粉刺）洗面乳溫和， 乳液的心得比較少，而且幾乎都是說在英國用感覺不錯，不知道在用會不會太厚重？   我的膚質混合T字偏油，考慮購入這罐妝前單用，用過版友很推的珂潤乳霜（夏天），剛擦上的時候覺得不錯，但過了一陣子之後就開始覺得黏膩，太油    不知道有沒有用過這罐的版友可以給點意見呢，謝謝！ ",
    "time": "2017/05/25 11:10:16",
    "event": "click"
  },
  {
    "category": "10",
    "app": "MoPTT",
    "id": "32",
    "context": "[請益] 瑞士薇佳&乳液 是否已讀取發文須知並詳閱版規(Y/N)：Y  已爬文關鍵字：simple 乳液   大家好 ，如題，想請問有人用過simple的這款乳液嗎？   前陣子（其實就是昨天）喜歡的歐美youtuber業配這個牌子，看起來滿溫和的，但想說應該很難購入就沒注意    沒想到剛剛在康是美晃的時候發現康是美有賣而且剛好還在買一送一    試在手上感覺就是…乳液（其實也感覺不出個所以然）所以來請教版友    爬了文這個牌子的討論度滿低的，大多是說他們家卸妝水不錯（但也有些人說爆粉刺）洗面乳溫和， 乳液的心得比較少，而且幾乎都是說在英國用感覺不錯，不知道在用會不會太厚重？   我的膚質混合T字偏油，考慮購入這罐妝前單用，用過版友很推的珂潤乳霜（夏天），剛擦上的時候覺得不錯，但過了一陣子之後就開始覺得黏膩，太油    不知道有沒有用過這罐的版友可以給點意見呢，謝謝！ ",
    "time": "2017/05/25 11:10:16",
    "event": "slide"
  },
  {
    "category": "10",
    "app": "MoPTT",
    "id": "33",
    "context": "[心得] 是否已讀取發文須知並詳閱版規(Y/N)：Y  最近爬文還有看影片 一堆人推蘭芝的唇膜 於是我新血來潮的去買來用  我本身不是一個嘴唇容易破皮的人 也沒什麼在保養  偶爾嘴唇乾會用在花蓮瑞穗牧場送的贈品護唇油擦嘴  我自己用了蘭芝覺得好像有用跟沒用一樣 跟護唇油比好像遜色一點= =  有人有和我一樣的狀況嗎 還是是我嘴唇本來就沒很乾感覺不出來QQ  ",
    "time": "2017/05/25 11:13:05",
    "event": "click"
  },
  {
    "category": "10",
    "app": "MoPTT",
    "id": "34",
    "context": "[心得] 是否已讀取發文須知並詳閱版規(Y/N)：Y  最近爬文還有看影片 一堆人推蘭芝的唇膜 於是我新血來潮的去買來用  我本身不是一個嘴唇容易破皮的人 也沒什麼在保養  偶爾嘴唇乾會用在花蓮瑞穗牧場送的贈品護唇油擦嘴  我自己用了蘭芝覺得好像有用跟沒用一樣 跟護唇油比好像遜色一點= =  有人有和我一樣的狀況嗎 還是是我嘴唇本來就沒很乾感覺不出來QQ  ",
    "time": "2017/05/25 11:13:05",
    "event": "slide"
  },
  {
    "category": "10",
    "app": "MoPTT",
    "id": "35",
    "context": "[心得] 藜麥精華讓我皮膚變光滑 膚質：混合肌偏乾（外油內乾）  平常晚睡、外食、喜歡亂摳粉刺，有時候發炎變大痘，因此兩頰滿多疤的，但最近想要認真改善臉部狀況，希望能素顏見人T T，所以就敗了主打換膚的藜麥精華，以下是這一個月的保養順序：  k金盞花化妝水->k紫鳶肌活露->k眼霜->k藜麥精華->k淨白淡斑精華->k蜂蜜紅蔘活膚霜+蕾舒翠花神水凝霜  （沒錯我是kiehl's鐵粉XD）  除了外部保養，這2個月來有規律運動（以前是沒在運動的人），最近發現臉好像真的有改善（當然我也比較不敢亂摳了），疤有變比較淡，膚色比較沒那麼蠟黃，鼻頭粉刺明顯軟化，洗完臉輕輕擠粉刺就會跑出來，臉上的痘好像有受到控制不會亂冒，然後臉摸起來也滑滑的，覺得有保養真的有差，心情隨之變好呵呵，不過畢竟用了這麼多產品，也不一定全是藜麥的功勞，但臉變光滑跟痘子改善的確是藜麥加入後才有的現象。  目前還是每天都用5滴，但是聽說酸類產品最好不要天天用，不知道長期用對皮膚會不會有不好的影響？  因為是臨時想分享一下心得，沒有紀錄before & after對照圖，每個人的膚況也不一定適合這些產品，就給女孩們參考參考嘍^_^ ",
    "time": "2017/05/25 11:14:38",
    "event": "click"
  },
  {
    "category": "10",
    "app": "MoPTT",
    "id": "36",
    "context": "[心得] 藜麥精華讓我皮膚變光滑 膚質：混合肌偏乾（外油內乾）  平常晚睡、外食、喜歡亂摳粉刺，有時候發炎變大痘，因此兩頰滿多疤的，但最近想要認真改善臉部狀況，希望能素顏見人T T，所以就敗了主打換膚的藜麥精華，以下是這一個月的保養順序：  k金盞花化妝水->k紫鳶肌活露->k眼霜->k藜麥精華->k淨白淡斑精華->k蜂蜜紅蔘活膚霜+蕾舒翠花神水凝霜  （沒錯我是kiehl's鐵粉XD）  除了外部保養，這2個月來有規律運動（以前是沒在運動的人），最近發現臉好像真的有改善（當然我也比較不敢亂摳了），疤有變比較淡，膚色比較沒那麼蠟黃，鼻頭粉刺明顯軟化，洗完臉輕輕擠粉刺就會跑出來，臉上的痘好像有受到控制不會亂冒，然後臉摸起來也滑滑的，覺得有保養真的有差，心情隨之變好呵呵，不過畢竟用了這麼多產品，也不一定全是藜麥的功勞，但臉變光滑跟痘子改善的確是藜麥加入後才有的現象。  目前還是每天都用5滴，但是聽說酸類產品最好不要天天用，不知道長期用對皮膚會不會有不好的影響？  因為是臨時想分享一下心得，沒有紀錄before & after對照圖，每個人的膚況也不一定適合這些產品，就給女孩們參考參考嘍^_^ ",
    "time": "2017/05/25 11:14:38",
    "event": "slide"
  },
  {
    "category": "10",
    "app": "MoPTT",
    "id": "37",
    "context": "[挑選] 老妹該買黃金T棒vs.白金鉑金Y字棒? 是否已讀取發文須知並詳閱版規(Y/N)：Y  年紀剛過了25歲的巔峰期， 雖然有在運動健身(每次重訓面部都猙獰，皺紋好像又多了幾條-..-) 希望除了基本保養品以外，能購買外部器材幫助能多讓青春停留久一點阿!  目前保養品: 雅漾噴泉水/潔淨美層脂調理霜/HABA角鯊/寵愛之名藍銅或神經醯角鯊面膜  平常作息: 平日睡眠時間晚上11-12點間，早上6點多起床 每周固定上健身房3次  選手就是： 1. Beatybar 24K金T字棒 2. MTG Refa carat鉑金電子滾輪棒  兩隻都是日製，價格不是考量要素 主要是能幫助嘴邊肉UP UP跟皺紋(笑紋/法令紋)的延緩產生  謝謝大家~ ",
    "time": "2017/05/25 11:15:07",
    "event": "click"
  },
  {
    "category": "10",
    "app": "MoPTT",
    "id": "38",
    "context": "[挑選] 老妹該買黃金T棒vs.白金鉑金Y字棒? 是否已讀取發文須知並詳閱版規(Y/N)：Y  年紀剛過了25歲的巔峰期， 雖然有在運動健身(每次重訓面部都猙獰，皺紋好像又多了幾條-..-) 希望除了基本保養品以外，能購買外部器材幫助能多讓青春停留久一點阿!  目前保養品: 雅漾噴泉水/潔淨美層脂調理霜/HABA角鯊/寵愛之名藍銅或神經醯角鯊面膜  平常作息: 平日睡眠時間晚上11-12點間，早上6點多起床 每周固定上健身房3次  選手就是： 1. Beatybar 24K金T字棒 2. MTG Refa carat鉑金電子滾輪棒  兩隻都是日製，價格不是考量要素 主要是能幫助嘴邊肉UP UP跟皺紋(笑紋/法令紋)的延緩產生  謝謝大家~ ",
    "time": "2017/05/25 11:15:07",
    "event": "slide"
  },
  {
    "category": "10",
    "app": "MoPTT",
    "id": "39",
    "context": "[挑選] 后秘帖or小黑瓶 先前靠櫃分別拿了后和小黑瓶的試用包  試用結果小黑瓶用了大概兩次都會有刺痛感(沒有紅腫) 和櫃姊說了之後，櫃姐說是因為皮膚太乾前面這樣正常 只要沒有紅腫發癢就是沒過敏沒問題，只要多用幾次就好了  使用后的試用包時沒有任何不適，於是最後選購了后的秘帖 最近心得是在上妝的時候真的比較不會浮粉而且持妝 但對毛孔縮小比較無感(雖然不確定秘帖是否也可以改善這個)  最近要去韓國，想說是該去囤后還是在給小黑瓶一次機會? (因為之後要去久居的國家入手小黑瓶比較簡單，比較難買到后)  本身應為混合/中性乾肌，夏天偶爾額頭出油，但冬天也不會乾到脫皮  謝謝大家",
    "time": "2017/05/25 11:18:23",
    "event": "click"
  },
  {
    "category": "10",
    "app": "MoPTT",
    "id": "40",
    "context": "[挑選] 后秘帖or小黑瓶 先前靠櫃分別拿了后和小黑瓶的試用包  試用結果小黑瓶用了大概兩次都會有刺痛感(沒有紅腫) 和櫃姊說了之後，櫃姐說是因為皮膚太乾前面這樣正常 只要沒有紅腫發癢就是沒過敏沒問題，只要多用幾次就好了  使用后的試用包時沒有任何不適，於是最後選購了后的秘帖 最近心得是在上妝的時候真的比較不會浮粉而且持妝 但對毛孔縮小比較無感(雖然不確定秘帖是否也可以改善這個)  最近要去韓國，想說是該去囤后還是在給小黑瓶一次機會? (因為之後要去久居的國家入手小黑瓶比較簡單，比較難買到后)  本身應為混合/中性乾肌，夏天偶爾額頭出油，但冬天也不會乾到脫皮  謝謝大家",
    "time": "2017/05/25 11:18:23",
    "event": "slide"
  },
  {
    "category": "10",
    "app": "MoPTT",
    "id": "41",
    "context": "[心得] 雅詩蘭黛護膚會 是否已讀取發文須知並詳閱版規(Y/N)：Y   網誌無音樂好讀版: https://goo.gl/2LHTkU    偽空空賞（有些只是見底, 還沒空空, 有些是私心推薦）  幾個禮拜前因為朋友一句話「你都在亂！買！」 又因為輪班＆越來越老，膚質開始有狀況，所以我開始正視那些瓶瓶罐罐 決定把他們殺個片甲不留   我的膚質膚況：（大家狀況不同，我盡量說仔細一點！）  23歲，原本是雙頰偏乾／Ｔ字出油的混和肌，某天連續用了幾天契爾氏黎麥精華後  整臉變超乾肌，尤其雙頰部分我有粉刺，不易長痘  用黎麥是想改善粉刺和緊緻毛孔（反正失敗了，而且臉變超乾）  之後一直沒看到適合的保濕產品，就拿手邊有的東西來大擦特擦  因此有了這篇空空賞很多產品大家都有寫過，此篇單純個人發表心得    （下面都是我會再回購的保養品！）    正文開始   肌研　極潤保濕化妝水（清爽型）  這是第四個空瓶子，大學時期開始愛用他，不算便宜的開架化妝水  實際使用優點：不黏、溫和、保濕、不影響後續擦保養品、聽說玻尿酸含量算很高 膚況好的時候不覺得他有甚麼特別的，膚況差的時候我沒用他 個人覺得這瓶是方便ＣＰ值又高的化妝水，純私心推薦！ http://imgur.com/a/iOXQB 應該看的出來已經用完了吧？！ http://imgur.com/a/u0Fhm      日本　ＰＡＩＲ痘痘藥膏  在痘痘長出來之前，微微泛紅、還沒紅腫、摸到會痛痛的時候厚厚的擦，很快就消炎！ 輪班必備 http://imgur.com/a/hDKVQ       契爾氏　激光極淨淡斑精華  目前用完一瓶，非常輕微淡化臉頰的雀斑 對於改善膚色不均的效果比較明顯  實際使用優點：不黏、吸收快、有感改善膚色不均、不怕曬太陽、香味不會過濃  缺點是買太小罐，用好快！ 天天用大約一個月就用完了 http://imgur.com/a/w4EQS      契爾氏　冰河醣蛋白保濕霜  膚況正常時期，冬天我會用一咪咪擦全臉做保濕 變成乾肌之後就大力挖來擦，厚擦，極乾肌的人可能會有點不夠力 在我膚況最差（最乾）時期，要多擦幾次才會改善脫皮  混和肌的人可能要避開Ｔ字，不然會太油！ 實際使用優點：膚況好的話用量省、剛開始用會發現皮膚變得好滑好保水 http://imgur.com/a/jUJdy http://imgur.com/a/01WND     倩碧　水磁場保濕凝膠  買滿久的，已經不知道是第幾代的水磁場 臉乾的時候厚擦會有點刺刺的，但隔天醒來會改善  臉乾也比較推得開，不會像一層膜隔在臉上  剛買來的時候膚況很好，無法感受它的保濕，臉完全吃不進去，上妝還會脫屑  ",
    "time": "2017/05/25 11:20:54",
    "event": "click"
  },
  {
    "category": "10",
    "app": "MoPTT",
    "id": "42",
    "context": "[心得] 雅詩蘭黛護膚會 是否已讀取發文須知並詳閱版規(Y/N)：Y   網誌無音樂好讀版: https://goo.gl/2LHTkU    偽空空賞（有些只是見底, 還沒空空, 有些是私心推薦）  幾個禮拜前因為朋友一句話「你都在亂！買！」 又因為輪班＆越來越老，膚質開始有狀況，所以我開始正視那些瓶瓶罐罐 決定把他們殺個片甲不留   我的膚質膚況：（大家狀況不同，我盡量說仔細一點！）  23歲，原本是雙頰偏乾／Ｔ字出油的混和肌，某天連續用了幾天契爾氏黎麥精華後  整臉變超乾肌，尤其雙頰部分我有粉刺，不易長痘  用黎麥是想改善粉刺和緊緻毛孔（反正失敗了，而且臉變超乾）  之後一直沒看到適合的保濕產品，就拿手邊有的東西來大擦特擦  因此有了這篇空空賞很多產品大家都有寫過，此篇單純個人發表心得    （下面都是我會再回購的保養品！）    正文開始   肌研　極潤保濕化妝水（清爽型）  這是第四個空瓶子，大學時期開始愛用他，不算便宜的開架化妝水  實際使用優點：不黏、溫和、保濕、不影響後續擦保養品、聽說玻尿酸含量算很高 膚況好的時候不覺得他有甚麼特別的，膚況差的時候我沒用他 個人覺得這瓶是方便ＣＰ值又高的化妝水，純私心推薦！ http://imgur.com/a/iOXQB 應該看的出來已經用完了吧？！ http://imgur.com/a/u0Fhm      日本　ＰＡＩＲ痘痘藥膏  在痘痘長出來之前，微微泛紅、還沒紅腫、摸到會痛痛的時候厚厚的擦，很快就消炎！ 輪班必備 http://imgur.com/a/hDKVQ       契爾氏　激光極淨淡斑精華  目前用完一瓶，非常輕微淡化臉頰的雀斑 對於改善膚色不均的效果比較明顯  實際使用優點：不黏、吸收快、有感改善膚色不均、不怕曬太陽、香味不會過濃  缺點是買太小罐，用好快！ 天天用大約一個月就用完了 http://imgur.com/a/w4EQS      契爾氏　冰河醣蛋白保濕霜  膚況正常時期，冬天我會用一咪咪擦全臉做保濕 變成乾肌之後就大力挖來擦，厚擦，極乾肌的人可能會有點不夠力 在我膚況最差（最乾）時期，要多擦幾次才會改善脫皮  混和肌的人可能要避開Ｔ字，不然會太油！ 實際使用優點：膚況好的話用量省、剛開始用會發現皮膚變得好滑好保水 http://imgur.com/a/jUJdy http://imgur.com/a/01WND     倩碧　水磁場保濕凝膠  買滿久的，已經不知道是第幾代的水磁場 臉乾的時候厚擦會有點刺刺的，但隔天醒來會改善  臉乾也比較推得開，不會像一層膜隔在臉上  剛買來的時候膚況很好，無法感受它的保濕，臉完全吃不進去，上妝還會脫屑  ",
    "time": "2017/05/25 11:20:54",
    "event": "slide"
  },
  {
    "category": "10",
    "app": "MoPTT",
    "id": "43",
    "context": "實際使用優點： 好推、可以舒緩乾燥的泛紅敏感、厚膚有晚安面膜修復的感覺 http://imgur.com/a/Klpgq      契爾氏　金盞花植物精華化妝水  偶爾鼻翼泛紅會拿來濕敷，沒有特別的感覺  味道跟擦起來一樣清爽  實際使用優點：夏天洗完澡擦他很清爽舒服、溫和不刺激、完全沒有負擔  http://imgur.com/a/3PhSv       倍優　亮白保濕緊緻面膜  去年買一送一跟朋友合購，用掉了大約３０片（也有藍銅的口味）  我本身對這片面膜不會過敏，也沒有致痘的現象   這禮拜實施一日一面膜 剛好媽媽去觀光工廠買了兩盒回來，就決定是他了！  目前連續膚了四天，皮膚有變平滑，日常保養也可以比較偷懶一點 算是滿清爽的面膜  http://imgur.com/a/FXlO3    下面這個是我硬加進來的，買不起，目前只是口袋名單   ＴＨＲＥＥ　賦活凝霜（贈品）  這是在櫃上買組合送的贈品，味道超療癒，有效修復我的乾肌  用手心的溫度幫助吸收後不黏不油，上妝也超服貼  我拿來上妝前惡補比較乾燥的地方  可是這價格我真的沒辦法 http://imgur.com/a/ICtss       以上純屬個人心得，希望在美保版可以有點回饋，給需要的人^_^ ",
    "time": "2017/05/25 11:22:09",
    "event": "click"
  },
  {
    "category": "10",
    "app": "MoPTT",
    "id": "44",
    "context": "實際使用優點： 好推、可以舒緩乾燥的泛紅敏感、厚膚有晚安面膜修復的感覺 http://imgur.com/a/Klpgq      契爾氏　金盞花植物精華化妝水  偶爾鼻翼泛紅會拿來濕敷，沒有特別的感覺  味道跟擦起來一樣清爽  實際使用優點：夏天洗完澡擦他很清爽舒服、溫和不刺激、完全沒有負擔  http://imgur.com/a/3PhSv       倍優　亮白保濕緊緻面膜  去年買一送一跟朋友合購，用掉了大約３０片（也有藍銅的口味）  我本身對這片面膜不會過敏，也沒有致痘的現象   這禮拜實施一日一面膜 剛好媽媽去觀光工廠買了兩盒回來，就決定是他了！  目前連續膚了四天，皮膚有變平滑，日常保養也可以比較偷懶一點 算是滿清爽的面膜  http://imgur.com/a/FXlO3    下面這個是我硬加進來的，買不起，目前只是口袋名單   ＴＨＲＥＥ　賦活凝霜（贈品）  這是在櫃上買組合送的贈品，味道超療癒，有效修復我的乾肌  用手心的溫度幫助吸收後不黏不油，上妝也超服貼  我拿來上妝前惡補比較乾燥的地方  可是這價格我真的沒辦法 http://imgur.com/a/ICtss       以上純屬個人心得，希望在美保版可以有點回饋，給需要的人^_^ ",
    "time": "2017/05/25 11:22:09",
    "event": "slide"
  },
  {
    "category": "10",
    "app": "MoPTT",
    "id": "45",
    "context": "[心得] 小資女偽空空賞 是否已讀取發文須知並詳閱版規(Y/N)：y  1.后 重生密帖 2.克蘭詩 黃金雙激萃  膚質混合偏乾，30歲變有點更乾，但夏天還是會出油脫妝，訴求是保濕抗老精華液，擦完沒有習慣再擦乳液。兩款我都用過試用品，不會過敏，但覺得有點類似不想買兩瓶。黃金香味比較喜歡，但油類沒有長期使用的經驗，有點猶豫，后有點像乳液感，比較清爽些。價格后一瓶=克兩瓶 XD",
    "time": "2017/05/25 11:24:38",
    "event": "click"
  },
  {
    "category": "10",
    "app": "MoPTT",
    "id": "46",
    "context": "[心得] 小資女偽空空賞 是否已讀取發文須知並詳閱版規(Y/N)：y  1.后 重生密帖 2.克蘭詩 黃金雙激萃  膚質混合偏乾，30歲變有點更乾，但夏天還是會出油脫妝，訴求是保濕抗老精華液，擦完沒有習慣再擦乳液。兩款我都用過試用品，不會過敏，但覺得有點類似不想買兩瓶。黃金香味比較喜歡，但油類沒有長期使用的經驗，有點猶豫，后有點像乳液感，比較清爽些。價格后一瓶=克兩瓶 XD",
    "time": "2017/05/25 11:24:38",
    "event": "slide"
  },
  {
    "category": "10",
    "app": "MoPTT",
    "id": "47",
    "context": "[反推] 水美媒系列真的名符其實 某次買了一罐保養品 家裡的阿姨就開始推薦我用水美媒 說他們家的妹妹也用這個之類的  之後就嘗試了幾次 一開始還沒遇到現在的心頭肉 那之前就傻乎乎的用著水美媒 因為他每次都會給會員禮...就會順道買瓶保濕噴霧  但噴了這麼久 他沒味道 也很清爽 真的就是水吧... 什麼抗老還附一小瓶精華要加進去...  之前會員禮用了保濕霜和CC霜 用到滿臉問號  保濕CC霜很厚 不清透 遮瑕還可 保濕霜不保濕就是油油的 沒什麼味道  他的東西大概就是無味清爽 如水一般 又或者就是水吧  而且價格也不便宜",
    "time": "2017/05/25 11:25:24",
    "event": "click"
  },
  {
    "category": "10",
    "app": "MoPTT",
    "id": "48",
    "context": "[反推] 水美媒系列真的名符其實 某次買了一罐保養品 家裡的阿姨就開始推薦我用水美媒 說他們家的妹妹也用這個之類的  之後就嘗試了幾次 一開始還沒遇到現在的心頭肉 那之前就傻乎乎的用著水美媒 因為他每次都會給會員禮...就會順道買瓶保濕噴霧  但噴了這麼久 他沒味道 也很清爽 真的就是水吧... 什麼抗老還附一小瓶精華要加進去...  之前會員禮用了保濕霜和CC霜 用到滿臉問號  保濕CC霜很厚 不清透 遮瑕還可 保濕霜不保濕就是油油的 沒什麼味道  他的東西大概就是無味清爽 如水一般 又或者就是水吧  而且價格也不便宜",
    "time": "2017/05/25 11:25:24",
    "event": "slide"
  },
  {
    "category": "10",
    "app": "MoPTT",
    "id": "49",
    "context": "[心得] 倩碧會員制(覺得被騙 是否已讀取發文須知並詳閱版規(Y/N)：Y  已爬文關鍵字：倩碧會員   今年一月底到屏東某百貨購入倩碧三步驟  櫃姐表示滿3000可加入會員  未來可以領會員季禮(4次)+生日禮  心想覺得很划算！當下馬上刷卡了  回家先發現一件不合理的事  我買的三步驟竟然沒有任何優惠組合價...  爬文發現很多網友大概買3000左右,官網價也是  但我買的根本三樣原價加起來啊～～～($3680)  但三步驟真的蠻好用的,心想算了不計較！    然後到現在我一直收到倩碧DM+簡訊  就是沒有跟會員禮相關的資訊  電話聯絡櫃姐她竟然表示：  「會員禮是要自己臨櫃去領,而且限量(?!)」  但是當初完全沒告知是主動臨櫃欸!!!  怎麼會連個「回函或簡訊通知方式」都沒有～  ***很多版友誤會我的意思,我當然知道會員禮要自己臨櫃索取,我在意的點是沒有跟我說「時間點」跟「通知方式」***    於是有點不爽的問她整組算我原價這件事  她竟然說這是購買「正品價格」才能集點入會員  但每家專櫃的組合一定都有組合價(或9折之類)吧  而且這些組合不都也算是正品嗎......  哪有購買原價才算正品價格的道理呢  覺得她的回答真的頗不合理啊  唉～不知道該對這品牌還是這家專櫃打折扣了  ",
    "time": "2017/05/25 11:26:46",
    "event": "slide"
  },
  {
    "category": "10",
    "app": "MoPTT",
    "id": "50",
    "context": "[心得] 倩碧會員制(覺得被騙 是否已讀取發文須知並詳閱版規(Y/N)：Y  已爬文關鍵字：倩碧會員   今年一月底到屏東某百貨購入倩碧三步驟  櫃姐表示滿3000可加入會員  未來可以領會員季禮(4次)+生日禮  心想覺得很划算！當下馬上刷卡了  回家先發現一件不合理的事  我買的三步驟竟然沒有任何優惠組合價...  爬文發現很多網友大概買3000左右,官網價也是  但我買的根本三樣原價加起來啊～～～($3680)  但三步驟真的蠻好用的,心想算了不計較！    然後到現在我一直收到倩碧DM+簡訊  就是沒有跟會員禮相關的資訊  電話聯絡櫃姐她竟然表示：  「會員禮是要自己臨櫃去領,而且限量(?!)」  但是當初完全沒告知是主動臨櫃欸!!!  怎麼會連個「回函或簡訊通知方式」都沒有～  ***很多版友誤會我的意思,我當然知道會員禮要自己臨櫃索取,我在意的點是沒有跟我說「時間點」跟「通知方式」***    於是有點不爽的問她整組算我原價這件事  她竟然說這是購買「正品價格」才能集點入會員  但每家專櫃的組合一定都有組合價(或9折之類)吧  而且這些組合不都也算是正品嗎......  哪有購買原價才算正品價格的道理呢  覺得她的回答真的頗不合理啊  唉～不知道該對這品牌還是這家專櫃打折扣了  ",
    "time": "2017/05/25 11:26:46",
    "event": "click"
  }
]