[
  {
    "category": "1",
    "app": "Facebook",
    "id": "1",
    "context": "安以軒夏威夷出嫁坐財庫淚收新郎「寵妳一輩子」",
    "time": "2017/06/08 13:51:45",
    "event": "click"
  },
  {
    "category": "1",
    "app": "Facebook",
    "id": "2",
    "context": "安以軒夏威夷出嫁坐財庫淚收新郎「寵妳一輩子」│",
    "time": "2017/06/08 13:51:45",
    "event": "slide"
  },
  {
    "category": "1",
    "app": "Dcard",
    "id": "3",
    "context": "安以軒婚紗照我姐今天傳了安以軒的婚禮照片給我看我第一眼看到這個婚紗只想到水餃耶???大家覺得呢？（安以軒很美只是衣服有點不懂）",
    "time": "2017/06/08 13:54:05",
    "event": "click"
  },
  {
    "category": "1",
    "app": "Dcard",
    "id": "4",
    "context": "安以軒婚紗照我姐今天傳了安以軒的婚禮照片給我看我第一眼看到這個婚紗只想到水餃耶???大家覺得呢？（安以軒很美只是衣服有點不懂）",
    "time": "2017/06/08 13:54:05",
    "event": "slide"
  }
]