[
  {
    "category": "10",
    "app": "Dcard",
    "id": "116",
    "context": "#圖白癡公主、展榮的曖昧懶人包文章是我精心準備的超詳細整理總之就是一個大整理就對了——————正文——————文章的開頭先來定義曖昧是什麼曖昧關係就是雙方暗地裡好像有點喜歡彼此，卻又不敢靠近；靠近了，卻又不敢更進一步1、讓人充滿誤會的照片們是不是很誤會！！第一張照片po出來之後就鬧的沸沸揚揚的，所以為此白癡公主在她的影片裡有澄清她跟展榮只是朋友請看1、0：47開始講這件事事情就這樣告一段落但是沒想到、一波三折（？2、2：07這只是一個小小的片段真正精彩的是這個?3、09：02瑞：你有沒有曾經有那麼一咪咪，有那你一刻想要跟白癡公主交往或者是想要追她？榮毫不猶豫的說：「有」而且展榮09：17喊的那聲靠真是太意義不明瞭而且可信度超高是86分前面都只出現過70幾分，我整個大興奮（？他之後就呈現害羞狀態好可愛不過他之後發表了不想改變的好友宣言所以我覺得之後的這部?跟上一部有很大的關聯4、這齣則是建議整個看，明顯展瑞想要把展榮跟白癡公主搞在一起整部影片的高潮在09：04但前面也很精彩??我們的白癡公主癡癡a減王美的個性明明就是大辣辣直接講但是她竟然選擇小聲的跟展瑞說她選展榮真是太害羞了??但是他們其實各自都有很多異性朋友所以我們耶沒辦法猜測他們到底有沒有可能不過我還是很希望他們在一起❤❤❤補充這是去年的合作影片在這部影片裡癡癡是跟展瑞一組的，但是上半的影片可以看出她跟展榮比較好?不過下半部又跟展瑞比較好了?沒有矜持的現代女性代表???————說說你們的看法吧__寫字最美裝年輕達人",
    "time": "2017/06/08 14:36:15",
    "event": "click"
  },
  {
    "category": "10",
    "app": "Dcard",
    "id": "117",
    "context": "#圖白癡公主、展榮的曖昧懶人包文章是我精心準備的超詳細整理總之就是一個大整理就對了——————正文——————文章的開頭先來定義曖昧是什麼曖昧關係就是雙方暗地裡好像有點喜歡彼此，卻又不敢靠近；靠近了，卻又不敢更進一步1、讓人充滿誤會的照片們是不是很誤會！！第一張照片po出來之後就鬧的沸沸揚揚的，所以為此白癡公主在她的影片裡有澄清她跟展榮只是朋友請看1、0：47開始講這件事事情就這樣告一段落但是沒想到、一波三折（？2、2：07這只是一個小小的片段真正精彩的是這個?3、09：02瑞：你有沒有曾經有那麼一咪咪，有那你一刻想要跟白癡公主交往或者是想要追她？榮毫不猶豫的說：「有」而且展榮09：17喊的那聲靠真是太意義不明瞭而且可信度超高是86分前面都只出現過70幾分，我整個大興奮（？他之後就呈現害羞狀態好可愛不過他之後發表了不想改變的好友宣言所以我覺得之後的這部?跟上一部有很大的關聯4、這齣則是建議整個看，明顯展瑞想要把展榮跟白癡公主搞在一起整部影片的高潮在09：04但前面也很精彩??我們的白癡公主癡癡a減王美的個性明明就是大辣辣直接講但是她竟然選擇小聲的跟展瑞說她選展榮真是太害羞了??但是他們其實各自都有很多異性朋友所以我們耶沒辦法猜測他們到底有沒有可能不過我還是很希望他們在一起❤❤❤補充這是去年的合作影片在這部影片裡癡癡是跟展瑞一組的，但是上半的影片可以看出她跟展榮比較好?不過下半部又跟展瑞比較好了?沒有矜持的現代女性代表???————說說你們的看法吧__寫字最美裝年輕達人",
    "time": "2017/06/08 14:36:15",
    "event": "slide"
  }
]