[
  {
    "category": "11",
    "app": "Dcard",
    "id": "118",
    "context": "我女友夢到我們分手了今天早上女友終於起牀了一起牀後就密我跟我說他夢到我們分手了看到他這樣打心裡又開始os等等又要發什麼脾氣我很緊張的問她我們為什麼分手他跟我說.............因為我嫌她走路走太慢....先不說了我去安慰她",
    "time": "2017/06/08 14:37:24",
    "event": "click"
  },
  {
    "category": "11",
    "app": "Dcard",
    "id": "119",
    "context": "我女友夢到我們分手了今天早上女友終於起牀了一起牀後就密我跟我說他夢到我們分手了看到他這樣打心裡又開始os等等又要發什麼脾氣我很緊張的問她我們為什麼分手他跟我說.............因為我嫌她走路走太慢....先不說了我去安慰她",
    "time": "2017/06/08 14:37:24",
    "event": "slide"
  }
]