[
  {
    "category": "12",
    "app": "Dcard",
    "id": "120",
    "context": "原來犯罪會被誇獎真是開眼界了現在熱門拿別人頭砸桌子的愛心數和底下某些言論我真是不敢恭維先不提那篇有極大機率是創作文（反正不管創不創作都一樣低能）這就是現代大學生的價值觀？原來不爽一個人很久忍耐很久就可以對對方使用暴力竟然還有一堆人支持原po動用私刑連法律制裁不到壞人都可以搬出來講真的笑死就算一個人有犯法也絕對輪不到你去私自制裁他很多社會案件就是如此看對方不爽很久了便殺人或傷害人按照你們的邏輯他們殺人也是合理的囉？因為忍耐很久了啊但對方又不是真的有犯罪所以法律制裁不到他乾脆就自己動手這樣的想法對嗎？還有人說你不是原原po不懂他的感受看到這種言論實在傻眼……根本就是替犯罪者合理化他的行為同理你怎麼不說大家不懂殺人犯的感受？總之那篇文又再度驗證了低能卡素質低能真不是叫假的",
    "time": "2017/06/08 14:38:30",
    "event": "click"
  },
  {
    "category": "12",
    "app": "Dcard",
    "id": "121",
    "context": "原來犯罪會被誇獎真是開眼界了現在熱門拿別人頭砸桌子的愛心數和底下某些言論我真是不敢恭維先不提那篇有極大機率是創作文（反正不管創不創作都一樣低能）這就是現代大學生的價值觀？原來不爽一個人很久忍耐很久就可以對對方使用暴力竟然還有一堆人支持原po動用私刑連法律制裁不到壞人都可以搬出來講真的笑死就算一個人有犯法也絕對輪不到你去私自制裁他很多社會案件就是如此看對方不爽很久了便殺人或傷害人按照你們的邏輯他們殺人也是合理的囉？因為忍耐很久了啊但對方又不是真的有犯罪所以法律制裁不到他乾脆就自己動手這樣的想法對嗎？還有人說你不是原原po不懂他的感受看到這種言論實在傻眼……根本就是替犯罪者合理化他的行為同理你怎麼不說大家不懂殺人犯的感受？總之那篇文又再度驗證了低能卡素質低能真不是叫假的",
    "time": "2017/06/08 14:38:30",
    "event": "slide"
  }
]