[
  {
    "category": "14",
    "app": "Facebook",
    "id": "136",
    "context": "學霸兒子「高中交女友」　歌手陳美齡：早點學會才懂愛|etnews親子新聞|etnews新聞雲手機版|etnewsmobileweb香港出身的陳美齡曾是紅遍港臺的歌手，34歲後轉換跑道拿到史丹佛大學教育學博士，3個兒子長大後也都成為媽媽的「學弟」，堪稱是學霸家庭。出版育兒心路後，陳美齡也成了父母心中的「另類虎媽」，由「一條yitiao」po出的「父母10不」網路瘋傳，網友們大讚「了不起！」(陳美齡,學霸,虎媽,親子,育兒,一條yitiao,父母10不)",
    "time": "2017/06/08 14:43:55",
    "event": "click"
  },
  {
    "category": "14",
    "app": "Facebook",
    "id": "137",
    "context": "學霸兒子「高中交女友」　歌手陳美齡：早點學會才懂愛|etnews親子新聞|etnews新聞雲手機版|etnewsmobileweb香港出身的陳美齡曾是紅遍港臺的歌手，34歲後轉換跑道拿到史丹佛大學教育學博士，3個兒子長大後也都成為媽媽的「學弟」，堪稱是學霸家庭。出版育兒心路後，陳美齡也成了父母心中的「另類虎媽」，由「一條yitiao」po出的「父母10不」網路瘋傳，網友們大讚「了不起！」(陳美齡,學霸,虎媽,親子,育兒,一條yitiao,父母10不)",
    "time": "2017/06/08 14:43:55",
    "event": "slide"
  }
]