[
  {
    "category": "2",
    "app": "Dcard",
    "id": "5",
    "context": "健身",
    "time": "2017/06/08 13:54:23",
    "event": "click"
  },
  {
    "category": "2",
    "app": "Dcard",
    "id": "6",
    "context": "#健身#重訓#減肥#營養#文字甚多小心閱讀「五個方式讓你進步更有系統與效率」其實原本沒有想到要分享這篇文章在這裡的，還要感謝（肥熊熊）的建議，不然其實在這裡已經失去滿多原本的初衷了，ＢＴＷ看第三行字。置頂文字:希望大家不要看到字很多就放棄><來分享一個陌生人問我的問題，如果你也有相同的問題，或是類似的問題，可以參考以下我提出的5點，你是否真的有做好呢？內容會稍微做一下刪減，不然內容太過龐大，會影響我等等自我進修時間。：「不好意思,我想請問一下，為什麼我自己在練的時候，重量都不太會增加呢？」通常對於這種問題我都會先反問五個問題是否有做好，這也是我自己檢視自己的方式之一，而這五項又會互相牽連影響著，所以失一皆可能失局。（一）動作品質動作品質乃建立於所有訓練的基石。說句實話，就算做的是錯的動作也可以得到肌肥大的效果，但差別就在你長的是哪邊比例又差了多少，還有.......你受傷了沒？如果你的訓練總是在代償或是錯誤的動作模式又或是動作永遠只做一半，那麼不管對於肌力/肌肥大/肌耐力的品質也都會受到影響，想要得到強度的增加也許在開始會增加很快，但隨著時間很快就會面臨瓶頸，所以在訓練的開始，確認自己的『品質』是否是好的會是一個最基本的開始。再來，還需要考慮到是否有足夠的活動度以及穩定度，這也是在動作開始前需要擁有的，如果沒有那麼在基礎的六項訓練中，相信也會面臨很大的困境。臥推/划船、肩推/引體、深蹲/硬舉。（二）週期是否每一次的訓練都是漫無目的的在訓練？或是總是胸背腿然後一組８～１２下在訓練呢？最大肌力會上不去的原因也有可能是自於沒有完善的週期性訓練。通常週期我們可以簡單的分為解剖神經適應/肌肉生長或功能肌肉生長/最大肌力/功能轉換或爆發/動態恢復等五期，而這五期的訓練又互相牽連著彼此解剖神經適應奠定動作神經連結品質讓肌肉生長期獲得更好的品質與軟組織健康–肌肉生長期奠定肌肉生長及中高強度訓練對最大肌力提供足夠的空間增長肌力－最大肌力期提供足夠的力量給予功能項目或是爆發力足夠的高度成長－動態恢復期讓身體有漸漸恢復讓身體有能力接受下一個週期的訓練。當然週期不一定要像這樣線性成長，當然也可以做非線性成長，訓練沒有絕對，但有系統的訓練對於成長會比較有效率。（三）訓練量是否擁有足夠的訓練量?這訓練量是否適合自己?常常看到有些人會在健身房練沒兩下就大概休了半小時以上，又或是一進到健身房就開始狂操猛練個兩三小時以上。這兩者沒有絕對的誰對誰錯，也許第一種人訓練強度對他來說太過強大不懂得如何調配自己的訓練強度；也許第二種人訓練量這麼大，他的身體全部都吃得下去，那麼這訓練量＂對他來說＂就是沒有問題。但問題來了，他的訓練量適合你嗎？我看到誰的課表誰誰誰這樣練變好巨舉好重，我現在都照他的課表在跑。相信常常看到會有一羣人會做這樣的事，模仿是一件好事，可以慢慢體會以及學習，但相信一般人通常很難吃下各領域頂尖選手平常的訓練量，所以在選擇＂適合自己＂的訓練量就顯得相當重要，不建議過多，也不建議過少，而疲勞恢復我選擇放在最後一點再說。通常在訓練會有震盪/阻抗/耗竭三種狀況，當一個新的刺激訓練進來了，身體會進入震盪期，身體會稍微退化一點點然後再慢慢適應恢復到原來水準；阻抗期身體在經過震盪期之後如果訓練強度拿捏得當就會進入此期，這段時間身體會得到比震盪期開始還要強韌的能力，但這時間不是無限增長的；耗竭期如果身體不斷負荷太高強度的訓練及訓練量的話，身體就會進入此期，身體能力不如震盪期開始，甚至在耗竭期結束後，身體能力還低於震盪期開始。（四）營養不管是任何一個選手還是一般民眾，在於營養都要視為一項相當重要的課題，如果沒有足夠的營養，在訓練/在生活/在身體與精神都會受到很大的影響。而營養又不是隻注意macros:蛋白/脂肪/碳水，還有更重要的micros:礦物質/維生素/水，這兩者都不應該顧此失彼，熱量夠了但是微量營養素不足，微量營養素足了而熱量又不足，這都是在每天生活中＂必須＂要攝取得到的，也是人體維生的基礎。營養可以講得非常多，但這邊僅只是提醒大家檢視的方向，不然內容會太過於繁多還請見諒。（五）疲勞恢復與休息在這一項其實對於訓練或是生活也都是影響層面深遠，在第三點有提到的震盪/阻抗/耗竭期，訓練不是無止盡今天我進健身房一次給他爆練個12小時，你一年後就可以變成阿諾還甚麼的，因為這完全忽略掉了疲勞考量，也就是會讓你自己進入耗竭期，如果你今天練個腿想一個禮拜做兩循環，但之後發現居然連續痠痛了４～５天以上，影響到你下一次的訓練，這時候就要稍微思考一下是不是自己的訓練量太高身體沒有辦法恢復，如果是的話，那是不是該思考一下自己的強度是否要調降。當然有些人會問，如果我都不會痠痛那我該如何檢視自己是否有進步？其實你可以從第三點的訓練量來得知自己是否有進步，理論上在每一次的訓練，下一次要比前一次的訓練強度要來的高，這也是在訓練裡面的漸進原則，慢慢地堆疊強度上去，而不是今天心情好就來操個大重量，今天好像還好隨便推兩下就好。還有日常生活休息也很重要，是否有足夠的睡眠品質？是否有足夠的休息時間？這也都是影響賀爾蒙調節與身體恢復的一個關鍵因素。－－－－－－－－－－－－－－－－－－－－－－－－－終於打完了，結果比預期時間打的要久好多，希望這一篇能夠幫助到有類似這方面問題的人，如果有的話，還希望給個讚或是說聲謝謝給予肯定，發文真的滿累也花時間的，但如果能夠幫助到任何一個人，這樣也就值得了，謝謝大家。",
    "time": "2017/06/08 13:54:31",
    "event": "click"
  },
  {
    "category": "2",
    "app": "Dcard",
    "id": "7",
    "context": "#健身#重訓#減肥#營養#文字甚多小心閱讀「五個方式讓你進步更有系統與效率」其實原本沒有想到要分享這篇文章在這裡的，還要感謝（肥熊熊）的建議，不然其實在這裡已經失去滿多原本的初衷了，ＢＴＷ看第三行字。置頂文字:希望大家不要看到字很多就放棄><來分享一個陌生人問我的問題，如果你也有相同的問題，或是類似的問題，可以參考以下我提出的5點，你是否真的有做好呢？內容會稍微做一下刪減，不然內容太過龐大，會影響我等等自我進修時間。：「不好意思,我想請問一下，為什麼我自己在練的時候，重量都不太會增加呢？」通常對於這種問題我都會先反問五個問題是否有做好，這也是我自己檢視自己的方式之一，而這五項又會互相牽連影響著，所以失一皆可能失局。（一）動作品質動作品質乃建立於所有訓練的基石。說句實話，就算做的是錯的動作也可以得到肌肥大的效果，但差別就在你長的是哪邊比例又差了多少，還有.......你受傷了沒？如果你的訓練總是在代償或是錯誤的動作模式又或是動作永遠只做一半，那麼不管對於肌力/肌肥大/肌耐力的品質也都會受到影響，想要得到強度的增加也許在開始會增加很快，但隨著時間很快就會面臨瓶頸，所以在訓練的開始，確認自己的『品質』是否是好的會是一個最基本的開始。再來，還需要考慮到是否有足夠的活動度以及穩定度，這也是在動作開始前需要擁有的，如果沒有那麼在基礎的六項訓練中，相信也會面臨很大的困境。臥推/划船、肩推/引體、深蹲/硬舉。（二）週期是否每一次的訓練都是漫無目的的在訓練？或是總是胸背腿然後一組８～１２下在訓練呢？最大肌力會上不去的原因也有可能是自於沒有完善的週期性訓練。通常週期我們可以簡單的分為解剖神經適應/肌肉生長或功能肌肉生長/最大肌力/功能轉換或爆發/動態恢復等五期，而這五期的訓練又互相牽連著彼此解剖神經適應奠定動作神經連結品質讓肌肉生長期獲得更好的品質與軟組織健康–肌肉生長期奠定肌肉生長及中高強度訓練對最大肌力提供足夠的空間增長肌力－最大肌力期提供足夠的力量給予功能項目或是爆發力足夠的高度成長－動態恢復期讓身體有漸漸恢復讓身體有能力接受下一個週期的訓練。當然週期不一定要像這樣線性成長，當然也可以做非線性成長，訓練沒有絕對，但有系統的訓練對於成長會比較有效率。（三）訓練量是否擁有足夠的訓練量?這訓練量是否適合自己?常常看到有些人會在健身房練沒兩下就大概休了半小時以上，又或是一進到健身房就開始狂操猛練個兩三小時以上。這兩者沒有絕對的誰對誰錯，也許第一種人訓練強度對他來說太過強大不懂得如何調配自己的訓練強度；也許第二種人訓練量這麼大，他的身體全部都吃得下去，那麼這訓練量＂對他來說＂就是沒有問題。但問題來了，他的訓練量適合你嗎？我看到誰的課表誰誰誰這樣練變好巨舉好重，我現在都照他的課表在跑。相信常常看到會有一羣人會做這樣的事，模仿是一件好事，可以慢慢體會以及學習，但相信一般人通常很難吃下各領域頂尖選手平常的訓練量，所以在選擇＂適合自己＂的訓練量就顯得相當重要，不建議過多，也不建議過少，而疲勞恢復我選擇放在最後一點再說。通常在訓練會有震盪/阻抗/耗竭三種狀況，當一個新的刺激訓練進來了，身體會進入震盪期，身體會稍微退化一點點然後再慢慢適應恢復到原來水準；阻抗期身體在經過震盪期之後如果訓練強度拿捏得當就會進入此期，這段時間身體會得到比震盪期開始還要強韌的能力，但這時間不是無限增長的；耗竭期如果身體不斷負荷太高強度的訓練及訓練量的話，身體就會進入此期，身體能力不如震盪期開始，甚至在耗竭期結束後，身體能力還低於震盪期開始。（四）營養不管是任何一個選手還是一般民眾，在於營養都要視為一項相當重要的課題，如果沒有足夠的營養，在訓練/在生活/在身體與精神都會受到很大的影響。而營養又不是隻注意macros:蛋白/脂肪/碳水，還有更重要的micros:礦物質/維生素/水，這兩者都不應該顧此失彼，熱量夠了但是微量營養素不足，微量營養素足了而熱量又不足，這都是在每天生活中＂必須＂要攝取得到的，也是人體維生的基礎。營養可以講得非常多，但這邊僅只是提醒大家檢視的方向，不然內容會太過於繁多還請見諒。（五）疲勞恢復與休息在這一項其實對於訓練或是生活也都是影響層面深遠，在第三點有提到的震盪/阻抗/耗竭期，訓練不是無止盡今天我進健身房一次給他爆練個12小時，你一年後就可以變成阿諾還甚麼的，因為這完全忽略掉了疲勞考量，也就是會讓你自己進入耗竭期，如果你今天練個腿想一個禮拜做兩循環，但之後發現居然連續痠痛了４～５天以上，影響到你下一次的訓練，這時候就要稍微思考一下是不是自己的訓練量太高身體沒有辦法恢復，如果是的話，那是不是該思考一下自己的強度是否要調降。當然有些人會問，如果我都不會痠痛那我該如何檢視自己是否有進步？其實你可以從第三點的訓練量來得知自己是否有進步，理論上在每一次的訓練，下一次要比前一次的訓練強度要來的高，這也是在訓練裡面的漸進原則，慢慢地堆疊強度上去，而不是今天心情好就來操個大重量，今天好像還好隨便推兩下就好。還有日常生活休息也很重要，是否有足夠的睡眠品質？是否有足夠的休息時間？這也都是影響賀爾蒙調節與身體恢復的一個關鍵因素。－－－－－－－－－－－－－－－－－－－－－－－－－終於打完了，結果比預期時間打的要久好多，希望這一篇能夠幫助到有類似這方面問題的人，如果有的話，還希望給個讚或是說聲謝謝給予肯定，發文真的滿累也花時間的，但如果能夠幫助到任何一個人，這樣也就值得了，謝謝大家。",
    "time": "2017/06/08 13:54:31",
    "event": "slide"
  },
  {
    "category": "2",
    "app": "Dcard",
    "id": "8",
    "context": "#減肥　吃得漂亮又有趣大概三月時開始下定決心給自己一個機會，活了32年還沒看過自己身材不錯的樣子，雖說過去這臃腫的身體也沒帶給我什麼嚴重的病痛，我的學業事業甚至是感情也沒受過太多阻礙。一直到近幾年真的感受到自己老了xd，以前趕個案子可以90個小時不睡覺，現在半夜三點就有點累了；活動力跟敏捷度也大不如前，以前至少可以認為自己還是個敏捷的胖子，前陣子覺得自己爛軟的樣子活像著脂肪球。也可以跟各位分享的是，如果你或妳現在或將來的工作是必須面對人羣，無論是客戶或是部屬，遇到那種先檢視外貌的人，實在是沒辦法用一個「反正他就是外貌協會」來說服自己。普遍社會上容易認定，胖子會給人一種笨拙緩慢的感覺，很直接地會被聯想到沒有效率、無法信任等等負面的觀感；尤其我已經冠上中高階主管的頭銜，必須時常面對客戶和我底下的設計師，這個問題更加嚴重。再者，又因為身處設計業界，因為肥胖而不能想穿什麼穿什麼是更嚴峻的困境。即使我再怎樣打理剩下可以調整的地方，頭髮、耳環、香水或是其他鞋包配件，還是得面對找不到好看衣褲穿搭的困境。雖然americaneagle不難看也不難買，總不能一輩子穿平價服飾吧，出席重要場合或到國外參展時，沒有一套合身好看的西裝就是一個出局。anyway，雖然一週固定五到六天都會到健身房自主訓練，但我也不是什麼高手或教練，就用自己的方法先以減脂為重，搭配大肌羣的重訓，這部分沒有特別的好分享。綜觀一看好像還沒有太多人分享飲食，想說跟大家交流一下，畢竟很多人也說「吃」在減重的過程中扮演重要的角色。嘴饞應該是很多人包括我在內的困境，我到了這年紀，我並不想用炒短線的方式強制調整自己的飲食，我希望可以透過這次機會，養成我往後到老死為止的飲食習慣xd。吃得有趣吃得漂亮是我個人的習慣也是職業病，我是個很重視覺的人，所以不只嘴巴吃眼睛也要吃，從一開始根本就是把食物丟進容器內，到現在挑食材色彩再搭配擺盤，也是其中的一個樂趣。吃食物原型而不吃食品是一個很大的重點，一開始我就挑些我愛吃的玩意全部丟進去便當盒裡（馬上被說水果太多然後沒菜）。吃了一陣子地瓜吃到想打人，所以開始尋找其他澱粉出路（還是沒菜）。為了增加美觀程度（？）開始加入我可以接受的蔬菜，麵包全都是馬可買來的雜糧系列。看了一些資料發現蝦子也是好物，我又很愛吃蝦，剛好加入紅色xd某天突然發現擺得不夠好看，排版病發作心血來潮嘗試的義大利蕎麥麵到這幾天我都堅持要擺得整齊好看纔要吃飯了lol我沒特別加綠色的葉菜類進去，因為我不太喜歡它們，個人覺得調整飲食習慣的關鍵在於，千萬別因為任何原因逼自己吃不太吃的東西呀！所以我的替代方案就是這杯擁有神祕又噁心顏色的汁：（蘋果＋香蕉＋青江菜＋豌豆苗＋紫高麗＋苜蓿芽＋甜菜根＋堅果＋薑黃）就跟各位純分享一下囉，也希望有機會可以交流:d",
    "time": "2017/06/08 13:55:40",
    "event": "click"
  },
  {
    "category": "2",
    "app": "Dcard",
    "id": "9",
    "context": "#減肥　吃得漂亮又有趣大概三月時開始下定決心給自己一個機會，活了32年還沒看過自己身材不錯的樣子，雖說過去這臃腫的身體也沒帶給我什麼嚴重的病痛，我的學業事業甚至是感情也沒受過太多阻礙。一直到近幾年真的感受到自己老了xd，以前趕個案子可以90個小時不睡覺，現在半夜三點就有點累了；活動力跟敏捷度也大不如前，以前至少可以認為自己還是個敏捷的胖子，前陣子覺得自己爛軟的樣子活像著脂肪球。也可以跟各位分享的是，如果你或妳現在或將來的工作是必須面對人羣，無論是客戶或是部屬，遇到那種先檢視外貌的人，實在是沒辦法用一個「反正他就是外貌協會」來說服自己。普遍社會上容易認定，胖子會給人一種笨拙緩慢的感覺，很直接地會被聯想到沒有效率、無法信任等等負面的觀感；尤其我已經冠上中高階主管的頭銜，必須時常面對客戶和我底下的設計師，這個問題更加嚴重。再者，又因為身處設計業界，因為肥胖而不能想穿什麼穿什麼是更嚴峻的困境。即使我再怎樣打理剩下可以調整的地方，頭髮、耳環、香水或是其他鞋包配件，還是得面對找不到好看衣褲穿搭的困境。雖然americaneagle不難看也不難買，總不能一輩子穿平價服飾吧，出席重要場合或到國外參展時，沒有一套合身好看的西裝就是一個出局。anyway，雖然一週固定五到六天都會到健身房自主訓練，但我也不是什麼高手或教練，就用自己的方法先以減脂為重，搭配大肌羣的重訓，這部分沒有特別的好分享。綜觀一看好像還沒有太多人分享飲食，想說跟大家交流一下，畢竟很多人也說「吃」在減重的過程中扮演重要的角色。嘴饞應該是很多人包括我在內的困境，我到了這年紀，我並不想用炒短線的方式強制調整自己的飲食，我希望可以透過這次機會，養成我往後到老死為止的飲食習慣xd。吃得有趣吃得漂亮是我個人的習慣也是職業病，我是個很重視覺的人，所以不只嘴巴吃眼睛也要吃，從一開始根本就是把食物丟進容器內，到現在挑食材色彩再搭配擺盤，也是其中的一個樂趣。吃食物原型而不吃食品是一個很大的重點，一開始我就挑些我愛吃的玩意全部丟進去便當盒裡（馬上被說水果太多然後沒菜）。吃了一陣子地瓜吃到想打人，所以開始尋找其他澱粉出路（還是沒菜）。為了增加美觀程度（？）開始加入我可以接受的蔬菜，麵包全都是馬可買來的雜糧系列。看了一些資料發現蝦子也是好物，我又很愛吃蝦，剛好加入紅色xd某天突然發現擺得不夠好看，排版病發作心血來潮嘗試的義大利蕎麥麵到這幾天我都堅持要擺得整齊好看纔要吃飯了lol我沒特別加綠色的葉菜類進去，因為我不太喜歡它們，個人覺得調整飲食習慣的關鍵在於，千萬別因為任何原因逼自己吃不太吃的東西呀！所以我的替代方案就是這杯擁有神祕又噁心顏色的汁：（蘋果＋香蕉＋青江菜＋豌豆苗＋紫高麗＋苜蓿芽＋甜菜根＋堅果＋薑黃）就跟各位純分享一下囉，也希望有機會可以交流:d",
    "time": "2017/06/08 13:55:40",
    "event": "slide"
  },
  {
    "category": "2",
    "app": "Dcard",
    "id": "10",
    "context": "(圖)簡單的健身料理-雞胸肉就不囉唆直接進入正題摟～～如果你問我說鍋子怎麼髒髒的因為那是debuyer的鐵鍋他越黑越好用歐???清燙玉米筍跟蘆筍+雞胸肉也很好吃！",
    "time": "2017/06/08 13:56:39",
    "event": "click"
  },
  {
    "category": "2",
    "app": "Dcard",
    "id": "11",
    "context": "(圖)簡單的健身料理-雞胸肉就不囉唆直接進入正題摟～～如果你問我說鍋子怎麼髒髒的因為那是debuyer的鐵鍋他越黑越好用歐???清燙玉米筍跟蘆筍+雞胸肉也很好吃！",
    "time": "2017/06/08 13:56:39",
    "event": "slide"
  },
  {
    "category": "2",
    "app": "Dcard",
    "id": "12",
    "context": "健身超重要先來看看2個月前的我......肥肉到處亂噴我那時158/62體脂還30到了整個崩壞的地步?三個禮拜後我全戒了炸物&含糖飲料&宵夜我超嘴饞的，只要眼前有食物，我的嘴巴幾乎不會停下來重點是！！！宵夜真的是萬惡之源啊啊啊啊啊千萬別吃宵夜雖然瘦了一點但還是肥肥ㄉ這時的我158/59六個禮拜後158/57體態真的感覺變好很多不吃宵夜已經變成習慣了每天早睡早起讓肌肉在健身是達到最好表現8個禮拜後鐺鐺鐺鐺158/56體脂27雖然還是有很多肥肉，不過身體變得超級緊實的啦哇哈哈比起健身前的體態還有氣色等自己真的覺得差很多再附一張這幾天的健身照加油吧！???",
    "time": "2017/06/08 13:57:10",
    "event": "click"
  },
  {
    "category": "2",
    "app": "Dcard",
    "id": "13",
    "context": "健身超重要先來看看2個月前的我......肥肉到處亂噴我那時158/62體脂還30到了整個崩壞的地步?三個禮拜後我全戒了炸物&含糖飲料&宵夜我超嘴饞的，只要眼前有食物，我的嘴巴幾乎不會停下來重點是！！！宵夜真的是萬惡之源啊啊啊啊啊千萬別吃宵夜雖然瘦了一點但還是肥肥ㄉ這時的我158/59六個禮拜後158/57體態真的感覺變好很多不吃宵夜已經變成習慣了每天早睡早起讓肌肉在健身是達到最好表現8個禮拜後鐺鐺鐺鐺158/56體脂27雖然還是有很多肥肉，不過身體變得超級緊實的啦哇哈哈比起健身前的體態還有氣色等自己真的覺得差很多再附一張這幾天的健身照加油吧！???",
    "time": "2017/06/08 13:57:10",
    "event": "slide"
  },
  {
    "category": "2",
    "app": "Dcard",
    "id": "14",
    "context": "#重訓#片#女生不要怕變粗最近看版上，很多女生說重訓完變的很粗心裡os：肌肉如果那麼好長就不用那麼辛苦練啦..女生因為男性荷爾蒙比較少，所以訓練起來長肌肉本來就會比男孩子困難練完的當下幾乎都是充血的狀態，所以才會看起來比較壯衣服比較緊並不是因為妳肌肉長出來了好嘛...不要被以前的觀念洗腦練了會變更粗那是因為妳體脂肪還沒下降肌肉也還在成長有了肌肉才能幫妳燃燒脂肪體脂肪下降線條自然會出來肌肉量提高基礎代謝率也會提高自然吃比較多也比較不會復胖想說的是肌肉是好東西別在被刻板印象影響了！別在當原始人了！！多吸收點正確觀唸吧！！——————————————————————附上推薦影片網址裡面有很多觀念知識多學學幫助自己也幫助他人別怕變大肌肌先踏出第一步才會變瘦有線條！",
    "time": "2017/06/08 13:58:18",
    "event": "click"
  },
  {
    "category": "2",
    "app": "Dcard",
    "id": "15",
    "context": "#重訓#片#女生不要怕變粗最近看版上，很多女生說重訓完變的很粗心裡os：肌肉如果那麼好長就不用那麼辛苦練啦..女生因為男性荷爾蒙比較少，所以訓練起來長肌肉本來就會比男孩子困難練完的當下幾乎都是充血的狀態，所以才會看起來比較壯衣服比較緊並不是因為妳肌肉長出來了好嘛...不要被以前的觀念洗腦練了會變更粗那是因為妳體脂肪還沒下降肌肉也還在成長有了肌肉才能幫妳燃燒脂肪體脂肪下降線條自然會出來肌肉量提高基礎代謝率也會提高自然吃比較多也比較不會復胖想說的是肌肉是好東西別在被刻板印象影響了！別在當原始人了！！多吸收點正確觀唸吧！！——————————————————————附上推薦影片網址裡面有很多觀念知識多學學幫助自己也幫助他人別怕變大肌肌先踏出第一步才會變瘦有線條！",
    "time": "2017/06/08 13:58:18",
    "event": "slide"
  },
  {
    "category": "2",
    "app": "Dcard",
    "id": "114",
    "context": "#健身#圖身邊的女孩都是潛力股第一次在版上發文排版很亂很抱歉><小妹我從小就是個胖子，因為很胖所以也不愛拍照，所以照片不多，國三要拼高中時一度胖到75kg/150cm那時候體力差到800m沒有跑完過??直到上了高中，覺得不行，不想被嘲笑了!開始跑操場，高中三年沒有斷過，現在可以連續跑5公里心跳160上下，這時體重已經掉到55kg/150cm了後來體重卡關了，就開始接觸健身，一開始也是什麼都不懂，後來請教教練跟看youtube學習飲食，上大學後開始準備自己的飲食訓練量也從一星期1.2次，到現在4.5次現在體重還是沒變，但肌肉量比以前高(體脂還沒有很低，還在努力中)給女孩們的想法1.不要節食!!!!痛苦餓肚子，瘦下來也很容易復胖，飲食很重要，7分吃3分練2.沒有局部瘦身這回事3.金剛芭比沒有那想像的那麼好練(我深蹲跟硬舉都70kg，腿推200kg，我看起來有很壯嗎？)4.雖然說女生要多練深蹲硬舉，會有翹臀，但上身的胸跟背還是要練，線條會更美喔！(大家看這麼多健身文，我應該不用贅述了∪･ω･∪)還有給那些被笑胖沒自信的女孩，我也是這樣過來的，在瘦身的路上也許辛苦，也許不被看好，但不要放棄?，你的堅持身體會給你回應還有男孩，不要欺負或嘲笑身邊的小胖妹，也許在以後的某天，她會逆襲成你追求的女神(^ω^)#一直猶豫要不要發文的邊緣人腿推200kg是我太廢了嗎?",
    "time": "2017/06/08 14:35:22",
    "event": "click"
  },
  {
    "category": "2",
    "app": "Dcard",
    "id": "115",
    "context": "#健身#圖身邊的女孩都是潛力股第一次在版上發文排版很亂很抱歉><小妹我從小就是個胖子，因為很胖所以也不愛拍照，所以照片不多，國三要拼高中時一度胖到75kg/150cm那時候體力差到800m沒有跑完過??直到上了高中，覺得不行，不想被嘲笑了!開始跑操場，高中三年沒有斷過，現在可以連續跑5公里心跳160上下，這時體重已經掉到55kg/150cm了後來體重卡關了，就開始接觸健身，一開始也是什麼都不懂，後來請教教練跟看youtube學習飲食，上大學後開始準備自己的飲食訓練量也從一星期1.2次，到現在4.5次現在體重還是沒變，但肌肉量比以前高(體脂還沒有很低，還在努力中)給女孩們的想法1.不要節食!!!!痛苦餓肚子，瘦下來也很容易復胖，飲食很重要，7分吃3分練2.沒有局部瘦身這回事3.金剛芭比沒有那想像的那麼好練(我深蹲跟硬舉都70kg，腿推200kg，我看起來有很壯嗎？)4.雖然說女生要多練深蹲硬舉，會有翹臀，但上身的胸跟背還是要練，線條會更美喔！(大家看這麼多健身文，我應該不用贅述了∪･ω･∪)還有給那些被笑胖沒自信的女孩，我也是這樣過來的，在瘦身的路上也許辛苦，也許不被看好，但不要放棄?，你的堅持身體會給你回應還有男孩，不要欺負或嘲笑身邊的小胖妹，也許在以後的某天，她會逆襲成你追求的女神(^ω^)#一直猶豫要不要發文的邊緣人腿推200kg是我太廢了嗎?",
    "time": "2017/06/08 14:35:22",
    "event": "slide"
  }
]