[
  {
    "category": "4",
    "app": "Dcard",
    "id": "17",
    "context": "穿搭",
    "time": "2017/06/08 13:59:45",
    "event": "click"
  },
  {
    "category": "4",
    "app": "Dcard",
    "id": "18",
    "context": "我的頭髮成長史?#圖多大家好～今天想來分享我的頭髮哈哈因為我自己很喜歡嘗試不同的髮型加上之前在穿搭版滿多人有問我的髮型所以這次來跟大家分享～～那就開始吧?其實最一開始我是長直髮然後沒有瀏海沒有染髮是很黑的黑髮，但沒有照片就沒放上來了！後來就想去燙波浪～～覺得很浪漫，然後這也是我人生最長頭髮的時候！之後就去剪了空氣瀏海看起來變年輕了！?第一個不小心馬掉了抱歉啊但那也是空氣瀏海之後冬天去韓國玩因為天氣實在太乾燥了頭髮一直打結很嚴重梳不開的那種我很崩潰，回臺灣整個剪掉變短髮哈哈哈?燈光關係看起來像咖啡色但其實是黑色哦！然後是燙那種睡不醒頭，有點要捲不捲很自然的然後一樣有瀏海但還是黑髮～我覺得這種頭髮綁馬尾很好看?後面一小戳很可愛哈哈有一段時間都很喜歡綁這樣，看起來也比較有精神也很喜歡綁這種公主頭?下面捲捲的看起來蠻有造型的之後頭髮又有一點長了瀏海也是！我覺得這就是所謂的''過渡期''那時候都覺得放下頭髮都好沒精神好沒造型???所以那時候很喜歡綁包包頭加髮帶，因為長度可以綁了！剛好夏天這樣看起來也很涼?之後真的受不了了又跑去剪短了???剪比第一次更短然後燙了內灣瀏海變成呆瓜瀏海第一次做這麼大的嘗試然後整個風格大改，變得很愛暗黑系?衣服什麼的都要黑白後來長長了一點點看起來比較柔一點了瀏海長長之後不知道為什麼就自己又變空氣瀏海哈哈哈之後終於染髮了！！！是一個霧面咖啡吧其實我也不太清楚這什麼顏色，但我很喜歡???然後又燙捲了～～瀏海又變呆瓜瀏海燙了這個頭髮之後我又轉風格了???變得很日系哈哈哈然後這個頭髮綁公主頭和馬尾也都滿好看的?然後瀏海又變空氣瀏海了?最後就是我現在的髮型～～已經變得有點中長髮了！！然後髮色也變淺了我這個暑假又想剪短了哈哈哈哈但還不知道要哪種短髮???我猶豫超久的但我不會想嘗試超短髮因為我不敢啊啊我最短能接受就是耳下一點點哈哈以上就是我的髮型史希望你們會喜歡～～❤️",
    "time": "2017/06/08 14:00:49",
    "event": "click"
  },
  {
    "category": "4",
    "app": "Dcard",
    "id": "19",
    "context": "我的頭髮成長史?#圖多大家好～今天想來分享我的頭髮哈哈因為我自己很喜歡嘗試不同的髮型加上之前在穿搭版滿多人有問我的髮型所以這次來跟大家分享～～那就開始吧?其實最一開始我是長直髮然後沒有瀏海沒有染髮是很黑的黑髮，但沒有照片就沒放上來了！後來就想去燙波浪～～覺得很浪漫，然後這也是我人生最長頭髮的時候！之後就去剪了空氣瀏海看起來變年輕了！?第一個不小心馬掉了抱歉啊但那也是空氣瀏海之後冬天去韓國玩因為天氣實在太乾燥了頭髮一直打結很嚴重梳不開的那種我很崩潰，回臺灣整個剪掉變短髮哈哈哈?燈光關係看起來像咖啡色但其實是黑色哦！然後是燙那種睡不醒頭，有點要捲不捲很自然的然後一樣有瀏海但還是黑髮～我覺得這種頭髮綁馬尾很好看?後面一小戳很可愛哈哈有一段時間都很喜歡綁這樣，看起來也比較有精神也很喜歡綁這種公主頭?下面捲捲的看起來蠻有造型的之後頭髮又有一點長了瀏海也是！我覺得這就是所謂的''過渡期''那時候都覺得放下頭髮都好沒精神好沒造型???所以那時候很喜歡綁包包頭加髮帶，因為長度可以綁了！剛好夏天這樣看起來也很涼?之後真的受不了了又跑去剪短了???剪比第一次更短然後燙了內灣瀏海變成呆瓜瀏海第一次做這麼大的嘗試然後整個風格大改，變得很愛暗黑系?衣服什麼的都要黑白後來長長了一點點看起來比較柔一點了瀏海長長之後不知道為什麼就自己又變空氣瀏海哈哈哈之後終於染髮了！！！是一個霧面咖啡吧其實我也不太清楚這什麼顏色，但我很喜歡???然後又燙捲了～～瀏海又變呆瓜瀏海燙了這個頭髮之後我又轉風格了???變得很日系哈哈哈然後這個頭髮綁公主頭和馬尾也都滿好看的?然後瀏海又變空氣瀏海了?最後就是我現在的髮型～～已經變得有點中長髮了！！然後髮色也變淺了我這個暑假又想剪短了哈哈哈哈但還不知道要哪種短髮???我猶豫超久的但我不會想嘗試超短髮因為我不敢啊啊我最短能接受就是耳下一點點哈哈以上就是我的髮型史希望你們會喜歡～～❤️",
    "time": "2017/06/08 14:00:49",
    "event": "slide"
  },
  {
    "category": "4",
    "app": "Dcard",
    "id": "20",
    "context": "#求救中性胖女孩鼓起勇氣才發這篇文章的首先先跟點進來的說謝謝還有對不起傷害了你們的眼睛qq知道我的人算我求你了拜託不要認我介紹:身高158/70我知道我超胖的目前真的很努力正在減肥中很多好看的衣服穿起來都會因為體型變得很怪也因為這樣所以在學校的穿著就是不斷的黑褲配各色的素踢有根據關鍵字胖女孩爬了文但都沒有中性的樣子所以只好上來求救了我知道減肥很重要但是在瘦下來之前我也想買點新衣服穿點好看的(連我媽媽都看不下去覺得我每天褲子好像都沒換,殊不知是他女兒我買了三條一模一樣的黑褲)所以想上來求助.............#以下是我本人",
    "time": "2017/06/08 14:01:56",
    "event": "click"
  },
  {
    "category": "4",
    "app": "Dcard",
    "id": "21",
    "context": "#求救中性胖女孩鼓起勇氣才發這篇文章的首先先跟點進來的說謝謝還有對不起傷害了你們的眼睛qq知道我的人算我求你了拜託不要認我介紹:身高158/70我知道我超胖的目前真的很努力正在減肥中很多好看的衣服穿起來都會因為體型變得很怪也因為這樣所以在學校的穿著就是不斷的黑褲配各色的素踢有根據關鍵字胖女孩爬了文但都沒有中性的樣子所以只好上來求救了我知道減肥很重要但是在瘦下來之前我也想買點新衣服穿點好看的(連我媽媽都看不下去覺得我每天褲子好像都沒換,殊不知是他女兒我買了三條一模一樣的黑褲)所以想上來求助.............#以下是我本人",
    "time": "2017/06/08 14:01:56",
    "event": "slide"
  }
]