[
  {
    "category": "6",
    "app": "Dcard",
    "id": "79",
    "context": "戲劇綜藝",
    "time": "2017/06/08 14:17:52",
    "event": "click"
  },
  {
    "category": "6",
    "app": "Dcard",
    "id": "80",
    "context": "#陸劇最好的我們?最好的青春莫過於如此雖然目前只追了不到一半但是感觸極深只能發文一波!!!從來就覺得大陸劇總是有種蜜汁尷尬感但是最好的我們卻一點也沒有那種說不出的虛假味(好啦或許有些細節還是不可避免的…)可能是劉昊然演出這部劇的時候確實還在他的青春年華歲月裡所以他成功詮釋了每個少女心目中最美好的少年本身也真是個學霸也算是有一點本色出演了所以他成為了我這段時間的心頭愛哈哈哈(對我就是看臉，咋地？)可我愛的是角色不是人誰沒有過一段深刻而讓人耿耿於懷的制服校園時光誰沒有在那段時光中有過遺憾有過未實現的念想誰又沒有過那麼一段對青春初戀的幻想(同桌是個完美有顏學霸還剛好只愛你的那種幻想)我從沒有在十七歲愛上過誰也從沒有在制服校園的歲月中有過什麼耿耿於懷的將就不將就我甚至也沒有過多麼放肆瘋狂的青春然後就再沒有穿過制服了所以也就只能在劇中找尋我從未實現過的青春幻想重新體會一次少女青春期的那種讓人無聲尖叫的激動讓耿耿代我走一遍所有的煩惱挫折還有同桌初戀的愛情劉昊然的餘淮是我目前看過最能體現我青春白日夢裡那個輪廓的人他優秀自信善良重義…卻也莽撞彆扭懦弱…矛盾缺陷卻又美好著他就是青春最好的那個光點有一種愛情叫做耿耿餘淮有一種青春也叫耿耿餘淮嘮嘮叨叨一大篇的我還只看了不到一半哈哈哈今天努力念書了嗎？並沒有期末考要居居了嗎？並沒錯嗚嗚嗚嗚嗚嗚嗚嗚嗚嗚嗚嗚",
    "time": "2017/06/08 14:17:52",
    "event": "click"
  },
  {
    "category": "6",
    "app": "Dcard",
    "id": "81",
    "context": "#陸劇最好的我們?最好的青春莫過於如此雖然目前只追了不到一半但是感觸極深只能發文一波!!!從來就覺得大陸劇總是有種蜜汁尷尬感但是最好的我們卻一點也沒有那種說不出的虛假味(好啦或許有些細節還是不可避免的…)可能是劉昊然演出這部劇的時候確實還在他的青春年華歲月裡所以他成功詮釋了每個少女心目中最美好的少年本身也真是個學霸也算是有一點本色出演了所以他成為了我這段時間的心頭愛哈哈哈(對我就是看臉，咋地？)可我愛的是角色不是人誰沒有過一段深刻而讓人耿耿於懷的制服校園時光誰沒有在那段時光中有過遺憾有過未實現的念想誰又沒有過那麼一段對青春初戀的幻想(同桌是個完美有顏學霸還剛好只愛你的那種幻想)我從沒有在十七歲愛上過誰也從沒有在制服校園的歲月中有過什麼耿耿於懷的將就不將就我甚至也沒有過多麼放肆瘋狂的青春然後就再沒有穿過制服了所以也就只能在劇中找尋我從未實現過的青春幻想重新體會一次少女青春期的那種讓人無聲尖叫的激動讓耿耿代我走一遍所有的煩惱挫折還有同桌初戀的愛情劉昊然的餘淮是我目前看過最能體現我青春白日夢裡那個輪廓的人他優秀自信善良重義…卻也莽撞彆扭懦弱…矛盾缺陷卻又美好著他就是青春最好的那個光點有一種愛情叫做耿耿餘淮有一種青春也叫耿耿餘淮嘮嘮叨叨一大篇的我還只看了不到一半哈哈哈今天努力念書了嗎？並沒有期末考要居居了嗎？並沒錯嗚嗚嗚嗚嗚嗚嗚嗚嗚嗚嗚嗚",
    "time": "2017/06/08 14:17:52",
    "event": "slide"
  },
  {
    "category": "6",
    "app": "Dcard",
    "id": "82",
    "context": "#鄉土劇#甘味人生要結局了高克威就是個媽寶他爸是個渣有夠會生高毅比較適合叫勤生周小菁後面又變高凱潔？他跟曉明不是龍鳳胎嗎？？？不是親生的她怎麼救龍龍的？？？？期待下一部，有人發現通常每一部八點檔一開始都有韓瑜，然後就會莫名其妙消失這次的楊子欣也沒有給個交代阿?對耶...她怎麼救她哥小孩的.....我看編劇都忘了自己寫了什麼",
    "time": "2017/06/08 14:18:10",
    "event": "click"
  },
  {
    "category": "6",
    "app": "Dcard",
    "id": "83",
    "context": "#鄉土劇#甘味人生要結局了高克威就是個媽寶他爸是個渣有夠會生高毅比較適合叫勤生周小菁後面又變高凱潔？他跟曉明不是龍鳳胎嗎？？？不是親生的她怎麼救龍龍的？？？？期待下一部，有人發現通常每一部八點檔一開始都有韓瑜，然後就會莫名其妙消失這次的楊子欣也沒有給個交代阿?對耶...她怎麼救她哥小孩的.....我看編劇都忘了自己寫了什麼",
    "time": "2017/06/08 14:18:10",
    "event": "slide"
  },
  {
    "category": "6",
    "app": "Dcard",
    "id": "84",
    "context": "#鄉土劇#甘味人生#老k是男是女個人的感覺老k這個人應該也是被陷害的然後呢男生的老k會不會是戴家的史達林呢？只有我覺得他出現的蠻怪嗎他一開始不是壞人後來又變成好人了會不會就是他然後人如其名startling=史達林（意象不到）這個答案讓人意想不到啊啊啊啊啊！好啦我已經腦袋打結了???",
    "time": "2017/06/08 14:18:52",
    "event": "click"
  },
  {
    "category": "6",
    "app": "Dcard",
    "id": "85",
    "context": "#鄉土劇#甘味人生#老k是男是女個人的感覺老k這個人應該也是被陷害的然後呢男生的老k會不會是戴家的史達林呢？只有我覺得他出現的蠻怪嗎他一開始不是壞人後來又變成好人了會不會就是他然後人如其名startling=史達林（意象不到）這個答案讓人意想不到啊啊啊啊啊！好啦我已經腦袋打結了???",
    "time": "2017/06/08 14:18:52",
    "event": "slide"
  }
]