[
  {
    "category": "8",
    "app": "Dcard",
    "id": "110",
    "context": "畢業旅行之旅遇到了superjunior李晟敏（長文為期一個禮拜的畢業旅行和朋友四個人邊玩邊想著能不能偶遇愛豆就在行程的第五天我們安排了smsun週邊店我們總共去了兩間週邊店，第二間週邊店是smc&c新大樓剛進去時座位區被圍了起來，我和朋友好奇看了一下裡面是不是有什麼藝人結果看了一段時間發現只是一個不認識的mcor素人在拍攝xd確認不是我們認識的演藝人員後就開始和朋友逛看看有沒有要買的週邊就在我們逛完覺得沒有心動想購入的週邊的時候就聽到後面有人說你好（韓轉過頭我懵了一下，想說這個人！！好像哪裡見過！！一下的時間認出來是superjunior的李晟敏！然後我立馬叫出了聲oppa（一整個驚嚇中他就對著我笑了一下，和我們大家招招手，之後對著攝影機講話（從他剛開始說你好時就有攝影機在拍攝。）他和我們打招呼的位子是從這個門口往裡面走，應該是從公司來的圖cr.全星網之後他進了本來被圍起來的座位區，我跟朋友馬上跟過去（裡面變簡易攝影棚（因為要讓他進去所以那裡遮蔽物被移開，我們直接站在那個空位看）朋友就拿著手機一直拍他，我邊處於驚嚇中一直看著他我和朋友都是09年飯上sj的e.l.f，以前頂多就只是參加過演唱會，完全沒這麼近距離見過，更何況是偶遇！所以我們都相當的興奮！然後我們就一直站在外面看著他我和朋友都喊了聲oppa然後他就看過來和我們揮手當時我第六感覺得他會不會叫我們進去結果他就真的往我們這邊走，然後我就逃掉了，朋友還站在門口沒想到他就走出來牽著我朋友進去簡易攝影棚了！！（這段朋友是說她原本以為晟敏是要過來牽旁邊的香港妹子，因為香港妹子站在他的正前方，結果沒想到是來牽她）他和朋友進去之後他就用韓文問了朋友一些問題桌上有顆切一半的西瓜，他問朋友有沒有看過黃色西瓜朋友說有他很驚訝，接著又問說有沒有吃過，朋友說有，他又再次驚訝6/8補充：驚訝完後他就說他沒有吃過黃色的西瓜期間他都是用韓文，然後想講中文的話就會說等一下然後用翻譯機翻譯xd6/8補充：不是用翻譯機，是用手機的翻譯翻譯（繞口令？?↓之後他就插著西瓜餵了我朋友（事後朋友說本來西瓜上有籽，她比了一下，哥哥立馬會意，然後幫忙挑掉才餵她吃↓餵完西瓜後，朋友要了簽名，晟敏也立馬答應幫忙簽了名（回臺灣後朋友馬上拿去護貝了xd↓6/8補充：上面還寫了엉뚱이哈哈簽完名後我在門口提醒朋友告訴他我們是臺灣的e.l.f，他笑了一下而且工作人員非常好，沒有用遮蔽物圍起來不讓我們看她看我一直幫朋友拍照就走過來問我是不是她朋友然後工作人員就拿著手機進去幫朋友和晟敏拍了張合照！！↓晟敏簽名後和朋友宣傳了他在做的youtube節目用翻譯翻「請照顧一下」還讓朋友交他唸這句中文對一個粉絲宣傳節目，也太可愛了吧xd所以啦打這篇除了是要紀念之外也是要幫晟敏oppa宣傳啦，希望欸噗們多多支持囉！&feature=youtu.be李晟敏真的非常的親民，從頭到尾都是笑著面對當天的人哦！顏就更不用說了，本人非常精緻，長的真的很好看！6/8補充：「礙於節目還沒播出就不放上影片了當時好像是休息時間，但怕這段是有在拍攝的希望暫時不要轉載出去，怕會影響到節目到時候節目播出，也希望大家能幫忙點擊刷觀看人數，謝謝?」年底sj就要回歸了，真的好期待＞＜希望到時候欸噗們能像以前一樣給superjunior最棒的應援！",
    "time": "2017/06/08 14:34:41",
    "event": "click"
  },
  {
    "category": "8",
    "app": "Dcard",
    "id": "111",
    "context": "畢業旅行之旅遇到了superjunior李晟敏（長文為期一個禮拜的畢業旅行和朋友四個人邊玩邊想著能不能偶遇愛豆就在行程的第五天我們安排了smsun週邊店我們總共去了兩間週邊店，第二間週邊店是smc&c新大樓剛進去時座位區被圍了起來，我和朋友好奇看了一下裡面是不是有什麼藝人結果看了一段時間發現只是一個不認識的mcor素人在拍攝xd確認不是我們認識的演藝人員後就開始和朋友逛看看有沒有要買的週邊就在我們逛完覺得沒有心動想購入的週邊的時候就聽到後面有人說你好（韓轉過頭我懵了一下，想說這個人！！好像哪裡見過！！一下的時間認出來是superjunior的李晟敏！然後我立馬叫出了聲oppa（一整個驚嚇中他就對著我笑了一下，和我們大家招招手，之後對著攝影機講話（從他剛開始說你好時就有攝影機在拍攝。）他和我們打招呼的位子是從這個門口往裡面走，應該是從公司來的圖cr.全星網之後他進了本來被圍起來的座位區，我跟朋友馬上跟過去（裡面變簡易攝影棚（因為要讓他進去所以那裡遮蔽物被移開，我們直接站在那個空位看）朋友就拿著手機一直拍他，我邊處於驚嚇中一直看著他我和朋友都是09年飯上sj的e.l.f，以前頂多就只是參加過演唱會，完全沒這麼近距離見過，更何況是偶遇！所以我們都相當的興奮！然後我們就一直站在外面看著他我和朋友都喊了聲oppa然後他就看過來和我們揮手當時我第六感覺得他會不會叫我們進去結果他就真的往我們這邊走，然後我就逃掉了，朋友還站在門口沒想到他就走出來牽著我朋友進去簡易攝影棚了！！（這段朋友是說她原本以為晟敏是要過來牽旁邊的香港妹子，因為香港妹子站在他的正前方，結果沒想到是來牽她）他和朋友進去之後他就用韓文問了朋友一些問題桌上有顆切一半的西瓜，他問朋友有沒有看過黃色西瓜朋友說有他很驚訝，接著又問說有沒有吃過，朋友說有，他又再次驚訝6/8補充：驚訝完後他就說他沒有吃過黃色的西瓜期間他都是用韓文，然後想講中文的話就會說等一下然後用翻譯機翻譯xd6/8補充：不是用翻譯機，是用手機的翻譯翻譯（繞口令？?↓之後他就插著西瓜餵了我朋友（事後朋友說本來西瓜上有籽，她比了一下，哥哥立馬會意，然後幫忙挑掉才餵她吃↓餵完西瓜後，朋友要了簽名，晟敏也立馬答應幫忙簽了名（回臺灣後朋友馬上拿去護貝了xd↓6/8補充：上面還寫了엉뚱이哈哈簽完名後我在門口提醒朋友告訴他我們是臺灣的e.l.f，他笑了一下而且工作人員非常好，沒有用遮蔽物圍起來不讓我們看她看我一直幫朋友拍照就走過來問我是不是她朋友然後工作人員就拿著手機進去幫朋友和晟敏拍了張合照！！↓晟敏簽名後和朋友宣傳了他在做的youtube節目用翻譯翻「請照顧一下」還讓朋友交他唸這句中文對一個粉絲宣傳節目，也太可愛了吧xd所以啦打這篇除了是要紀念之外也是要幫晟敏oppa宣傳啦，希望欸噗們多多支持囉！&feature=youtu.be李晟敏真的非常的親民，從頭到尾都是笑著面對當天的人哦！顏就更不用說了，本人非常精緻，長的真的很好看！6/8補充：「礙於節目還沒播出就不放上影片了當時好像是休息時間，但怕這段是有在拍攝的希望暫時不要轉載出去，怕會影響到節目到時候節目播出，也希望大家能幫忙點擊刷觀看人數，謝謝?」年底sj就要回歸了，真的好期待＞＜希望到時候欸噗們能像以前一樣給superjunior最棒的應援！",
    "time": "2017/06/08 14:34:41",
    "event": "slide"
  }
]