[
  {
    "category": "9",
    "app": "Dcard",
    "id": "112",
    "context": "#圖藍色大海乾燥花束--手機排版請見諒--今天要來分享準備給閃的畢業花束，覺得鮮花不好照顧所以選擇乾燥花，而且有很多閃愛的藍色。為了這束花我可是趕在上班前，頂著大太陽流著汗穿梭在花市中，費盡一生的藝術細胞仔細挑選，包裝就讓專業的來，不然我手殘可能會搞砸一切?希望可以給他大大的驚喜囉～美圖跟大家分享這是路人幫我照的，不然我手沒那麼長！然後路人是被我的花束吸引過來的?來張近照～這個包裝雖然貴貴的，但是整個質感整個氣勢我超愛❤️看一次療癒一次呀☺️#絞盡腦汁想給驚喜的女子",
    "time": "2017/06/08 14:35:07",
    "event": "click"
  },
  {
    "category": "9",
    "app": "Dcard",
    "id": "113",
    "context": "#圖藍色大海乾燥花束--手機排版請見諒--今天要來分享準備給閃的畢業花束，覺得鮮花不好照顧所以選擇乾燥花，而且有很多閃愛的藍色。為了這束花我可是趕在上班前，頂著大太陽流著汗穿梭在花市中，費盡一生的藝術細胞仔細挑選，包裝就讓專業的來，不然我手殘可能會搞砸一切?希望可以給他大大的驚喜囉～美圖跟大家分享這是路人幫我照的，不然我手沒那麼長！然後路人是被我的花束吸引過來的?來張近照～這個包裝雖然貴貴的，但是整個質感整個氣勢我超愛❤️看一次療癒一次呀☺️#絞盡腦汁想給驚喜的女子",
    "time": "2017/06/08 14:35:07",
    "event": "slide"
  }
]