[
  {
    "category": "4",
    "app": "Chrome",
    "id": "5",
    "context": "臺北兩天一夜",
    "time": "2017/07/02 19:46:33",
    "event": "type"
  },
  {
    "category": "4",
    "app": "Chrome",
    "id": "6",
    "context": "【臺北景點】臺北一日遊/臺北兩天一夜/臺北好吃好玩景點(私心推薦)-冰蹦拉...",
    "time": "2017/07/02 19:48:07",
    "event": "click"
  },
  {
    "category": "4",
    "app": "Chrome",
    "id": "8",
    "context": "臺北兩天一夜",
    "time": "2017/07/02 19:48:51",
    "event": "slide"
  },
  {
    "category": "4",
    "app": "Chrome",
    "id": "9",
    "context": "【臺北市區】旅行臺北．一遊未盡～臺北兩天一夜怎麼玩？文青小旅行散策地圖...",
    "time": "2017/07/02 19:49:02",
    "event": "click"
  },
  {
    "category": "4",
    "app": "Chrome",
    "id": "10",
    "context": "【臺北市區】旅行臺北．一遊未盡～臺北兩天一夜怎麼玩？文青小旅行散策地圖。-aiko。手感溫度．愛生活",
    "time": "2017/07/02 19:49:05",
    "event": "slide"
  },
  {
    "category": "4",
    "app": "Chrome",
    "id": "11",
    "context": "西門町推薦住宿～設計感十足的amba意舍",
    "time": "2017/07/02 19:49:07",
    "event": "click"
  },
  {
    "category": "4",
    "app": "Chrome",
    "id": "12",
    "context": "【臺北萬華】西門町推薦住宿～設計感十足的amba意舍。-aiko。手感溫度．愛生活",
    "time": "2017/07/02 19:50:10",
    "event": "slide"
  },
  {
    "category": "4",
    "app": "Chrome",
    "id": "13",
    "context": "【臺北市區】旅行臺北．一遊未盡～臺北兩天一夜怎麼玩？文青小旅行散策地圖。-aiko。手感溫度．愛生活",
    "time": "2017/07/02 19:50:45",
    "event": "slide"
  },
  {
    "category": "4",
    "app": "Chrome",
    "id": "14",
    "context": "臺北兩天一夜",
    "time": "2017/07/02 19:50:46",
    "event": "slide"
  },
  {
    "category": "4",
    "app": "Chrome",
    "id": "15",
    "context": "【臺北旅遊景點】推薦行程規劃@必玩景點(臺北市+新北市)-小環妞幸福足跡",
    "time": "2017/07/02 19:50:55",
    "event": "click"
  },
  {
    "category": "4",
    "app": "Chrome",
    "id": "16",
    "context": "【臺北旅遊景點】推薦行程規劃@必玩景點(臺北市+新北市)-小環妞幸福足跡",
    "time": "2017/07/02 19:51:12",
    "event": "slide"
  },
  {
    "category": "4",
    "app": "Chrome",
    "id": "17",
    "context": "臺北兩天一夜",
    "time": "2017/07/02 19:51:23",
    "event": "slide"
  },
  {
    "category": "4",
    "app": "Chrome",
    "id": "18",
    "context": "宜蘭",
    "time": "2017/07/02 19:51:38",
    "event": "type"
  },
  {
    "category": "4",
    "app": "Chrome",
    "id": "19",
    "context": "宜蘭",
    "time": "2017/07/02 19:51:39",
    "event": "slide"
  },
  {
    "category": "4",
    "app": "Chrome",
    "id": "20",
    "context": "宜蘭",
    "time": "2017/07/02 19:51:44",
    "event": "click"
  },
  {
    "category": "4",
    "app": "Chrome",
    "id": "21",
    "context": "宜蘭",
    "time": "2017/07/02 19:51:44",
    "event": "slide"
  },
  {
    "category": "4",
    "app": "Chrome",
    "id": "22",
    "context": "宜蘭兩天一夜沒車",
    "time": "2017/07/02 19:51:52",
    "event": "click"
  },
  {
    "category": "4",
    "app": "Chrome",
    "id": "23",
    "context": "宜蘭兩天一夜沒車",
    "time": "2017/07/02 19:51:52",
    "event": "slide"
  },
  {
    "category": "4",
    "app": "Chrome",
    "id": "24",
    "context": "宜蘭兩天一夜",
    "time": "2017/07/02 19:51:55",
    "event": "type"
  },
  {
    "category": "4",
    "app": "Chrome",
    "id": "25",
    "context": "宜蘭兩天一夜",
    "time": "2017/07/02 19:51:55",
    "event": "slide"
  },
  {
    "category": "4",
    "app": "Chrome",
    "id": "26",
    "context": "宜蘭10條路線景點行程超強懶人包，宜蘭一日遊、二日遊-小環妞幸福足跡",
    "time": "2017/07/02 19:52:01",
    "event": "click"
  },
  {
    "category": "4",
    "app": "Chrome",
    "id": "27",
    "context": "宜蘭10條路線景點行程超強懶人包，宜蘭一日遊、二日遊，40幾個景點、30幾樣美食、20幾間民宿推薦！-小環妞幸福足跡",
    "time": "2017/07/02 19:52:20",
    "event": "slide"
  },
  {
    "category": "4",
    "app": "Chrome",
    "id": "28",
    "context": "宜蘭兩天一夜",
    "time": "2017/07/02 19:53:03",
    "event": "slide"
  },
  {
    "category": "4",
    "app": "Chrome",
    "id": "29",
    "context": "[宜蘭景點]超級強!宜蘭11條路線行程規劃景點懶人包，安排一日遊、二日遊，二天...",
    "time": "2017/07/02 19:53:09",
    "event": "click"
  },
  {
    "category": "4",
    "app": "Chrome",
    "id": "30",
    "context": "[宜蘭景點]超級強!宜蘭11條路線行程規劃景點懶人包，安排一日遊、二日遊，二天一夜推薦路線行程@蓉蓉牽手☜ㄩˇ你環遊世界::痞客邦pixnet::",
    "time": "2017/07/02 19:53:14",
    "event": "slide"
  },
  {
    "category": "4",
    "app": "Chrome",
    "id": "32",
    "context": "宜蘭兩天一夜",
    "time": "2017/07/02 19:53:41",
    "event": "slide"
  },
  {
    "category": "4",
    "app": "Chrome",
    "id": "33",
    "context": "[遊記]宜蘭兩天一夜懶人包遠離塵囂小旅行輕鬆玩@凱利依法shopaholic...",
    "time": "2017/07/02 19:53:43",
    "event": "click"
  },
  {
    "category": "4",
    "app": "Chrome",
    "id": "34",
    "context": "[遊記]宜蘭兩天一夜懶人包♥遠離塵囂小旅行輕鬆玩@凱利依法shopaholic::痞客邦pixnet::",
    "time": "2017/07/02 19:53:54",
    "event": "slide"
  },
  {
    "category": "4",
    "app": "Chrome",
    "id": "37",
    "context": "[遊記]宜蘭兩天一夜懶人包♥遠離塵囂小旅行輕鬆玩@凱利依法shopaholic::痞客邦pixnet::",
    "time": "2017/07/02 19:54:41",
    "event": "slide"
  },
  {
    "category": "4",
    "app": "Chrome",
    "id": "38",
    "context": "[遊記]宜蘭兩天一夜懶人包♥遠離塵囂小旅行輕鬆玩@凱利依法shopaholic::痞客邦pixnet::",
    "time": "2017/07/02 19:56:49",
    "event": "slide"
  },
  {
    "category": "4",
    "app": "Chrome",
    "id": "39",
    "context": "[遊記]宜蘭兩天一夜懶人包♥遠離塵囂小旅行輕鬆玩@凱利依法shopaholic::痞客邦pixnet::",
    "time": "2017/07/02 19:57:47",
    "event": "slide"
  },
  {
    "category": "4",
    "app": "Chrome",
    "id": "40",
    "context": "宜蘭兩天一夜",
    "time": "2017/07/02 19:57:51",
    "event": "slide"
  },
  {
    "category": "4",
    "app": "Chrome",
    "id": "41",
    "context": "宜蘭兩天一夜",
    "time": "2017/07/02 19:57:56",
    "event": "slide"
  },
  {
    "category": "4",
    "app": "Chrome",
    "id": "42",
    "context": "2017宜蘭行程路線規劃，一日遊、二日遊旅遊景點推薦、美食...-兩隻小豬",
    "time": "2017/07/02 19:57:57",
    "event": "click"
  },
  {
    "category": "4",
    "app": "Chrome",
    "id": "44",
    "context": "2017宜蘭行程路線規劃，一日遊、二日遊旅遊景點推薦、美食懶人包整理(2017/6月更新)@**兩隻小豬**::痞客邦pixnet::",
    "time": "2017/07/02 19:59:07",
    "event": "slide"
  },
  {
    "category": "4",
    "app": "Chrome",
    "id": "45",
    "context": "宜蘭兩天一夜",
    "time": "2017/07/02 20:02:17",
    "event": "slide"
  },
  {
    "category": "4",
    "app": "Chrome",
    "id": "46",
    "context": "[旅遊]宜蘭兩日遊，那些我喜歡的地方-...",
    "time": "2017/07/02 20:02:20",
    "event": "click"
  },
  {
    "category": "4",
    "app": "Chrome",
    "id": "47",
    "context": "[旅遊]宜蘭兩日遊，那些我喜歡的地方-囧囧，食旅日常",
    "time": "2017/07/02 20:02:24",
    "event": "slide"
  },
  {
    "category": "4",
    "app": "Chrome",
    "id": "48",
    "context": "宜蘭兩天一夜",
    "time": "2017/07/02 20:06:04",
    "event": "slide"
  },
  {
    "category": "4",
    "app": "Chrome",
    "id": "49",
    "context": "【宜蘭羅東兩天一夜遊】羅東蘇澳-南方澳/白米木屐村...-旅行，履行生活的缺口。",
    "time": "2017/07/02 20:06:08",
    "event": "click"
  },
  {
    "category": "4",
    "app": "Chrome",
    "id": "50",
    "context": "【宜蘭羅東兩天一夜遊】羅東蘇澳-南方澳/白米木屐村/情人灣/武荖坑/羅東夜市/忘記回家/梅花湖/林業園區@旅行，履行生活的缺口。::痞客邦pixnet::",
    "time": "2017/07/02 20:06:12",
    "event": "slide"
  },
  {
    "category": "4",
    "app": "Chrome",
    "id": "51",
    "context": "宜蘭兩天一夜",
    "time": "2017/07/02 20:07:23",
    "event": "slide"
  },
  {
    "category": "4",
    "app": "Chrome",
    "id": "52",
    "context": "【宜蘭旅遊】夏日宜蘭兩天一夜旅行規劃@妮妮女王的美食後花園::痞客邦pixnet::",
    "time": "2017/07/02 20:07:27",
    "event": "click"
  },
  {
    "category": "4",
    "app": "Chrome",
    "id": "53",
    "context": "【宜蘭旅遊】夏日宜蘭兩天一夜旅行規劃@妮妮女王的美食後花園::痞客邦pixnet::",
    "time": "2017/07/02 20:07:35",
    "event": "slide"
  },
  {
    "category": "4",
    "app": "Chrome",
    "id": "54",
    "context": "羅東民宿推薦-田田圈民宿，羅東運動公園美式風格民宿",
    "time": "2017/07/02 20:10:07",
    "event": "click"
  },
  {
    "category": "4",
    "app": "Chrome",
    "id": "55",
    "context": "羅東民宿推薦-田田圈民宿，羅東運動公園美式風格民宿@妮妮女王的美食後花園::痞客邦pixnet::",
    "time": "2017/07/02 20:10:10",
    "event": "slide"
  },
  {
    "category": "4",
    "app": "Chrome",
    "id": "57",
    "context": "羅東民宿推薦-田田圈民宿，羅東運動公園美式風格民宿@妮妮女王的美食後花園::痞客邦pixnet::",
    "time": "2017/07/02 20:10:39",
    "event": "slide"
  },
  {
    "category": "4",
    "app": "Chrome",
    "id": "59",
    "context": "羅東民宿推薦-田田圈民宿，羅東運動公園美式風格民宿@妮妮女王的美食後花園::痞客邦pixnet::",
    "time": "2017/07/02 20:10:43",
    "event": "slide"
  },
  {
    "category": "4",
    "app": "Chrome",
    "id": "60",
    "context": "【宜蘭旅遊】夏日宜蘭兩天一夜旅行規劃@妮妮女王的美食後花園::痞客邦pixnet::",
    "time": "2017/07/02 20:11:01",
    "event": "slide"
  },
  {
    "category": "4",
    "app": "Chrome",
    "id": "61",
    "context": "波卡拉渡假會館宜蘭礁溪民宿推薦礁溪泡湯推薦",
    "time": "2017/07/02 20:11:40",
    "event": "click"
  },
  {
    "category": "4",
    "app": "Chrome",
    "id": "62",
    "context": "波卡拉渡假會館宜蘭礁溪民宿推薦礁溪泡湯推薦@妮妮女王的美食後花園::痞客邦pixnet::",
    "time": "2017/07/02 20:11:41",
    "event": "slide"
  },
  {
    "category": "4",
    "app": "Chrome",
    "id": "63",
    "context": "宜蘭必吃",
    "time": "2017/07/02 20:12:23",
    "event": "type"
  },
  {
    "category": "4",
    "app": "Chrome",
    "id": "64",
    "context": "宜蘭必吃",
    "time": "2017/07/02 20:12:26",
    "event": "slide"
  },
  {
    "category": "4",
    "app": "Chrome",
    "id": "65",
    "context": "宜蘭絕不可錯過的小吃~必吃排隊名店彙整@joycebe的理想生活::痞客邦...",
    "time": "2017/07/02 20:12:32",
    "event": "click"
  },
  {
    "category": "4",
    "app": "Chrome",
    "id": "66",
    "context": "▉宜蘭▉絕不可錯過的小吃~必吃排隊名店彙整@♪joycebe的理想生活::痞客邦pixnet::",
    "time": "2017/07/02 20:14:07",
    "event": "slide"
  },
  {
    "category": "4",
    "app": "Chrome",
    "id": "67",
    "context": "宜蘭必吃",
    "time": "2017/07/02 20:14:58",
    "event": "slide"
  },
  {
    "category": "4",
    "app": "Chrome",
    "id": "68",
    "context": "【宜蘭美食推薦2017.5.22更新】宜蘭必吃美食-宜蘭頭城、礁溪、羅東、員山、蘇...",
    "time": "2017/07/02 20:15:04",
    "event": "click"
  },
  {
    "category": "4",
    "app": "Chrome",
    "id": "69",
    "context": "【宜蘭美食推薦2017.5.22更新】宜蘭必吃美食-宜蘭頭城、礁溪、羅東、員山、蘇澳美食推薦@tiss-寫意人生::痞客邦pixnet::",
    "time": "2017/07/02 20:15:07",
    "event": "slide"
  },
  {
    "category": "4",
    "app": "Chrome",
    "id": "72",
    "context": "【宜蘭美食推薦2017.5.22更新】宜蘭必吃美食-宜蘭頭城、礁溪、羅東、員山、蘇澳美食推薦@tiss-寫意人生::痞客邦pixnet::",
    "time": "2017/07/02 20:15:36",
    "event": "slide"
  },
  {
    "category": "4",
    "app": "Chrome",
    "id": "74",
    "context": "【宜蘭美食推薦2017.5.22更新】宜蘭必吃美食-宜蘭頭城、礁溪、羅東、員山、蘇澳美食推薦@tiss-寫意人生::痞客邦pixnet::",
    "time": "2017/07/02 20:18:12",
    "event": "slide"
  },
  {
    "category": "4",
    "app": "Chrome",
    "id": "76",
    "context": "【宜蘭美食推薦2017.5.22更新】宜蘭必吃美食-宜蘭頭城、礁溪、羅東、員山、蘇澳美食推薦@tiss-寫意人生::痞客邦pixnet::",
    "time": "2017/07/02 20:19:17",
    "event": "slide"
  },
  {
    "category": "4",
    "app": "Chrome",
    "id": "78",
    "context": "[宜蘭景點推薦2017.6.9更新]一日遊、兩日遊行程景點推薦-免費親子景點，頭城景點、礁溪景點、羅東景點、員山景點、三星景點、蘇澳景點懶人包(持續新增)@tiss-寫意人生::痞客邦pixnet::",
    "time": "2017/07/02 20:20:11",
    "event": "slide"
  },
  {
    "category": "4",
    "app": "Chrome",
    "id": "82",
    "context": "[宜蘭景點推薦2017.6.9更新]一日遊、兩日遊行程景點推薦-免費親子景點，頭城景點、礁溪景點、羅東景點、員山景點、三星景點、蘇澳景點懶人包(持續新增)@tiss-寫意人生::痞客邦pixnet::",
    "time": "2017/07/02 20:20:47",
    "event": "slide"
  },
  {
    "category": "4",
    "app": "Chrome",
    "id": "83",
    "context": "[宜蘭景點]宜蘭養蜂人家蜂採館-夏日好去處，隱藏版親子餐廳",
    "time": "2017/07/02 20:22:44",
    "event": "click"
  },
  {
    "category": "4",
    "app": "Chrome",
    "id": "85",
    "context": "[宜蘭景點]宜蘭養蜂人家蜂採館-夏日好去處，隱藏版親子餐廳@tiss-寫意人生::痞客邦pixnet::",
    "time": "2017/07/02 20:22:45",
    "event": "slide"
  },
  {
    "category": "4",
    "app": "Chrome",
    "id": "87",
    "context": "[宜蘭景點推薦2017.6.9更新]一日遊、兩日遊行程景點推薦-免費親子景點，頭城景點、礁溪景點、羅東景點、員山景點、三星景點、蘇澳景點懶人包(持續新增)@tiss-寫意人生::痞客邦pixnet::tisshuang.tw/blog/post/455784635",
    "time": "2017/07/02 20:22:46",
    "event": "slide"
  },
  {
    "category": "4",
    "app": "Chrome",
    "id": "88",
    "context": "【宜蘭美食推薦2017.5.22更新】宜蘭必吃美食-宜蘭頭城、礁溪、羅東、員山、蘇澳美食推薦@tiss-寫意人生::痞客邦pixnet",
    "time": "2017/07/02 20:29:39",
    "event": "click"
  },
  {
    "category": "4",
    "app": "Chrome",
    "id": "89",
    "context": "【宜蘭美食推薦2017.5.22更新】宜蘭必吃美食-宜蘭頭城、礁溪、羅東、員山、蘇澳美食推薦@tiss-寫意人生::痞客邦pixnet::",
    "time": "2017/07/02 20:29:39",
    "event": "slide"
  },
  {
    "category": "4",
    "app": "Chrome",
    "id": "90",
    "context": "宜蘭必吃",
    "time": "2017/07/02 20:29:45",
    "event": "slide"
  },
  {
    "category": "4",
    "app": "Chrome",
    "id": "91",
    "context": "宜蘭伴手禮",
    "time": "2017/07/02 20:29:55",
    "event": "click"
  },
  {
    "category": "4",
    "app": "Chrome",
    "id": "92",
    "context": "宜蘭伴手禮",
    "time": "2017/07/02 20:29:55",
    "event": "slide"
  },
  {
    "category": "4",
    "app": "Chrome",
    "id": "93",
    "context": "【宜蘭礁溪人氣伴手禮、小吃】奕順軒、礁溪頂好蔥油餅-奕順軒...-七先生與艾小姐",
    "time": "2017/07/02 20:30:05",
    "event": "click"
  },
  {
    "category": "4",
    "app": "Chrome",
    "id": "94",
    "context": "【宜蘭礁溪人氣伴手禮、小吃】奕順軒、礁溪頂好蔥油餅-奕順軒三星蔥麵包太出色！必買！∣食記宜蘭礁溪@七先生與艾小姐::痞客邦pixnet::",
    "time": "2017/07/02 20:30:06",
    "event": "slide"
  },
  {
    "category": "4",
    "app": "Chrome",
    "id": "97",
    "context": "【宜蘭礁溪人氣伴手禮、小吃】奕順軒、礁溪頂好蔥油餅-奕順軒三星蔥麵包太出色！必買！∣食記宜蘭礁溪@七先生與艾小姐::痞客邦pixnet::",
    "time": "2017/07/02 20:30:33",
    "event": "slide"
  }
]