[
  {
    "category": "1",
    "app": "Dcard",
    "id": "1",
    "context": "各大專院校新生請注意不要加入系學會，不要跑繫上的活動，不要繳系費，因為，你絕對不會因為這樣變系邊，學長姐都會很認真的騙你，等你大學四年完才發現自己什麼都沒有，卻看著相片以為自己回憶很多，\"那我應該做什麼？\"，去校外看看，去認識人",
    "time": "2017/07/04 23:15:45",
    "event": "click"
  },
  {
    "category": "1",
    "app": "Dcard",
    "id": "2",
    "context": "各大專院校新生請注意不要加入系學會不要跑繫上的活動不要繳系費因為你絕對不會因為這樣變系邊學長姐都會很認真的騙你等你大學四年完才發現自己什麼都沒有卻看著相片以為自己回憶很多\"那我應該做什麼？\"去校外看看去認識人去圖書館去學你喜歡的東西去公司去實習去練習社會化去嘗試你原本沒有機會嘗試的事情不要跟著學長姐的屁股沒效率的開會開到半夜跳一些自以為有趣的舞蹈互相吐口水以為很溫暖世界很大去改變他去體驗他-----------7/4---0705------------我同意做什麼事都會有收穫但效益問題而已四年後你希望這樣嗎：https://goo.gl/uap9ei還是你覺得你大一可以這樣過呢：https://goo.gl/enyc34不要說沒機會：https://goo.gl/kgfjdvhttps://goo.gl/dggfyc",
    "time": "2017/07/04 23:16:07",
    "event": "slide"
  },
  {
    "category": "1",
    "app": "Dcard",
    "id": "3",
    "context": "（更新標題）大學四年可以完成的事！1.住學校宿舍，不管你家裡是不是學校附近，一定要體驗一下宿捨生活，這是最快交到好朋友的地方！，2.玩社團當幹部吧，在社團裡有來自各個不同系的同學，可以增加自己的朋友圈順便建立人脈，還可以在社團裡學習辦活動...等",
    "time": "2017/07/04 23:17:44",
    "event": "click"
  },
  {
    "category": "1",
    "app": "Dcard",
    "id": "4",
    "context": "（更新標題）大學四年可以完成的事！1.住學校宿舍不管你家裡是不是學校附近，一定要體驗一下宿捨生活，這是最快交到好朋友的地方！2.玩社團當幹部吧在社團裡有來自各個不同系的同學，可以增加自己的朋友圈順便建立人脈，還可以在社團裡學習辦活動...等3.打工不管是學校工讀還是便利超商又或是家教、國小安親班...等，可以利用課餘時間賺點自己的零用錢，又可以學習到很多不一樣的東西也是不錯的哦！4.環島這也許有點困難，但是我覺得比起大家都很想出國玩的，環島過兩次的我，真心介意，只要夠熱血一定要好好看看臺灣的美，臺灣真的真的有很多很棒的風景5.當交換學生出去看看外面世界吧，當交換學生不管是幾天、一個學期、一年後都可以，看看其他國家的大學生，在不一樣的地方文化下，學習求知的感覺也會不同6.實習很多人，大學學了四年都不知道在學什麼，也許畢業後也不清楚是不適合往這方便發展，雖然也有人說去實習根本沒有學到什麼，但是妳可以感受那職場環境的氛圍，就知道自己是不適合了7.談一場戀愛這也許是需要一點運氣、緣分和勇氣吧，男生女生本來就有不管是身理、心理的差異，所以相處的感覺也有所不同，可以藉由戀愛來學習跟異性相處8.認識一位老師大學這四年當中，我們很多課程上完了老師就走了，想找到老師有點困難，因此找到一個老師可以去問問自己對未來學業上的相關問題是有點難得，所以在四年當中找到一個你所喜歡的老師，有問題就可以找老師解惑9.夜唱就是要嘗試唱到天亮，然後接著去上隔天早上的課???雖然說了這麼多點自己也沒有全部完成，我相信新生的你們應該可以幫我完成吧！祝新生的你們有個很棒大學四年生活！（ps:4年時間真的很快喔！）（以上都是個人見解，如果有異議，就看看就好吧！）~~~~~~~~~~~~~~~~~~~~~~<更>哇！沒想到還不少人留言耶，謝謝大家的喜歡，看來很多留言發現還有很多事情遺漏了增加以下幾點：10.聯誼就是要跟別的學校不同系的來一場聯誼11.營隊可是一個輕易認識不同學校的同學，又可以藉由不一樣的營隊體驗不一樣的生活ex:福智青年的大專青年生命成長營（免費）花蓮的海峽兩岸菁英領袖培訓營（6天5夜玩花蓮，體驗花蓮美，坐船賞鯨，泛舟，夏戀嘉年華，還可以跟陸生交流費用好像只有一千元吧！今年好像3000人搶800人，絕對要去一次）12.啦啦隊大一一定要跳一次的！雖然也有人說這些不是一定要做的，是沒錯每個人都可以自己選擇怎麼過大學這四年，會打這篇文，只是希望讓還是大學生的我們充實的過完這四年的大學生活！",
    "time": "2017/07/04 23:17:58",
    "event": "slide"
  },
  {
    "category": "1",
    "app": "Dcard",
    "id": "26",
    "context": "新生季",
    "time": "2017/07/04 23:25:31",
    "event": "click"
  }
]