[
  {
    "category": "10",
    "app": "Dcard",
    "id": "62",
    "context": "ikea超紅的豬豬比肉丸還紅，男朋友送我的禮物，我送他ikea的臘腸狗娃娃，他叫培根，他叫蛋餅，合在一起就是培根蛋餅，他是一隻脾氣很差的豬豬，生氣起來用鼻孔見人，有時候跟男朋友聊到生氣我就會傳這個給他幾乎每個女孩都擁有的豬豬",
    "time": "2017/07/04 23:41:46",
    "event": "click"
  },
  {
    "category": "10",
    "app": "Dcard",
    "id": "63",
    "context": "幾乎每個女孩都擁有的豬豬ikea超紅的豬豬比肉丸還紅?男朋友送我的禮物我送他ikea的臘腸狗娃娃他叫培根他叫蛋餅合在一起就是培根蛋餅?他是一隻脾氣很差的豬豬生氣起來用鼻孔見人??有時候跟男朋友聊到生氣我就會傳這個給他睡姿也很難看豬豬的好處怎麼壓他打他拋他動保團體都不會來找你??女孩們分享妳的豬豬照&?叫什麼名字呢附上一張牀上的娃娃",
    "time": "2017/07/04 23:41:50",
    "event": "slide"
  }
]