[
  {
    "category": "12",
    "app": "Dcard",
    "id": "67",
    "context": "#韓國#首爾八天七夜自由行part2part1在這裡，6/27（二），️江村鐵路自行車，四人車韓幣40000，先搭地鐵到金裕貞站，出站右轉就是自行車囉，不得不說金裕貞站真的好美！！！️️，這裡進去就是騎自行車的地方囉！，售票處在進去左邊~",
    "time": "2017/07/04 23:43:04",
    "event": "click"
  },
  {
    "category": "12",
    "app": "Dcard",
    "id": "68",
    "context": "#韓國#首爾八天七夜自由行part2part1在這裡6/27(二)❣️江村鐵路自行車四人車韓幣40000先搭地鐵到金裕貞站，出站右轉就是自行車囉不得不說金裕貞站真的好美!!!♥️♥️這裡進去就是騎自行車的地方囉!售票處在進去左邊~超喜歡這一排書的~❤️❤️❤️❤️❤️沿途的美景真的都像一副畫~美得不像話??騎乘時間差不多一小時到終點後，可以搭乘接駁車回金裕貞站~❣️南怡島午餐就在南怡島裡面解決哈~前往南怡島要先到加平站然後再到對面搭公車前往南怡島售票處(也就是搭船的地方)南怡島門票+船票一人韓幣8000唷人真的超級多~??身為一個正港臺灣人看到國旗就覺得很開心~??去南怡島那天天氣真的超級好!?因為去南怡島的時間整個大delay所以晚上就決定去汗蒸幕然後晚餐就在裡面解決哈哈每次看綜藝節目或韓劇一定都會看到他們去汗蒸幕一定要吃雞蛋跟甜酒釀!?甜酒釀很好喝~然後雞蛋的口味很特別哈哈蛋白特別硬!然後汗蒸幕!!!洗澡的時候是大眾澡堂那種真的是震懾我了要全脫光的時候真的需要有勇氣是我朋友說反正你有的大家都有哈哈最後才鼓起勇氣給他豁出去了哈哈哈哈??6/28(三)早上我們tommy就退房，換到8小時飯店(在這誠心建議，如果可以盡量都睡同一間飯店就好不然搬個行李會讓你哀哀叫的而且汗流浹背哈哈)首爾塔早上上去首爾塔也是很熱的!我以為涼涼的哈哈來回：韓幣8500，單程：韓幣6000我們買單程的，下去的時候走下山~順便去都奉順的拍攝場景~然後這裡的紀念品其實還滿多滿可愛的也沒有貴的很離譜明明是陰天，但很熱!?很有名的鑰匙鎖~真心祈禱上面鎖的人都能願望成真!?那天的首爾霧茫茫~不知道是天氣真的霧霧的還是空氣太髒哈哈還有遇到很酷穿著古裝的人~也很熱情的開放合照哈哈?❣️都奉順─核桃派店plateb它裡面就是在賣咖啡那一類的東西哈哈櫃臺有放核桃派啦但我不知道是展示用的還是..?來拍攝場景的感想就是：回去又可以把都奉順看一次了哈哈??❣️午餐─鄉村飯桌我們點的是最有名的餐一人韓幣8000小菜超多!然後那晚應該是大醬湯真的要搭配飯一起吃，不然會很鹹~❣️梨泰院東大門下午就到這兩個地方逛~梨泰院就是很多商家很多運動用品店!東大門賣衣服的店大樓很多有些單價也滿高的所以就沒有在那裏買太多~❣️晚餐─校村炸雞!這間炸雞在東大門唷我們點一份炸雞來吃一份韓幣16000覺得真的滿好吃的~有一股甜甜的味道哈哈6/29(四)❣️弘大─秀練歌房哈哈認真覺得真的很會唱再去練歌房~不然進去都只能唱抒情歌跟慢歌比較適合哈哈哈否則快歌都跟不上哈哈但覺得價錢很便宜~?一小時韓幣2000而已~我們唱兩小時，覺得剛剛好??❣️午餐─舜天王豬腳(南大門市場)南大門市場跟臺灣市場滿像的~甚麼都有甚麼都不奇怪舜天王豬腳在大都人蔘左邊紅色招牌那間~我們點中份韓幣25000飯要另外加點唷但小菜可以續吃~份量也滿多的四個人吃剛剛好!❣️高速巴士地下街因為一進去就開始逛~也沒拍甚麼照片哈哈但有一家衣服很便宜!入口一進去前方第一家!褲子跟吊帶褲很多一件都韓幣10000而已差不多臺幣270左右!❣️明洞一進去就開始啟動逛街模式??很多真的都很好逛不論是美妝店、衣服都很不錯然後身為gd粉就是要去8秒看看~❤️❤️❤️還有很多很多美妝店不論是innisfree還是etudehouse真的都很多但要稍微注意一下就是很多美妝店店門口都會有人拿免費面膜給你然後會讓你以為是單純免費贈送的，但你拿了之後，就會被他們拖進去強迫推銷?那天被拖進去寶劍代言的vprove，一開始我真的只是在逛然後我朋友開始被一位會講中文的店員纏住??‍♀️然後她可能就以為我們是寶劍腦粉(我們是理智粉)就開始推銷很多很貴的產品，然後就說會送很多很多寶劍相關產品因為價錢實在太高了，我們就面有難色?結果她就有點不耐煩吧就一直說會多給我們寶劍的周邊???最後旁邊也有一個男店員就直接拿了兩個寶劍日曆還是什麼的直接丟在桌上好像一副我們就是因為寶劍周邊才進來的==最後還是靠我哥他們來把我們帶出去......有去明洞的話，要提高警覺強迫推銷這件事!?我真的很想進去認真看看，哀❣️晚餐─荒謬的生肉一個人韓幣14800~飯一樣要另外加點我覺得份量剛好會飽，然後小菜一樣可自行取!6/30(五)❣️樂天世界因為我們事先有在kkday買票所以要到南門團體售票處換票~這是他們一般的價目表~真的差滿多的那座城堡~室內遊樂設施也滿多的哦但我們前幾個玩太刺激的後面就有點精疲力盡哈哈哈哈這隻肥滿的派大星是我哥在樂天夾娃娃機夾到的然後下午我們就直接在樂天世界裡面的超市掃貨其實好像也沒有掃很多啦但我覺得也是很好逛哈哈然後把買的東西扛回飯店之後就去逛最後的弘大跟明洞~逛街真的很需要飲料，偏偏他們飲料很少又很貴幸好最後剩下的錢還有不少才能買貴鬆鬆的飲料哈哈這一杯小小西瓜汁韓幣3000~7/01(六)因為飛機是中午12:35然後怕行李太重太難搬所以我們七點就退房然後緩慢前往機場~最後首爾站~然後就搭機場鐵路到仁川機場~來最後一杯我愛的牛奶~希望下一次來不會太久以後~?八天七夜所花的費用：機票：9328元住宿：1802+2928=4730固定花費(包含三餐、門票、地鐵儲值費)約：臺幣4708元(差不多韓幣18萬)因為我們沒有穿韓服所以多了滿多扣打的哈哈自己花費：零零總總加起來約6800元左右(差不多韓幣25萬)客運錢:560全部合計：26216元應該還有一些沒計算到的~所以大概花了27000元!對了最後補充一下若是你在韓國市區有單筆購買韓幣三萬以上然後店家又有可以退稅的話要記得把單子收好然後到時候在仁川機場退稅然後有空回飯店的時候就可以把要退稅的單子背面資料寫一寫，這樣到時候退稅可以節省一些時間有些店家可以當場退稅，只要拿護照給他就可以，但退完稅的單子一樣要收好～以免過海關什麼的需要用到～??以上，感謝大家收看~??‍♀️??‍♀️??‍♀️",
    "time": "2017/07/04 23:43:08",
    "event": "slide"
  },
  {
    "category": "12",
    "app": "Dcard",
    "id": "69",
    "context": "#韓國#首爾八天七夜自由行part1part2在這裡，哈囉大家好，第一次在旅遊版發文也是第一次自由行出國，是一直很想去的韓國~️，因為這學期高中閨蜜到韓國當交換學生，然後就決定在學期末結束飛去韓國找她一起玩玩完在一起回臺灣，我哥跟我表弟也一起同行充當保鑣哈哈",
    "time": "2017/07/04 23:47:36",
    "event": "click"
  },
  {
    "category": "12",
    "app": "Dcard",
    "id": "70",
    "context": "#韓國#首爾八天七夜自由行part1part2在這裡哈囉大家好第一次在旅遊版發文也是第一次自由行出國?是一直很想去的韓國~✈️因為這學期高中閨蜜到韓國當交換學生然後就決定在學期末結束飛去韓國找她一起玩玩完在一起回臺灣我哥跟我表弟也一起同行充當保鑣哈哈?接著就要進入第一步訂機票!但因為我們三個的護照都過期了(我朋友已飛到韓國了哈哈)必須換護照換護照須知?需攜帶兩張近期大頭照、身分證正反面影本、舊護照，護照申請書(若未成年需攜帶監護人身分證正反面影本唷)外交部申換護照網頁https://www.boca.gov.tw/np.asp?ctnode=676若申換護照人不克前往，可以請他人代替，但須填表?但若是第一次申辦者，須本人到場哦大概四天後新護照就可以拿囉!接著下一步就是訂機票機票真的越早訂越便宜唷?我們訂機票有比很多家，一開始想訂廉航但後來機位+行李重量加一加也差不多7、8000元然後後來就想說去看長榮或華航有沒有優惠價格就發現兩家都有優惠唷，然後最後因為一些因素就選擇了華航我們選擇：去程：6/24下午16:00回程：7/01中午12:35(韓國時間)來回價格：含稅9328元?補充一下若是有還沒當兵的男生，需申請役男出境覈准唷現在只要線上申請就可以囉內政部役政署役男線上申請https://www.ris.gov.tw/departure/app/接著就是找飯店!這次尋找住宿我是使用agoda飯店也是要比價唷然後看一下旅客評鑑最後跟大家推薦這次我們選擇的飯店✔️6/24-6/28(4晚)選擇hosteltommy(屬於青年旅館)我們訂一間四人房價格總共7209元平均一人一個晚上450元?價格便宜，服務很好房間也不會很小出地鐵站直走大概5~10分鐘就會到囉而且有附早餐(可以幫你省下一餐的錢哈哈)老闆跟員工都很親切只要他們沒有很忙的時候都會跟你聊天~跟老闆聊天參雜了中英韓文哈哈?單純是住過覺得滿推薦喲✔️6/28-7/01(3晚)選擇8小時飯店我們訂兩間雙人房(單人牀)總共11714元平均一人一個晚上732元8小時飯店在蠻巷弄裡的，很佩服我朋友再艱難的地方她都可以找到哈哈它的牀!很好躺超級舒服哈哈哈然後浴室乾濕分離!!?對女生來說應該很方便可以一個洗澡、一個卸妝之類的哈哈唯一小小不足就是空間有點小我跟我朋友打開行李(全攤開那種)??走路就有點困難了8小時沒有附早餐，但有附泡麵、餅乾、茶包、咖啡飯店離地鐵站約5-10分鐘，離明洞約10-15分鐘然後這間我忘記拍房間了哈哈，如果想知道可以上各個訂房網站看唷!結果我哥有拍房間!它還有提供雜誌可自行拿走唷然後我們就各自帶走了一本長頸鹿封面的highcut哈哈✔️接著是可以提前購買的一個網站─kkday網路的部分有分5天、10天甚至更多因為我們玩八天，所以是購買十天的唷價格差不多一天91元(4g吃到飽)網卡都是要到韓國取唷然後取的點滿多的仁川機場、金浦機場、弘大店、釜山金海機場、濟州機場用完的心得就是還不錯!️網路很穩也滿快的?分享給別人也很快比wi-fi機臺方便許多唷樂天遊樂園門票提前購買也有便宜一些唷現場買真的滿貴的若有把樂天排進行程裡不仿可以事先購買門票唷!我們事先在kkday買門票一張臺幣875元～前提工作差不多就這樣然後進入行程對了，要在臺灣先換一些韓幣唷(我先換了約韓幣55000左右)到韓國之後可以直接在機場買t-money卡然後儲值還可以買一些吃的~?〰〰〰〰〰〰〰〰〰6/24(六)搭下午16:00飛機前往仁川機場!✈️✈️抵達韓國時間約晚上19:30天色還不會太暗哈哈(一降落就超興奮的哈哈)然後抵達之後過完海關就到入境大廳準備領取我們事先預訂的網卡!接著就是搭機場鐵路到首爾站!我們是搭一般列車，因為和直達列車時間沒有差太多，但價錢差滿多一般列車價錢:韓幣4750(包含500保證金，事後可退)可以選擇中文版哦不用擔心看不懂~?出站後，找這個機器然後把卡插進去就可以拿回500元囉!約九點半就抵達首爾站囉!然後等待朋友到來~?到達tommy旅館已經差不多晚上十一點了所以就趕快梳洗然後休息~6/25(日)❣️明洞大使館換錢早上先到明洞換錢!我們有先在臺灣把臺幣換成美金這樣匯率會高一點點(如果沒有很介意那一點點的其實可以直接帶臺幣)那天換的匯率差不多1:1137(美金)然後最好換的時候都是美金百元鈔匯率會比較好哦如果是百元以下的幣值匯率會少一些!❣️梨花女子大學!第一站先到梨大逛~很喜歡這個教堂~很有歐洲風哈哈❣️午餐─孔陵一隻雞因為這次我們只有吃孔陵，沒有吃陳玉華所以無法做比較但孔陵真的也還不錯很喜歡它的湯~(分享一下好笑的事)我哥那時候一直跟我說：孔劉很好吃欸我：甚麼孔劉??他：那個一隻雞我：那是孔陵.........?我們四個人點1.5隻雞應該是韓幣29000，再外加一人一碗飯共33000元❣️汝矣島漢江公園下午我們就到汝矣島騎腳踏車看漢江~漢江真的好大～～～??看著遠方就覺得好療癒?這是一條很長的小溪(?)水超級冰涼!!!腳一放進去完全刺激哈哈?汝矣島假日都會有很多親子家庭到這裡來戲水~旁邊都會搭帳棚~很多人會在帳棚裡睡午覺~接著就準備租腳踏車~一小時韓幣3000元我們想說租一小時就好，體驗一下就好哈哈好久沒有騎腳踏車，覺得超愜意邊騎車一陣一陣微風吹來真的超級舒服！騎到這裡，上面鐵路是ktx~其實騎到這裡就有點疲勞哈哈哈加上時間有限就在這裡折返~還完腳踏車之後就開始飄雨了☔️但幸好不是騎到一半下雨所以還好?❣️晚餐─豚壽百這間在弘大唷覺得也算還不錯吃~份量很多!一個人約韓幣7000元6/26(一)❣️梨花洞壁畫村哈哈這一站完全是為了都奉順而加進去的但從地鐵出來，路途有一點小遙遠，而且都是上坡~奉奉家門口~❣️午餐─廣藏市場市場中很有名的綠豆煎餅!一個綠豆煎餅韓幣4000~覺得很好吃的辣炒年糕~一份韓幣3000朋友點的魚板~一份也是韓幣3000❣️仁寺洞這裡非常有傳統藝術氣息~❣️光化門景福宮就像電視上那樣的壯觀~很多人穿韓服，但因為那天太熱加上走得很疲勞所以就沒有租韓服~但其實也不會後悔啦哈哈入場門票一個人韓幣3000~❣️韓國觀光公社!這一站完全是為了bigbang來哈哈哈也有aoa唷~哈哈但我弟完全不知道這些人是誰但這些照片拍了之後要趕緊用相機或手機翻拍唷~不會有實體照片出來~❣️晚餐─中華料理外賣這家份量超多!糖醋肉也很好吃~我們四個人總共點了差不多韓幣42000多哈哈可能是點很多的關係還有附贈餃子~part1打到這裡好了~希望會有人觀看哈哈會再part2繼續我們的行程~最後也會計算這次八天七夜花了大概多少錢~",
    "time": "2017/07/04 23:47:41",
    "event": "slide"
  },
  {
    "category": "12",
    "app": "Dcard",
    "id": "71",
    "context": "part.1#日本#京阪奈#第一次揹包就上手原po是跟一位好麻吉隨口說說想去日本玩，沒想到玩笑打屁講講就真的成行了，因為我們兩個個性都是最瘋狂探險那種，因此我們兩個就獻出了第一次的揹包客之旅囉（雖然英文溝通都是靠我哈哈哈爽），宿舍適用airbnb找的，前陣子有活動加入會員即補助旅遊金幾千，利馬省一大筆。",
    "time": "2017/07/04 23:48:41",
    "event": "click"
  },
  {
    "category": "12",
    "app": "Dcard",
    "id": "72",
    "context": "part.1#日本#京阪奈#第一次揹包就上手原po是跟一位好麻吉隨口說說想去日本玩，沒想到玩笑打屁講講就真的成行了，因為我們兩個個性都是最瘋狂探險那種，因此我們兩個就獻出了第一次的揹包客之旅囉(雖然英文溝通都是靠我哈哈哈爽)宿舍適用airbnb找的，前陣子有活動加入會員即補助旅遊金幾千，利馬省一大筆。我們的行程如下:後面那些卡很靠北，因為更新版的資料但是我們印成舊版的，所以變成我們要多買一張券，不過就當作是蒐集。由左而右分別是◎關西周遊二日卷:從你刷下去那天到當天末班車，你可以暢刷所有公車與電鐵(jr不能喔)◎icoca卡:他有出好幾個版本，我的是風神限定版，基本上跟臺灣的悠遊卡一樣，儲值然後所有交通工具都能搭，但我們只用來搭jr(日本另一個電鐵的名稱)，其他都用觀光一日券搭比較划算。◎大阪周遊券大阪隨你逛，一樣是當天你刷下去到末班車。◎京版電車觀光(500元)基本上只有京都附近超小的地方可以用(地名:x條的那邊可以用)==....買之前要查清楚◎京版電車觀光(700元)這個涵蓋的範圍就比前者大多了，還可以做到大阪逛街。當然!最重要的當然是把錢往機場的車票先買好，免得沒錢坐車回家喔~~我們是做國泰的飛機，那時候好像有優惠還是怎樣的一個人來回8000多臺幣，超級便宜爽的，所以我們來回的時間就這麼鳥，好啦~廢話不多說，遊記正式開始~~~==================<<我是分隔線>>============================第一天:出花啦~~~想到要搭飛機十分興奮的原po下飛機然後辦理出境跟在機場購買那些旅遊券，旅遊券裡面都是用一個小小信封袋裝著(如上圖所示)，裡面都有對於當地景點的介紹與庫碰打折券這樣，而且販售這些旅遊券的日本人超熱情的，對於第一次當揹包客的我來說就打了劑強心針，覺得自己受到這個陌生地方的歡迎，所以更加自在。我們使用jr車票前往宿舍(位於大阪jr新金宮站與電鐵動物園站附近)，然後很酷的是，這邊的自助旅宿都是你要去找一個鑰匙盒，那個盒子是個很大的密碼鎖，房東會寄信告知你密碼，打開這個盒子裡面就是你未來幾天房間的鑰匙，而退房就是一樣，將鑰匙放回去鎖起來，再將盒子放回原位這樣。因為第一天到宿舍的時候就有點晚了，所以那時候我們就想說去逛逛去找些東西吃吧，我們去了道頓掘，我只能說....那邊街景跟東區炸開像，從地鐵站走出來的時候頭上一條高架道路，對面剛好是一棟跟忠孝sogo最像那種的建築物，我真的以為我跑到忠孝復興了，根本沒有出國的感覺哈哈哈，反正要溝通就都用英文就好，再看看時間，正逢臺灣的各位要吃消夜的時間，那我們就去吃\"一蘭\"吧~~<<萬惡的圖片要來支援了喔>>準備上菜啦!!!!阿斯!!!真的不要不要的!!豪豪ㄘ~~臺灣的捧油門有沒有羨慕附上一張原po吃飽圖有人要收嗎?然後就在那邊逛一逛，就發現末班車過了!!!幹你娘!!!然後我們就走了超久回家.....以為這是我們這幾天走路最久的一天，殊不知這纔是惡夢的開始.....第二天:首先，第一站:通天閣，在經過通天閣前會經過新世界商店街用大阪周遊券進去免費喔~而且附近有很多吃的，晚上餓了也可以來這邊吃上道通天閣的一路上會有爆量的轉蛋機，然後他最高的瞭望臺在第五層上面的街景下來的時候會經過販賣部，那真的非常之可怕，所有東西你都好想買限定款的，真的是幹你老師的可愛哈哈哈下一站我們去了四天王寺，就在附近，但真的很大佑她媽快熱死了所以已拍了一些照片而已。不過不得不說，真的是非常雄偉。下一站~~重頭戲午餐!!黑門市場!!!這裡面的海鮮東西大概是最狂的那種，只講不準，各位來看吧你有看到那根蟹腳嗎!!!!!我們還喝了網上說必喝的豆漿我們之後吃了黑門市場限定的炒麵粉好吃，只是有點鹹，真的要配杯飲料哈哈而且黑門市場裡還有大量的藥妝啦有的沒的，基本上要逛上一天是沒問題的我們接下來還有算是前幾天的重頭戲!!!大!版!城!當遠遠的看到大阪城從枝葉扶疏處露出了他城池的一禹，基本上就濕掉了，近看的時候我想已經高潮到不得了了，裡面還展出了許多戰國名將的鎧甲與家紋，像是這次我去，特別在展真田信村的，看到那鎧甲，信長魂，那開啟大決會響徹整張地圖的長嚎哦~~~~，以前玩戰國跟信長，那些在銀幕彼端的武將，在這次旅行中，我看到了，他們的鎧甲，穿越了百年的光陰，世人仍傳唱著他們的故事，那些熱血與感動至今仁與後世的靈魂共鳴著。而我，則拿著天下統一的扇子(1700日圓)，站在豐臣秀吉曾經君臨天下的地方，看著百年前他也曾看著的景色。(中二魂)在結束這暢與靈魂共鳴的歷史深刻之旅後，在與餘暉相應的大阪城告別我們便啟程前往現代化的代表，摩天樓看夜景，順便拿接下來環球影城的vip手環(可以提早入園，因此哈利波特不用排隊就玩到了)。接著~~我們就前往梅田展望臺&阿倍野harukas展望臺話不多說夜景奉上梅田展望臺:這建築物中間的田通橋設計非常特別絕美夜景私心曬一下鞋子.....哈哈哈阿倍野harukas展望臺:這兩個展望臺可是街位於日本前五高的展望臺喔~可是屌打今天早上去的通天閣，雖然通天閣也真的很高，不過通天閣重要的是它的歷史定位。入場券跟紀念品，基本上日本每個地方都會搞一堆限定，太萬惡啦!!!靠夭這超軟她媽超好吃嗚嗚嗚~~~然後晚上我們就去今天早上的新世界大街，吃宵夜啦!!!!!他有些翻譯都怪怪的，所以看英文比中文好離解上菜囉各位~~~(小提醒，桌上會付一盒烤物醬，店員會提醒你一串只能用一次那個，所以開吃之前叫的整條泡下去就不可以再泡囉~~)然後吃飽喝足回家洗澡睡覺，這樣才兩天我她媽8點的行程要打多久啊嗚嗚剩下的明天再打",
    "time": "2017/07/04 23:48:43",
    "event": "slide"
  },
  {
    "category": "12",
    "app": "Dcard",
    "id": "73",
    "context": "#冰島#丹麥#芬蘭#愛沙尼雅partii一直以來我對哥本哈根都有一個很大的憧憬，因為表姐的老公就是丹麥人，從電視上看到說丹麥全世界最開心的國家，到他們的社會福利，甚至到的童話故事，但基於我每次放假都跟家人們回丹麥探親的時間沒有重疊，就一直沒有機會去。其實我們兩個來到哥本哈根也沒有什麼行程，走走看看，看看走走。",
    "time": "2017/07/04 23:48:51",
    "event": "click"
  },
  {
    "category": "12",
    "app": "Dcard",
    "id": "74",
    "context": "#冰島#丹麥#芬蘭#愛沙尼雅partii一直以來我對哥本哈根都有一個很大的憧憬，因為表姐的老公就是丹麥人，從電視上看到說丹麥全世界最開心的國家，到他們的社會福利，甚至到的童話故事，但基於我每次放假都跟家人們回丹麥探親的時間沒有重疊，就一直沒有機會去。其實我們兩個來到哥本哈根也沒有什麼行程，走走看看，看看走走。這是我們住的airbnb，雖然離市區有點遠，但我當時非常enjoy進入市區的那段公車～https://www.airbnb.com/rooms/17274797後來蠻有幸的是，我們剛好碰到丹麥年輕人最瘋狂的一個音樂節distortion，整條河都被很迷幻的音樂跟一堆喝醉的帥男正妹佔滿，且當時交通蠻不方便的，我們就想嘗試租腳踏車來當交通工具，好佳在154的我，拼了老命也凳了上去超級高的腳踏車xdddtobecontinued......----------------------------------------------------------------------------------------------------下一站赫爾辛基，劇透～",
    "time": "2017/07/04 23:49:05",
    "event": "slide"
  },
  {
    "category": "12",
    "app": "Dcard",
    "id": "75",
    "context": "#遊記#西班牙#馬德里#圖多同性戀的宣傳聖地繼上一次隨興的旅程，我就愛上了亂晃的旅行，可能我自己的任務不是把重點的重點給達成，而就是想在一個旁觀者角度去看這世界，然後用相機拍下來，所以就會不會去在意是不是重要景點拉，（說到底其實我來過馬德里觀光區就不會再去第二遍）",
    "time": "2017/07/04 23:49:44",
    "event": "click"
  },
  {
    "category": "12",
    "app": "Dcard",
    "id": "76",
    "context": "#遊記#西班牙#馬德里#圖多同性戀的宣傳聖地繼上一次隨興的旅程我就愛上了亂晃的旅行可能我自己的任務不是把重點的重點給達成而就是想在一個旁觀者角度去看這世界然後用相機拍下來所以就會不會去在意是不是重要景點拉(說到底其實我來過馬德里觀光區就不會再去第二遍)馬德里真的很美美的不要不要的這裡富有很多的美術館廣場還有一個皇宮都蠻值得一去以上我都不沒有要介紹因為這趟去根本沒有去我就是在街頭晃晃看看路邊的景這樣我推薦特色給大家希望來的時候能留意一下房子:在舊區的裡的房子就是會照著老規定窗戶會有限制大小所以可以在街道上看到各種顏色的房子但是每個窗戶會跟鄰近的相當整齊算是一個很大的一個特色同性戀標誌在路上處處可見同性戀旗幾乎每個店面都會有雖然是接近大遊行的日子我個人感覺即便是大遊行結束還是會有許多店家繼續保留這些標誌作宣傳我想這裡或許不是最自由的同性戀國家不過他們的用心程度可以是no.1除了彩虹旗以外路邊有些行人紅綠燈也改成男男或女女的標誌真的是很用心的城市佛朗明哥:這裡的佛朗明哥可能不是最有名的我的認知沒錯的話佛朗明哥是產於南部不過來到西班牙就是想要享受這視覺和聽覺的饗宴生火腿和現炸柳橙汁:馬德里生火腿真的很好吃我知道西班牙還有西班牙燴飯西班牙歐姆蛋還有果酒不過所有裡面就生火腿我最愛在配上現炸柳橙汁真是讓每一天這麼的美好剩下就是我的街拍一天晚上的遊行舊書攤美腿羣!?記得消暑一定要吃的冰淇淋plazamayor可惜了忘記底片沒過完整enjoythemoment.timetoeat...確實西班牙的東西真的好吃很多謝謝大家觀看抱歉沒什麼重要景點介紹但我真的覺得路上便是景我很享受這趟旅行",
    "time": "2017/07/04 23:49:46",
    "event": "slide"
  },
  {
    "category": "12",
    "app": "Dcard",
    "id": "77",
    "context": "#花蓮2天1夜ig不熱門景點?第一次去臺灣東部，計畫很久的旅行，有去大家都推的景點，但也找了很多不常看到的地方，想分享一下，花蓮真的超超超美的啊，day1，早上7點多火車-10半抵達，￼原本要開車可是前陣子坍方落石覺得危險臨時改搭火車～去前幾天還訂到車票感謝老天",
    "time": "2017/07/04 23:51:09",
    "event": "click"
  },
  {
    "category": "12",
    "app": "Dcard",
    "id": "78",
    "context": "#花蓮2天1夜ig不熱門景點?第一次去臺灣東部計畫很久的旅行有去大家都推的景點但也找了很多不常看到的地方想分享一下花蓮真的超超超美的啊day1早上7點多火車-10半抵達￼原本要開車可是前陣子坍方落石覺得危險臨時改搭火車～去前幾天還訂到車票感謝老天?1-砂卡礑步道到的時候大概快12點午餐訂1點的怕來不及只走了一小段而已，河川的水都超清澈午餐-達力基部落屋男友指定要原始可以看海的那種感覺裡面桌椅都是木頭，燒著一種不會嗆的草很舒服的味道我們是點300/1人加竹筒飯50元，吃超飽都是原住民料理2-清水斷涯網路上有在這裡滑獨木舟看日出，下次要來試試看，花蓮很神奇山一邊暗暗海那一邊很熱很亮3-澳花瀑布我們還是騎了臺9線很可怕的地方路上都是大車可是風景無價從花蓮騎一個多小時到南澳真的瘋狂?，我們其實沒找到瀑布入口，要去要做好功課?在河牀邊玩水也是很爽啦雖然我的手機掉到水裡?還好水很乾淨（取google圖片）住宿-有窩客棧ㄧ晚1650在booking上面訂的很乾淨舒適一樓有公共空間（圖片取自booking)晚餐-ぐさん手打烏龍在花蓮文創園區旁餐前有一盤醃製大根我超愛吃起來甜甜的?，我們吃了豆皮烏龍麵和牛肉烏龍麵，看起來都是當地人去吃蠻少遊客可能剛好沒遇到?，我忘記拍照大家搜尋一下應該有，是在愛食記上看到的吃飽後去東大門夜市逛買了臭薯條和烤肉還去鋼管紅茶買了一杯奶茶day24-七星潭花蓮日出真的超美的四點起牀過去大概4:30天空是深粉色和粉色交錯拍不太出來慢慢的變成橘黃太陽纔出來早起的非常值得?曬一張❤️早餐-鋼管紅茶蛋餅很古早但是很油我還覺得西點比較好吃像臺式馬卡龍那樣，奶茶真的好喝前後買了3杯像義美奶茶但更剛好的味道?5-樹湖瀑布本來要去翡翠谷結果封起來了為了慕谷慕魚跟翡翠谷明年再來一次好了?，之後我們就轉戰無人處，騎到樹湖瀑布有經過鯉魚潭有看到薑母鴨超深山只有我們超酷?之後回去補眠下午要繼續熱血午餐一碗小羊肉拉麵跟牛肉拉麵羊肉味道不會很騷而且胡麻醬還蠻好吃牛肉麵男友說肉很嫩很好吃還把湯喝光6-親不知子斷涯騎了一個多小時根本花蓮南北全收我們7/1開放第一天去很多人都是長輩比較多哈哈哈他們擠在後面拍照就趕快叫男友幫我拍坐著的照片?地板真的透明的斷涯應該不會掉下去會管制人數8-牛山呼庭回程去了這裡跟男友比賽跑上上坡然後在草地上躺了一下差點睡著來出賣一下下午回到市區去吃-五霸焦糖包心粉圓吃完還是覺得臺南東區包心粉圓比較讚因為有加麵茶太熱跑去遠東百貨吹冷氣放空上廁所再去三角商圈買伴手禮～～9-楓林步道用夜景結束?遠遠的看得到海花蓮真的好美到哪都像畫一樣第一次到臺灣東部開眼界走得依依不捨???下次要再來✌?",
    "time": "2017/07/04 23:51:10",
    "event": "slide"
  },
  {
    "category": "12",
    "app": "Dcard",
    "id": "79",
    "context": "#美國#波士頓#castleisland自從2017年1月來到正值大雪紛飛的波士頓一直沒能好好的探索這個擁有迷人歷史的地方，終於，讓我熬到7月這個不冷不熱最適合出遊的月份了！！，波士頓，一直以來都是臺灣人很嚮往旅遊的城市方便的交通、人情味的街道，即使一個人的旅行也不顯得孤單，空氣中反而有種自由的味道。",
    "time": "2017/07/04 23:51:23",
    "event": "click"
  },
  {
    "category": "12",
    "app": "Dcard",
    "id": "80",
    "context": "#美國#波士頓#castleisland自從2017年1月來到正值大雪紛飛的波士頓一直沒能好好的探索這個擁有迷人歷史的地方終於，讓我熬到7月這個不冷不熱最適合出遊的月份了！！波士頓，一直以來都是臺灣人很嚮往旅遊的城市方便的交通、人情味的街道，即使一個人的旅行也不顯得孤單，空氣中反而有種自由的味道。這次經由當地友人的介紹來到了波士頓南邊的一個私密沿海景點castleisland距離boston市區大約20分鐘的車程（地鐵不能直接抵達，需要轉巴士）如果你是一個喜歡“有專人解說”“歷史迷”“享受陽光和海岸”的人，那一定不要錯過！！＿＿＿＿＿＿＿＿＿＿＿＿＿castleisland上有一個獨立堡壘(fortindependence)它是一座花崗巖星型要塞，主要用於港口防禦獨立堡壘會從memorialday開放到columbusday(五月底到十月中）我們剛好是週末去的，有專人導引解說，還是免費的啊～～～～～～是批次進去的，可以先查一下時刻表_____________________________|tour介紹|可以很清楚地看到獨立堡壘是一個五角形，專人導引會帶領你走完一圈從大門進入，馬上就有一連串的大砲映入眼簾，今天天氣真是太好拉～怕曬黑的還是要多塗點防曬，一次tour的時間大約45分鐘不等，大部份的時間都是在沒有陰影處的地方走動準備好就出發拉～他就是帶領我們重返歷史的解說員，一個幽默的爺爺沿途插滿著國旗，和不同款式的大砲最令我陶醉的其實是那藍天和一望無啀的海在這裡能清楚地眺望到波士頓的logan機場，也是一個觀賞飛機起降不錯的地點附近很多帆船和輪船最後會由戶外轉到室內有模擬以前駐守在這裡士兵生活的場景每當發射一次砲彈，就要立即清理下圖就是清理大砲的工具們＿＿＿＿＿＿＿＿＿＿＿＿|takeaway|1.非常推薦給想要更深入波士頓的朋友來！不僅可以長知識還能順便練習英文聽力呢～2.比較建議開車前往，要抵達獨立堡壘前會經過carsonbeach(有好多養眼的比基尼和肌肉猛男呀～）如果時間充足也可以逛完堡壘就去海邊玩玩水消暑一下tobecontinued...jessiigal",
    "time": "2017/07/04 23:51:31",
    "event": "slide"
  }
]