[
  {
    "category": "2",
    "app": "Dcard",
    "id": "5",
    "context": "雅房改造--鄉村風今天我來分享一下強者我朋友~~~~~，一個外表超有氣質~~他很安靜不多話講話很小聲，看上去是一個很需要保護又柔柔弱弱的女生，我在她旁邊根本大反差我講話大聲笑也大聲，好這個暫時別提回歸正題！！！！！！！",
    "time": "2017/07/04 23:18:57",
    "event": "click"
  },
  {
    "category": "2",
    "app": "Dcard",
    "id": "6",
    "context": "雅房改造--鄉村風今天我來分享一下強者我朋友~~~~~一個外表超有氣質~~他很安靜不多話講話很小聲?????看上去是一個很需要保護又柔柔弱弱的女生我在她旁邊根本大反差我講話大聲笑也大聲好這個暫時別提回歸正題!!!!!!!他自己在外面租了一個連傢俱都沒有的空房，可是這雅房的屋況很差有壁癌，地磚也凹凸不平，他一個女生就這樣自己刷油漆自己鋪地毯自己買傢俱一步一步的靠自己改造了這個原本有點可怕又不起眼的房間~~??改造前有點可怕...要是我我根本不太敢住..他比我勇敢超多的????改造後很棒吧看起來就很舒服啊??其實不只這些，還有些細節啊或是小物或是些收納空間我就丟連結上來摟????各位有興趣可以點進去看看????http://enchen213.blogspot.tw/2017/04/design.html",
    "time": "2017/07/04 23:19:03",
    "event": "slide"
  },
  {
    "category": "2",
    "app": "Dcard",
    "id": "7",
    "context": "what'sinmyroom?極簡一直很喜歡看what'sinmyroom系列欣賞大家美美的房間或是參考擺設暑假閒閒的也想分享一下myroom極簡不只風格極簡東西也極簡?真的很少看了別失望?",
    "time": "2017/07/04 23:20:53",
    "event": "click"
  },
  {
    "category": "2",
    "app": "Dcard",
    "id": "8",
    "context": "what'sinmyroom?極簡一直很喜歡看what'sinmyroom系列欣賞大家美美的房間或是參考擺設暑假閒閒的也想分享一下myroom極簡不只風格極簡東西也極簡?真的很少看了別失望?首先出去介紹一下門口?進來之後門旁邊是廁所衣櫃✨衣服外套棉被還有一堆雜物都放在裡面旁邊還有兩個小置物櫃，一個置物櫃有兩層房間很小不過很乾淨所以看起來還好但其實亂的東西都藏在衣櫃牀頭櫃或是拿去頂樓放了??很喜歡這種簡單素色的木頭(?)風雖然不是木質地板，但衣櫃、桌子、牀板、牀頭櫃都是搬家時請師傅訂做的～挑顏色也很苦惱因為太多種了，不過看到成品之後很滿意?再來是書桌✨簡單金屬的ikea鏡子還有燈?接下來是牀✨很喜歡這種無印風被套雖然這是ikea最後～從牀上看過去書桌的角度(窗簾的粉色覺得很美又不會太少女?)順便介紹一下旁邊的櫃子?都是迷妹的專輯???❤️還有手燈這裡只有一部分～yg家(大部分都是bigbang)、exo?另外還有ftisland跟防彈的放在別的房間～有很多海報都想貼在牆上，方格的架子也是～想放些明信片還有一些有的沒的掛在書桌前面，不過很不敢傷到白牆一直不敢貼，所以還是一直維持這種簡單乾淨的樣子就好了??謝謝看完我的房間(⁎˃ᴗ˂⁎)雖然根本很空沒什麼東西?希望大家喜歡我的分享：）",
    "time": "2017/07/04 23:20:57",
    "event": "slide"
  },
  {
    "category": "2",
    "app": "Dcard",
    "id": "13",
    "context": "學期結束換季囉?全能房間改造王what'sinmyroom系列登場?又到了期末結束～～～放暑假除了整理房間之餘也可以來個除舊佈新一下！！，來看看dcard板友們的房間有哪些可以參考參考的咧～這裡是小天使溫馨幫大家整理了所分享過的what'sinmyroom系列文，若有沒有收到的也歡迎大家把文章回覆到留言，小天使忙碌可能沒時間即時更新！",
    "time": "2017/07/04 23:23:48",
    "event": "click"
  },
  {
    "category": "2",
    "app": "Dcard",
    "id": "14",
    "context": "學期結束換季囉?全能房間改造王what'sinmyroom系列登場?又到了期末結束～～～放暑假除了整理房間之餘也可以來個除舊佈新一下！！來看看dcard板友們的房間有哪些可以參考參考的咧～這裡是小天使溫馨幫大家整理了所分享過的what'sinmyroom系列文，若有沒有收到的也歡迎大家把文章回覆到留言，小天使忙碌可能沒時間即時更新！???主題篇??????租屋篇??????簡約篇??????國外篇??????男孩篇???小天使也很喜歡大家分享的what'sinmyroom系列文，也期待繼續看到更多不一樣的房間分享囉！?（如果怕之後找不到這篇文章的話可以先按收藏唷！）",
    "time": "2017/07/04 23:23:54",
    "event": "slide"
  },
  {
    "category": "2",
    "app": "Dcard",
    "id": "15",
    "context": "#pic#myroom看不見的事(文長)手冷到一直打錯字但忍不住發第一篇文的衝動有一些溫馨角落跟它背後的實情想分享~~~~先上張最想貼的圖討厭青蛙的別往下哦http://i.imgur.com/rf5znb7.jpg這是六年多照片",
    "time": "2017/07/04 23:24:03",
    "event": "click"
  },
  {
    "category": "2",
    "app": "Dcard",
    "id": "16",
    "context": "#pic#myroom看不見的事(文長)手冷到一直打錯字但忍不住發第一篇文的衝動有一些溫馨角落跟它背後的實情想分享~~~~先上張最想貼的圖討厭青蛙的別往下哦這是六年多前的收藏量我已經收斂很多了可是朋友看到之後都會每年幫你增加牠們的夥伴嗚嗚一個都捨不得用捨不得丟啊~~~基於重點是青蛙所以從這角度拍我睡姿很固定不太翻滾所以旁邊那條空著的之前是給青蛙們睡現在我娘睡我房我回家就一起睡蛙兒子們則安居旋轉椅蛙兒子我只有晾乾照乾娘送的人生第一隻青蛙據說是三歲得到至今已經快變白色了眼睛脫窗危機但我跟我娘說如果再洗牠害牠壞掉或是丟了牠我就離家出走!然後是新光三越剛開爹孃給的五歲左右的事卻還記得我們在青蛙堆中挑選的畫面這是中等大小還有一隻大的等等會出現小的沒買因為爹孃覺得太真實太噁(哭)果然離題了回來剛剛牀頭上面是一排卡通存錢桶從小存現在整桶硬幣都變色了嗯....當然也有青蛙垃圾桶跟青蛙面紙盒還是不要放圖了牀右邊是書桌跟梳妝臺但我大學才知道化妝水是什麼所以梳妝臺就只是個有鏡子的書桌對就是白板下面那個有裂縫可以上翻成鏡子的地方裡面完全沒有化妝品只有生日卡片哈筆電就是正在po文這臺國三畢業得到從此君王不早朝高中考生不念書爹很後悔牀左邊是浮誇的衣櫃可是我一個禮拜衣服是循環出現的衣服有很多也都是跟娘共享褲子不能還是因為她都穿s我無法所以我其實很困惑為何一半不是書櫃於是衣櫃旁邊的展示櫃....這也是六年前現在是各階段資料獎狀跟...以前各次段考考卷這次寒流忘記拿來生火取暖這是上半六年增加了橘子蝴蝶sophia吾命騎士最後因為這樣我房間再也不能裝電視我弟房間也是噢對這是僅存的大娃娃我弟都還沒出生的時候舊家有一個房間櫃子地上牀上都是娃娃後來全捐了小時候相簿裡面的等身大龍貓每次翻每次想牠qq附上當初就裝潢好的主臥浴室如果有錢我想把它改掉蓮蓬頭太複雜我都不上去洗按摩浴缸搬去六年多只用過不到三次因為那個水費電費太驚人無法負荷(大青蛙等著上樓進洗衣機洗澡嘿嘿)同樣是交屋前裝潢好的廚房那個烤箱很明顯是置物櫃相連的客廳如今整片地板可能要敲掉重鋪因為當初裝潢的磁磚撐不到十年已經陸續隆起不知道看完這些會有什麼想法可是其實從搬來到現在我們家是從有點能力所以想換間讓弟弟也有自己房間的地方到前陣子我們家在討論要不要房子賣掉租個簡單的地方就不用背房貸了也不是發生什麼事套句半開玩笑的形容有點像家道中落那種感覺哈哈哈哈最後決定還是為自己想要的家撐看看呃很偶爾還是會被什麼優惠的好料吸引跑去吃啦我也會羨慕房間小而美的人當年偷玩電腦要爬回牀根本來不及或是所謂從地基到設計都是爸媽親自包辦的人真的很有能力很厲害但是在可能無憂無慮的生活跟關了燈也都知道什麼在哪的自己家之間我們覺得自己佈置出來的家是無法割捨取代的東西比如像是我的牀沒洗澡不能躺我們家水跟酒以外的食物不能上樓地上有根頭毛我娘就碎唸但對於整個地板整個牀整個房間都堆滿各種東西的人來說還是會覺得自己家纔是家啦好我快不知道我在說什麼了謝謝看完長篇大論的女孩們祝大家寒假都暖暖窩在自己家~~~~如果真的有想看各種青蛙收藏特寫的我過年回家再補哈哈哈很久以前簽名檔好像是吃的應該是啦甜不辣脆腸",
    "time": "2017/07/04 23:24:06",
    "event": "slide"
  },
  {
    "category": "2",
    "app": "Dcard",
    "id": "20",
    "context": "學期結束換季囉?全能房間改造王what'sinmyroom系列登場?又到了期末結束～～～放暑假除了整理房間之餘也可以來個除舊佈新一下！！，來看看dcard板友們的房間有哪些可以參考參考的咧～這裡是小天使溫馨幫大家整理了所分享過的what'sinmyroom系列文，若有沒有收到的也歡迎大家把文章回覆到留言，小天使忙碌可能沒時間即時更新！",
    "time": "2017/07/04 23:24:31",
    "event": "click"
  },
  {
    "category": "2",
    "app": "Dcard",
    "id": "21",
    "context": "學期結束換季囉?全能房間改造王what'sinmyroom系列登場?又到了期末結束～～～放暑假除了整理房間之餘也可以來個除舊佈新一下！！來看看dcard板友們的房間有哪些可以參考參考的咧～這裡是小天使溫馨幫大家整理了所分享過的what'sinmyroom系列文，若有沒有收到的也歡迎大家把文章回覆到留言，小天使忙碌可能沒時間即時更新！???主題篇??????租屋篇??????簡約篇??????國外篇??????男孩篇???小天使也很喜歡大家分享的what'sinmyroom系列文，也期待繼續看到更多不一樣的房間分享囉！?（如果怕之後找不到這篇文章的話可以先按收藏唷！）",
    "time": "2017/07/04 23:24:35",
    "event": "slide"
  },
  {
    "category": "2",
    "app": "Dcard",
    "id": "22",
    "context": "#更新#圖what'sinadesigner'sroom?雖然標題這樣打好像不太好意思～不過因為我唸的是設計科系，應該也可以算是半個設計師吧～覺得大家應該會想知道設計師的房間都生成什麼款哈哈（我自己就很想知道）所以就來個先發跟大家分享我的房間啦！首先是從我躺在牀上看向書桌的視角。",
    "time": "2017/07/04 23:24:41",
    "event": "click"
  },
  {
    "category": "2",
    "app": "Dcard",
    "id": "23",
    "context": "#更新#圖what'sinadesigner'sroom?雖然標題這樣打好像不太好意思～不過因為我唸的是設計科系，應該也可以算是半個設計師吧～覺得大家應該會想知道設計師的房間都生成什麼款哈哈（我自己就很想知道）所以就來個先發跟大家分享我的房間啦！首先是從我躺在牀上看向書桌的視角。我的房間白牆的部分很少，當初佈置的時候就去特力屋選了一個黃色和一個藍色，藍色那面牆會有兩個顏色是因為油漆不夠只好加白色勉強將那面牆給塗完，據同為設計系的同學說法為他們覺得我塗的很醜。（我是覺得還好啦哈哈哈）再來更近一點其實我的房間整個重點就是亂到不行的書桌兼工作桌。整面牆全景大概就是這樣。特寫一下。有沒有發現我所有組成的傢俱都是白色的～因為當初在設計我房間的時候就決定好要用藍色和黃色當我的牆面，所以為了避免眼睛太過勞累，便決定去ikea挑全白的傢俱。（但沒想到我的雜物還是擁有讓人眼花撩亂的能力）左上角的架子是自己釘上去的，放一些漫畫和收藏的cd，目前還被一些失心瘋扭蛋的公仔們佔據。書桌左邊是平常腦袋枯竭使用的設計書籍，前面小小兵旁邊那籃是我的零食箱～最後是我平常坐在工作桌前的視角（不過這張是一年365天裡僅僅幾天乾淨整齊的照片）這是目前只剩滑鼠墊那塊正方形可以移動的狀況。（大概一年364天都維持這樣堆滿莫名奇妙的東西）附上一張很久以前工作的樣子～要畫畫或者是要用電繪板的時候我才會努力騰出一個空間，不然平常就是一張置物桌，上面什麼都有，什麼都不奇怪。謝謝大家收看我潦草可能又無聊的分享～最近被媽媽下了通牒要整理房間，等我重新整頓好他之後再來跟大家分享我買的所有傢俱和收納小物吧!（照片都是不同時期拍的所以會有些許的位置更動，可以玩大家來找碴）/更新～剛剛把房間整理好了～～～登愣～這就是我溫暖又舒服的牀～不要問我牀單去哪裡買的，因為這組牀包從我幼稚園就開始睡了?旁邊是最近才從客廳搬來我房間的小沙發，我都窩在上面看韓劇～然後是ikea加鏡門的白色衣櫃～覺得超方便不用再買全身鏡了～最後是我放不下衣櫃的大衣外套們??這是我工作桌最喜歡的一個小角落～有剛做好的乾燥花和新買的yankeecandles～來個小房間全景！其實我的房間蠻小的～但因為是住家裡所以房間也不太需要放什麼（但我還是默默放了很多東西）（哭）我的偽設計師房間分享就到這裡啦～謝謝大家的愛戴！我超喜歡把房間弄亂又卯起來把他整理乾淨～所以有機會改變我房間的話再來跟大家分享吧～～♪(´▽｀)我是胖魚",
    "time": "2017/07/04 23:24:45",
    "event": "slide"
  },
  {
    "category": "2",
    "app": "Dcard",
    "id": "27",
    "context": "學期結束換季囉?全能房間改造王what'sinmyroom系列登場?又到了期末結束～～～放暑假除了整理房間之餘也可以來個除舊佈新一下！！，來看看dcard板友們的房間有哪些可以參考參考的咧～這裡是小天使溫馨幫大家整理了所分享過的what'sinmyroom系列文，若有沒有收到的也歡迎大家把文章回覆到留言，小天使忙碌可能沒時間即時更新！1106937小天使官方帳號",
    "time": "2017/07/04 23:25:32",
    "event": "click"
  },
  {
    "category": "2",
    "app": "Dcard",
    "id": "28",
    "context": "學期結束換季囉?全能房間改造王what'sinmyroom系列登場?又到了期末結束～～～放暑假除了整理房間之餘也可以來個除舊佈新一下！！來看看dcard板友們的房間有哪些可以參考參考的咧～這裡是小天使溫馨幫大家整理了所分享過的what'sinmyroom系列文，若有沒有收到的也歡迎大家把文章回覆到留言，小天使忙碌可能沒時間即時更新！???主題篇??????租屋篇??????簡約篇??????國外篇??????男孩篇???小天使也很喜歡大家分享的what'sinmyroom系列文，也期待繼續看到更多不一樣的房間分享囉！?（如果怕之後找不到這篇文章的話可以先按收藏唷！）",
    "time": "2017/07/04 23:25:37",
    "event": "slide"
  },
  {
    "category": "2",
    "app": "Dcard",
    "id": "29",
    "context": "#圖#what'sinmyroom一直有在看狄卡但是這還是首po最近板上好多分享自己包包化妝品的文原po自己是出門一直在換包包（看當天穿什麼）然後又不太化妝的人（是大二為了打工上班才開始化的）所以索性不分享這兩個覺得離家在外面讀書租房子就是一個要把房間弄成自己喜歡的樣子啊～～～所以首po獻給女孩版what'sinmyroom好了希望可以拋磚引玉看看大家都怎麼佈置房間?剛好整理一下房間???不囉嗦先上圖這是從門口看的樣子（之前有在臉書分享過拜託不要嗆我?）",
    "time": "2017/07/04 23:25:47",
    "event": "click"
  },
  {
    "category": "2",
    "app": "Dcard",
    "id": "30",
    "context": "#圖#what'sinmyroom一直有在看狄卡但是這還是首po最近板上好多分享自己包包化妝品的文原po自己是出門一直在換包包（看當天穿什麼）然後又不太化妝的人（是大二為了打工上班才開始化的）所以索性不分享這兩個覺得離家在外面讀書租房子就是一個要把房間弄成自己喜歡的樣子啊～～～所以首po獻給女孩版what'sinmyroom好了希望可以拋磚引玉看看大家都怎麼佈置房間?剛好整理一下房間???不囉嗦先上圖這是從門口看的樣子（之前有在臉書分享過拜託不要嗆我?）原po是一個超級喜歡藍色的女子所以整個房間都是藍藍綠綠的這個格局是我用房東提供的傢俱自己擺的之前一貼照片就有人跟我說「牀頭不可以對窗戶啊」「樑壓牀會衰啊」但是我自己是住的很開心啦哈哈哈接下來是從房間往門口看有出門前照的鏡子是我用ikea的方鏡貼的還有一些櫃子放一些雜七雜八的乳液瓶瓶罐罐化妝品安全帽什麼的還有房東給的衣櫃我超想把那個套子換成藍色rrr基本上我的房間是一個標準正方形所以前後拍就可以看到完整的房間惹醬子其他兩側還有一些小東西補上超級好坐的星球椅就是坐上去就整個可以直接洗洗睡囉的感覺哈哈上面還有蝦蝦???這裡是出門前找包包和帽子的地方✌?下面的話就是髒衣服區還有一些還能繼續穿的衣服會丟的籃子然後行李箱是因為最近要過年返家所以在整理東西?最後奉上書桌特別把書桌搬到窗戶旁邊因為覺得有自然光很棒先分享到這邊～～～會用魚眼是因為可以拍進比較多東西啦單純分享一下自己的佈置所以地上還有我亂丟的衣服之類的大家就自己略過吧哈哈哈哈想看大家的房間???-超級鯊",
    "time": "2017/07/04 23:25:48",
    "event": "slide"
  },
  {
    "category": "2",
    "app": "Dcard",
    "id": "31",
    "context": "照片#圖what'sinmyroom今天要來跟大家分享在外租屋處的套房，自己住起來是非常舒適的大小，覺得很幸運可以租到這個套房，在外面租房子也好多年啦，想跟大家分享平常都怎麼在小小的空間裡做收納跟擺設喔，首先從門口進來就是一個大大的衣櫃",
    "time": "2017/07/04 23:26:01",
    "event": "click"
  },
  {
    "category": "2",
    "app": "Dcard",
    "id": "32",
    "context": "#圖what'sinmyroom今天要來跟大家分享在外租屋處的套房自己住起來是非常舒適的大小覺得很幸運可以租到這個套房在外面租房子也好多年啦想跟大家分享平常都怎麼在小小的空間裡做收納跟擺設喔首先從門口進來就是一個大大的衣櫃左手邊的門是浴室再來房間裡最重要的就是牀啦～雙人牀睡起來真的很好睡啊～現在回自己家睡單人牀反而不習慣xd牀頭的這個燈是在泰國買的～泰國的市集買這個超級便宜一整組才一百泰銖！晚上當小燈開很浪漫～右邊的沙發是房東本來就有附的可是顏色我不喜歡就自己找了毛毯蓋起來坐起來也更舒服原本是這個橘色....再來沙發旁邊放了一個書櫃都是一些上課用的資料跟書籍上面有一層我的香水收藏最上面放一些捨不得丟掉的紙盒xd再來...我是美妝控！所以搜集了很多彩妝用品這個角落看了就開心啊～每個都是寶由於這個套房有一面很大的窗戶白天採光蠻好的但太陽又不會直照進來在這裡上妝的光線最好這個櫃子就是一般的三層櫃只是我倒過來橫放裡面塞了很多囤貨品白色的盒子都是大創的收納盒三層櫃橫放之後每個格子高度比較高我就用可以堆疊的收納盒比較不會浪費空間灰白色的格子布是我在布店找的直接請布店幫我剪我要的大小蓋起來之後就看不見凌亂的東西啦旁邊的木頭色櫃子是朋友搬家送我的上面一樣是一些美妝用品還有雜物再用一個朋友送的禮盒遮醜xd這個架子我覺得很好用可以把小面積架高就可以多一層空間可以用這個在大創就有賣了但是我用過大創跟宜得利的大創的那層白色塑膠比較軟如果是要放比較重的東西建議買宜得利的比較堅固再來就是書桌啦每天坐在書桌前的時間也不少一樣在書桌前加一個層板架高這樣就可以放更多東西層板我是在ikea買的其實這個應該要鎖螺絲固定在書桌上的層板也是要跟支架鎖在一起但是租屋處沒辦法鎖書桌所以我就是直接放著而已原本很擔心會不穩但後來發現其實直接擺著也可以不會倒再來書桌的旁邊往門口看是這樣電視機下面就放了一個三層櫃（一樣用一塊布遮醜三層櫃上放一臺小烤箱這個木頭色的抽屜櫃是在ikea買的這個我非常不推薦他的抽屜滑軌很容易斷三個抽屜六個滑軌我都斷光光而且櫃子的接縫卡榫也很爛都不密合超容易瓦解的一個櫃子但是買都買了，自己拿三秒膠黏一黏繼續用這個櫃子完全是食品收納櫃零食茶包咖啡麥片泡麵等等全部收在這三個抽屜裡繞一圈又回到門口啦小冰箱以及牆壁的層架是本來就有的放了鍋碗瓢盆快煮鍋水壺咖啡機還有一臺吸塵器自己創造出一個小小廚房的感覺浴室就沒有什麼好看的啦只想跟大家分享這個ikea買的層架下面就放洗衣精跟浴室清潔用品上面擺了一瓶擴香還有去角質類的東西讓浴室香香還有就是浴室的瓶罐離地的話比較不會積水有水垢最後想跟大家分享的幾點1.租屋處盡量把傢俱都靠牆讓中間的空間空出來這樣會感覺比較大這些傢俱的擺設的是我自己移動的原本房東的擺設讓我覺得空間很小2.善用層架跟層板還有可堆疊的收納盒在外租屋常常就是收納空間不夠用一些層板層架可以多出一點空間放更多東西3.適度地用一些燈飾或自己喜歡的小裝飾品可以讓租屋處更有家的感覺喔最後最後附上一張從沙發看過去的角度照片謝謝大家收看！",
    "time": "2017/07/04 23:26:03",
    "event": "slide"
  },
  {
    "category": "2",
    "app": "Dcard",
    "id": "34",
    "context": "#圖what'sinmyroom!????照片平常最喜歡的就是看大家分享自己的，what'sinmyroom系列️️️，終於也到把東西整理一下勉強可以分享了️，現在是在外租屋，跟朋友們住公寓式的房間，開始，房間一打開門的第一眼樣子，房間是正方形的，牀靠陽臺～～",
    "time": "2017/07/04 23:27:44",
    "event": "click"
  },
  {
    "category": "2",
    "app": "Dcard",
    "id": "35",
    "context": "#圖what'sinmyroom!????平常最喜歡的就是看大家分享自己的what'sinmyroom系列❤️❤️❤️終於也到把東西整理一下勉強可以分享了✌️現在是在外租屋跟朋友們住公寓式的房間開始????房間一打開門的第一眼樣子房間是正方形的，牀靠陽臺～～牀頭上的樹超喜歡，是自己貼上去的壁貼地毯是蝦皮買的再放大一點點看?鏡子放那裏是因為後面放空氣清淨機遮醜下面還有一個ikea買的白色牀上行小桌子登等女子必備的貼滿滿的牆皮箱是真的可以用的皮箱，大愛❤️牀前面的書桌目前找不到適合也喜愛的彩妝收納所以只好先凌亂的放著???書桌跟書櫃是整體一起的蝦皮買1000不到所以下面東西都拿的到-牆上有2個小鴨子人吊飾是拿自己的臉去做的超可愛❤️❤️❤️❤️❤️❤️而且鼻子還是立體的ㄛ拉遠的視角?旁邊是衣櫥，上面有3隻彈頭先生哈哈✌️彈頭先生裡面有小蛋頭先生安排位置的時候剛好算準衣櫥門可以打開，這樣比較省空間書櫃上的零星扭蛋是最近常看到的戽斗系列2???屁股也是扭蛋，突然發現是磁鐵，剛好吸在書櫃的螺絲?上書櫃上黏的是ikea買的他有很多大小，房間放了蠻多個掛東西還可以換顏色頭房間一進來右邊的牆有4個櫃子，裡面放雜物，因為太醜了就找了布把他遮住，牆上掛毛巾的就是上面ikea買的仙人掌燈是被燒到的?真的是女子必備???????這個也是燈超可愛的，像蹺蹺板，把他壓向哪邊就會亮或暗大隻吃花❤️花是肥皂花是可以用的肥皂花，會有淡淡的香最後附上一個完整的全景圖結束，謝謝✌️",
    "time": "2017/07/04 23:27:46",
    "event": "slide"
  },
  {
    "category": "2",
    "app": "Dcard",
    "id": "36",
    "context": "這是我第一次發文耶好害羞哦?之前都很喜歡看what'sinmybag系列的文章但是我常常不帶包包就到處跑所以不知道要po什麼?現在出來myroom就想跟大家分享???而且最近剛搬家趁房間很整齊的時候快分享???⬇️這是我的牀(有人注意到baymax小夜燈嗎☺️)",
    "time": "2017/07/04 23:28:04",
    "event": "click"
  },
  {
    "category": "2",
    "app": "Dcard",
    "id": "37",
    "context": "♥️myroom♥️??這是我第一次發文耶好害羞哦?之前都很喜歡看what'sinmybag系列的文章但是我常常不帶包包就到處跑所以不知道要po什麼?現在出來myroom就想跟大家分享???而且最近剛搬家趁房間很整齊的時候快分享???⬇️這是我的牀(有人注意到baymax小夜燈嗎☺️)⬇️這是我牀頭的一些小東西?⬇️這是我牀上的娃娃還有朋友在我去年生日時送我的巴塞抱枕?(有沒有人也是巴塞迷的??)然後每天睡前都會拿牀頭上的書來看通常2.3天就看完了?⬇️這是我牀的左手邊的一個櫃子我超愛這個櫃子的♥️每次看到心情都很好?上面右邊那三盒是從我爸媽那邊ㄎㄧㄤ來的錶盒覺得放在我房間更美?⬇️這是我牀的右手邊其實沒什麼東西就是一扇門跟一面落地窗窗簾應該365天都拉起來我不要讓人看到我醜醜的睡相?⬇️再來是從我牀上往迷你客廳看電視可以轉所以牀跟客廳都可以看電視?⬇️我的迷你客廳?(剛又從博客來訂了一箱書?)⬇️我的書桌(看出去是我的陽臺??)⬇️我的梳妝檯我不會化妝所以沒有化妝品?⬇️我的微微更衣室?(兩張從不同距離拍的照片拼在一起)⬇️廁所跟淋浴(右邊牆壁那個白白的超好用有一個功能叫暖房洗澡前可以先開這樣進廁所就不會冷了?那個還可以烘衣服換氣⬅️大便?臭的話可以開?)⬇️書桌後面也有一面落地窗我覺得這是很特別的設計算是一個挖空的概唸吧往下看可以看到2樓客廳然後右手邊是透明電梯?樓上還有採光玻璃⬇️陽臺(其實我還沒出去過?)⬇️拉開窗簾後的小客廳(外面的風景沒有很美?)以上是我的房間不好意思文章好像有點長?我的話好多?下臺一鞠躬??",
    "time": "2017/07/04 23:28:08",
    "event": "slide"
  },
  {
    "category": "2",
    "app": "Dcard",
    "id": "38",
    "context": "hello大家最近似乎是房間的熱潮，讓我來跟上這股熱潮的尾巴吧房間有點空，因為去年暑假才搬進來，開學後就在學校忙回來也只是睡覺，不過計畫在這一兩個星期把房間填滿再回學校哈哈房間的風格完全是照著我自己的喜好，不過因為家裡兩位男人（爹兄）非常討厭粉紅色不讓我漆粉紅色的牆或貼壁紙，所以我只好買粉紅的東西點綴以撫慰我受傷的心靈從房門口看進去沒什麼喔對了房間的特色，紅磚牆✨看起來會讓整個房間很溫暖",
    "time": "2017/07/04 23:30:15",
    "event": "click"
  },
  {
    "category": "2",
    "app": "Dcard",
    "id": "39",
    "context": "#圖myroom?hello大家最近似乎是房間的熱潮，讓我來跟上這股熱潮的尾巴吧房間有點空，因為去年暑假才搬進來，開學後就在學校忙回來也只是睡覺，不過計畫在這一兩個星期把房間填滿再回學校哈哈房間的風格完全是照著我自己的喜好，不過因為家裡兩位男人（爹兄）非常討厭粉紅色不讓我漆粉紅色的牆或貼壁紙，所以我只好買粉紅的東西點綴以撫慰我受傷的心靈從房門口看進去沒什麼喔對了房間的特色，紅磚牆✨看起來會讓整個房間很溫暖房間的大概角度有點難抓所以大家就加減看吧接下來讓我來一區一區介紹鋼琴區?恩沒錯少了一個鋼琴椅，被我哥拿去當他的書桌椅了⋯⋯（他說高度很剛好==）旁邊的是我爹丟在我房間的健身器材洗衣袋是在h&mhome買的，超喜歡的❤️雜亂牀鋪區牀好像是queensize吧，我可以在上面滾4圈，對於我這種睡姿奇差的人來講簡直是天堂（住宿舍無比的懷念他）書桌區窗簾是我從學校殺回家特定挑的，算是米卡色吧，不會讓陽光透進來可是顏色也不會太厚重讓人感覺壓抑裡面還有一層紗，陽光比較大時拉薄紗不會刺眼採光又不錯書桌有點亂嘿嘿（好啦不是有點）因為前幾天剛考完多益所以桌上都是練習的單字左上角的小摩天輪是我哥小學畢旅買給我的，一直捨不得丟（用途是地震來時看它最準）小的巴黎鐵塔是國三基測後去法國買的紀念品，法國巴黎是每個女人心目中的no.1啊～玻璃水瓶純粹是我懶得一直下樓裝水哈哈哈系統櫃區由於個人的藏書豐富，所以一大片的系統櫃是必需的將將將將～我可愛的小說漫畫們～～還有很多都留在學校哈哈至於電視，因為我都是玩電腦不喜歡看電視所以我連電視線都沒插，目前還沒開過它更衣室夢想成真的那天我真的快哭了嗚嗚嗚嗚嗚不過也是因為大部分衣服都留在學校所以看起來有點空化妝臺就是基本的臉部保養，護髮，化妝品們首飾也都留在學校旁邊的置物櫃放一些雜七雜八的東西至於廁所哈哈，因為中午剛洗澡還有點潮濕所以就不拍啦（好啦其實也沒人想看）-------------------------------------------------1/28更新謝謝大家的喜歡??其實當初會搬家的理由是因為哥哥要結婚了要準備新房所以才會搬家哥哥的房間更漂亮跟我的是完全不同2種風格不過我怕他生氣所以不敢去賣他的房間?浴室浴室是乾濕分離的我很喜歡泡澡，所以這個大浴缸很讚??（雖然我本來幻想的是其他種的）然後浴室真的沒有什麼可看的啦有點意外大家的喜歡～謝謝你們囉?—黛安",
    "time": "2017/07/04 23:30:17",
    "event": "slide"
  },
  {
    "category": "2",
    "app": "Dcard",
    "id": "40",
    "context": "#分享myroom搬進來兩個多月所以還算維持的乾淨哈哈超愛看這系列的分享所以也來跟一波從門口拍我房間很小這張就算是房間的全景了哈哈",
    "time": "2017/07/04 23:31:27",
    "event": "click"
  },
  {
    "category": "2",
    "app": "Dcard",
    "id": "41",
    "context": "#分享myroom搬進來兩個多月所以還算維持的乾淨哈哈超愛看這系列的分享所以也來跟一波從門口拍我房間很小這張就算是房間的全景了哈哈我最喜歡牀頭那片軟軟的因為我爸是做裝潢的所以家裡也是他裝潢的這面軟軟的牆是我對我房間提出的唯一要求哈哈雖然窗簾是落地的但其實不是落地窗因為外面就是陽臺在一樓也沒有view只是用落地窗簾搞一個高級的假象xd另一個角度書桌雜物都放在抽屜桌面看起來會比較乾淨這面牆空空的想來貼點照片書架擺一些瓶瓶罐罐書放在牀頭櫃裡（大學書超少的覺得廢廢的〜(￣▽￣〜)衣櫃跟全身鏡女生的衣櫃..大家懂的就不打開了哈哈全身鏡超級必備沒有電視的電視牆老爸說要電視自己賺錢自己裝我是覺得不需要不然我一定一天到晚窩在房間哈哈前陣子女孩版教的排球吊飾超可愛的寒假閒閒一口氣做了兩個掛在牀頭燈下次看企聯再送給球員（有人也是企聯的球迷嗎？很多書啊娃娃啊都放在舊家所以房間看起來空空的加油！保持下去（握拳）乾...用手機發文剛剛竟然給我閃退嚇使了還好打到一半有先按複製雖然我比較喜歡有設計感（像藝術家的那種）房間但爸爸說典雅就好好～我相信老爸的專業哈哈以上希望大家看得開心?",
    "time": "2017/07/04 23:31:29",
    "event": "slide"
  },
  {
    "category": "2",
    "app": "Dcard",
    "id": "42",
    "context": "更想不到上熱門了??朋友在臺中唷其他的就無可奉告了?我有問一下朋友怎麼佈置朋友說他也是看了很多別人佈置的範例慢慢學牆壁可以放一些掛畫裝飾品陽臺就直接放植物朋友尤其覺得「燈」這個東西可以讓家裡變得很不一樣放在浴室右邊的是銅線燈（又叫螢火蟲燈）特性是可以隨意彎折很適合掛在植物上也可以放在玻璃瓶內再來掛在陽臺的是led磨砂圓球燈掛起來會讓房間變得很溫馨?朋友是在這裡買的?http://shopee.tw/a___pi他說老闆也問了他很多佈置的事???至於電費部分因為燈有的是電池燈而且是led的而且因為家裡採光很好所以只有晚上需要開燈電費都跟我們差不多啦?希望大家房間都能佈置的漂漂亮亮的--------------強者我朋友第一次去他家我真的傻眼朋友是一個很熱愛佈置的人喜歡放一些裝飾品燈飾把整個房子都弄得很夢幻感覺住在他房間整個很享受xdd不囉嗦直接上圖這個是客廳",
    "time": "2017/07/04 23:32:31",
    "event": "click"
  },
  {
    "category": "2",
    "app": "Dcard",
    "id": "43",
    "context": "#更#圖what'sinmyfriend'sroom更想不到上熱門了??朋友在臺中唷其他的就無可奉告了?我有問一下朋友怎麼佈置朋友說他也是看了很多別人佈置的範例慢慢學牆壁可以放一些掛畫裝飾品陽臺就直接放植物朋友尤其覺得「燈」這個東西可以讓家裡變得很不一樣放在浴室右邊的是銅線燈（又叫螢火蟲燈）特性是可以隨意彎折很適合掛在植物上也可以放在玻璃瓶內再來掛在陽臺的是led磨砂圓球燈掛起來會讓房間變得很溫馨?朋友是在這裡買的?http://shopee.tw/a___pi他說老闆也問了他很多佈置的事???至於電費部分因為燈有的是電池燈而且是led的而且因為家裡採光很好所以只有晚上需要開燈電費都跟我們差不多啦?希望大家房間都能佈置的漂漂亮亮的--------------強者我朋友第一次去他家我真的傻眼朋友是一個很熱愛佈置的人喜歡放一些裝飾品燈飾把整個房子都弄得很夢幻感覺住在他房間整個很享受xdd不囉嗦直接上圖這個是客廳廁所我覺得最厲害的是陽臺這合理嘛!!這是陽臺阿!!夢幻到朋友在網拍買的燈飾都問朋友能不能拿他照片去當商品圖xd希望我有一天也可以學習到朋友的佈置細胞阿~~~~~",
    "time": "2017/07/04 23:32:35",
    "event": "slide"
  },
  {
    "category": "2",
    "app": "Dcard",
    "id": "46",
    "context": "學期結束換季囉?全能房間改造王what'sinmyroom系列登場?#圖租屋分享✨what'sinmyroom",
    "time": "2017/07/04 23:33:23",
    "event": "click"
  },
  {
    "category": "2",
    "app": "Dcard",
    "id": "47",
    "context": "#圖租屋分享✨what'sinmyroom✨上一個租屋地點，算是市區不過周遭環境比較亂，後來不知道是哪間搬來毒蟲搞的走廊都很臭，合約到了我們就搬走了這次本來想找個居住環境好一點的地方所以就搬到郊區，後來才發現郊區真的不適合我我租的地方是兩房的，其中一個房間就拿來當儲藏室或客房我蠻喜歡這邊的，通風好、採光好，唯一的缺點就是太偏僻了…..到最近的便利商店走路來回要20分鐘我沒有機車，開車的話還要拖閃一起就蠻麻煩的當初會決定租這邊，主要是看上他有書房的設計我有在書房種一些可以淨化空氣的小盆栽例如虎尾蘭、波士頓蕨之類的放我很愛的龍貓跟小精靈當裝飾書房後面是一面隱藏式的櫃子+臥室臥室因為比較隱私，所以這邊就先跳過不介紹書房跟臥室分開的好處就是一個人在睡覺時另一個人不會打擾到他鏡子共三面，都可以拉開，拉開後兩面是置物櫃，另外一面就是臥室的入口因為家裡貓咪會開拉門，他又很愛在牀上尿尿所以有裝個安全扣，避免貓咪跑到牀上只有我們睡覺的時候，才會讓他們進來臥室廚房就完全是閃的天下，我只會煮泡麵底下櫃子是房東裝的洗碗機，所以我們都會堆很多堆到沒碗用了才洗中間那臺是淨水器，當初是想說反正水每天都要喝買水的錢換算下來其實蠻多的，所以就裝了淨水器窗戶外面有明顯地標，所以只好先打碼廚房後面的小房間，平常就拿來堆一些東西兼家裡貓咪上廁所的地方如果有朋友來，也有張折疊牀給他們睡客廳通常都是兩隻貓在活動，我們比較少用因為貓咪很愛在沙發上尿尿，所以沙發上鋪的白色的那個是尿布電視只有用來打電動，坐的話都是坐地板我拿來當地毯鋪的是網路上看的偽木頭地板超好用，我很想推，不過怕被說是業配就只好跳過沙發旁的小區域就拿來當貓咪吃飯的地方，上面的櫃子則是放一些他們平常用的東西例如尿布、零食、飼料…之類的餵食方面，因為醫生有吩咐要定時定量，所以我有用餵食器一樣非常好用，還有小鏡頭，不過怕被說是業配就只好跳過這是大女兒吃飯的樣子~超級無敵優雅的這邊鋪地板是之前冬天怕他吃飯的時候地板冰冰的所以這就是客廳的全景窗臺外我也有種一些小東西早上都會有小鳥飛來偷吃，然後大女兒就會在那邊盯著他們我種的蔥一發芽就被吃掉......玄關就真的非常亂，因為每次出門回來有什麼東西就直接丟上去那張桌子本來應該是餐桌，但被我拿來當梳妝臺家裡貓咪很喜歡窩在上面，藍色墊子是給他躺的底下放的也是貓砂盆，那個灰色墊子是防止貓砂掉的滿地都是非常有用一片才10塊，有貓落砂困擾的可以參考看看上面的攝影機是我為了出門也要監視家裡貓咪的一舉一動才裝的梳妝臺就真的只有一個亂可以形容粉紅色的那個轉轉臺，之前美妝版有人介紹過只是我的是木頭的，感覺比較堅固的感覺再來是我不得不提到的米奇洗衣籃不得不提到的原因呢~就是我超愛他，超可愛可是每次都會被掃地機器人拉到亂跑掏寶買的，那時候看他賣4百多，就直接刷卡了結果看帳單時才發現原來是人民幣.............因為這件事情我被笑了很久電視旁邊的櫃子是家裡的財位(應該是吧)所以放隻金蟾蜍跟我很喜歡的白紋草小鹿斑比是到綠島玩的時候買的，單純是因為不知道要擺哪所以就放這邊讓他跟蟾蜍當好朋友廁所是乾濕分離的，而且房東還有裝免治馬桶不過我不愛，因為坐上去屁股會熱熱的，想當初剛搬來這害我便祕好幾天放了一盆綠蔓絨綠化一下浴室洗手檯底下的空間則是用來放貓砂屋，一樣放有灰色格子防止落砂水氧機通常我在家就會開，不然我會一直覺得廁所臭臭的淋浴間，牆上都是用黏的，因為我不喜歡瓶瓶罐罐底下會濕濕的感覺真的頗牢固的~然後這種地板還蠻滑的，我滑倒過好幾次所以有鋪上透明的止滑墊這就是廁所的全景，馬桶在門後面~小女兒硬要來搶鏡頭最後補上一張客廳+玄關+廚房的全景照電視後面的玻璃牆裡面就是一開始介紹的書房我在家的時間大多都是在書房，擡起頭就可以看看兩隻貓在幹嘛準備要丟的垃圾則是都放在玄關因為這邊垃圾場很恐怖，我不敢一個人去丟~這邊的房東人基本上是不太管我們，我租進來後就沒看過他了本來有說不能養寵物，因為他怕沙發被抓壞後來我們直接買下沙發，房東就沒反對室內的一切我都很喜歡，不過我們還是只打算住到今年年底因為真的太偏僻了~~我還是比較習慣半夜肚子餓，樓下就有超商的地方",
    "time": "2017/07/04 23:33:33",
    "event": "slide"
  },
  {
    "category": "2",
    "app": "Dcard",
    "id": "48",
    "context": "#圖what'sinmyroom微粉我的房間是算老舊的小套房，沒辦法裝潢得很豪華（畢竟是房東的）但至少能稍微佈置的粉嫩一點，白天，晚上（以下只有開檯燈再+曝光），原本燈管全部是白晝的，我把其中兩根燈管換成橘燈，地板是買家樂福毛茸茸的巧拼，平常就要有清理的習慣",
    "time": "2017/07/04 23:36:39",
    "event": "click"
  },
  {
    "category": "2",
    "app": "Dcard",
    "id": "49",
    "context": "#圖what'sinmyroom微粉我的房間是算老舊的小套房沒辦法裝潢得很豪華(畢竟是房東的)但至少能稍微佈置的粉嫩一點?白天晚上(以下只有開檯燈再+曝光)原本燈管全部是白晝的，我把其中兩根燈管換成橘燈地板是買家樂福毛茸茸的巧拼，平常就要有清理的習慣我都是用可以黏地板的滾輪清的?咦?為甚麼牀頭櫃在窗邊呢??而且衣櫃的抽屜還被牀擋住因為我這間本來衣櫃是擋住窗戶的，採光不好所以我就移一移牀頭櫃到窗邊，衣櫃移到牀旁邊衣櫃的抽屜我就不放衣服了，塞一些雜物之類的我是個只要外表看起來乾淨，裡面塞多亂都沒差的人?所以看起來東西很少化妝品保養品其實很多，瓶瓶罐罐都是倒著放抽屜但我也沒特別整理過除了棉被鋪平，這就差不多是我平常房間的樣子了(東西平常都藏起來)無痕壁貼是在露天買的本來想用粉色的全開紙佈置但後來考量到漆已經很脆弱了棉被也是在家樂福買的，很可惜被子跟牀單不是一套?特別把小學時蒐集的kitty磁鐵帶過來貼已經放在臺北十三年了?以上❤❤❤",
    "time": "2017/07/04 23:36:44",
    "event": "slide"
  }
]