[
  {
    "category": "3",
    "app": "Dcard",
    "id": "9",
    "context": "#韓國??#彩妝戰利品?哈囉大家好我是文花33，今天要來跟大家分享這次去韓國買的，彩妝類的哩哩摳摳，先聲明，這次是我存了很久的錢，打零工跟平常省生活費，還有家教纔有的！，-----------------------------------------------",
    "time": "2017/07/04 23:21:34",
    "event": "click"
  },
  {
    "category": "3",
    "app": "Dcard",
    "id": "10",
    "context": "#韓國??#彩妝戰利品?哈囉大家好我是?文花33?今天要來跟大家分享這次去韓國買的??彩妝類的哩哩摳摳?先聲明，這次是我存了很久的錢?，打零工跟平常省生活費，還有家教纔有的！-----------------------------------------------?先來張全部的大合照??（有你想看的商品就可以往下繼續看！）因為這次從臺北迴來過暑假，所以蠻多化妝品都留在臺北，只帶最常用的幾樣回來(;_;)/~~~原本在網路上買的塑膠殼收納就空空的放在化妝臺上，只有小貓兩三隻在上面?終於把他放滿了！??開始介紹溜??-?雪花秀臻顏逆齡氣墊粉霜?-我的膚色偏一般人，在深一點點，我選擇的色號是no.23，一直以來我都是用舊版米黃色的！我覺得那一款的遮瑕度很高，上起來也很有光澤，可是缺點是夏天的時候會有的粘膩，可能比較適合冬天使用！（圖片取自google）新款的白色也就是右邊這款，他比較適合皮膚白皙，沒什麼瑕疵暗沉的人使用，相對上一款來說遮瑕度偏低，但很清爽，適合夏天用。-✅這次新出的逆齡粉霜?我覺得它結合了新舊款的優缺點！遮瑕度高，輕透很多，但我覺得還是要去靠櫃一下，像我媽用到下午就變得暗沈脫妝，但我用就比較好??但他的價格就沒有前代的可愛，雖然還是一個殼兩個蕊芯，但價格貴了快七百塊?想買的人要思考一下，如果真的沒有差到很多，新舊版就很好用了??????我是不會回購新款的了～舊款的比較適合我??makeupforever透明蜜粉?這款是我的大愛用！用刷子清掃，或是粉撲都不會改變原本妝的質地，尤其是氣墊粉霜的光澤，不會因為上了蜜粉就不見??用過的人都很喜歡，我目前還沒聽過身邊的人有負評，這是第二個回購了，換了包裝又更可愛了??etudehouse雙頭校色修容?以前就買過雙頭的修容，但我覺得那對初學者來說蠻好用的，但我還是更喜歡粉狀的修容，這一款來說！我是看到??彩妝pony大神示範✨，整個激起我一定要買到的心情?在臺灣一隻要690的樣子，韓國只要320?能不買嗎！！！不囉嗦來看一下實測（請忽略我的毛毛肉肉手）黃色的打亮比上一代的白色自然超多！粉色的完全是臉凹的人的福音?如果你的眼下會凹凹的，或是額頭臉頰不飽滿，用這隻完全可以解決你的困擾??這次在etudehouse買的東西當中，最推薦的東西❤️p.s這次的照片，除了商品照經過微調光線，其他都是用i7實拍沒有美肌過！所以放心看8??giorgioaemani防曬?原本是去靠櫃是用新的粉底液，但櫃姐妝前幫我上這個防曬，我整個被驚艷到！因為一直以來，我相信很多女生不喜歡上防曬的原因，不外乎就是因為粘膩、妝會改變質地、擦在臉上不舒服，但這一瓶讓我誤認為是保養品?，有淡淡的香味，擦上去像是精華液，但防曬系數卻很高！去韓國的時候臉幾乎都沒有曬黑，多虧有他??尋找超讚防曬的女孩，它真的不會讓你失望???giorgioaemani完美絲絨水慕斯粉底?我用的是比一般人3.5色號在深一點的4號！我認為適合混合肌或是偏油肌的人，我的皮膚屬於中性，但到下午機乎都沒有脫妝??也不容易出油，遮瑕度也不錯！雖然說他主張霧面底妝，但我覺得還是有一半光澤並沒有到很霧面唷❤️?tonymoly眼線膠?這次買黑色跟咖啡色，我覺得它很好上色！包裝設計的蠻符合我喜歡的樣子?比就在上面很方便拿取，以他100多臺幣的價格來說真的cp值爆表??????下面是試色⬇️我用卸妝油一小滴馬上就卸掉了！但非常油肌的人不太適合，像我偏中性，我眼上有上蜜粉定妝，但到下午或是小睡一下就會暈染了～要買的人可能要考慮一下??ysl水凝露?這輩子沒用過這麼喜歡的妝前乳?第一次拿到試用品用的時候是驚為天人！他把我所有毛孔的大大小小都撫平了?上粉底液的時候超平滑??像小北鼻一樣～～～（請原諒我的浮誇，他真的很好用）?mac珠光妝前乳?用了上面的ysl這個有點瞬間被打趴?他有珠光，但我覺得臉會亮亮的，再加上氣墊粉餅的光澤，我的臉會變大圓餅?，如果你是用很霧面的底妝，配上局部打亮的這個應該會不錯，但我個人沒有很喜歡???3ce化妝包鏡子?就是在pinkhotel被他的擺設吸引，就買了這個超不像我平常會用的化妝包?有點後悔買粉紅色的，感覺很快就會髒掉了！但可以放很多東西??如果再重選一次我會買黑色的?，要買的女孩三思一下╮(╯▽╰)╭?etudehouse臥蠶筆?忘記色號了?人在外面回去再補上！這隻就是手殘的好幫手，常常用眼影把臥蠶畫成一塊一塊的人，這隻筆畫過去就是漂亮的臥蠶.⬇️效果如下右邊⬇️我只清掃過還沒特別推???innisfree單色眼影?色號21後面寫no51a這個顏色打在眼皮上可以增加深邃感，眼睛的暗沉也會被遮掉，就算單擦也蠻美的。?etudehouse單色眼影?左邊第一顆一直看不到色號?從第二顆開始由左至右分別是：ga001/rd302/rd302/rd305/br407/br403/rk007為什麼會有兩個rd302我也很納悶?可是他後面英文寫的不太一樣，買的時候要注意唷！我少畫到一顆rd305?對不起各位就是從右邊數來的第四顆??（在文章最尾巴我今天用那顆畫眼影有照片）-我個人最推的兩顆就是最右邊的??打亮臥蠶色pk007跟左邊數來第四顆??超美淺酒紅rd302etudehouse的眼影真的cp值很高，尤其在韓國買一顆只要臺幣90多，是臺灣的半價，所以完全可以多買一點??3ce#909?偏乾，會一點顯脣紋，但顏色超美！完全適合秋冬妝容❤️擦之前可能要擦護脣膏比較和上色，持久度還可以???dior護脣膏最淺色?這隻完全是dhc護脣膏的高級版?我不喜歡護脣膏會黏黏厚厚的，這隻完全不會，也很滋潤脣色，試色到後期嘴巴有點受不了，擦他就好蠻多的?，會有淡淡的粉紅色，很香。?dior染脣露#771?他剛擦的時候並不是霧面的，但過一陣子就會吸收，我個人認為，如果你平常化妝都是偏淡淡的，可能這隻比較適合拿來當咬脣妝，但歐美一點的這隻全塗就完全沒問題，他非常的持久！但唯一的缺點就是非常難卸！非常?染脣露用久了可能會色素沈澱，喜歡用的人要三思喔～～～我前一陣子有買叫橘粉色系的#451以我的膚色來說他擦了不會讓我變黑，反而很有精神，比起這隻深色的，我更推那個顏色??etudehouserd311?這個包裝真的很⋯粉紅?他很乾！很顯脣紋，但顏色超美??可以為了他我多上很多護脣膏沒關係?重點是他很便宜，棒棒的價錢。?ysl金管#45?顏色一如往常的飽和，非常水潤，持久度偏低，但我真的超愛金管系列❤️我的脣膏機乎都是他們家的?包裝美，味道好聞，除了價位偏高找不太到缺點??這個顏色薄擦很適合上課，厚擦就像上面這樣。我有買黑管的#401但是是送給妹妹的禮物，我就沒打開試色給大家看了，但我看他擦了不太像是正紅色，有點偏粉，但一樣不會太乾，持久度很高，顏色很美❤️#409酒紅色也大推！#407每次要等我就一直沒買到～～但試擦過覺得美翻???黑管的包裝改版了！舊款的一直會爆水，或是放在包包裡會炸出來?，這次改了就不會了。?3ce美妝蛋?我覺得蠻軟的，角角的地方也蠻好上，平的地方上粉底液可以輕拍很方便，價格也便宜，想買beauty那顆的人沒預算的話也可以考慮這個(⁎⁍̴̛ᴗ⁍̴̛⁎)?jomalone黑瓶香水?darkamber&gingerlilycologne是我們小孩送給媽咪的生日禮物❤️他自己選的味道～他不太喜歡很女生的味道，他喜歡偏中性或是木質調的味道，喜歡這樣味道的女生可以去聞聞看，真的前中後調很清楚，都超好聞??----------------------------------------------昨天的妝容是剛剛介紹的東西畫的！妝前??ysl水凝露底妝??雪花秀逆齡粉霜蜜粉??makeupforever透明蜜粉眼影??etudehouse遺漏的那顆gc002眼線??tonymoly咖啡色眼線膠眼下??etudehouse粉紅色那頭校正筆脣膏??dior護脣膏+3ce#909薄擦眉毛是立體雕眉，沒有在畫過了。（自己家的店，老媽繡的❤️防止業配不回答）(iphone7內鏡頭，沒有濾鏡好的赤裸?）✅今天的妝容粉底??giorgioarmani慕斯粉底口紅??ysl金管45薄擦眼影??cg002打底、眼尾跟眼下都是rd302眼線??tonymoly黑色眼線膠我覺得眼影超好用?超美！！隨便上，就算沒技巧也不像被打到?今天忘記上到水凝露妝前乳整個就比較浮粉?老實說本人看得妝效armani更勝雪花秀新款～尤其是到了下午根本雪花秀完全gone?其他沒打出來都是一樣的化妝品??-希望有燒到各位女孩❤️❤️❤️⬇️韓國??的自由行文章在這ㄦ⬇️#分享韓國??六天五夜自由行✈️------------之前打的文?---------------#教學日常實用妝容???#圖#微更我要賣一下我媽#圖多#分享??日本大阪自由行7天6夜?#分享#教學無印良品日記#教學#手帳無印良品日記?part2#髮型#教學微捲鮑伯頭??#教學?一起做超好吃花生糖#教學冷凍水餃變煎餃??",
    "time": "2017/07/04 23:21:38",
    "event": "slide"
  },
  {
    "category": "3",
    "app": "Dcard",
    "id": "50",
    "context": "#圖淘寶三公斤開箱♥看了好多女孩版上的淘寶開箱文，雖然不是自己買的但是每次都好療癒尤其越大箱越爽哈哈哈，終於自己買一次淘寶了！！爬了好多版上的文學習，學會後覺得一點都不難也可以省下很多錢（不對是花更多），付款是使用幫幫寶",
    "time": "2017/07/04 23:36:52",
    "event": "click"
  },
  {
    "category": "3",
    "app": "Dcard",
    "id": "51",
    "context": "#圖淘寶三公斤開箱♥看了好多女孩版上的淘寶開箱文雖然不是自己買的但是每次都好療癒尤其越大箱越爽哈哈哈終於自己買一次淘寶了!!爬了好多版上的文學習學會後覺得一點都不難也可以省下很多錢(不對是花更多)付款是使用幫幫寶大推這篇文章跟著原po的步驟一次就成功了~太感謝你了(希望你有看到~~包裹送到的時候我在外縣市是媽媽幫我代收的他說很大包我卻覺得很小xd傳說中的麻布袋呢!!怎麼沒看到!!!第一次買戰鬥力還不夠強(荷包也不夠深)拆開排好~實際重量是3.1kg厚臉皮的問集運能不能算3kg沒想到他一口答應太感動了?️皮帶棕色小包包(39.9rmb)這個包包是驅使我買淘寶的動力(?)!!當初看到別人揹覺得好美啊一查才發現是淘寶的店(原創的)於是我下定決心要學會買淘寶(?)裡面有兩個小夾層其中一個是拉鍊的質感很好而且也不貴!!超級喜歡♥?️小鏡子(6.73rmb)和夾鏈文件袋(4.75rmb)鏡子是之前看到有人分享的質感很好花色很美!!大小隨身帶很適合打開一面是放大的一面是正常的~文件袋品質也不錯這家有很多文具小物很容易達到9.9包郵門檻哈哈?️熱水袋+絨布套(11.8rmb)因為經痛的時候實在太不舒服決定買個熱水袋他有分大小我買的是750ml的還沒實際使用過不過看起來是ok的~絨布套是隨機發貨還好是個我可以接受的花紋哈哈?️漸層色束口袋(21.8rmb)沒有對焦到xd這個是買來送人的是防水的布料整體也還不錯~在蝦皮上有看到一樣的深深覺得自己會買淘寶真是太好了?️排釦牛仔裙(35rmb)有買兩件減五元的促銷我就問室友們要不要結果買了四件xd也佔了3.1公斤的一半哈哈哈整體質量還不錯內裡縫線有點亂不過算了他很便宜我選的是褲裙的內襯是薄的布料不會太悶他有很多款式可以選~這是室友的淺藍色單鈕扣款不過裙子有點味道淺藍的特別臭洗完再來更新會不會掉色?️黑色棉質傘洋(38rmb)這件我沒有攤開來拍照就是一件很普通的棉質背心裙xd不過袋子打開後裡面是這樣裝的(又沒對焦)瞬間覺得包裝有心!是拉邊的夾鏈袋欸!他說是莫代爾棉不過我摸不出來xd質料是好的為了買這件可以打底的連身裙我比較了好多家好不容易買到比較長的這件全長86公分(本人身高166)題外話中國的尺碼好像都偏小耶人生第一次買xl就獻給這件傘洋了xd?️白色短罩衫(19.8rmb)因為我不敢穿無袖出門於是入手了這件罩衫價格很便宜!!質量也還不錯他是前短後長的搭上面的黑色傘洋(本篇唯二實穿照)我家沒有連身鏡只好拍窗戶背景很亂還有外面的燈請見諒xd是蠻好搭配又實用的罩衫~來個大家排排站大合照第一次買淘寶很順利沒有踩到雷很開心!!深深覺得會逛淘寶後原本的購物習慣整個改變了現在要買東西第一個打開的是淘寶(掩面)以後要好好管住荷包才行xd謝謝大家收看~-七年sone微遠距女子",
    "time": "2017/07/04 23:37:23",
    "event": "slide"
  },
  {
    "category": "3",
    "app": "Dcard",
    "id": "54",
    "context": "what'sinmyschoolbag+小開箱哈嘍～我是之前在板上詢問大家選色意見的，好不容易決定包包顏色後來又在猶豫的顏色....，我就個猶豫的人啊～～～～不過！今天終於東西都寄到啦，來跟大家一點簡單的小開箱，順便把之前書包裡的東西放到新包裡，將將（我真的廢話好多）",
    "time": "2017/07/04 23:39:50",
    "event": "click"
  },
  {
    "category": "3",
    "app": "Dcard",
    "id": "55",
    "context": "what'sinmyschoolbag+小開箱哈嘍～我是之前在板上詢問大家選色意見的好不容易決定包包顏色後來又在猶豫?的顏色....我就個猶豫的人啊～～～～不過！今天終於東西都寄到啦來跟大家一點簡單的小開箱順便把之前書包裡的東西放到新包裡將將(我真的廢話好多??）這個就是我新的上學好夥伴???我為了這款包的顏色去店裡好幾次當時一直猶豫是要粉紅、灰色還是黑色最後決定要選低調奢華的顏色?????也是到櫃上比對了好幾個顏色才決定的這隻熊真的貴....要不是有折扣我應該也不會買包包的空間其實沒有很大不過是麻雀雖小五臟俱全啊！而且前面小口袋很多所以滿好塞東西的這些東西都可以妥妥的塞到包包裡其實我上課的東西滿少的主要有電腦、墨鏡、筆袋、化妝包、小雜物有時候會帶相機然後綿綿袋筆袋是某一年mac的聖誕節系列的我是那種文具控所以筆袋一定是大容量筆帶不夠會很慌啊啊啊真的很多......我覺得包包一半的重量都在這邊了另一半則在化妝包裡?ps.懶得調濾鏡所以照片實在很不美??大家請見諒",
    "time": "2017/07/04 23:39:54",
    "event": "slide"
  },
  {
    "category": "3",
    "app": "Dcard",
    "id": "83",
    "context": "髮型",
    "time": "2017/07/04 23:52:44",
    "event": "click"
  },
  {
    "category": "3",
    "app": "Dcard",
    "id": "84",
    "context": "#問燙髮後整理大家好～前天我去燙了人生第一次的頭髮，是大捲（本身髮質是細軟的，燙的途中一直有感覺設計師在推銷保養產品像是護髮油慕斯等等但因為太貴了我就沒有買也想問問大家這些是必要的嗎？我爬文看到這兩個可以給我些意見嗎還有保養順序～～",
    "time": "2017/07/04 23:52:51",
    "event": "click"
  },
  {
    "category": "3",
    "app": "Dcard",
    "id": "85",
    "context": "#問燙髮後整理大家好～前天我去燙了人生第一次的頭髮是大捲（本身髮質是細軟的燙的途中一直有感覺設計師在推銷保養產品像是護髮油慕斯等等但因為太貴了我就沒有買也想問問大家這些是必要的嗎？我爬文看到這兩個可以給我些意見嗎還有保養順序～～或是還有什麼推的拜託分享～（我頭髮很容易油塗慕斯會油嗎感謝大家的回答?????",
    "time": "2017/07/04 23:52:51",
    "event": "slide"
  },
  {
    "category": "3",
    "app": "Dcard",
    "id": "86",
    "context": "#圖染髮記事大媽變髮記距離上次染頭髮是一年半前的事了，一方面是以前短髮時都是省錢自己染，但頭髮越來越長已經不是我能自己隨便搓一搓就完美上色的長度了，一方面是我額頭髮際部分的頭髮有變少的狀況，深怕再自己亂染會加速變禿頭的速度",
    "time": "2017/07/04 23:53:15",
    "event": "click"
  },
  {
    "category": "3",
    "app": "Dcard",
    "id": "87",
    "context": "#圖染髮記事大媽變髮記距離上次染頭髮是一年半前的事了一方面是以前短髮時都是省錢自己染但頭髮越來越長已經不是我能自己隨便搓一搓就完美上色的長度了?一方面是我額頭髮際部分的頭髮有變少的狀況深怕再自己亂染會加速變禿頭的速度???會下定決定給設計師染是因為我的頭髮漸層實在是太誇張了朋友人人看見人人嫌也想說夏天要到了總不能頂著醜頭到處玩到處拍醜照?不過因為固定剪的設計師那陣子行程滿檔而且之前請她染的效果不是很合我胃口所以聯絡了另一個剪過的設計師先來看看原本的頭髮？？自以為臺版krystal？？（開玩笑的不要打我）完全的布丁頭本身有一點自然捲加上染過快10次（2次是設計師染的）所以頭髮容易毛躁打結沒有護髮油活不下去尤其自然捲現在幾乎只發作在後面內側的頭髮所以等等看到照片會看到那一部份髮質特別差這次的設計師一看到我就說「你頭髮上面也太黑了吧！！」而且黃色的部分超多人看到都直接認定我有漂大人冤枉一根也沒漂啊～?因為已經維持太久的淺色這次決定要染深一點的顏色看起來也比較有質感比較不毛躁不過在不漂的原則下選擇實在是不多所以原本已經死心就染普通的咖啡色就好但到現場跟設計師討論後設計師覺得可以黑色部分染偏綠的咖啡色（我有說我不喜歡帶橘紅的顏色）黃色部分就染很深的紫色蓋掉反正洗一洗也會變成咖啡色不如風騷一下（？??????以下秀成品啦～只能說染出來的效果比我想像的好太多了拍完自己看照片不敢相信這是我的毛?那天因爲晚上還有行程所以順便請設計師幫我夾捲上半部是遇到燈光會有明顯的偏綠下半部染出來因爲紫色壓得深反而變成很有質感的鐵灰色（不漂完全不敢肖想的顏色啊❤️）成果我跟設計師應該都還蠻意想不到的然後她說原本以為我頭髮原色很黑所以有調淺一點染殊不知蠻好上色的所以看起來也比預計的淺難怪我可以自己diy把頭髮染這麼淺??--->??染完沒多久在自然光下拍的髮尾的灰色陽光照真的很美當天晚上在公車上拍的這張上半部就很接近實際看的顏色下半部灰灰紫紫的雖然說頭髮很乾但我的頭皮是中東油田所以染完後隔天早上我就洗頭了接下來連續一個星期都用臺塑護色洗髮精洗顏色沒有那麼飽和了但還是偏霧面冷色尤其髮尾的灰都還看得出來但之後就開始回到用深層清潔、健髮的洗髮精（油頭人開始覺得癢了忍不住了）所以顏色就開始邁向咖啡色了這是染完一個月的照片很滿意的是褪到咖啡色還是有點偏霧面不過髮尾開始變得比較淺色了（不明白為什麼要跟漂過的一樣難搞???）染完的髮質沒有什麼差別（原本就夠差了？？黑人問號）附上跟設計師的合照（本人帥t控比自己女友帥的都會流口水?）然後你會發現我把自己女友用豬馬掉了哈哈哈哈哈???而且設計師的髮色我超喜歡的但不漂就沒得談啦?這次分享提供給不想漂髮髮質又不是頂呱呱的人參考?k&m?",
    "time": "2017/07/04 23:53:16",
    "event": "slide"
  },
  {
    "category": "3",
    "app": "Dcard",
    "id": "88",
    "context": "#問燙髮要多久想問一下大家，你們燙髮大概都坐多久><，第一次燙髮很緊張也想知道大概要花多少時間？謝謝大家",
    "time": "2017/07/04 23:54:13",
    "event": "click"
  },
  {
    "category": "3",
    "app": "Dcard",
    "id": "89",
    "context": "#問燙髮要多久想問一下大家你們燙髮大概都坐多久><第一次燙髮很緊張也想知道大概要花多少時間?謝謝大家??",
    "time": "2017/07/04 23:54:14",
    "event": "slide"
  },
  {
    "category": "3",
    "app": "Dcard",
    "id": "90",
    "context": "#圖終於剪短髮了我在很久很久以前就很想剪一個男生頭了，在畢業典禮那天結束後跑去剪頭毛了，我還沒剪是這樣，自己剪完都覺得天啊以前這頭髮我怎麼受的了，照片不多兩張而已，這張我覺得有帥到rrrrrr，覺得超好看的哈哈哈哈",
    "time": "2017/07/04 23:54:38",
    "event": "click"
  },
  {
    "category": "3",
    "app": "Dcard",
    "id": "91",
    "context": "#圖終於剪短髮了我在很久很久以前就很想剪一個男生頭了在畢業典禮那天結束後跑去剪頭毛了我還沒剪是這樣自己剪完都覺得天啊以前這頭髮我怎麼受的了照片不多兩張而已這張我覺得有帥到rrrrrr覺得超好看的哈哈哈哈這張也還不錯哈哈哈哈這次剪短是我第一次剪這麼短的在設計師剪的過程中我一直很怕頭髮被剪壞哈哈哈哈但後來覺得剪的很好看超級滿意的啦那天剪完就想說跟男友去看電影我先買好了電影票之後找一間小吃店先點餐然後等男友來後來上菜了我也開吃了邊吃邊看著電視播送的新聞後來我看到他的背影他就直接略過我往前找我囧然後我裝沒看到繼續吃我的小吃後來男友看到眼前短髮的我仔細一看發現是我他就整個超級哭喪的臉啊哈哈哈哈哈哈並且說我的女友怎麼變成男生了啦（崩潰害我看到他的表情笑到不行???耶剪髮成功?",
    "time": "2017/07/04 23:54:39",
    "event": "slide"
  },
  {
    "category": "3",
    "app": "Dcard",
    "id": "92",
    "context": "#圖剪短就回不去了??髮型演變史我從高中一直留長髮到大一，入學不久後，嘗試了人生第一次的超級短髮，後來就覺得自己還蠻適合短髮，不過最近開始想說來留長看看好了，然後前幾天⋯又跑去剪哈哈哈哈哈，想跟大家分享我髮型的演變史～～這是高三時長髮+燙捲～～",
    "time": "2017/07/04 23:54:46",
    "event": "click"
  },
  {
    "category": "3",
    "app": "Dcard",
    "id": "93",
    "context": "#圖剪短就回不去了??髮型演變史我從高中一直留長髮到大一入學不久後嘗試了人生第一次的超級短髮後來就覺得自己還蠻適合短髮?不過最近開始想說來留長看看好瞭然後前幾天⋯又跑去剪?哈哈哈哈哈想跟大家分享我髮型的演變史～～這是高三時長髮+燙捲～～這是高三剛畢業長頭髮的時期這時候頭髮已經不捲了髮尾還染紫色?後來褪色超金大學同學一直說對我第一印象是臺妹??後來因為覺得髮質爛掉了就決定剪一個超短的髮型??這是我人生剪過最短的一次脖子感受到前所未有的涼爽?後來我就走了一陣子的⋯應該是算比較率性的路線?中間又覺得瀏海好煩就去剪成妹妹了☺️?然後順便修髮尾依舊維持短髮後來開始打算慢慢留長不過一直維持短瀏海（其實比留的這個長度更長只是我找不到照片?）然後⋯⋯我想說去燙捲好了不想每天用電棒捲真的好麻煩沒想到設計師問說要不要剪短一點再燙？我：喔喔喔好啊！！⋯⋯就又順便剪短了?☺️??再來我終於認真考慮要留長（因為我想要夏天綁馬尾覺得很漂亮?❤️）大概到這個長度瀏海已經很長頭髮已經到肩膀也開始亂翹了～～（p.s.牙齒上的橡皮筋是我隱形矯正的東西請大家忽視它?）⋯⋯嗯然後在幾天前我又忍不住去剪短了！！！????（還有染燙❤️）經過了在髮廊坐到屁股快爛掉的漫長等待⋯終於完成了！！超級滿意?是我最近最想要的微凌亂感捲髮?還有眉上瀏海～～（其實還染了一個霧色的髮色但是看不太出來?）設計師還幫我拍美美的照片☺️最後我還是覺得自己適合短髮?其實大家應該也發現到我從最長剪到最短之後一直都沒有再留到很長了每次到肩膀左右就一直跑去剪啊啊啊?這根本是一個無止盡的輪迴?我覺得女生如果想嘗試剪短真的就去剪看看吧（真心鼓勵?）～～反正留長可以慢慢留啊?撐過尷尬期沒那麼困難啦?我只是自己很迷戀短髮才一直衝動去剪??而且我剛剪短時一直被問是不是受到什麼刺激還是分手了才跑去剪?不是啊啊啊啊啊為什麼剪短就被以為發生這些事啊?我就單純想剪而已??好啦祝各位女孩都找到最適合自己的髮型❤️謝謝你們看完?",
    "time": "2017/07/04 23:54:46",
    "event": "slide"
  },
  {
    "category": "3",
    "app": "Dcard",
    "id": "94",
    "context": "#圖多染髮真的是條不歸路來分享這些年的染髮顏色～～第一次染髮是升高中的時候，因為終於沒有髮禁了，以前是一頭黑直髮所以第一個顏色很金，總之高中三年因為染完都會有布丁頭的關係，我每半年都會染一次除了第一次比較金之外，大致上都是紅棕色系的顏色退掉都會黃黃的",
    "time": "2017/07/04 23:55:22",
    "event": "click"
  },
  {
    "category": "3",
    "app": "Dcard",
    "id": "95",
    "context": "#圖多染髮真的是條不歸路來分享這些年的染髮顏色～～第一次染髮是升高中的時候，因為終於沒有髮禁了?以前是一頭黑直髮所以第一個顏色很金總之高中三年因為染完都會有布丁頭的關係我每半年都會染一次除了第一次比較金之外大致上都是紅棕色系的顏色退掉都會黃黃的到了大學第一次在高雄用頭髮找了超久一直看ptt推薦文才找到尤*（很多間分店那時候是在民享街的）想說要染個沒用過的顏色剛好一堆朋友都染深藍深綠結果染出來真的超綠的～～～?（只能從電腦找照片）超快就退成金色了～～～但你們也知道女人就是難搞染淺色的時候就是想染回深色染深色的時候就會覺得在夏天更該染淺色啊?無限循環之後呢～～～大二顏色很普通就是一般棕色也是在尤*（這次是在林森的分店換一個設計師）到了大三上為了要去韓國玩想染一個好看的顏色拍照因為我沒在公館用過就儘量找一家評價還可的他說這個顏色是➡️韓妞顏色（事後覺得被騙了哈哈）只有第二張有點濾鏡而已～～～顏色真的好紅退掉之後長這樣撐到學長姐畢業典禮前一天實在受不了覺得布丁頭好醜然後這幾年我一直很關注霧面色系的頭髮但是礙於設計師都說要漂纔好看就都沒有嘗試大致上就是類似這種顏色前陣子終於找到一個設計師她的作品我也都很喜歡也是尤*（新田路的分店第三個設計師）顏色我是把需求跟他說希望是深色的但不要太黑剩下就依照她的建議來弄啦～～～～基本上就是帶點綠色藍色的退掉應該是深棕色然後我沒有漂哦因為好傷頭髮的樣子（染加護真的好貴整個破產中?）這是第一次染完朋友也都誇獎好看還有打聽是什麼顏色但是我真的不知道哈哈男友也說終於染深了好感動?目前有乖乖用護色洗髮精加用冷水洗頭希望這次可以好好維持不要當金髮女-感謝大家拜託鞭小力一點",
    "time": "2017/07/04 23:55:23",
    "event": "slide"
  },
  {
    "category": "3",
    "app": "Dcard",
    "id": "96",
    "context": "#問旁分齊短髮（圖是網路上找到的如有不妥會馬上撤下謝謝），最近覺得這種短髮很好看，（下擺齊的大約耳下附近的那種感覺），這個長度想說夏天剪這樣一定比較涼，但是自己的臉蠻大的不知道會不會不適合，我的臉型算是鵝蛋臉但是臉頰比較有肉",
    "time": "2017/07/04 23:56:07",
    "event": "click"
  },
  {
    "category": "3",
    "app": "Dcard",
    "id": "97",
    "context": "#問旁分齊短髮(圖是網路上找到的如有不妥會馬上撤下謝謝)最近覺得這種短髮很好看(下擺齊的大約耳下附近的那種感覺)這個長度想說夏天剪這樣一定比較涼但是自己的臉蠻大的不知道會不會不適合我的臉型算是鵝蛋臉但是臉頰比較有肉請問板上有女孩剪過這種頭髮嗎可以給我一點意見嗎或者分享自己的照片嗎謝謝大家了?",
    "time": "2017/07/04 23:56:09",
    "event": "slide"
  }
]