[
  {
    "category": "4",
    "app": "Dcard",
    "id": "11",
    "context": "看板",
    "time": "2017/07/04 23:23:42",
    "event": "click"
  },
  {
    "category": "4",
    "app": "Dcard",
    "id": "18",
    "context": "看板",
    "time": "2017/07/04 23:24:27",
    "event": "click"
  },
  {
    "category": "4",
    "app": "Dcard",
    "id": "25",
    "context": "看板",
    "time": "2017/07/04 23:25:29",
    "event": "click"
  },
  {
    "category": "4",
    "app": "Dcard",
    "id": "64",
    "context": "看板",
    "time": "2017/07/04 23:42:27",
    "event": "click"
  },
  {
    "category": "4",
    "app": "Dcard",
    "id": "66",
    "context": "看板",
    "time": "2017/07/04 23:42:45",
    "event": "click"
  },
  {
    "category": "4",
    "app": "Dcard",
    "id": "81",
    "context": "看板",
    "time": "2017/07/04 23:52:27",
    "event": "click"
  }
]