[
  {
    "category": "7",
    "app": "Dcard",
    "id": "44",
    "context": "有自信就是女神！本人我在服飾店工作了一段時間，看見常常有女孩子因為對自己的身材感到自卑，覺得自己很醜，不敢嘗試她們喜歡的衣服，我覺得胖並不是醜，而是沒自信纔是醜！有自信的女人就是美，就是女神！，跟大家分享兩位我愛的女神",
    "time": "2017/07/04 23:32:50",
    "event": "click"
  },
  {
    "category": "7",
    "app": "Dcard",
    "id": "45",
    "context": "有自信就是女神！本人我在服飾店工作了一段時間，看見常常有女孩子因為對自己的身材感到自卑，覺得自己很醜，不敢嘗試她們喜歡的衣服，我覺得胖並不是醜，而是沒自信纔是醜！有自信的女人就是美，就是女神！跟大家分享兩位我愛的女神1.ashleygraham美國模特兒，今年28歲，體重有170斤2.弗瑞拉來自美國，體重170斤她們都是身材豐腴的女人，但為什麼她們卻看起來非常漂亮有氣勢，因為她們很有自信，大膽展露自己的身材，不受世人眼光拘束，誰說骨感女孩就是美就是女神，豐腴有肉的女孩們你們也都是女神，只要你們有自信，活出自己喜歡的樣子?ashleygraham說過「在這個以外在美至上的行業裏，我曾永遠也無法達到所謂的完美標準。但那如何，我們應該一起做出努力，去重新定義所謂的美。做你自己，做真實的自己，成為你最喜歡的那一種女人！」原文出處https://read01.com/jl8j86.html以上圖片截取自網路?",
    "time": "2017/07/04 23:32:55",
    "event": "slide"
  },
  {
    "category": "7",
    "app": "Dcard",
    "id": "52",
    "context": "女大18變(˘•ω•˘)我打一堆廢話，可以直接拉到最後一張看對比^-^，昨天雙胞胎青梅為了發成長史，把我的照片也翻出來放限時，（hello？有在尊重^_^？今天就回去翻ㄌ一下舊照如下，國一，歡迎光臨⁽⁽ૢ（⁎ົཽωົཽ⁎）",
    "time": "2017/07/04 23:38:28",
    "event": "click"
  },
  {
    "category": "7",
    "app": "Dcard",
    "id": "53",
    "context": "女大18變(˘•ω•˘)我打一堆廢話可以直接拉到最後一張看對比^-^昨天雙胞胎青梅為了發成長史把我的照片也翻出來放限時（hello?有在尊重^_^？今天就回去翻ㄌ一下舊照如下國一歡迎光臨⁽⁽ૢ(⁎❝ົཽω❝ົཽ⁎)✧國二國三ㄅ我國中真的就是宅女啦重宅（現在其實也差ㄅ多長ㄉ不一樣而已^_^下面那張合照有15個人不誇張我找ㄌ5秒而且是我認出其他人ㄌ最後一ㄍ一定是我^_^真ㄉ覺得被自己開玩笑再來是高中ㄌ高一我記得我那時候覺得這張很可愛hello??高二ㄅ我到現在還是有點暴牙矯正偏懶跟一些怕痛ㄉ部分^-^高三終於像ㄍ人平安喜樂₊˚‧(๑σ̴̶̷̥́₃σ̴̶̷̀)·˚₊blahblah終於到大學(⁎⁍̴̛ᴗ⁍̴̛⁎)也就是現在大一上應該就是稍微會化眉毛ㄅ被說是白內障(〃∀〃)大一下基本上就是現在啦還有我是真的沒有眉毛都用化ㄉ^_^怕大家太無感附上一張對比照差不多就這樣ㄌ照片都是fb翻ㄉ所以偏少拜託朋友們不要去翻ㄛ真ㄉ跟你絕交^_^幼稚園跟國小更可怕但臉書沒有我也沒去找(⁎˃ᴗ˂⁎)偏懶好ㄌ結束掰掰(๑•ω•๑)",
    "time": "2017/07/04 23:38:30",
    "event": "slide"
  }
]