[
  {
    "category": "8",
    "app": "Dcard",
    "id": "56",
    "context": "好不了的痘痘⋯好累好淚（噁圖慎入痘痘在我的臉上生活了20幾年了，沒有間斷過，臉上永遠都有好不了的傷口，爬了很多文知道很多方法也試過很多方法，看過各大皮膚科，桃園皮膚科，師大皮膚科，板橋皮膚科，永和皮膚科，臺北皮膚科，臺南皮膚科，還有各大中醫診所",
    "time": "2017/07/04 23:40:47",
    "event": "click"
  },
  {
    "category": "8",
    "app": "Dcard",
    "id": "57",
    "context": "好不了的痘痘⋯好累好淚（噁圖慎入痘痘在我的臉上生活了20幾年了沒有間斷過臉上永遠都有好不了的傷口爬了很多文知道很多方法也試過很多方法看過各大皮膚科桃園皮膚科師大皮膚科板橋皮膚科永和皮膚科臺北皮膚科臺南皮膚科還有各大中醫診所各大醫美診所為什麼別人有效我就是沒有效⋯⋯⋯⋯越來越不敢出門對自己越來越沒有自信到底怎麼了真的好想哭⋯⋯今天決定再去看一次謝政璋醫生希望這次我能好好相信一個醫生一次不然⋯⋯我就不想管了??????大家真的都從痘痘臉好到光華肌膚嗎我真的好疑惑會長痘的人生真的好煩⋯⋯⋯⋯⋯⋯",
    "time": "2017/07/04 23:40:49",
    "event": "slide"
  },
  {
    "category": "8",
    "app": "Dcard",
    "id": "60",
    "context": "有一種擁有美腿的人之前走在學校裡，仔細一看，哇…有美腿的人真的滿多的耶....，這就想起我身邊也有不少腿細不粗的朋友，重點是！！！，她們是不喜歡動的人，沒什麼動什麼瘦大腿操之類的，還有一位更扯，常常坐著超不愛動，一個星期喝三次手搖杯",
    "time": "2017/07/04 23:41:21",
    "event": "click"
  },
  {
    "category": "8",
    "app": "Dcard",
    "id": "61",
    "context": "有一種擁有美腿的人之前走在學校裡仔細一看哇…有美腿的人真的滿多的耶....這就想起我身邊也有不少腿細不粗的朋友重點是!!!她們是不喜歡動的人沒什麼動什麼瘦大腿操之類的還有一位更扯常常坐著超不愛動一個星期喝三次手搖杯結果她還很瘦不只腿整個身材都是覺得這樣的人好厲害竟然不會肉肉的.....至於我嘛....大象腿....短短肉肉ㄉ???身邊的同學大概就是左邊我當然是右邊啦~超不常喝飲料甜食(有，但很少吃)但因為工作或唸的系常常要一屁股做著唸書的那種所以屁股因此越來越大的人應該也很多吧(我就是???但偏偏有人這樣甚至不動腿屁股還超標準的人也好多啊…",
    "time": "2017/07/04 23:41:28",
    "event": "slide"
  }
]