[
  {
    "category": "9",
    "app": "Dcard",
    "id": "58",
    "context": "吳宜樺？？？吳宜樺（更",
    "time": "2017/07/04 23:41:15",
    "event": "click"
  },
  {
    "category": "9",
    "app": "Dcard",
    "id": "59",
    "context": "吳宜樺？？？內文大家在詢問都是很和氣不知道那個本人怎麼可以氣成這樣沒有人要你改進只是覺得好像不需要那麼去放大檢視對方問你的問題何況大家不是罵你是好聲好氣的問卻得到本人這種答案真的會讓人很意外並不是說公眾人物就一定要怎樣就是你在這個社會有影響就能發揮一點影響力做榜樣也不錯的",
    "time": "2017/07/04 23:41:17",
    "event": "slide"
  }
]