[
  {
    "category": "2",
    "app": "Line",
    "id": "6",
    "context": "老婆你早點休息吧我也差不多了晚安晚安老公~愛你",
    "time": "2017/06/07 13:28:15",
    "event": "slide"
  },
  {
    "category": "2",
    "app": "Line",
    "id": "7",
    "context": "寶貝好點了嗎？我今天5:20下班哦！，哈哈",
    "time": "2017/06/07 13:28:41",
    "event": "type"
  },
  {
    "category": "2",
    "app": "Line",
    "id": "9",
    "context": "老婆你早點休息吧我也差不多了晚安晚安老公~愛你寶貝好點了嗎？我今天5:20下班哦！，哈哈",
    "time": "2017/06/07 13:28:42",
    "event": "slide"
  }
]