[
  {
    "category": "1",
    "app": "Line",
    "id": "1",
    "context": "嗨！忙啊，要一起吃飯嗎什麼時候，，裝忙哦？晚點聊，，哈哈，休息結束了晚上比較有一點時間",
    "time": "2017/05/24 17:28:00",
    "event": "slide"
  },
  {
    "category": "2",
    "app": "Line",
    "id": "2",
    "context": "下班了",
    "time": "2017/05/24 17:28:04",
    "event": "type"
  },
  {
    "category": "1",
    "app": "Line",
    "id": "4",
    "context": "嗨！忙啊，要一起吃飯嗎什麼時候，，裝忙哦？晚點聊，，哈哈，休息結束了晚上比較有一點時間下班了",
    "time": "2017/05/24 17:28:05",
    "event": "slide"
  }
]