[
  {
    "category": "11",
    "app": "Line",
    "id": "65",
    "context": "哈嘍今天天氣特別的晴朗，願今天你的心情也與這天氣一樣晴朗哦。。嗨，今天天氣好奇怪，下雨又出太陽的，你覺得是麼還好算正常嗯下班啦，今天一直下雨你是那位???那你有沒有被雨淋到啊沒有啊，下班沒下雨，，??我叫美琴，是大陸廣西的，現在在廈門一家臺企上班，是加客戶賴加錯了就跟你打招呼了，你會介意麼",
    "time": "2017/05/24 18:53:37",
    "event": "slide"
  },
  {
    "category": "12",
    "app": "Line",
    "id": "66",
    "context": "不會啊",
    "time": "2017/05/24 18:53:37",
    "event": "type"
  },
  {
    "category": "11",
    "app": "Line",
    "id": "68",
    "context": "哈嘍今天天氣特別的晴朗，願今天你的心情也與這天氣一樣晴朗哦。。嗨，今天天氣好奇怪，下雨又出太陽的，你覺得是麼還好算正常嗯下班啦，今天一直下雨你是那位???那你有沒有被雨淋到啊沒有啊，下班沒下雨，，??我叫美琴，是大陸廣西的，現在在廈門一家臺企上班，是加客戶賴加錯了就跟你打招呼了，你會介意麼真的麼？不會啊",
    "time": "2017/05/24 18:53:38",
    "event": "slide"
  },
  {
    "category": "11",
    "app": "Line",
    "id": "69",
    "context": "哈嘍今天天氣特別的晴朗，願今天你的心情也與這天氣一樣晴朗哦。。嗨，今天天氣好奇怪，下雨又出太陽的，你覺得是麼還好算正常嗯下班啦，今天一直下雨你是那位???那你有沒有被雨淋到啊沒有啊，下班沒下雨，，??我叫美琴，是大陸廣西的，現在在廈門一家臺企上班，是加客戶賴加錯了就跟你打招呼了，你會介意麼真的麼？不會啊謝謝你嗯嗯",
    "time": "2017/05/24 18:53:37",
    "event": "slide"
  }
]