[
  {
    "category": "3",
    "app": "Line",
    "id": "3",
    "context": "傳送",
    "time": "2017/05/24 17:28:05",
    "event": "click"
  },
  {
    "category": "3",
    "app": "Line",
    "id": "7",
    "context": "傳送",
    "time": "2017/05/24 17:28:25",
    "event": "type"
  },
  {
    "category": "3",
    "app": "Line",
    "id": "56",
    "context": "傳送",
    "time": "2017/05/24 18:51:29",
    "event": "click"
  },
  {
    "category": "3",
    "app": "Line",
    "id": "60",
    "context": "傳送",
    "time": "2017/05/24 18:51:41",
    "event": "click"
  },
  {
    "category": "3",
    "app": "Line",
    "id": "63",
    "context": "傳送",
    "time": "2017/05/24 18:51:43",
    "event": "click"
  },
  {
    "category": "3",
    "app": "Line",
    "id": "67",
    "context": "傳送",
    "time": "2017/05/24 18:53:38",
    "event": "click"
  },
  {
    "category": "3",
    "app": "Line",
    "id": "72",
    "context": "傳送",
    "time": "2017/05/24 19:06:41",
    "event": "click"
  }
]