[
  {
    "category": "4",
    "app": "Line",
    "id": "5",
    "context": "對啊你都知道不止哈哈哈我是要拼100的人我要去工作去吧！港女還在等我的假表哈哈哈哈要休假出去玩？",
    "time": "2017/05/24 17:28:18",
    "event": "slide"
  },
  {
    "category": "5",
    "app": "Line",
    "id": "6",
    "context": "沒有啊等我放假那天她纔要搭飛機來啊",
    "time": "2017/05/24 17:28:24",
    "event": "type"
  },
  {
    "category": "4",
    "app": "Line",
    "id": "8",
    "context": "對啊你都知道不止哈哈哈我是要拼100的人我要去工作去吧！港女還在等我的假表哈哈哈哈要休假出去玩？沒有啊等我放假那天她纔要搭飛機來啊",
    "time": "2017/05/24 17:28:25",
    "event": "slide"
  }
]