[
  {
    "category": "7",
    "app": "Line",
    "id": "54",
    "context": "那你先休息吧！不。我要堅強的爬起來去醫院看醫生=-=好哦！心疼了。。乖老公等我回來！我去打針啦",
    "time": "2017/05/24 18:51:28",
    "event": "slide"
  },
  {
    "category": "8",
    "app": "Line",
    "id": "55",
    "context": "好哦去吧",
    "time": "2017/05/24 18:51:28",
    "event": "type"
  },
  {
    "category": "7",
    "app": "Line",
    "id": "57",
    "context": "那你先休息吧！不。我要堅強的爬起來去醫院看醫生=-=好哦！心疼了。。乖老公等我回來！我去打針啦好哦去吧",
    "time": "2017/05/24 18:51:29",
    "event": "slide"
  }
]