[
  {
    "category": "9",
    "app": "Line",
    "id": "58",
    "context": "嗯啊哈哈別緊張嚇到我了哈哈掰滾昨天改的那臺有隻somesensor要換....",
    "time": "2017/05/24 18:51:36",
    "event": "slide"
  },
  {
    "category": "10",
    "app": "Line",
    "id": "59",
    "context": "厄好",
    "time": "2017/05/24 18:51:40",
    "event": "type"
  },
  {
    "category": "9",
    "app": "Line",
    "id": "61",
    "context": "嗯啊哈哈別緊張嚇到我了哈哈掰滾昨天改的那臺有隻somesensor要換....厄好",
    "time": "2017/05/24 18:51:41",
    "event": "slide"
  }
]