[
  {
    "category": "1",
    "app": "Dcard",
    "id": "1",
    "context": "今天早上十點半左右從火車站坐35號回家（坐在靠近最後一臺刷卡機的四個位置上）座位多還有空，到第三市場時一個阿伯從前面兩個門之一上車帶著口罩手上拿著袋子坐到我和另外一個女生旁邊（我們分別坐對面靠近門那一側）那時想說明明前面都還有位子為何要擠過我們坐邊邊到學校時另外一個女生先下車就只剩我和那位阿伯到國資圖附近準備下車在拿東西時往右手邊看到阿伯把他的生殖器露在外面！（不管聽過遇到露鳥俠要反諷還是立馬大喊當下都已經嚇傻）整個嚇得半死馬上跳去另外一個女生那邊車子一停馬上跑去找公車司機說車上有暴露狂公車司機隔了幾秒問我說人在哪裡我指後面給他看但他已經走了！！公車司機就冷漠的說他沒辦法因為我太慢喊來不及把門關起一直叫我下車當下都已經嚇得半死的我即使明白是自己反應不及但是公車司機的冷漠和多一事不如小一事的心態讓我更心寒...回到家開門手都是抖的...不過真的很謝謝在公車上安慰、挺身而出的女孩真的很謝謝你讓當下嚇得半死的我感到溫暖提醒各位女孩坐公車真的要小心遇到事情要鎮定纔可以處理！！！",
    "time": "2017/05/22 17:36:48",
    "event": "click"
  },
  {
    "category": "1",
    "app": "Dcard",
    "id": "2",
    "context": "今天早上十點半左右從火車站坐35號回家（坐在靠近最後一臺刷卡機的四個位置上）座位多還有空，到第三市場時一個阿伯從前面兩個門之一上車帶著口罩手上拿著袋子坐到我和另外一個女生旁邊（我們分別坐對面靠近門那一側）那時想說明明前面都還有位子為何要擠過我們坐邊邊到學校時另外一個女生先下車就只剩我和那位阿伯到國資圖附近準備下車在拿東西時往右手邊看到阿伯把他的生殖器露在外面！（不管聽過遇到露鳥俠要反諷還是立馬大喊當下都已經嚇傻）整個嚇得半死馬上跳去另外一個女生那邊車子一停馬上跑去找公車司機說車上有暴露狂公車司機隔了幾秒問我說人在哪裡我指後面給他看但他已經走了！！公車司機就冷漠的說他沒辦法因為我太慢喊來不及把門關起一直叫我下車當下都已經嚇得半死的我即使明白是自己反應不及但是公車司機的冷漠和多一事不如小一事的心態讓我更心寒...回到家開門手都是抖的...不過真的很謝謝在公車上安慰、挺身而出的女孩真的很謝謝你讓當下嚇得半死的我感到溫暖提醒各位女孩坐公車真的要小心遇到事情要鎮定纔可以處理！！！",
    "time": "2017/05/22 17:36:48",
    "event": "slide"
  },
  {
    "category": "1",
    "app": "Dcard",
    "id": "5",
    "context": "爸你怎麼長這樣?？！這最最尷尬的事件發生在我高三上考學測前那時候同學們習慣會留夜自習到晚上九點我爸爸也會在那時候下班來載我回家?--------那天我看到我家的車在學校前面的馬路上等紅燈機智如我立刻想到?一定是我爸來不及靠邊停啦～跟同學匆匆道別後我就：背著裝滿書的揹包拎著便當袋就衝到車陣中熟練的動作開門、上車、關門，一氣呵成！喘了口氣我說：吼幹嘛不靠邊啊很趕耶！....五秒後怎麼沒人回應我。。一擡頭哇賽不得了駕駛座的那位先生表情這樣副駕駛座的太太我瞬間心裡：表面卻很淡定腦袋空白了三秒後我環顧了四周.....哇我旁邊怎麼坐著嬰兒！？我再次（又驚嚇又看到可愛的嬰兒所以表情變得很怪異）好像又隔了幾秒我才意識到我好像該下車...（是根本不該上車吧喂!！)這幾個人根本沒一個是我爸啊啊啊啊我在幹嘛啊啊我表面正經的說完：不好意思我上錯車了掰掰。就趕快下車了-------還好還沒綠燈不然不知道會被載到哪一間警察局呢???下車後全程在人行道上目睹一切的我朋友在人行道整整大笑了五分鐘然後講給每個經過的同學聽。。每個同學聽完都再笑一次太糗了啊啊啊整超想鑽地洞的十分鐘後我爸真的來了我還在車子前後不斷來回走動確認車牌跟車主對後才上車（餘悸猶存）?--------謝謝願意看完的人希望有好笑到??我現在想起來還是印象深刻qq",
    "time": "2017/05/22 17:37:38",
    "event": "click"
  },
  {
    "category": "1",
    "app": "Dcard",
    "id": "6",
    "context": "爸你怎麼長這樣?？！這最最尷尬的事件發生在我高三上考學測前那時候同學們習慣會留夜自習到晚上九點我爸爸也會在那時候下班來載我回家?--------那天我看到我家的車在學校前面的馬路上等紅燈機智如我立刻想到?一定是我爸來不及靠邊停啦～跟同學匆匆道別後我就：背著裝滿書的揹包拎著便當袋就衝到車陣中熟練的動作開門、上車、關門，一氣呵成！喘了口氣我說：吼幹嘛不靠邊啊很趕耶！....五秒後怎麼沒人回應我。。一擡頭哇賽不得了駕駛座的那位先生表情這樣副駕駛座的太太我瞬間心裡：表面卻很淡定腦袋空白了三秒後我環顧了四周.....哇我旁邊怎麼坐著嬰兒！？我再次（又驚嚇又看到可愛的嬰兒所以表情變得很怪異）好像又隔了幾秒我才意識到我好像該下車...（是根本不該上車吧喂!！)這幾個人根本沒一個是我爸啊啊啊啊我在幹嘛啊啊我表面正經的說完：不好意思我上錯車了掰掰。就趕快下車了-------還好還沒綠燈不然不知道會被載到哪一間警察局呢???下車後全程在人行道上目睹一切的我朋友在人行道整整大笑了五分鐘然後講給每個經過的同學聽。。每個同學聽完都再笑一次太糗了啊啊啊整超想鑽地洞的十分鐘後我爸真的來了我還在車子前後不斷來回走動確認車牌跟車主對後才上車（餘悸猶存）?--------謝謝願意看完的人希望有好笑到??我現在想起來還是印象深刻qq",
    "time": "2017/05/22 17:37:38",
    "event": "slide"
  },
  {
    "category": "1",
    "app": "Dcard",
    "id": "13",
    "context": "今天早上十點半左右從火車站坐35號回家（坐在靠近最後一臺刷卡機的四個位置上）座位多還有空，到第三市場時一個阿伯從前面兩個門之一上車帶著口罩手上拿著袋子坐到我和另外一個女生旁邊（我們分別坐對面靠近門那一側）那時想說明明前面都還有位子為何要擠過我們坐邊邊到學校時另外一個女生先下車就只剩我和那位阿伯到國資圖附近準備下車在拿東西時往右手邊看到阿伯把他的生殖器露在外面！（不管聽過遇到露鳥俠要反諷還是立馬大喊當下都已經嚇傻）整個嚇得半死馬上跳去另外一個女生那邊車子一停馬上跑去找公車司機說車上有暴露狂公車司機隔了幾秒問我說人在哪裡我指後面給他看但他已經走了！！公車司機就冷漠的說他沒辦法因為我太慢喊來不及把門關起一直叫我下車當下都已經嚇得半死的我即使明白是自己反應不及但是公車司機的冷漠和多一事不如小一事的心態讓我更心寒...回到家開門手都是抖的...不過真的很謝謝在公車上安慰、挺身而出的女孩真的很謝謝你讓當下嚇得半死的我感到溫暖提醒各位女孩坐公車真的要小心遇到事情要鎮定纔可以處理！！！",
    "time": "2017/05/22 17:40:02",
    "event": "click"
  },
  {
    "category": "1",
    "app": "Dcard",
    "id": "14",
    "context": "今天早上十點半左右從火車站坐35號回家（坐在靠近最後一臺刷卡機的四個位置上）座位多還有空，到第三市場時一個阿伯從前面兩個門之一上車帶著口罩手上拿著袋子坐到我和另外一個女生旁邊（我們分別坐對面靠近門那一側）那時想說明明前面都還有位子為何要擠過我們坐邊邊到學校時另外一個女生先下車就只剩我和那位阿伯到國資圖附近準備下車在拿東西時往右手邊看到阿伯把他的生殖器露在外面！（不管聽過遇到露鳥俠要反諷還是立馬大喊當下都已經嚇傻）整個嚇得半死馬上跳去另外一個女生那邊車子一停馬上跑去找公車司機說車上有暴露狂公車司機隔了幾秒問我說人在哪裡我指後面給他看但他已經走了！！公車司機就冷漠的說他沒辦法因為我太慢喊來不及把門關起一直叫我下車當下都已經嚇得半死的我即使明白是自己反應不及但是公車司機的冷漠和多一事不如小一事的心態讓我更心寒...回到家開門手都是抖的...不過真的很謝謝在公車上安慰、挺身而出的女孩真的很謝謝你讓當下嚇得半死的我感到溫暖提醒各位女孩坐公車真的要小心遇到事情要鎮定纔可以處理！！！",
    "time": "2017/05/22 17:40:02",
    "event": "slide"
  }
]