[
  {
    "category": "11",
    "app": "Chrome",
    "id": "23",
    "context": "魏媽媽學生套房|flickr環境清幽景觀佳規劃完善設備齊全通風良好水泥隔間隔音好門卡安全進出配備︰免費地下機車位100m光纖網路冷氣冰箱全套傢具公安認可消防設施24hr全區監視錄影投幣式洗.烘衣機…等地址:臺中市南區興大路56號電話:0919829986",
    "time": "2017/05/22 17:47:35",
    "event": "click"
  },
  {
    "category": "11",
    "app": "Chrome",
    "id": "24",
    "context": "魏媽媽學生套房|flickr環境清幽景觀佳規劃完善設備齊全通風良好水泥隔間隔音好門卡安全進出配備︰免費地下機車位100m光纖網路冷氣冰箱全套傢具公安認可消防設施24hr全區監視錄影投幣式洗.烘衣機…等地址:臺中市南區興大路56號電話:0919829986",
    "time": "2017/05/22 17:47:35",
    "event": "slide"
  },
  {
    "category": "11",
    "app": "Chrome",
    "id": "25",
    "context": "園道學園位於興大路綠園道旁環境清幽景觀佳通風良好水泥隔間隔音好消防設施皆定期檢核房東夫婦1樓辦公室，自住7樓管理妥善line:0919829986",
    "time": "2017/05/22 17:48:32",
    "event": "click"
  },
  {
    "category": "11",
    "app": "Chrome",
    "id": "26",
    "context": "園道學園位於興大路綠園道旁環境清幽景觀佳通風良好水泥隔間隔音好消防設施皆定期檢核房東夫婦1樓辦公室，自住7樓管理妥善line:0919829986",
    "time": "2017/05/22 17:48:32",
    "event": "slide"
  }
]