[
  {
    "category": "12",
    "app": "Dcard",
    "id": "27",
    "context": "這些都是從youtube上看到的，在這整理給大家舒壓的，本來想繼續整理給大家，但看到下面的留言後，我不會再更新，謝謝。什麼叫幸運老師：什麼叫幸運？小明來打個比方。小明：老師從樓上掉下來。老師：你才從樓上掉下來，換個比喻。小明：不是要我打比方嗎？總要讓我解釋吧？你從樓上掉下來，下面有個草堆，那你就幸運。老師：那什麼叫不幸？小明：草堆上有個耙子，那就不幸了。老師：那什麼叫希望？小明：你沒掉到耙子上。老師：那什麼叫絕望呢？小明：你沒掉到草堆上。老師：那掉到哪呢？小明：啪...變血漿。老師：....你出去。老師我想請假小明：老師我想請假。老師：你怎麼了嗎？小明：要做手術。老師：手術？你不是好好的嗎？什麼手術啊？小明：人體無用副組織羣體切除手術。老師：啥？小明：人體無用副組織羣體切除手術。老師：說人話！小明：剪頭髮！老師：給我滾！諸葛亮老師：諸葛亮上知天文，下知地理，是個了不起的人。小明：纔不呢。老師：你在胡說什麼？小明：他一定沒讀過一本書。老師：什麼書？小明：三國演義。老師：出去！少壯不努力老師：有一句說得好，少壯不努力，小明下一句是什麼？小明：少壯不努力，少壯的媽媽很生氣。老師：小明不努力，小明的老師很生氣，給我出去！像個男人老師：下面第二題，小明回答一下。小明：我不會...（小聲老師：像個男人一樣大聲回答行不行？小明：老子不會！（拍桌老師：出去！四個字形容人很醜老師：四個字來形容一個人很醜。小王：不忍直視。老師：很好。小白：不堪入目。老師：不錯。小黑：慘不忍睹。老師：很好很直接，小明答一個。小明：四個字？老師：對。小明：長得像你。老師：你出去！造句老師：下面幾個字造個句，朋友、我的、小紅、是。小明：朋友，小紅是我的。老師：滾出去。用手吃飯老師：很多民族都是直接用手吃飯的。小明：都用手吃？老師：對。小明：那火鍋也用手吃？手不就燙脫皮了嗎？老師：你出去！植物老師：如果想變成植物，你們想成為什麼植物？小白：梅花，因為它不畏風寒。老師：說的太好了。小王：鬆樹，因為它有堅忍不拔的意志。小明：小草。老師：為啥？小明：今日你踩在我身上，明日我長在你墳上。老師：滾！以下更新形象老師：同學們，來形容一下老師在你們心目中的形象吧，我想一定非常美好吧。小紅：我覺得老師很漂亮。小剛：老師在我心目中就想女神一樣。老師：老師聽了好欣慰，欸小明你來說說吧，我平常這麼關注你。小明：老師，我還是出去吧。老師：...畫圖老師：你們每個人說一樣東西，我畫在黑板上，任何東西都可以。小香：太陽。小紅：西瓜。老師：怎麼樣？像吧？（畫圖小明：西瓜籽多一點。老師：你說一個我畫！小明：什麼都可以？老師：對，快說吧。小明：二維碼。老師：滾出去！造紙術老師：誰來說說造紙術對我們的影響？小明：我來，我都想好了。老師：難得這麼積極，說吧。小明：造紙術，有了它我們有數不清的教材，看不完的教科書，還有做不完的作業，更不用說還有數不清的考卷，因為它，無數的小孩都近視了，頭低了，背駝了，人肥了，老婆沒了，什麼都沒有了，多坑人啊，誰發明的妳說過不過分。老師：還用我說你嗎？出去！書到用時方恨少老師：考大家一個問題啊，書到用時方恨少是什麼意思？小明：我會，書到用時方恨少，我一書包的書就賣20塊錢，連買個便當都買不起，真夠少。老師：滾出去！動詞老師：來問大家啊，動詞後面要接什麼？小明：大疵。老師：什麼大疵？全班：動詞大疵，動詞大疵老師：都出去！小明：老師這回該你出去了吧！老師：...喜歡老師哪裡老師：小明，我們來聊聊啊，老師呢喜歡你的聰明，那你喜歡老師哪裡？小明：頭髮。老師：頭髮？為什麼？小明：把臉都遮住啦。老師：滾！煤氣洩漏老師：問大家一個問題啊，家裡煤氣洩漏了，該怎麼辦？小明：這個我知道。老師：你說。小明：家裡煤氣洩漏了別著急，先抽根菸冷靜冷靜。老師：出去吧朋友！出去！",
    "time": "2017/05/22 18:09:08",
    "event": "click"
  },
  {
    "category": "12",
    "app": "Dcard",
    "id": "28",
    "context": "這些都是從youtube上看到的，在這整理給大家舒壓的，本來想繼續整理給大家，但看到下面的留言後，我不會再更新，謝謝。什麼叫幸運老師：什麼叫幸運？小明來打個比方。小明：老師從樓上掉下來。老師：你才從樓上掉下來，換個比喻。小明：不是要我打比方嗎？總要讓我解釋吧？你從樓上掉下來，下面有個草堆，那你就幸運。老師：那什麼叫不幸？小明：草堆上有個耙子，那就不幸了。老師：那什麼叫希望？小明：你沒掉到耙子上。老師：那什麼叫絕望呢？小明：你沒掉到草堆上。老師：那掉到哪呢？小明：啪...變血漿。老師：....你出去。老師我想請假小明：老師我想請假。老師：你怎麼了嗎？小明：要做手術。老師：手術？你不是好好的嗎？什麼手術啊？小明：人體無用副組織羣體切除手術。老師：啥？小明：人體無用副組織羣體切除手術。老師：說人話！小明：剪頭髮！老師：給我滾！諸葛亮老師：諸葛亮上知天文，下知地理，是個了不起的人。小明：纔不呢。老師：你在胡說什麼？小明：他一定沒讀過一本書。老師：什麼書？小明：三國演義。老師：出去！少壯不努力老師：有一句說得好，少壯不努力，小明下一句是什麼？小明：少壯不努力，少壯的媽媽很生氣。老師：小明不努力，小明的老師很生氣，給我出去！像個男人老師：下面第二題，小明回答一下。小明：我不會...（小聲老師：像個男人一樣大聲回答行不行？小明：老子不會！（拍桌老師：出去！四個字形容人很醜老師：四個字來形容一個人很醜。小王：不忍直視。老師：很好。小白：不堪入目。老師：不錯。小黑：慘不忍睹。老師：很好很直接，小明答一個。小明：四個字？老師：對。小明：長得像你。老師：你出去！造句老師：下面幾個字造個句，朋友、我的、小紅、是。小明：朋友，小紅是我的。老師：滾出去。用手吃飯老師：很多民族都是直接用手吃飯的。小明：都用手吃？老師：對。小明：那火鍋也用手吃？手不就燙脫皮了嗎？老師：你出去！植物老師：如果想變成植物，你們想成為什麼植物？小白：梅花，因為它不畏風寒。老師：說的太好了。小王：鬆樹，因為它有堅忍不拔的意志。小明：小草。老師：為啥？小明：今日你踩在我身上，明日我長在你墳上。老師：滾！以下更新形象老師：同學們，來形容一下老師在你們心目中的形象吧，我想一定非常美好吧。小紅：我覺得老師很漂亮。小剛：老師在我心目中就想女神一樣。老師：老師聽了好欣慰，欸小明你來說說吧，我平常這麼關注你。小明：老師，我還是出去吧。老師：...畫圖老師：你們每個人說一樣東西，我畫在黑板上，任何東西都可以。小香：太陽。小紅：西瓜。老師：怎麼樣？像吧？（畫圖小明：西瓜籽多一點。老師：你說一個我畫！小明：什麼都可以？老師：對，快說吧。小明：二維碼。老師：滾出去！造紙術老師：誰來說說造紙術對我們的影響？小明：我來，我都想好了。老師：難得這麼積極，說吧。小明：造紙術，有了它我們有數不清的教材，看不完的教科書，還有做不完的作業，更不用說還有數不清的考卷，因為它，無數的小孩都近視了，頭低了，背駝了，人肥了，老婆沒了，什麼都沒有了，多坑人啊，誰發明的妳說過不過分。老師：還用我說你嗎？出去！書到用時方恨少老師：考大家一個問題啊，書到用時方恨少是什麼意思？小明：我會，書到用時方恨少，我一書包的書就賣20塊錢，連買個便當都買不起，真夠少。老師：滾出去！動詞老師：來問大家啊，動詞後面要接什麼？小明：大疵。老師：什麼大疵？全班：動詞大疵，動詞大疵老師：都出去！小明：老師這回該你出去了吧！老師：...喜歡老師哪裡老師：小明，我們來聊聊啊，老師呢喜歡你的聰明，那你喜歡老師哪裡？小明：頭髮。老師：頭髮？為什麼？小明：把臉都遮住啦。老師：滾！煤氣洩漏老師：問大家一個問題啊，家裡煤氣洩漏了，該怎麼辦？小明：這個我知道。老師：你說。小明：家裡煤氣洩漏了別著急，先抽根菸冷靜冷靜。老師：出去吧朋友！出去！",
    "time": "2017/05/22 18:09:08",
    "event": "slide"
  }
]