[
  {
    "category": "13",
    "app": "Dcard",
    "id": "31",
    "context": "爸爸問我說為什麼不去死？「妳為什麼不趕快去死？」昨天父母吵架了。一開始是爸爸一直在罵我哪裡做得不好，後來媽媽聽得煩了，火大了，兩個人就吵起來了。今天媽媽先開了砲火，吵著說要鬧分居鬧離婚，這時爸爸開口了，他對我說，「這全都是因為妳的錯，」「沒有妳的存在就好了。」昨天晚上媽媽睡著的時候，爸爸突然跑過來，「妳為什麼不趕快去死？」「為什麼不去死？」昨天躺在牀上，我閉著眼睛，一直在想，嗯，為什麼我不去死呢？突然有東西溼溼的不停滑落，我停不下來，明明爸爸跟我說話的時候我完全沒有感覺啊，不行、不行不行，我不能哭，我纔不會因為這樣就受傷，明天我不會讓他們看到他們傷害到我了，不會讓他們得逞的。今天我還是面無表情得看著他們爭吵。為什麼我不去死呢？那時候我唯一想到的是，因為，我還是愛著你們的……-戴上面具微笑的女孩",
    "time": "2017/05/22 18:12:12",
    "event": "click"
  },
  {
    "category": "13",
    "app": "Dcard",
    "id": "32",
    "context": "爸爸問我說為什麼不去死？「妳為什麼不趕快去死？」昨天父母吵架了。一開始是爸爸一直在罵我哪裡做得不好，後來媽媽聽得煩了，火大了，兩個人就吵起來了。今天媽媽先開了砲火，吵著說要鬧分居鬧離婚，這時爸爸開口了，他對我說，「這全都是因為妳的錯，」「沒有妳的存在就好了。」昨天晚上媽媽睡著的時候，爸爸突然跑過來，「妳為什麼不趕快去死？」「為什麼不去死？」昨天躺在牀上，我閉著眼睛，一直在想，嗯，為什麼我不去死呢？突然有東西溼溼的不停滑落，我停不下來，明明爸爸跟我說話的時候我完全沒有感覺啊，不行、不行不行，我不能哭，我纔不會因為這樣就受傷，明天我不會讓他們看到他們傷害到我了，不會讓他們得逞的。今天我還是面無表情得看著他們爭吵。為什麼我不去死呢？那時候我唯一想到的是，因為，我還是愛著你們的……-戴上面具微笑的女孩",
    "time": "2017/05/22 18:12:12",
    "event": "slide"
  }
]