[
  {
    "category": "2",
    "app": "Dcard",
    "id": "3",
    "context": "第二學餐消息剛剛經過mos舊址看到的第二學餐的資訊不知道有沒有opp.s.蓋好我也畢業惹qq",
    "time": "2017/05/22 17:37:07",
    "event": "click"
  },
  {
    "category": "2",
    "app": "Dcard",
    "id": "4",
    "context": "第二學餐消息剛剛經過mos舊址看到的第二學餐的資訊不知道有沒有opp.s.蓋好我也畢業惹qq",
    "time": "2017/05/22 17:37:07",
    "event": "slide"
  }
]