[
  {
    "category": "3",
    "app": "Dcard",
    "id": "29",
    "context": "爸爸忘記結婚紀念日昨天是5/20，是我爸媽的結婚紀念日我爸爸是個大男人，所以通常都不在記紀念日什麼的今天早上我媽突然就很嚴肅的跟我爸說：昨天是我們的結婚紀念日。爸爸：喔是喔（超級不在乎的臉）結果沒想到媽媽突然哭起來！全家都被嚇到媽媽：你居然忘記了嗚嗚我昨天還一直期待你給我驚喜的爸爸開始慌張...媽媽：你要請我吃hxxgen-dazs的蛋糕不然我不原諒你！爸爸：喔好啦媽媽：兩個！爸爸：...好身為女兒的我也開心的一同享用蛋糕但我纔不會跟爸爸說這全都是我跟媽媽的計畫...其實只是我突然想吃蛋糕隨口跟媽媽提，媽媽就馬上站起來展開了以上計畫，嚇死我了",
    "time": "2017/05/22 18:11:24",
    "event": "click"
  },
  {
    "category": "3",
    "app": "Dcard",
    "id": "30",
    "context": "爸爸忘記結婚紀念日昨天是5/20，是我爸媽的結婚紀念日我爸爸是個大男人，所以通常都不在記紀念日什麼的今天早上我媽突然就很嚴肅的跟我爸說：昨天是我們的結婚紀念日。爸爸：喔是喔（超級不在乎的臉）結果沒想到媽媽突然哭起來！全家都被嚇到媽媽：你居然忘記了嗚嗚我昨天還一直期待你給我驚喜的爸爸開始慌張...媽媽：你要請我吃hxxgen-dazs的蛋糕不然我不原諒你！爸爸：喔好啦媽媽：兩個！爸爸：...好身為女兒的我也開心的一同享用蛋糕但我纔不會跟爸爸說這全都是我跟媽媽的計畫...其實只是我突然想吃蛋糕隨口跟媽媽提，媽媽就馬上站起來展開了以上計畫，嚇死我了",
    "time": "2017/05/22 18:11:24",
    "event": "slide"
  }
]