[
  {
    "category": "4",
    "app": "Dcard",
    "id": "7",
    "context": "＃圖）照片如何瞬間變得有意義？(^_-)（手機第一次排版，很亂請見諒）女生的確很愛拍照任何東西都可以被喀嚓✂️一隻貓?、一棵樹?、路邊的阿公阿嬤?今天我人聚餐在外，兩個妹妹跑去華山逛逛...一如既往，她們總會分享照片給我?頓時，餐廳傳來臺語金曲～「海波浪」?我靈感浮現......?️doremiso✏️?️?️✒️?️?️?一開始只是單純想要惡搞一下?卻發現......其實效果還不錯?十分認真研究歌詞和符合的照片（頗累?最後，我個人覺得最佳作品⬇️各位可以試試將身邊愛拍照的姐妹朋友惡搞看看?看慣了千篇一律的美姿照，偶爾加點小動作會多了一些收藏的意義?不多說了，我先去面壁思過（哭簽名：板橋年代金曲小天后?***************************************************回覆在b114",
    "time": "2017/05/22 17:38:45",
    "event": "click"
  },
  {
    "category": "4",
    "app": "Dcard",
    "id": "8",
    "context": "＃圖）照片如何瞬間變得有意義？(^_-)（手機第一次排版，很亂請見諒）女生的確很愛拍照任何東西都可以被喀嚓✂️一隻貓?、一棵樹?、路邊的阿公阿嬤?今天我人聚餐在外，兩個妹妹跑去華山逛逛...一如既往，她們總會分享照片給我?頓時，餐廳傳來臺語金曲～「海波浪」?我靈感浮現......?️doremiso✏️?️?️✒️?️?️?一開始只是單純想要惡搞一下?卻發現......其實效果還不錯?十分認真研究歌詞和符合的照片（頗累?最後，我個人覺得最佳作品⬇️各位可以試試將身邊愛拍照的姐妹朋友惡搞看看?看慣了千篇一律的美姿照，偶爾加點小動作會多了一些收藏的意義?不多說了，我先去面壁思過（哭簽名：板橋年代金曲小天后?***************************************************回覆在b114",
    "time": "2017/05/22 17:38:45",
    "event": "slide"
  }
]