[
  {
    "category": "5",
    "app": "Dcard",
    "id": "9",
    "context": "#圖多短髮到中長髮花了我四年?‼️我沒有遮臉因為一張張很累?在意的可以略過‼️也有分享漂髮和保養的心得?‼️碎念很多真的很多喔耶大家好～每次看到髮型都說長髮到短髮可是對我來說是顛倒啊啊?高一開始短髮到到大三才留長一方面長得慢另一方面是不知道怎麼保養很容易分岔就變成長一點點剪長一點點剪嗚嗚所以除了分享留長的歲月（和汗水）也一起分享保養新的這樣❤️-現在回味高中真的只能說x的超～屁～孩～～～～真的屁孩到想回到當時槍斃自己妹頭短髮嗯基本款（放大片也太大了吧⋯）從這裡就看出來髮尾都是分岔枯萎的小花凋零的人生所以我剪了人生最短的一次如同我無言的表情這個髮型很無言而且非常難整理尤其長了一點點就會像剛睡醒的瘋婆子失去了人生的方向而且為什麼髮尾還在分岔？？為什麼？？（扯頭髮）之後到了大一把頭髮變成了一顆香菇對蕈菇那種就是菇其實還滿喜歡當顆香菇的好整理不用畫眉毛的香菇雞湯維持了一段時間不過各位是知道的妹頭瀏海永遠長很快比其他頭髮都快她是個體他不屬於任何人他就是他長很快的他所以我受不了了乾脆剪了眉上瀏海終於眉毛出來透透氣看看我那時候不知道怎麼畫眉毛有一陣子我是用鉛筆畫（不假6b鉛筆真的很好用）反正一字眉毛也維持了一段時間然後頭髮慢慢的很慢慢的比樹懶慢的生長著而瀏海我們就放著吧反正她該死得長很快這張的眉毛⋯拜託我是用印的嗎⋯反正終於看見一點生長跡象所以我開始不再剪我的瀏海希望他能成功脫離個體生長成為大家的好捧油頭髮有時候會亂翹所以溫蒂漢堡造型出沒在校園有一段時間阿當然雀斑妝沒有天天畫啦終於來到我最無言的階段看看我面容枯槁都是這頭髮害的妹頭超～難整理只能撥一邊髮尾整個大自然捲超奇怪頭髮卡都在這個階段很真的很久！所謂的黑暗時期莫過於如此了所謂撐過去就是你的我很努力的熬過這階段莫名其妙的頭髮過了肩膀長超快有女孩遇到如此鬼附身的階段嗎？？開始勤勞一點用電棒整理頭髮瀏海受電棒吆喝之下也乖乖聽話在這個階段也開始發現最適合自己的護髮方式皇天不負苦心人蒼天啊啊見證我放風吹的長髮吧啊啊啊不過說真的這樣放風吹其實很傷髮質的我們晚點再講2月初的時候為了紀念期待多年的長髮於是染了一顆深灰紫色的頭這時瀏海也正式成為中分了無論任何時期我都超喜歡雙馬尾簡單輕鬆又裝少年多棒啊這時時候大概4月了頭髮明顯變成黃色之後為何工作要變換多種髮型於是剪了點瀏海遮遮醜雖然親朋好友點頭稱讚許多不過有過一次中分的甜美變難忘他的微笑畢竟空氣劉海插眼球的慘案天天發生實在不健康所以工作之餘我幾乎都播回中分五月初我把金黃頭髮變成淺灰巫女頭看得出來我多沈浸多自戀瀏海還是有剪但平常還是播到一邊這樣-頭髮的成長過程大概如此是個很努力很勵志的留長過程要我剪我還真的會捨得不的至於保養方式要先見調查到底是什麼原因讓自己的頭髮分岔我的話是因為騎機車&吹頭髮所以騎車我都把頭髮綁好收進外套裡不讓他亂吹洗頭的時候水溫盡量低一點不要太燙擦頭髮千萬不要用搓的用毛巾盡量擰乾護髮產品使用潘婷的紫色這罐然後在濕髮吹乾之前抹摩洛哥優油我最要感謝的糟糠之妻（不她是貴婦太貴了）就是她吹頭髮之前抹出門之前抹真的能抵抗外在的傷害無論是風吹日曬雨淋（？）她都能抵擋沒有她我寧願沒有這個世界你看看她多美好-謝謝大家看完我碎念這麼多希望分享這些有幫助到需要幫助的人再希望我頭髮能更長更長長到繞地球一圈這樣謝謝～～",
    "time": "2017/05/22 17:39:17",
    "event": "click"
  },
  {
    "category": "5",
    "app": "Dcard",
    "id": "10",
    "context": "#圖多短髮到中長髮花了我四年?‼️我沒有遮臉因為一張張很累?在意的可以略過‼️也有分享漂髮和保養的心得?‼️碎念很多真的很多喔耶大家好～每次看到髮型都說長髮到短髮可是對我來說是顛倒啊啊?高一開始短髮到到大三才留長一方面長得慢另一方面是不知道怎麼保養很容易分岔就變成長一點點剪長一點點剪嗚嗚所以除了分享留長的歲月（和汗水）也一起分享保養新的這樣❤️-現在回味高中真的只能說x的超～屁～孩～～～～真的屁孩到想回到當時槍斃自己妹頭短髮嗯基本款（放大片也太大了吧⋯）從這裡就看出來髮尾都是分岔枯萎的小花凋零的人生所以我剪了人生最短的一次如同我無言的表情這個髮型很無言而且非常難整理尤其長了一點點就會像剛睡醒的瘋婆子失去了人生的方向而且為什麼髮尾還在分岔？？為什麼？？（扯頭髮）之後到了大一把頭髮變成了一顆香菇對蕈菇那種就是菇其實還滿喜歡當顆香菇的好整理不用畫眉毛的香菇雞湯維持了一段時間不過各位是知道的妹頭瀏海永遠長很快比其他頭髮都快她是個體他不屬於任何人他就是他長很快的他所以我受不了了乾脆剪了眉上瀏海終於眉毛出來透透氣看看我那時候不知道怎麼畫眉毛有一陣子我是用鉛筆畫（不假6b鉛筆真的很好用）反正一字眉毛也維持了一段時間然後頭髮慢慢的很慢慢的比樹懶慢的生長著而瀏海我們就放著吧反正她該死得長很快這張的眉毛⋯拜託我是用印的嗎⋯反正終於看見一點生長跡象所以我開始不再剪我的瀏海希望他能成功脫離個體生長成為大家的好捧油頭髮有時候會亂翹所以溫蒂漢堡造型出沒在校園有一段時間阿當然雀斑妝沒有天天畫啦終於來到我最無言的階段看看我面容枯槁都是這頭髮害的妹頭超～難整理只能撥一邊髮尾整個大自然捲超奇怪頭髮卡都在這個階段很真的很久！所謂的黑暗時期莫過於如此了所謂撐過去就是你的我很努力的熬過這階段莫名其妙的頭髮過了肩膀長超快有女孩遇到如此鬼附身的階段嗎？？開始勤勞一點用電棒整理頭髮瀏海受電棒吆喝之下也乖乖聽話在這個階段也開始發現最適合自己的護髮方式皇天不負苦心人蒼天啊啊見證我放風吹的長髮吧啊啊啊不過說真的這樣放風吹其實很傷髮質的我們晚點再講2月初的時候為了紀念期待多年的長髮於是染了一顆深灰紫色的頭這時瀏海也正式成為中分了無論任何時期我都超喜歡雙馬尾簡單輕鬆又裝少年多棒啊這時時候大概4月了頭髮明顯變成黃色之後為何工作要變換多種髮型於是剪了點瀏海遮遮醜雖然親朋好友點頭稱讚許多不過有過一次中分的甜美變難忘他的微笑畢竟空氣劉海插眼球的慘案天天發生實在不健康所以工作之餘我幾乎都播回中分五月初我把金黃頭髮變成淺灰巫女頭看得出來我多沈浸多自戀瀏海還是有剪但平常還是播到一邊這樣-頭髮的成長過程大概如此是個很努力很勵志的留長過程要我剪我還真的會捨得不的至於保養方式要先見調查到底是什麼原因讓自己的頭髮分岔我的話是因為騎機車&吹頭髮所以騎車我都把頭髮綁好收進外套裡不讓他亂吹洗頭的時候水溫盡量低一點不要太燙擦頭髮千萬不要用搓的用毛巾盡量擰乾護髮產品使用潘婷的紫色這罐然後在濕髮吹乾之前抹摩洛哥優油我最要感謝的糟糠之妻（不她是貴婦太貴了）就是她吹頭髮之前抹出門之前抹真的能抵抗外在的傷害無論是風吹日曬雨淋（？）她都能抵擋沒有她我寧願沒有這個世界你看看她多美好-謝謝大家看完我碎念這麼多希望分享這些有幫助到需要幫助的人再希望我頭髮能更長更長長到繞地球一圈這樣謝謝～～",
    "time": "2017/05/22 17:39:17",
    "event": "slide"
  }
]