[
  {
    "category": "6",
    "app": "Dcard",
    "id": "11",
    "context": "常看到fb會出現一些貼文或圖片男友出軌的5種現象男友不愛你的49種舉動男友只要你的身體不要你的愛情的69種狀況男友真的愛你的87種行為看到底下留言一堆女生標記自己的男友說什麼你根本就不愛我等等的言辭真的讓人覺得那種行為非常非常無腦。什麼叫男生講電話會出去講就是劈腿對我而言那叫禮貌室內講電話除了會打斷當場的話題也會聽不清楚電話另一頭的聲音什麼叫男友不洗碗掃地洗衣服就是不愛你你是交往還是請男傭幫你是疼你不是理所當然難道你到我家吃飯我媽說你不會煮飯不會主動洗碗是壞女人你聽了會開心？嚴以律人？寬以待己？互相幫忙不是纔是真的貼心？什麼叫做出門吃飯要女友付錢是垃圾我自己是不喜歡女友出錢的但那是我覺得我想請你不是我這輩子欠你還有因為星座不適合就分手的你媽是沒生腦袋給你還是怎樣你交往是交個性還是交星座乾脆交往前都把生辰八字拿去算一算不合不要在一起合不準分開你覺得如何？女性主義崛起是好事不必像好久以前一樣被男性打壓可以獨立生活可以過自己的人生但女性主義不是厭男主義會寫那種東西的通常是兩性作家而兩性作家的來源通常不是自己的感情經驗而是網友故事周遭朋友抱怨寫幸福的沒人要看寫八卦的纔有人買單別一昧相信那種愚蠢至極的評論兩個人在一起是兩個人相處的事情哪怕誰脾氣不好或誰很拜金又或誰很外貌你可以選擇自己要的感情而不是由無腦的評論決定兩個人的愛情。張西說過每個人都是星星爆炸後掉落在地上的碎片一生只要遇到一次來自同一個星星的人都覺得奢侈。別被一旁的陽光干涉你找人的視線哪怕它過分刺眼別忘了你是愛那個來自同樣星球的他不是太陽啊。這篇文章針對會相信那種評論的女孩子不是要戰性別。",
    "time": "2017/05/22 17:39:34",
    "event": "click"
  },
  {
    "category": "6",
    "app": "Dcard",
    "id": "12",
    "context": "常看到fb會出現一些貼文或圖片男友出軌的5種現象男友不愛你的49種舉動男友只要你的身體不要你的愛情的69種狀況男友真的愛你的87種行為看到底下留言一堆女生標記自己的男友說什麼你根本就不愛我等等的言辭真的讓人覺得那種行為非常非常無腦。什麼叫男生講電話會出去講就是劈腿對我而言那叫禮貌室內講電話除了會打斷當場的話題也會聽不清楚電話另一頭的聲音什麼叫男友不洗碗掃地洗衣服就是不愛你你是交往還是請男傭幫你是疼你不是理所當然難道你到我家吃飯我媽說你不會煮飯不會主動洗碗是壞女人你聽了會開心？嚴以律人？寬以待己？互相幫忙不是纔是真的貼心？什麼叫做出門吃飯要女友付錢是垃圾我自己是不喜歡女友出錢的但那是我覺得我想請你不是我這輩子欠你還有因為星座不適合就分手的你媽是沒生腦袋給你還是怎樣你交往是交個性還是交星座乾脆交往前都把生辰八字拿去算一算不合不要在一起合不準分開你覺得如何？女性主義崛起是好事不必像好久以前一樣被男性打壓可以獨立生活可以過自己的人生但女性主義不是厭男主義會寫那種東西的通常是兩性作家而兩性作家的來源通常不是自己的感情經驗而是網友故事周遭朋友抱怨寫幸福的沒人要看寫八卦的纔有人買單別一昧相信那種愚蠢至極的評論兩個人在一起是兩個人相處的事情哪怕誰脾氣不好或誰很拜金又或誰很外貌你可以選擇自己要的感情而不是由無腦的評論決定兩個人的愛情。張西說過每個人都是星星爆炸後掉落在地上的碎片一生只要遇到一次來自同一個星星的人都覺得奢侈。別被一旁的陽光干涉你找人的視線哪怕它過分刺眼別忘了你是愛那個來自同樣星球的他不是太陽啊。這篇文章針對會相信那種評論的女孩子不是要戰性別。",
    "time": "2017/05/22 17:39:34",
    "event": "slide"
  },
  {
    "category": "6",
    "app": "Dcard",
    "id": "15",
    "context": "這是一年多前的事了吧我們是同志伴侶，交往同居在一起她長得很美很妖豔在她打工的餐廳常常被男生搭訕我長得不差，但跟那些男客人比起來我就是個窮學生某天也是在餐廳，他向妳搭訕於事認識了妳很不會喝酒，一滴就醉所以我很討厭妳跟客人出去唱歌但妳還是跟他出去了而且被灌醉倒在男同事的腿上任他把手遊移在妳的大腿和胸部我打了十幾通電話從晚上10點等到隔天早上6點終於接到妳同事的電話讓我去接妳後來妳開始常常提到他說他家族事業做很大，很有錢他常常開著他的bmw到家裡接妳出去有天妳說，妳要回臺南兩天他要「順路」載妳於事妳離開後就沒有再回過我訊息或電話終於我又從下班等到早上「妳什麼時候回來？」「我要跟朋友去趟臺中」回來後你不斷跟我說臺中那個古堡好華麗好美！「可惜沒有保險套」「妳怎麼會去注意這個？」「沒有啦剛好注意到而已」冬天了他送了妳一條6000塊的ck圍巾「好冷哦！」「嗯？下次回臺南的時候讓媽媽帶妳去泡溫泉呀」妳再一次說他要「順路」載妳回臺南我也又再一次的從下班聯絡不到妳直到早上我知道媽媽一定會叫妳起牀吃早餐早上十點「阿姨～xx在家嗎？」我瞇著眼打訊息已讀了許久「嗯她在睡覺。阿姨跟妳說，妳真的是一個很好的女孩，要好好愛惜自己知道嗎？」我後來才知道為什麼妳媽突然對我這麼說那天我趁妳熟睡打開了妳和他的訊息「笨笨我有點想你了」我的頭怎麼突然這麼暈臉好燙我的心好痛好像不能呼吸我把妳搖醒「我看了妳的訊息」「你怎麼可以這樣！我這麼相信你欸！」妳哭了原來妳第一次根本沒有回臺南而是跟他去臺中過夜對，那個華麗的古堡妳會發現沒保險套是因為你們那晚沒有用保險套這也是為什麼妳回來後要我帶妳去看婦產科當醫生說妳沒有懷孕的時候妳很開心我還傻傻地說「妳怎麼可能懷孕啊」原來第二次回臺南妳是跟他去泡溫泉當我傳訊息給阿姨的時候阿姨還打給妳「妳有回臺南嗎？為什麼xx這樣問我？」「媽⋯我跟oo在溫泉飯店⋯」「妳這樣要我怎麼跟她說！！」所以阿姨替妳對我說了謊妳說跟他第一次妳喝醉了但妳又補了一句「其實我還是有意識」我知道妳是怕我去揍他我只是很傻的問妳「很痛吧」「不會，他很溫柔他真的很溫柔一直問我痛不痛」「他拿事後藥給我吃的時候他也很難過啊」妳不停的哭我抱著妳安慰妳「沒事了」整晚我一滴淚也沒有流早班到了公司我突然眼前都是畫面於事我暈倒送去了醫院其實我們從她臺中回來就已經分手了但我們仍然又同居了半年我仍然對妳無微不至的好上下課上下班卸妝洗澡吹頭髮打掃家裡半年後我決定搬出去我哭著說我捨不得妳說妳還是愛我隨時可以回來一個禮拜後妳另外有了她我要求其中一隻貓讓我照顧「你憑什麼跟我要貓？靠家裡，沒工作，重大精神病患者！」嗯，人帥人好其實沒什麼用我輸給他有錢我只有機車人家有bmw而且我是憂鬱症患者人家是富二代我唯一後悔的事就是沒有在妳承認的時候甩妳兩巴掌嗆妳幹你娘",
    "time": "2017/05/22 17:41:14",
    "event": "click"
  },
  {
    "category": "6",
    "app": "Dcard",
    "id": "16",
    "context": "這是一年多前的事了吧我們是同志伴侶，交往同居在一起她長得很美很妖豔在她打工的餐廳常常被男生搭訕我長得不差，但跟那些男客人比起來我就是個窮學生某天也是在餐廳，他向妳搭訕於事認識了妳很不會喝酒，一滴就醉所以我很討厭妳跟客人出去唱歌但妳還是跟他出去了而且被灌醉倒在男同事的腿上任他把手遊移在妳的大腿和胸部我打了十幾通電話從晚上10點等到隔天早上6點終於接到妳同事的電話讓我去接妳後來妳開始常常提到他說他家族事業做很大，很有錢他常常開著他的bmw到家裡接妳出去有天妳說，妳要回臺南兩天他要「順路」載妳於事妳離開後就沒有再回過我訊息或電話終於我又從下班等到早上「妳什麼時候回來？」「我要跟朋友去趟臺中」回來後你不斷跟我說臺中那個古堡好華麗好美！「可惜沒有保險套」「妳怎麼會去注意這個？」「沒有啦剛好注意到而已」冬天了他送了妳一條6000塊的ck圍巾「好冷哦！」「嗯？下次回臺南的時候讓媽媽帶妳去泡溫泉呀」妳再一次說他要「順路」載妳回臺南我也又再一次的從下班聯絡不到妳直到早上我知道媽媽一定會叫妳起牀吃早餐早上十點「阿姨～xx在家嗎？」我瞇著眼打訊息已讀了許久「嗯她在睡覺。阿姨跟妳說，妳真的是一個很好的女孩，要好好愛惜自己知道嗎？」我後來才知道為什麼妳媽突然對我這麼說那天我趁妳熟睡打開了妳和他的訊息「笨笨我有點想你了」我的頭怎麼突然這麼暈臉好燙我的心好痛好像不能呼吸我把妳搖醒「我看了妳的訊息」「你怎麼可以這樣！我這麼相信你欸！」妳哭了原來妳第一次根本沒有回臺南而是跟他去臺中過夜對，那個華麗的古堡妳會發現沒保險套是因為你們那晚沒有用保險套這也是為什麼妳回來後要我帶妳去看婦產科當醫生說妳沒有懷孕的時候妳很開心我還傻傻地說「妳怎麼可能懷孕啊」原來第二次回臺南妳是跟他去泡溫泉當我傳訊息給阿姨的時候阿姨還打給妳「妳有回臺南嗎？為什麼xx這樣問我？」「媽⋯我跟oo在溫泉飯店⋯」「妳這樣要我怎麼跟她說！！」所以阿姨替妳對我說了謊妳說跟他第一次妳喝醉了但妳又補了一句「其實我還是有意識」我知道妳是怕我去揍他我只是很傻的問妳「很痛吧」「不會，他很溫柔他真的很溫柔一直問我痛不痛」「他拿事後藥給我吃的時候他也很難過啊」妳不停的哭我抱著妳安慰妳「沒事了」整晚我一滴淚也沒有流早班到了公司我突然眼前都是畫面於事我暈倒送去了醫院其實我們從她臺中回來就已經分手了但我們仍然又同居了半年我仍然對妳無微不至的好上下課上下班卸妝洗澡吹頭髮打掃家裡半年後我決定搬出去我哭著說我捨不得妳說妳還是愛我隨時可以回來一個禮拜後妳另外有了她我要求其中一隻貓讓我照顧「你憑什麼跟我要貓？靠家裡，沒工作，重大精神病患者！」嗯，人帥人好其實沒什麼用我輸給他有錢我只有機車人家有bmw而且我是憂鬱症患者人家是富二代我唯一後悔的事就是沒有在妳承認的時候甩妳兩巴掌嗆妳幹你娘",
    "time": "2017/05/22 17:41:14",
    "event": "slide"
  }
]