[
  {
    "category": "8",
    "app": "Dcard",
    "id": "17",
    "context": "#貓#圖這隻小惡魔該不該收服??他叫抹茶，今年一歲當初一個因緣際會下，領養了他剛到家裡時，緊張兮兮的只敢躲起來現在根本家裡的老大一樣，什麼都不怕，連狗他也敢兇??好啦廢話不多說，直接上圖吧小時候的他，根本就是讓人融化到了極點??一轉眼就真的變樣了??各種醜陋睡姿都出現..真的很可怕有時候懷疑我到底養出什麼?好啦也是有跟天使一樣的時候??反差那麼大怎麼受的了??一些覺得還不錯的生活照也分享給你們看看吧真的的賣萌無極限欸???最後大哥你忘記這是你以前的貓砂盆了嗎?還睡那麼爽?抹茶：有人也想收服我嗎～我只是皮了點喵???～簽名檔就用抹茶爸好了手機排版有點亂，不好意思也謝謝各位耐心看完??抹茶爸",
    "time": "2017/05/22 17:43:12",
    "event": "click"
  },
  {
    "category": "8",
    "app": "Dcard",
    "id": "18",
    "context": "#貓#圖這隻小惡魔該不該收服??他叫抹茶，今年一歲當初一個因緣際會下，領養了他剛到家裡時，緊張兮兮的只敢躲起來現在根本家裡的老大一樣，什麼都不怕，連狗他也敢兇??好啦廢話不多說，直接上圖吧小時候的他，根本就是讓人融化到了極點??一轉眼就真的變樣了??各種醜陋睡姿都出現..真的很可怕有時候懷疑我到底養出什麼?好啦也是有跟天使一樣的時候??反差那麼大怎麼受的了??一些覺得還不錯的生活照也分享給你們看看吧真的的賣萌無極限欸???最後大哥你忘記這是你以前的貓砂盆了嗎?還睡那麼爽?抹茶：有人也想收服我嗎～我只是皮了點喵???～簽名檔就用抹茶爸好了手機排版有點亂，不好意思也謝謝各位耐心看完??抹茶爸",
    "time": "2017/05/22 17:43:12",
    "event": "slide"
  }
]