[
  {
    "category": "9",
    "app": "Messenger",
    "id": "19",
    "context": "係佢話佢個屆係佢做佢話冇交會費都照補口同鼻拗緊佢話佢係佢果屆嘅幹部？係時候屌到佢啪啪聲可以辛苦監製但係呢屆唔係佢做啦嘛叫佢食我問下佢果屆會長先以前無交會費都係要自己比錢",
    "time": "2017/05/22 17:45:02",
    "event": "slide"
  },
  {
    "category": "9",
    "app": "Messenger",
    "id": "20",
    "context": "畢業聚餐無交會費個位點搞仲兇番我",
    "time": "2017/05/22 17:45:02",
    "event": "type"
  },
  {
    "category": "9",
    "app": "Messenger",
    "id": "22",
    "context": "係佢話佢個屆係佢做佢話冇交會費都照補口同鼻拗緊佢話佢係佢果屆嘅幹部？係時候屌到佢啪啪聲可以辛苦監製但係呢屆唔係佢做啦嘛叫佢食我問下佢果屆會長先以前無交會費都係要自己比錢畢業聚餐無交會費個位點搞仲兇番我",
    "time": "2017/05/22 17:45:02",
    "event": "slide"
  }
]