[
  {
    "category": "1",
    "app": "Chrome",
    "id": "1",
    "context": "dcard",
    "time": "2017/06/05 16:35:45",
    "event": "type"
  },
  {
    "category": "1",
    "app": "Chrome",
    "id": "2",
    "context": "dcard-google搜尋",
    "time": "2017/06/05 16:35:45",
    "event": "click"
  },
  {
    "category": "1",
    "app": "Chrome",
    "id": "3",
    "context": "dcard-google搜尋",
    "time": "2017/06/05 16:35:45",
    "event": "slide"
  },
  {
    "category": "1",
    "app": "Chrome",
    "id": "4",
    "context": "dcard不想錯過任何有趣的話題嗎？趕快加入我們吧！",
    "time": "2017/06/05 16:36:16",
    "event": "slide"
  },
  {
    "category": "1",
    "app": "Chrome",
    "id": "9",
    "context": "dcard不想錯過任何有趣的話題嗎？趕快加入我們吧！",
    "time": "2017/06/05 16:39:52",
    "event": "slide"
  },
  {
    "category": "1",
    "app": "Chrome",
    "id": "12",
    "context": "dcard不想錯過任何有趣的話題嗎？趕快加入我們吧！",
    "time": "2017/06/05 16:40:19",
    "event": "slide"
  },
  {
    "category": "1",
    "app": "Chrome",
    "id": "31",
    "context": "dcard不想錯過任何有趣的話題嗎？趕快加入我們吧！",
    "time": "2017/06/05 16:53:01",
    "event": "slide"
  },
  {
    "category": "1",
    "app": "Chrome",
    "id": "34",
    "context": "dcard不想錯過任何有趣的話題嗎？趕快加入我們吧！",
    "time": "2017/06/05 16:54:16",
    "event": "slide"
  },
  {
    "category": "1",
    "app": "Chrome",
    "id": "56",
    "context": "dcard不想錯過任何有趣的話題嗎？趕快加入我們吧！",
    "time": "2017/06/05 17:08:53",
    "event": "slide"
  },
  {
    "category": "1",
    "app": "Chrome",
    "id": "67",
    "context": "dcard不想錯過任何有趣的話題嗎？趕快加入我們吧！",
    "time": "2017/06/05 17:18:25",
    "event": "slide"
  },
  {
    "category": "1",
    "app": "Chrome",
    "id": "70",
    "context": "dcard不想錯過任何有趣的話題嗎？趕快加入我們吧！",
    "time": "2017/06/05 17:21:06",
    "event": "slide"
  },
  {
    "category": "1",
    "app": "Chrome",
    "id": "75",
    "context": "dcard不想錯過任何有趣的話題嗎？趕快加入我們吧！",
    "time": "2017/06/05 17:28:39",
    "event": "slide"
  },
  {
    "category": "1",
    "app": "Chrome",
    "id": "80",
    "context": "dcard不想錯過任何有趣的話題嗎？趕快加入我們吧！",
    "time": "2017/06/05 17:28:55",
    "event": "slide"
  }
]