[
  {
    "category": "10",
    "app": "Chrome",
    "id": "49",
    "context": "#多益　６５５ｔｏ７５０選書請益-dcard小妹管理學院三升四英文弱弱，學測１１　指考６ｘ，校園考655（l315r340），目標是半年後考到750，趁暑假建基本功，開學再開始題庫部分，目前已有，多益測驗核心單字書，想入手參考書籍，爬文找了大家的推薦，但是好像找太多",
    "time": "2017/06/05 17:05:05",
    "event": "click"
  },
  {
    "category": "10",
    "app": "Chrome",
    "id": "50",
    "context": "#多益　６５５ｔｏ７５０選書請益-dcard小妹管理學院三升四英文弱弱，學測１１　指考６ｘ，校園考655（l315r340），目標是半年後考到750，趁暑假建基本功，開學再開始題庫部分，目前已有，多益測驗核心單字書，想入手參考書籍，爬文找了大家的推薦，但是好像找太多",
    "time": "2017/06/05 17:05:05",
    "event": "slide"
  },
  {
    "category": "10",
    "app": "Chrome",
    "id": "52",
    "context": "#多益進步四百多分的心得-dcard認真文也都要想一個很瞎的標題qq，直接上成績單，但四百多分那一張成績單覺得太丟臉早就揉掉了，大一：495，最近考到：945，（三個數字神奇的排列組合），背景：學測英文10級，畢業前有先考過650畢業門檻",
    "time": "2017/06/05 17:05:50",
    "event": "click"
  },
  {
    "category": "10",
    "app": "Chrome",
    "id": "53",
    "context": "#多益進步四百多分的心得-dcard認真文也都要想一個很瞎的標題qq，直接上成績單，但四百多分那一張成績單覺得太丟臉早就揉掉了，大一：495，最近考到：945，（三個數字神奇的排列組合），背景：學測英文10級，畢業前有先考過650畢業門檻",
    "time": "2017/06/05 17:05:50",
    "event": "slide"
  },
  {
    "category": "10",
    "app": "Chrome",
    "id": "54",
    "context": "#多益945閱讀部分480心得-dcard放考試版而不是語言版，是因為我自己覺得這篇要打考試技巧為主的內容，和學好「語言」這件事比較沒有正相關。雖然我自己也認為考試技巧也只是在成績出來的時候讓自己可以爽一下而已，但dcard上好像是這種文章比較受歡迎qq",
    "time": "2017/06/05 17:07:04",
    "event": "click"
  },
  {
    "category": "10",
    "app": "Chrome",
    "id": "55",
    "context": "#多益945閱讀部分480心得-dcard放考試版而不是語言版，是因為我自己覺得這篇要打考試技巧為主的內容，和學好「語言」這件事比較沒有正相關。雖然我自己也認為考試技巧也只是在成績出來的時候讓自己可以爽一下而已，但dcard上好像是這種文章比較受歡迎qq",
    "time": "2017/06/05 17:07:04",
    "event": "slide"
  }
]