[
  {
    "category": "11",
    "app": "Chrome",
    "id": "57",
    "context": "臺北富邦銀行櫃檯面試，求經驗！-dcard我下禮拜六就要去臺北富邦銀行面試了！！，非常緊張，聽說面試七八成都會通過，但我還是會怕自己準備錯方向，我對金融業蠻有興趣跟熱忱，有沒有臺北富邦的朋友可以提一下面試過程？會問什麼問題？面試氣氛嚴肅嗎？還有什麼要注意的地方嗎？！",
    "time": "2017/06/05 17:11:03",
    "event": "click"
  },
  {
    "category": "11",
    "app": "Chrome",
    "id": "58",
    "context": "臺北富邦銀行櫃檯面試，求經驗！-dcard我下禮拜六就要去臺北富邦銀行面試了！！，非常緊張，聽說面試七八成都會通過，但我還是會怕自己準備錯方向，我對金融業蠻有興趣跟熱忱，有沒有臺北富邦的朋友可以提一下面試過程？會問什麼問題？面試氣氛嚴肅嗎？還有什麼要注意的地方嗎？！",
    "time": "2017/06/05 17:11:03",
    "event": "slide"
  },
  {
    "category": "11",
    "app": "Chrome",
    "id": "59",
    "context": "工作板-dcard",
    "time": "2017/06/05 17:11:04",
    "event": "click"
  },
  {
    "category": "11",
    "app": "Chrome",
    "id": "60",
    "context": "工作板-dcard",
    "time": "2017/06/05 17:11:04",
    "event": "slide"
  }
]