[
  {
    "category": "12",
    "app": "Chrome",
    "id": "61",
    "context": "黑皮太子哭笑不得-dcard之前有一位信徒想請求黑皮事情，然後那位信徒就燒香跟黑皮說...，信徒：黑皮~我想要叫你幫我一件事~就是...（以下內容省略），當時黑皮在神尊裡一臉很疑惑，後來黑皮就跟乩身說...",
    "time": "2017/06/05 17:12:51",
    "event": "click"
  },
  {
    "category": "12",
    "app": "Chrome",
    "id": "62",
    "context": "黑皮太子哭笑不得-dcard之前有一位信徒想請求黑皮事情，然後那位信徒就燒香跟黑皮說...，信徒：黑皮~我想要叫你幫我一件事~就是...（以下內容省略），當時黑皮在神尊裡一臉很疑惑，後來黑皮就跟乩身說...",
    "time": "2017/06/05 17:12:51",
    "event": "slide"
  }
]