[
  {
    "category": "13",
    "app": "Chrome",
    "id": "63",
    "context": "人面紙畫-dcard最近雨下得可真是大，騎車出門像是被雨鞭打。大家出門一定要騎慢注意安全。今天帶來的故事，是我姑丈的親生經歷。故事跟以往會以我整理過再敘述給大家：），----------------------------------------------------------------",
    "time": "2017/06/05 17:17:02",
    "event": "click"
  },
  {
    "category": "13",
    "app": "Chrome",
    "id": "64",
    "context": "人面紙畫-dcard最近雨下得可真是大，騎車出門像是被雨鞭打。大家出門一定要騎慢注意安全。今天帶來的故事，是我姑丈的親生經歷。故事跟以往會以我整理過再敘述給大家：），----------------------------------------------------------------",
    "time": "2017/06/05 17:17:02",
    "event": "slide"
  }
]