[
  {
    "category": "14",
    "app": "Chrome",
    "id": "65",
    "context": "靈異板-dcard",
    "time": "2017/06/05 17:18:24",
    "event": "click"
  },
  {
    "category": "14",
    "app": "Chrome",
    "id": "66",
    "context": "靈異板-dcard",
    "time": "2017/06/05 17:18:24",
    "event": "slide"
  },
  {
    "category": "14",
    "app": "Chrome",
    "id": "68",
    "context": "靈異板-dcard",
    "time": "2017/06/05 17:20:55",
    "event": "click"
  },
  {
    "category": "14",
    "app": "Chrome",
    "id": "69",
    "context": "靈異板-dcard",
    "time": "2017/06/05 17:20:55",
    "event": "slide"
  }
]