[
  {
    "category": "15",
    "app": "Chrome",
    "id": "76",
    "context": "戲劇綜藝板-dcard",
    "time": "2017/06/05 17:28:47",
    "event": "click"
  },
  {
    "category": "15",
    "app": "Chrome",
    "id": "77",
    "context": "戲劇綜藝板-dcard",
    "time": "2017/06/05 17:28:47",
    "event": "slide"
  },
  {
    "category": "15",
    "app": "Chrome",
    "id": "78",
    "context": "戲劇綜藝板-dcard",
    "time": "2017/06/05 17:28:47",
    "event": "click"
  },
  {
    "category": "15",
    "app": "Chrome",
    "id": "79",
    "context": "戲劇綜藝板-dcard",
    "time": "2017/06/05 17:28:47",
    "event": "slide"
  }
]