[
  {
    "category": "3",
    "app": "Chrome",
    "id": "5",
    "context": "#拼豆#小醜女#harleyquinn(文末小更新）-dcard前陣子因為某些契機讓我愛上pixelart，就是像素藝術啦（（應該可以這樣翻吧？想說用拼豆來做一隻harleyquinn好了，就決定用這張當參考圖，會選擇拼小醜女是因為我覺得她的頭髮顏色很繽紛很漂亮",
    "time": "2017/06/05 16:38:16",
    "event": "click"
  },
  {
    "category": "3",
    "app": "Chrome",
    "id": "6",
    "context": "#拼豆#小醜女#harleyquinn(文末小更新）-dcard前陣子因為某些契機讓我愛上pixelart，就是像素藝術啦（（應該可以這樣翻吧？想說用拼豆來做一隻harleyquinn好了，就決定用這張當參考圖，會選擇拼小醜女是因為我覺得她的頭髮顏色很繽紛很漂亮",
    "time": "2017/06/05 16:38:16",
    "event": "slide"
  }
]