[
  {
    "category": "4",
    "app": "Chrome",
    "id": "7",
    "context": "不，我只是看那個妹很正而已-dcard上禮拜利用休假時間和男友跑到英國旅行，今天準備回臺要搭飛機時，我看著空姐在前面講解，因為我也是跑國際線的空姐，所以也知道她在說什麼，我就轉頭看我男友，發現他全神貫注的盯著她看，我就問他怎麼了嘛？我以為他會回",
    "time": "2017/06/05 16:39:04",
    "event": "click"
  },
  {
    "category": "4",
    "app": "Chrome",
    "id": "8",
    "context": "不，我只是看那個妹很正而已-dcard上禮拜利用休假時間和男友跑到英國旅行，今天準備回臺要搭飛機時，我看著空姐在前面講解，因為我也是跑國際線的空姐，所以也知道她在說什麼，我就轉頭看我男友，發現他全神貫注的盯著她看，我就問他怎麼了嘛？我以為他會回",
    "time": "2017/06/05 16:39:04",
    "event": "slide"
  },
  {
    "category": "4",
    "app": "Chrome",
    "id": "10",
    "context": "不，我只是看那個妹很正而已-dcard上禮拜利用休假時間和男友跑到英國旅行，今天準備回臺要搭飛機時，我看著空姐在前面講解，因為我也是跑國際線的空姐，所以也知道她在說什麼，我就轉頭看我男友，發現他全神貫注的盯著她看，我就問他怎麼了嘛？我以為他會回",
    "time": "2017/06/05 16:40:13",
    "event": "click"
  },
  {
    "category": "4",
    "app": "Chrome",
    "id": "11",
    "context": "不，我只是看那個妹很正而已-dcard上禮拜利用休假時間和男友跑到英國旅行，今天準備回臺要搭飛機時，我看著空姐在前面講解，因為我也是跑國際線的空姐，所以也知道她在說什麼，我就轉頭看我男友，發現他全神貫注的盯著她看，我就問他怎麼了嘛？我以為他會回",
    "time": "2017/06/05 16:40:13",
    "event": "slide"
  }
]