[
  {
    "category": "5",
    "app": "Chrome",
    "id": "13",
    "context": "起司骰子牛??-dcard昨天半夜11點多出來覓食，可是因為下大雨還有很晚的關係，很多店都已經收了，這時候突然看到一家小攤販還有人在排隊，招牌上的圖片看起來就超美味🤤🤤，於是就手刀跟著一起排隊了，抱歉沒有拍到招牌的圖片只有美食圖",
    "time": "2017/06/05 16:40:36",
    "event": "click"
  },
  {
    "category": "5",
    "app": "Chrome",
    "id": "14",
    "context": "起司骰子牛??-dcard昨天半夜11點多出來覓食，可是因為下大雨還有很晚的關係，很多店都已經收了，這時候突然看到一家小攤販還有人在排隊，招牌上的圖片看起來就超美味🤤🤤，於是就手刀跟著一起排隊了，抱歉沒有拍到招牌的圖片只有美食圖",
    "time": "2017/06/05 16:40:36",
    "event": "slide"
  },
  {
    "category": "5",
    "app": "Chrome",
    "id": "15",
    "context": "#圖簡易壽喜燒-dcard這兩天雨下超級大的，要外出買三餐有夠困難，所以就就近去全聯買了一些簡單的食材來煮壽喜燒啦！以下食材可以替換成自己喜歡的蔬菜，食材：小白菜、青江菜，玉米筍、鱈魚丸，雪白菇、豬肉片，洋蔥、白蘿蔔，寬粉絲、火鍋用豆腐",
    "time": "2017/06/05 16:41:28",
    "event": "click"
  },
  {
    "category": "5",
    "app": "Chrome",
    "id": "16",
    "context": "#圖簡易壽喜燒-dcard這兩天雨下超級大的，要外出買三餐有夠困難，所以就就近去全聯買了一些簡單的食材來煮壽喜燒啦！以下食材可以替換成自己喜歡的蔬菜，食材：小白菜、青江菜，玉米筍、鱈魚丸，雪白菇、豬肉片，洋蔥、白蘿蔔，寬粉絲、火鍋用豆腐",
    "time": "2017/06/05 16:41:28",
    "event": "slide"
  },
  {
    "category": "5",
    "app": "Chrome",
    "id": "17",
    "context": "美食板-dcard",
    "time": "2017/06/05 16:42:00",
    "event": "slide"
  },
  {
    "category": "5",
    "app": "Chrome",
    "id": "18",
    "context": "8種泰國泡麵+3種越南泡麵#評比-dcard上次在公館的泰國小館前面買了泰國泡麵+越南泡麵回去。（其實原本以為都是泰國泡麵，回來之後才發現有3種越南泡麵），泰國小館非常有名，在汀州路上，因為不打算推薦餐廳美食，有需要去那邊買再自己查店址囉，這是所有泡麵排排站照，有些口味應該可以在超市找到。",
    "time": "2017/06/05 16:42:11",
    "event": "click"
  },
  {
    "category": "5",
    "app": "Chrome",
    "id": "19",
    "context": "8種泰國泡麵+3種越南泡麵#評比-dcard上次在公館的泰國小館前面買了泰國泡麵+越南泡麵回去。（其實原本以為都是泰國泡麵，回來之後才發現有3種越南泡麵），泰國小館非常有名，在汀州路上，因為不打算推薦餐廳美食，有需要去那邊買再自己查店址囉，這是所有泡麵排排站照，有些口味應該可以在超市找到。",
    "time": "2017/06/05 16:42:11",
    "event": "slide"
  },
  {
    "category": "5",
    "app": "Chrome",
    "id": "20",
    "context": "圖）每天都在想瘦?-dcard哈囉～我又來惹️，我男友的快炒店最近有出新的菜色，想跟大家分享一下～其實我每天都在想瘦，但看看以下的照片就知道太難了，現在這個時間發美食文會不會太壞，先來一道生魚片拼盤，這次有比較不同的花樣了～第二道是糖醋魚，",
    "time": "2017/06/05 16:46:59",
    "event": "click"
  },
  {
    "category": "5",
    "app": "Chrome",
    "id": "21",
    "context": "圖）每天都在想瘦?-dcard哈囉～我又來惹️，我男友的快炒店最近有出新的菜色，想跟大家分享一下～其實我每天都在想瘦，但看看以下的照片就知道太難了，現在這個時間發美食文會不會太壞，先來一道生魚片拼盤，這次有比較不同的花樣了～第二道是糖醋魚，",
    "time": "2017/06/05 16:46:59",
    "event": "slide"
  },
  {
    "category": "5",
    "app": "Chrome",
    "id": "22",
    "context": "美食板-dcard",
    "time": "2017/06/05 16:47:26",
    "event": "slide"
  },
  {
    "category": "5",
    "app": "Chrome",
    "id": "23",
    "context": "#圖#手作便當#家常菜系列-dcard下廚是我人生中最大的樂趣，可能從小耳濡目染所以一些基本的家常菜都會做，最厲害的師傅還是我媽了，最近偶爾會幫男友帶愛心便當，因為覺得煮飯給心愛的人吃真的很幸福呀，1.，醬燒雞腿，這算是我覺得最簡單的下飯菜",
    "time": "2017/06/05 16:48:59",
    "event": "click"
  },
  {
    "category": "5",
    "app": "Chrome",
    "id": "24",
    "context": "#圖#手作便當#家常菜系列-dcard下廚是我人生中最大的樂趣，可能從小耳濡目染所以一些基本的家常菜都會做，最厲害的師傅還是我媽了，最近偶爾會幫男友帶愛心便當，因為覺得煮飯給心愛的人吃真的很幸福呀，1.，醬燒雞腿，這算是我覺得最簡單的下飯菜",
    "time": "2017/06/05 16:48:59",
    "event": "slide"
  },
  {
    "category": "5",
    "app": "Chrome",
    "id": "25",
    "context": "美食板-dcard",
    "time": "2017/06/05 16:49:01",
    "event": "slide"
  },
  {
    "category": "5",
    "app": "Chrome",
    "id": "26",
    "context": "真的請別為難店員-dcard其實好像不該發在美食版比較偏心情版，但因為轉發人家文章所以好像就會跟著在美食版。原本打算離職之後再發文但看到原原po的文章真的太有感我憋不住了。錯版的話再麻煩告知我會刪文的不好意思‍️，#文長，因為離家近的關係",
    "time": "2017/06/05 16:49:23",
    "event": "click"
  },
  {
    "category": "5",
    "app": "Chrome",
    "id": "27",
    "context": "真的請別為難店員-dcard其實好像不該發在美食版比較偏心情版，但因為轉發人家文章所以好像就會跟著在美食版。原本打算離職之後再發文但看到原原po的文章真的太有感我憋不住了。錯版的話再麻煩告知我會刪文的不好意思‍️，#文長，因為離家近的關係",
    "time": "2017/06/05 16:49:23",
    "event": "slide"
  },
  {
    "category": "5",
    "app": "Chrome",
    "id": "28",
    "context": "#圖#肯德基#金饌魚子醬重磅卡啦雞腿堡好吃~!-dcard聽到同學一直跟我推薦，最近自己終於有時間過來吃了，不得不說，這套餐真的是肯德基目前我吃到最好吃的套餐。主餐有金饌魚子醬卡啦雞腿漢堡、雞米花、薯條、可樂，漢堡真的很大，把雞米花都擋住了xd，漢堡真的很大，比我手掌還要更大。",
    "time": "2017/06/05 16:52:05",
    "event": "click"
  },
  {
    "category": "5",
    "app": "Chrome",
    "id": "29",
    "context": "#圖#肯德基#金饌魚子醬重磅卡啦雞腿堡好吃~!-dcard聽到同學一直跟我推薦，最近自己終於有時間過來吃了，不得不說，這套餐真的是肯德基目前我吃到最好吃的套餐。主餐有金饌魚子醬卡啦雞腿漢堡、雞米花、薯條、可樂，漢堡真的很大，把雞米花都擋住了xd，漢堡真的很大，比我手掌還要更大。",
    "time": "2017/06/05 16:52:05",
    "event": "slide"
  },
  {
    "category": "5",
    "app": "Chrome",
    "id": "30",
    "context": "美食板-dcard",
    "time": "2017/06/05 16:52:52",
    "event": "slide"
  },
  {
    "category": "5",
    "app": "Chrome",
    "id": "35",
    "context": "#圖7-11保證100%鮮榨的飲料-dcard這真的是我看過小七最100%原汁現榨的飲料了，這不是業配文純粹覺得太獵奇了，不囉嗦直接附圖，.，.，.，.，.，是蜂蜜檸檬啊啊啊啊啊啊啊啊啊啊啊！！！，完完整整的兩顆檸檬啊！！！！！！！！！，還附一隻刀子mix榨汁棒給你啊啊啊！！！！",
    "time": "2017/06/05 16:56:20",
    "event": "click"
  },
  {
    "category": "5",
    "app": "Chrome",
    "id": "36",
    "context": "#圖7-11保證100%鮮榨的飲料-dcard這真的是我看過小七最100%原汁現榨的飲料了，這不是業配文純粹覺得太獵奇了，不囉嗦直接附圖，.，.，.，.，.，是蜂蜜檸檬啊啊啊啊啊啊啊啊啊啊啊！！！，完完整整的兩顆檸檬啊！！！！！！！！！，還附一隻刀子mix榨汁棒給你啊啊啊！！！！",
    "time": "2017/06/05 16:56:20",
    "event": "slide"
  },
  {
    "category": "5",
    "app": "Chrome",
    "id": "37",
    "context": "老闆不用袋子今天突然想吃個漢堡當早餐，於是跑去早餐店，跟老闆說我要一個漢堡、不用袋子，於是…，………………，更，謝謝大家對老闆的厚待，不是在學校對面歐別誤會，一個漢堡25元而已當然要環保啊",
    "time": "2017/06/05 16:56:44",
    "event": "click"
  },
  {
    "category": "5",
    "app": "Chrome",
    "id": "38",
    "context": "老闆不用袋子今天突然想吃個漢堡當早餐，於是跑去早餐店，跟老闆說我要一個漢堡、不用袋子，於是…，………………，更，謝謝大家對老闆的厚待，不是在學校對面歐別誤會，一個漢堡25元而已當然要環保啊",
    "time": "2017/06/05 16:56:44",
    "event": "slide"
  },
  {
    "category": "5",
    "app": "Chrome",
    "id": "71",
    "context": "#食譜自己的早餐自己做-dcard大家好~其實我以前是幾乎不吃早餐的，都直接中午一起吃，以為這樣可以減肥，開始健身之後才發現早餐的重要啊~，燕麥應該是最健康便宜又簡單的選擇了，3kg300元煮一人份45g才4.5元啊啊，材料：",
    "time": "2017/06/05 17:22:20",
    "event": "click"
  },
  {
    "category": "5",
    "app": "Chrome",
    "id": "72",
    "context": "#食譜自己的早餐自己做-dcard大家好~其實我以前是幾乎不吃早餐的，都直接中午一起吃，以為這樣可以減肥，開始健身之後才發現早餐的重要啊~，燕麥應該是最健康便宜又簡單的選擇了，3kg300元煮一人份45g才4.5元啊啊，材料：",
    "time": "2017/06/05 17:22:20",
    "event": "slide"
  },
  {
    "category": "5",
    "app": "Chrome",
    "id": "73",
    "context": "美食板-dcard",
    "time": "2017/06/05 17:24:51",
    "event": "click"
  },
  {
    "category": "5",
    "app": "Chrome",
    "id": "74",
    "context": "美食板-dcard",
    "time": "2017/06/05 17:24:51",
    "event": "slide"
  }
]