[
  {
    "category": "8",
    "app": "Chrome",
    "id": "41",
    "context": "電影板-dcard",
    "time": "2017/06/05 16:58:40",
    "event": "click"
  },
  {
    "category": "8",
    "app": "Chrome",
    "id": "42",
    "context": "電影板-dcard",
    "time": "2017/06/05 16:58:40",
    "event": "slide"
  },
  {
    "category": "8",
    "app": "Chrome",
    "id": "43",
    "context": "#有雷#推薦#電影#她的危險遊戲我看完《她的危險遊戲》的第一個感想，就是導演真的太變態了，還有雨蓓阿姨真的演技太強了，怎麼可以把一個角色掌握得如此精準的變態，如此讓你著迷沉醉，而不是探討厭惡角色的行為動作，一舉一動讓你目不轉睛到結尾",
    "time": "2017/06/05 16:58:51",
    "event": "click"
  },
  {
    "category": "8",
    "app": "Chrome",
    "id": "44",
    "context": "#有雷#推薦#電影#她的危險遊戲我看完《她的危險遊戲》的第一個感想，就是導演真的太變態了，還有雨蓓阿姨真的演技太強了，怎麼可以把一個角色掌握得如此精準的變態，如此讓你著迷沉醉，而不是探討厭惡角色的行為動作，一舉一動讓你目不轉睛到結尾",
    "time": "2017/06/05 16:58:51",
    "event": "slide"
  },
  {
    "category": "8",
    "app": "Chrome",
    "id": "45",
    "context": "電影板-dcard",
    "time": "2017/06/05 16:59:59",
    "event": "click"
  },
  {
    "category": "8",
    "app": "Chrome",
    "id": "46",
    "context": "電影板-dcard",
    "time": "2017/06/05 16:59:59",
    "event": "slide"
  }
]