[
  {
    "category": "9",
    "app": "Chrome",
    "id": "47",
    "context": "#分享#圖多自製韓國旅遊手冊！-dcard更：謝謝大家喜歡我的旅遊手冊～很開心～超開心～我真的覺得我選擇小冊子印出來沒有我想像的這麼好，如果再選一次我就會選膠裝因為我內容太多了！，以下是使用過後的旅遊手冊，加上205mm的書套，建議大家封面封底跟內容分開影印",
    "time": "2017/06/05 17:01:16",
    "event": "click"
  },
  {
    "category": "9",
    "app": "Chrome",
    "id": "48",
    "context": "#分享#圖多自製韓國旅遊手冊！-dcard更：謝謝大家喜歡我的旅遊手冊～很開心～超開心～我真的覺得我選擇小冊子印出來沒有我想像的這麼好，如果再選一次我就會選膠裝因為我內容太多了！，以下是使用過後的旅遊手冊，加上205mm的書套，建議大家封面封底跟內容分開影印",
    "time": "2017/06/05 17:01:16",
    "event": "slide"
  }
]