[{"category": "3", "app": "Dcard", "id": "19", "context": "上個月，我經歷一場八點檔的婚禮上個月去參加我一個高中死黨的婚禮...，但那場婚禮大概是我人生一輩子都忘不了的回憶...，因為夠扯，但也看出來人心險惡，我曾有一個女朋友，她是我大一時認識的學姊，她對我很好，也很照顧我，當然大一上結束後，我就積極地跟她告白。就這樣我們再一起了五年多，雖然最後兩年她畢業去念其他校的研究所。", "time": "2017/07/05 16:22:53", "event": "click"}, {"category": "3", "app": "Dcard", "id": "21", "context": "你有dcard嗎？最近跟一個女生聊天聊得感覺不錯，昨天想說問她有沒有dcard，如果有的話以後還有個共同話題，我們都是講電話不打字的，因為我們都懶，而且用講的肯定比用打的多，所以我昨天問她說你有dcard嗎，她竟然回我", "time": "2017/07/05 16:26:36", "event": "click"}, {"category": "3", "app": "Dcard", "id": "22", "context": "你有dcard嗎？最近跟一個女生聊天聊得感覺不錯，昨天想說問她有沒有dcard，如果有的話以後還有個共同話題，我們都是講電話不打字的，因為我們都懶，而且用講的肯定比用打的多，所以我昨天問她說你有dcard嗎，她竟然回我.....我只有ccup......", "time": "2017/07/05 16:26:38", "event": "click"}, {"category": "3", "app": "Dcard", "id": "106", "context": "渣男出沒請小心（文長）特徵：高x海x科技大學海x環x工x系今年畢業住在臺北摩羯男名字只有兩個字我今年二月中的時候和前男友分手我因爲前男友得了憂鬱症我媽看我過得很痛苦要我多認識一些男生說我也不年輕了😂我跟我媽說身邊沒什麼認識男生的機會她說上網認識也好她不介意我當下其實沒有把這句話放在心上開學之後依舊頹廢過日子三月底的一個週末我因爲在宿舍太無聊腦中突然閃過我媽的那句話而且想想我也該往前走了載了拍拖來玩大約玩了四天遇到了他聊的愉快後來交換了賴聊得也越來越曖昧幾乎每天都會傳這樣的訊息我慢慢暈船了其實我那時候為了前男友還是很常心情不好他都會一直打電話要跟我聊天一聊就是到半夜兩三點漸漸我也開始依賴他到了清明連假我買了最後一班的高鐵票要回臺中他剛好在高鐵站旁邊打工我問他要不要來陪我等車第一次見面其實滿尷尬的但我回家的那幾天他一樣會打電話跟我聊天到一兩點回高雄那天他來高鐵站載我去看夜景過程中一直表現的非常曖昧他會一直藉著打鬧抱著我載我回學校的路上他直接抓著我的手去抱他從那天起我確定我愛上他了再聊個幾天他突然問我要不要去吃宵夜因為我們學校的關係去的話我就沒有辦法回宿舍了他要我住他那那天晚上我自己騎了大概一個小時的車程到他家一到他家他就把我壓著親了上來還好那晚什麼也沒發生我們就這樣在一起了我們就像一般的情侶一樣到處晃晃約會看電影直到有一次我po文放閃在ig上標記他他看到就立刻把我的標記刪掉他給我的解釋是他覺得我們很不穩定所以現在放閃可是很快又分手的話這樣很不好看我思考後也覺得沒錯但還是覺得怪怪的後來我們去臺南玩我就沒有標記他但他也沒按讚也沒對我po這張照片表示什麼端午連假他要回臺北我得留在高雄打工我特地從小港騎車到楠梓載他去客運站搭車再騎車回小港那天下著大雨他回臺北之後就以網路流量用完的名義跟我說沒辦法回我了但他回臺北有參加純喫茶的三對三比賽在ig上有po文有個女生在下面回：謝謝你今天特地陪我我一看到就覺得怪怪的但那女生的ig是鎖起來的我也不知道那女生是誰他回高雄後一樣是我去載他隔天早上我趁他在洗澡的時候偷翻了他手機發現那女生有po他們的合照還有像是情侶纔有的hashtag我打開賴發現他們的對話有點曖昧但似乎又不像情侶打開手機相簿有他和那女孩的合照但沒有我們的我把放在他家的東西收一收準備離開離開前問了他你是不是原本就有女朋友他只回了我她不是我女朋友就什麼話都不說我出了門他沒找我一通電話一則賴都沒有到了隔天我才傳了一大段訊息給他他還跟我說如果他真的有心要劈腿他不會笨到讓我找到證據衝著他這句話我信了我一次我要趕報告把電腦帶去他家但我出門太趕沒有帶到充電線電腦整個沒電他借我用他的電腦我很好奇他是不是真的把我的照片放在電腦裡我找到放照片的資料夾裡面有五個資料夾有我他前女友ig上那女孩另外兩個女生的前面那三個資料夾的照片沒什麼那兩個我沒看過的女生其中有一個親著他的臉頰拍照另外一個資料夾裏還有牀照後來他給我的解釋是那是之前曖昧對象後來都沒聯絡了也要我之後尊重他的隱私6/17他畢業那天其實我早就排休要去參加了但我沒跟他說那天一樣下著大雨我買了花趕到他們學校竟然遇到ig上那女孩當下我一直有想去跟她說不要再纏著我男朋友的衝動但我不想搞得那麼難堪送完花匆匆回到學校po了文標記依舊被刪掉畢業典禮那天他就回臺北了我留在高雄繼續忙著期末考我們幾乎沒有聯絡他說那個截圖是他朋友傳給他的接著他就跟我提分手我後來直接找那個帳號想瞭解狀況因為他很想知道這隻帳號是誰的我就賴他接著再找到另外一個女生m想瞭解她的狀況約出來後才知道原來他們今年過年的時候用低卡認識曖昧的手法完全一樣但又突然對m很冷淡我後來約了m出來談談才知道他跟我在一起的時候都一直在騙mm也不知道我這個女朋友的存在而且m因為他也有一點精神狀況我從m那邊知道其他女生的訊息一個已經不打算繼續跟他聊了另一個應該是已經暈船不理我們7/1我從高雄上臺北跟他聊了很久可能我講話太酸吧之後m賴他他跟m抱怨我把我講的有點難聽其實我們的對話內容我有錄音但我不打算公開我只是錄給m聽的親愛的你其實那個當下我不是不難過只是在你面前我得堅強起來我纔不會再被欺負這幾天我一直在臺北亂晃很多跟你的回憶都跑了出來這段話是給你的你把我的ig跟臉書都封鎖了希望你看得到今天的臺北依舊陰天其實你很幸運你知道嗎有個女孩願意為你十一點下班後再騎一個小時的車就是為了那短暫的相處時間看你平常都吃的不好買了一堆食材到你家做菜給你分手後翹班連制服都來不及換下踩著高跟鞋從臺灣的南端趕上了北端你應該忘瞭如果沒分手這女孩是特地上來陪你的現在卻變成女孩的療傷之旅一個人在信義亂晃奢求能巧遇你另一個女孩趕上基隆看你比賽就算只跟你講到兩句話也值得為了你熬夜做卡片趕下高雄無助的只能尋求另一個女孩的援助我走不進你的世界如果能早點遇到曾經開朗的你我們會很不一樣吧給我曾經愛過的你", "time": "2017/07/05 16:45:57", "event": "click"}, {"category": "3", "app": "Dcard", "id": "107", "context": "渣男出沒請小心（文長）特徵：高x海x科技大學海x環x工x系今年畢業住在臺北摩羯男名字只有兩個字我今年二月中的時候和前男友分手我因爲前男友得了憂鬱症我媽看我過得很痛苦要我多認識一些男生說我也不年輕了😂我跟我媽說身邊沒什麼認識男生的機會她說上網認識也好她不介意我當下其實沒有把這句話放在心上開學之後依舊頹廢過日子三月底的一個週末我因爲在宿舍太無聊腦中突然閃過我媽的那句話而且想想我也該往前走了載了拍拖來玩大約玩了四天遇到了他聊的愉快後來交換了賴聊得也越來越曖昧幾乎每天都會傳這樣的訊息我慢慢暈船了其實我那時候為了前男友還是很常心情不好他都會一直打電話要跟我聊天一聊就是到半夜兩三點漸漸我也開始依賴他到了清明連假我買了最後一班的高鐵票要回臺中他剛好在高鐵站旁邊打工我問他要不要來陪我等車第一次見面其實滿尷尬的但我回家的那幾天他一樣會打電話跟我聊天到一兩點回高雄那天他來高鐵站載我去看夜景過程中一直表現的非常曖昧他會一直藉著打鬧抱著我載我回學校的路上他直接抓著我的手去抱他從那天起我確定我愛上他了再聊個幾天他突然問我要不要去吃宵夜因為我們學校的關係去的話我就沒有辦法回宿舍了他要我住他那那天晚上我自己騎了大概一個小時的車程到他家一到他家他就把我壓著親了上來還好那晚什麼也沒發生我們就這樣在一起了我們就像一般的情侶一樣到處晃晃約會看電影直到有一次我po文放閃在ig上標記他他看到就立刻把我的標記刪掉他給我的解釋是他覺得我們很不穩定所以現在放閃可是很快又分手的話這樣很不好看我思考後也覺得沒錯但還是覺得怪怪的後來我們去臺南玩我就沒有標記他但他也沒按讚也沒對我po這張照片表示什麼端午連假他要回臺北我得留在高雄打工我特地從小港騎車到楠梓載他去客運站搭車再騎車回小港那天下著大雨他回臺北之後就以網路流量用完的名義跟我說沒辦法回我了但他回臺北有參加純喫茶的三對三比賽在ig上有po文有個女生在下面回：謝謝你今天特地陪我我一看到就覺得怪怪的但那女生的ig是鎖起來的我也不知道那女生是誰他回高雄後一樣是我去載他隔天早上我趁他在洗澡的時候偷翻了他手機發現那女生有po他們的合照還有像是情侶纔有的hashtag我打開賴發現他們的對話有點曖昧但似乎又不像情侶打開手機相簿有他和那女孩的合照但沒有我們的我把放在他家的東西收一收準備離開離開前問了他你是不是原本就有女朋友他只回了我她不是我女朋友就什麼話都不說我出了門他沒找我一通電話一則賴都沒有到了隔天我才傳了一大段訊息給他他還跟我說如果他真的有心要劈腿他不會笨到讓我找到證據衝著他這句話我信了我一次我要趕報告把電腦帶去他家但我出門太趕沒有帶到充電線電腦整個沒電他借我用他的電腦我很好奇他是不是真的把我的照片放在電腦裡我找到放照片的資料夾裡面有五個資料夾有我他前女友ig上那女孩另外兩個女生的前面那三個資料夾的照片沒什麼那兩個我沒看過的女生其中有一個親著他的臉頰拍照另外一個資料夾裏還有牀照後來他給我的解釋是那是之前曖昧對象後來都沒聯絡了也要我之後尊重他的隱私6/17他畢業那天其實我早就排休要去參加了但我沒跟他說那天一樣下著大雨我買了花趕到他們學校竟然遇到ig上那女孩當下我一直有想去跟她說不要再纏著我男朋友的衝動但我不想搞得那麼難堪送完花匆匆回到學校po了文標記依舊被刪掉畢業典禮那天他就回臺北了我留在高雄繼續忙著期末考我們幾乎沒有聯絡他說那個截圖是他朋友傳給他的接著他就跟我提分手我後來直接找那個帳號想瞭解狀況因為他很想知道這隻帳號是誰的我就賴他接著再找到另外一個女生m想瞭解她的狀況約出來後才知道原來他們今年過年的時候用低卡認識曖昧的手法完全一樣但又突然對m很冷淡我後來約了m出來談談才知道他跟我在一起的時候都一直在騙mm也不知道我這個女朋友的存在而且m因為他也有一點精神狀況我從m那邊知道其他女生的訊息一個已經不打算繼續跟他聊了另一個應該是已經暈船不理我們7/1我從高雄上臺北跟他聊了很久可能我講話太酸吧之後m賴他他跟m抱怨我把我講的有點難聽其實我們的對話內容我有錄音但我不打算公開我只是錄給m聽的親愛的你其實那個當下我不是不難過只是在你面前我得堅強起來我纔不會再被欺負這幾天我一直在臺北亂晃很多跟你的回憶都跑了出來這段話是給你的你把我的ig跟臉書都封鎖了希望你看得到今天的臺北依舊陰天其實你很幸運你知道嗎有個女孩願意為你十一點下班後再騎一個小時的車就是為了那短暫的相處時間看你平常都吃的不好買了一堆食材到你家做菜給你分手後翹班連制服都來不及換下踩著高跟鞋從臺灣的南端趕上了北端你應該忘瞭如果沒分手這女孩是特地上來陪你的現在卻變成女孩的療傷之旅一個人在信義亂晃奢求能巧遇你另一個女孩趕上基隆看你比賽就算只跟你講到兩句話也值得為了你熬夜做卡片趕下高雄無助的只能尋求另一個女孩的援助我走不進你的世界如果能早點遇到曾經開朗的你我們會很不一樣吧給我曾經愛過的你", "time": "2017/07/05 16:45:58", "event": "slide"}]