[
  {
    "category": "1",
    "app": "Dcard",
    "id": "1",
    "context": "今天起一個大清早難得假日早起，覺得心情不錯開心的拿起手機，來叫個早餐撥出後，我很順的說了一句您好，早安，我要一杯大溫奶，然後…我還沒說完電話那頭就直接說「你白癡喔！我要怎麼給你大溫奶？」我心想，咦？早餐店阿姨怎麼了？我看了一下號碼，直接大笑真的很白癡，我竟然是打給我媽還跟她說我要一杯大溫奶😂😂😂然後我直接掛掉，我想我可能還沒真正清醒對了，忘了跟大家說早安記得去吃早餐喔😳😳😳",
    "time": "2017/04/09 15:44:29",
    "event": "click"
  },
  {
    "category": "1",
    "app": "Dcard",
    "id": "2",
    "context": "今天起一個大清早難得假日早起，覺得心情不錯開心的拿起手機，來叫個早餐撥出後，我很順的說了一句您好，早安，我要一杯大溫奶，然後…我還沒說完電話那頭就直接說「你白癡喔！我要怎麼給你大溫奶？」我心想，咦？早餐店阿姨怎麼了？我看了一下號碼，直接大笑真的很白癡，我竟然是打給我媽還跟她說我要一杯大溫奶😂😂😂然後我直接掛掉，我想我可能還沒真正清醒對了，忘了跟大家說早安記得去吃早餐喔😳😳😳",
    "time": "2017/04/09 15:44:29",
    "event": "slide"
  },
  {
    "category": "1",
    "app": "Dcard",
    "id": "7",
    "context": "美食",
    "time": "2017/04/09 15:46:10",
    "event": "click"
  },
  {
    "category": "1",
    "app": "Dcard",
    "id": "8",
    "context": "在期中的掙扎中我終於擠出影片了..😵😵看在這份上..請原諒我在這時間上傳吧xd今日兔級廚師特餐要做的是:“一蘭拉麵開箱”(´▽`)ﾉ這是我那時後去日本上野吃一蘭拉麵的時候帶回來的伴手禮，拖到現在纔想到要來煮😂回到正題(￣^￣)ゞ🐇首先要準備的材料有:1.一蘭拉麵2.炸餛飩3.溫泉蛋4.青蔥-作法-🐇步驟一正確的打開一蘭拉麵的盒子，這點真的很重要😂😂(高湯包*3辣粉*3麵*6)🐇步驟二青蔥切蔥花(￣^￣)ゞ溫泉蛋切半(´･ω･`)🐇步驟三煮滾水下麵(╯‵□′)╯︵┻━┻🐇步驟四然後約三分鐘後起鍋(包裝上寫的-3-話說它麵條跟臺灣的麵線一樣會鹹欸🤔再來分成四碗(雖然包裝上是三人份，不過它的份量四人吃綽綽有餘(´･ω･`)🐇步驟五再煮一鍋滾水下高湯包(鹹度如果照包裝上的水量會有點鹹，所以我就自己調了😂😂像這樣(￣^￣)ゞ🐇步驟六最後再注入湯，撒上蔥花放上溫泉蛋及炸餛飩就完成囉~\\(≧▽≦)/~《對照一下》這是那時候在日本拍的~最後還是一樣附上詳細影片(￣^￣)ゞ那如果喜歡我的影片可以按讚或是留言那想持續追蹤歡迎訂閱喔~\\(≧▽≦)/~希望大家會喜歡囉😘-兔子-",
    "time": "2017/04/09 15:46:26",
    "event": "click"
  },
  {
    "category": "1",
    "app": "Dcard",
    "id": "9",
    "context": "在期中的掙扎中我終於擠出影片了..😵😵看在這份上..請原諒我在這時間上傳吧xd今日兔級廚師特餐要做的是:“一蘭拉麵開箱”(´▽`)ﾉ這是我那時後去日本上野吃一蘭拉麵的時候帶回來的伴手禮，拖到現在纔想到要來煮😂回到正題(￣^￣)ゞ🐇首先要準備的材料有:1.一蘭拉麵2.炸餛飩3.溫泉蛋4.青蔥-作法-🐇步驟一正確的打開一蘭拉麵的盒子，這點真的很重要😂😂(高湯包*3辣粉*3麵*6)🐇步驟二青蔥切蔥花(￣^￣)ゞ溫泉蛋切半(´･ω･`)🐇步驟三煮滾水下麵(╯‵□′)╯︵┻━┻🐇步驟四然後約三分鐘後起鍋(包裝上寫的-3-話說它麵條跟臺灣的麵線一樣會鹹欸🤔再來分成四碗(雖然包裝上是三人份，不過它的份量四人吃綽綽有餘(´･ω･`)🐇步驟五再煮一鍋滾水下高湯包(鹹度如果照包裝上的水量會有點鹹，所以我就自己調了😂😂像這樣(￣^￣)ゞ🐇步驟六最後再注入湯，撒上蔥花放上溫泉蛋及炸餛飩就完成囉~\\(≧▽≦)/~《對照一下》這是那時候在日本拍的~最後還是一樣附上詳細影片(￣^￣)ゞ那如果喜歡我的影片可以按讚或是留言那想持續追蹤歡迎訂閱喔~\\(≧▽≦)/~希望大家會喜歡囉😘-兔子-",
    "time": "2017/04/09 15:46:26",
    "event": "slide"
  },
  {
    "category": "1",
    "app": "Dcard",
    "id": "10",
    "context": "一直在網路上耳聞胖老爹強大的魅力，最近家裡附近開了一家分店，二話不說立馬出發去買，然而到了以後才發現這個決定是錯的...什麼!因為是現炸的關係，想吃上一口炸雞都要等上一陣子，當日solo在現場等了約半個鐘頭才終於拿到期待已久的炸雞，請大家一定要電話預約不要像solo一樣立馬衝去現場，也是吃不到炸雞的😭全家餐(三支雞翅+三塊腿排+兩隻雞腿)259元★★★☆☆(滿分五顆星-評分三顆星)每塊的個頭真的都頗大的，而且麵皮都是薄薄的一層不會讓你像在吃炸麵皮一般，一口咬下去就能感受到肉質軟嫩鮮甜，再加上這價格硬是比肯x雞便宜了63元，真的是讓人覺得買了很值得啊!波霸脆薯小份35元★★☆☆☆(滿分五顆星-評分兩顆星)草莓布丁球四顆40元★★☆☆☆(滿分五顆星-評分兩顆星)除了炸雞以外還有一些小點心可供選擇，薯條的部分比麥x勞的要粗一些，味道方面則表現得一般般不到特別突出。另外solo在菜單上看到了一個很特別的東西-草莓布丁球，就抱持著好玩新奇的心態點了它，切開後裏頭包裹著黃黃甜甜像是卡士達一般的東西，而外層則是草莓口味的地瓜球，整體來說不難吃，但就是覺得有嘗試過就好應該不會再點第二次。最後附上菜單，但似乎每家分店販賣的品項都有稍微的不同，但最好吃的招牌炸雞一定是每家店都有的!店名：胖老爹美式炸雞土城青雲店地址：新北市土城區青雲路61號營業時間：15:00~23:00電話：(02)82628685以上皆是筆者真實感受但每個人口味有所不同，我的蜜糖可能是你的毒藥反之也是。喜歡我的文章的話歡迎追蹤我的ig會有更多美食的分享與真實的感受https://www.instagram.com/solo_guide/拍照x美食x景點x旅行感謝收看",
    "time": "2017/04/09 15:46:58",
    "event": "click"
  },
  {
    "category": "1",
    "app": "Dcard",
    "id": "11",
    "context": "一直在網路上耳聞胖老爹強大的魅力，最近家裡附近開了一家分店，二話不說立馬出發去買，然而到了以後才發現這個決定是錯的...什麼!因為是現炸的關係，想吃上一口炸雞都要等上一陣子，當日solo在現場等了約半個鐘頭才終於拿到期待已久的炸雞，請大家一定要電話預約不要像solo一樣立馬衝去現場，也是吃不到炸雞的😭全家餐(三支雞翅+三塊腿排+兩隻雞腿)259元★★★☆☆(滿分五顆星-評分三顆星)每塊的個頭真的都頗大的，而且麵皮都是薄薄的一層不會讓你像在吃炸麵皮一般，一口咬下去就能感受到肉質軟嫩鮮甜，再加上這價格硬是比肯x雞便宜了63元，真的是讓人覺得買了很值得啊!波霸脆薯小份35元★★☆☆☆(滿分五顆星-評分兩顆星)草莓布丁球四顆40元★★☆☆☆(滿分五顆星-評分兩顆星)除了炸雞以外還有一些小點心可供選擇，薯條的部分比麥x勞的要粗一些，味道方面則表現得一般般不到特別突出。另外solo在菜單上看到了一個很特別的東西-草莓布丁球，就抱持著好玩新奇的心態點了它，切開後裏頭包裹著黃黃甜甜像是卡士達一般的東西，而外層則是草莓口味的地瓜球，整體來說不難吃，但就是覺得有嘗試過就好應該不會再點第二次。最後附上菜單，但似乎每家分店販賣的品項都有稍微的不同，但最好吃的招牌炸雞一定是每家店都有的!店名：胖老爹美式炸雞土城青雲店地址：新北市土城區青雲路61號營業時間：15:00~23:00電話：(02)82628685以上皆是筆者真實感受但每個人口味有所不同，我的蜜糖可能是你的毒藥反之也是。喜歡我的文章的話歡迎追蹤我的ig會有更多美食的分享與真實的感受https://www.instagram.com/solo_guide/拍照x美食x景點x旅行感謝收看",
    "time": "2017/04/09 15:46:58",
    "event": "slide"
  },
  {
    "category": "1",
    "app": "Dcard",
    "id": "12",
    "context": "昨天去北投找朋友的時候經過一家新開的蛋撻店第一個就看到名字「安德斯」直接想到澳門神店安德魯啊又看到療愈的蛋撻一顆一顆排列立刻被吸引問了一下老闆才知道原來他們就是去澳門學回來做的今天開幕又有買一盒送一顆的活動7顆才$200！！！！吃貨如我當然是二話不說包了兩盒回來拿到馬上吃了一顆熱的（據說剛出爐）真的很好吃蛋撻皮很酥又不會乾內餡也是很香很嫩完全融化我的心😍😍可是我心有餘而力不足太貪心包兩盒吃不完😅想到老闆提醒說冷凍可以保存比較久就決定試試看結果今天早上拿出來吃本來怕會不好吃畢竟感覺好像蛋撻要熱熱的吃但是！！我的天啊整個超好吃的跟熱的完全不同風味自己覺得好像冰淇淋一樣皮也跟昨天買的時候一樣好吃完全不會乾耶（我吃蛋撻很怕乾肯x🐔）這家店絕對是會在光顧的大愛😋😋",
    "time": "2017/04/09 15:47:28",
    "event": "click"
  },
  {
    "category": "1",
    "app": "Dcard",
    "id": "13",
    "context": "昨天去北投找朋友的時候經過一家新開的蛋撻店第一個就看到名字「安德斯」直接想到澳門神店安德魯啊又看到療愈的蛋撻一顆一顆排列立刻被吸引問了一下老闆才知道原來他們就是去澳門學回來做的今天開幕又有買一盒送一顆的活動7顆才$200！！！！吃貨如我當然是二話不說包了兩盒回來拿到馬上吃了一顆熱的（據說剛出爐）真的很好吃蛋撻皮很酥又不會乾內餡也是很香很嫩完全融化我的心😍😍可是我心有餘而力不足太貪心包兩盒吃不完😅想到老闆提醒說冷凍可以保存比較久就決定試試看結果今天早上拿出來吃本來怕會不好吃畢竟感覺好像蛋撻要熱熱的吃但是！！我的天啊整個超好吃的跟熱的完全不同風味自己覺得好像冰淇淋一樣皮也跟昨天買的時候一樣好吃完全不會乾耶（我吃蛋撻很怕乾肯x🐔）這家店絕對是會在光顧的大愛😋😋",
    "time": "2017/04/09 15:47:28",
    "event": "slide"
  },
  {
    "category": "1",
    "app": "Dcard",
    "id": "14",
    "context": "今天要做的是敲好吃的佛蒙特咖哩首先準備工具人一枚這樣只要出一張嘴他動手喔啾咪！開玩笑的啦我們要自己動手做纔好吃喔😯材料如下1.敲好吃咖哩塊：這個咖哩塊右上角會寫辣度2.配角們-所有蔬菜都是想吃什麼都可以加喔咖哩就是要加紅蘿蔔沒理由的玉叔叔：因為一盒12元就買金針菇：想吃就加肉片：沒有肉沒有飽啊ㄎㄢ絲的起司：東西加起司就會特別好吃😋材料們準備下鍋囉將食材一起拌炒，我們有事先燙軟紅蘿蔔炒香然後倒水下去讓所有食材合而為一覺得所有蔬菜軟後關火加入咖哩塊撒上起司就變成超美味起司咖哩可以沾蝦餅。真的超好吃啦也可以拌麵或是加白飯也很好吃啦",
    "time": "2017/04/09 15:48:15",
    "event": "click"
  },
  {
    "category": "1",
    "app": "Dcard",
    "id": "15",
    "context": "今天要做的是敲好吃的佛蒙特咖哩首先準備工具人一枚這樣只要出一張嘴他動手喔啾咪！開玩笑的啦我們要自己動手做纔好吃喔😯材料如下1.敲好吃咖哩塊：這個咖哩塊右上角會寫辣度2.配角們-所有蔬菜都是想吃什麼都可以加喔咖哩就是要加紅蘿蔔沒理由的玉叔叔：因為一盒12元就買金針菇：想吃就加肉片：沒有肉沒有飽啊ㄎㄢ絲的起司：東西加起司就會特別好吃😋材料們準備下鍋囉將食材一起拌炒，我們有事先燙軟紅蘿蔔炒香然後倒水下去讓所有食材合而為一覺得所有蔬菜軟後關火加入咖哩塊撒上起司就變成超美味起司咖哩可以沾蝦餅。真的超好吃啦也可以拌麵或是加白飯也很好吃啦",
    "time": "2017/04/09 15:48:15",
    "event": "slide"
  },
  {
    "category": "1",
    "app": "Dcard",
    "id": "16",
    "context": "最近原po開始健身健身教練苦口婆心叮嚀晚餐不能吃澱粉只能肉類和蔬菜吃到飽😢於是今晚就精心準備了我的無澱粉晚餐--如圖所示，有煎鮭魚、洋蔥炒蛋、煎洋蔥、煎紅椒、燙花椰菜和胡蘿蔔佐莎莎醬☺️私心選用鮭魚肚(不知道會不會被教練打😂)油脂豐富到入口即化隨隨便便醃漬都堪比五星級主廚端上的好吃！（也有可能是餓太久的錯覺xd）原po弟是高中生，基於他青少年食量大，就賜他一坨飯😇(明明健身前的我也會有一坨飯...😭)我滿討厭花太多時間煮飯的莎莎醬製作時間包括在內這樣從備料到上桌只要一個小時(原po教練會花兩到三小時做飯...😨)大家如果有推薦的簡單又不用烤箱的菜單，還請留言分享🙇之前有爬減肥餐的文，要馬有飯有麵，要馬份量太少😱原po是大食怪...**同場加映**晚餐都吃那麼多了，現在就已經肚子叫得響徹雲霄😂只好五穀餅乾沾莎莎醬和酪梨吃",
    "time": "2017/04/09 15:48:33",
    "event": "click"
  },
  {
    "category": "1",
    "app": "Dcard",
    "id": "17",
    "context": "最近原po開始健身健身教練苦口婆心叮嚀晚餐不能吃澱粉只能肉類和蔬菜吃到飽😢於是今晚就精心準備了我的無澱粉晚餐--如圖所示，有煎鮭魚、洋蔥炒蛋、煎洋蔥、煎紅椒、燙花椰菜和胡蘿蔔佐莎莎醬☺️私心選用鮭魚肚(不知道會不會被教練打😂)油脂豐富到入口即化隨隨便便醃漬都堪比五星級主廚端上的好吃！（也有可能是餓太久的錯覺xd）原po弟是高中生，基於他青少年食量大，就賜他一坨飯😇(明明健身前的我也會有一坨飯...😭)我滿討厭花太多時間煮飯的莎莎醬製作時間包括在內這樣從備料到上桌只要一個小時(原po教練會花兩到三小時做飯...😨)大家如果有推薦的簡單又不用烤箱的菜單，還請留言分享🙇之前有爬減肥餐的文，要馬有飯有麵，要馬份量太少😱原po是大食怪...**同場加映**晚餐都吃那麼多了，現在就已經肚子叫得響徹雲霄😂只好五穀餅乾沾莎莎醬和酪梨吃",
    "time": "2017/04/09 15:48:33",
    "event": "slide"
  },
  {
    "category": "1",
    "app": "Dcard",
    "id": "18",
    "context": "其實我只是要分享我很會吃還很瘦的故事而已下面是家常料理，賣相一般吧！每個照片都是我的日常午餐或晚餐的其中一餐原圖直上1️⃣膽固醇破錶的肉燥麵加蛋這是我在家吃飯的碗（公）裡面有三坨麵+媽媽肉燥+兩顆蛋另外加上一顆半的芭樂2️⃣沒有蔬菜的宵夜魚包蛋湯+中午吃剩的1/3鍋雞湯+剩下的肉燥飯因為我上晚班時跟媽媽說肚子餓，他就準備宵夜給我了（也就是晚餐加熱而已）3️⃣7-11的培根起司捲+蝦仁炒飯+一顆芭樂+兩個韭菜盒（不過我吃掉了所以不在圖片裡）應該看得出來我是邊吃邊拍😂我喜歡吃7-11的培根起司捲，看到就順手買了4️⃣蒟蒻佐莎朗牛顧名思義就是蒟蒻+牛排沒有菜是因為我懶得洗玉米會焦是因為沒有為什麼，純粹喜歡而已4-1牛排2號我那陣子就特別想吃牛排然後就煎了配菜依然是玉米筍，沒有為什麼，因為我愛！💟💟接下來是之前外宿生活當老外的日子💟💟（我學校在南部，我家住北部，我現在課少就通勤）5️⃣臺南轟丼除了右下的親子丼我吃了兩口，其他我都吃完了（只吃兩口因為那碗不是我的）6️⃣臺北101美食街忘了哪家感想就一般般吧，不過比高雄草衙道那間好吃！（明明就同樣的集團，我也不知道為什麼）7️⃣嘉義五妹的店總匯三明治當初從臺南一日騎回北部的時候跟朋友約在那橘色那個是南瓜😨我不愛8️⃣臺南老上海在我們學校附近而已這樣90塊經濟實惠❤️🔅🔅港澳篇🔅🔅因為我還滿常到處亂飛的，所以來分享一下😬9️⃣香港沙嗲王那個飯就是飯而已然後吃完這餐我就拉了一天😑1️⃣0️⃣澳門馬嘉烈蛋撻（我的點心）現烤好吃！裡面不給拍照！1️⃣1️⃣香港一蘭拉麵我選清淡湯底+微辣，好吃！但我的身體好像不喜歡這種辣，所以我又拉了一天，屁股灼燒的感覺！1️⃣2️⃣廣州周黑鴨我要讚美他所以放兩張圖😅麻麻辣辣超爽！1️⃣3️⃣香港大家樂常餐這是我在香港的早餐我愛常餐，常餐愛我💟我的麵被對面先生給換掉了😒因為他比較喜歡那個口味，然後他吃不下我就順手幫他解決了1️⃣4️⃣廣州牛肉粉（早餐）不要懷疑這是早餐！1️⃣5️⃣廣州麥當勞事實上，拍照時我已經吃了一個鱈魚堡1️⃣6️⃣珠海海底撈因為食物照片內都有我本人，所以就不放上來了😂這是跟男朋友一起去吃的啦！暫時先這樣，還有很多照片，不過我懶得找😂臺南也很多好吃的，但那些拍照好看的我目前比較不喜歡，我喜歡真正好吃實在的！畢竟能餐餐用碗公吃飯的還是需要實惠的價格才能養活自己😭說到要分享我超瘦又超會吃的故事目前小女子我158/42.1附上小米體重計的同步測量以臺灣麥當勞來計算的話，我一個人可以吃掉一個套餐，飲料換玉米濃湯，加點四塊雞塊跟一個蘋果派！以costco來計算，那就是一個牛肉捲加兩杯飲料去冰！我的早餐基本是一個蛋餅+一杯豆漿+一個漢堡或三明治午餐跟晚餐的時間接近，但基本上過九點或八點不吃！（除非沒吃晚餐直接跳宵夜）飲料不太喝，頂多鮮奶、現泡茶、豆漿（擇一）偶爾會喝個鮮奶茶微糖去冰啦！每天都強迫自己喝水（因為我不愛喝水又怕結石）有青菜就都吃青菜（我不愛吃肉，雖然上面圖片沒青菜哈哈）早上第一口水或飲料，只喝熱的，一年四季不改變！另外，我跟一般懶人一樣，不運動哈哈哈但走路一小時內會到的地方，我又剛好有時間的話，我會走路去！每週平均走路40～43公里，每日都至少五公里，滿輕鬆的😂沒有特別減肥，這是遺傳，我全家都瘦子！基本上不要吃太多垃圾食物，就勇敢地吃！不用特別不吃什麼，健康就可以了。20161016更新*附上今天簡單的晚餐番茄炒蛋、五穀飯、菠菜、川燙茭白筍+藥燉排骨湯#我是🐷我超會吃",
    "time": "2017/04/09 15:49:07",
    "event": "click"
  },
  {
    "category": "1",
    "app": "Dcard",
    "id": "19",
    "context": "其實我只是要分享我很會吃還很瘦的故事而已下面是家常料理，賣相一般吧！每個照片都是我的日常午餐或晚餐的其中一餐原圖直上1️⃣膽固醇破錶的肉燥麵加蛋這是我在家吃飯的碗（公）裡面有三坨麵+媽媽肉燥+兩顆蛋另外加上一顆半的芭樂2️⃣沒有蔬菜的宵夜魚包蛋湯+中午吃剩的1/3鍋雞湯+剩下的肉燥飯因為我上晚班時跟媽媽說肚子餓，他就準備宵夜給我了（也就是晚餐加熱而已）3️⃣7-11的培根起司捲+蝦仁炒飯+一顆芭樂+兩個韭菜盒（不過我吃掉了所以不在圖片裡）應該看得出來我是邊吃邊拍😂我喜歡吃7-11的培根起司捲，看到就順手買了4️⃣蒟蒻佐莎朗牛顧名思義就是蒟蒻+牛排沒有菜是因為我懶得洗玉米會焦是因為沒有為什麼，純粹喜歡而已4-1牛排2號我那陣子就特別想吃牛排然後就煎了配菜依然是玉米筍，沒有為什麼，因為我愛！💟💟接下來是之前外宿生活當老外的日子💟💟（我學校在南部，我家住北部，我現在課少就通勤）5️⃣臺南轟丼除了右下的親子丼我吃了兩口，其他我都吃完了（只吃兩口因為那碗不是我的）6️⃣臺北101美食街忘了哪家感想就一般般吧，不過比高雄草衙道那間好吃！（明明就同樣的集團，我也不知道為什麼）7️⃣嘉義五妹的店總匯三明治當初從臺南一日騎回北部的時候跟朋友約在那橘色那個是南瓜😨我不愛8️⃣臺南老上海在我們學校附近而已這樣90塊經濟實惠❤️🔅🔅港澳篇🔅🔅因為我還滿常到處亂飛的，所以來分享一下😬9️⃣香港沙嗲王那個飯就是飯而已然後吃完這餐我就拉了一天😑1️⃣0️⃣澳門馬嘉烈蛋撻（我的點心）現烤好吃！裡面不給拍照！1️⃣1️⃣香港一蘭拉麵我選清淡湯底+微辣，好吃！但我的身體好像不喜歡這種辣，所以我又拉了一天，屁股灼燒的感覺！1️⃣2️⃣廣州周黑鴨我要讚美他所以放兩張圖😅麻麻辣辣超爽！1️⃣3️⃣香港大家樂常餐這是我在香港的早餐我愛常餐，常餐愛我💟我的麵被對面先生給換掉了😒因為他比較喜歡那個口味，然後他吃不下我就順手幫他解決了1️⃣4️⃣廣州牛肉粉（早餐）不要懷疑這是早餐！1️⃣5️⃣廣州麥當勞事實上，拍照時我已經吃了一個鱈魚堡1️⃣6️⃣珠海海底撈因為食物照片內都有我本人，所以就不放上來了😂這是跟男朋友一起去吃的啦！暫時先這樣，還有很多照片，不過我懶得找😂臺南也很多好吃的，但那些拍照好看的我目前比較不喜歡，我喜歡真正好吃實在的！畢竟能餐餐用碗公吃飯的還是需要實惠的價格才能養活自己😭說到要分享我超瘦又超會吃的故事目前小女子我158/42.1附上小米體重計的同步測量以臺灣麥當勞來計算的話，我一個人可以吃掉一個套餐，飲料換玉米濃湯，加點四塊雞塊跟一個蘋果派！以costco來計算，那就是一個牛肉捲加兩杯飲料去冰！我的早餐基本是一個蛋餅+一杯豆漿+一個漢堡或三明治午餐跟晚餐的時間接近，但基本上過九點或八點不吃！（除非沒吃晚餐直接跳宵夜）飲料不太喝，頂多鮮奶、現泡茶、豆漿（擇一）偶爾會喝個鮮奶茶微糖去冰啦！每天都強迫自己喝水（因為我不愛喝水又怕結石）有青菜就都吃青菜（我不愛吃肉，雖然上面圖片沒青菜哈哈）早上第一口水或飲料，只喝熱的，一年四季不改變！另外，我跟一般懶人一樣，不運動哈哈哈但走路一小時內會到的地方，我又剛好有時間的話，我會走路去！每週平均走路40～43公里，每日都至少五公里，滿輕鬆的😂沒有特別減肥，這是遺傳，我全家都瘦子！基本上不要吃太多垃圾食物，就勇敢地吃！不用特別不吃什麼，健康就可以了。20161016更新*附上今天簡單的晚餐番茄炒蛋、五穀飯、菠菜、川燙茭白筍+藥燉排骨湯#我是🐷我超會吃",
    "time": "2017/04/09 15:49:07",
    "event": "slide"
  },
  {
    "category": "1",
    "app": "Dcard",
    "id": "33",
    "context": "之前完全不吃抹茶的我身為螞蟻不喜歡吃苦的東西但一直被身邊的朋友洗腦說抹茶很好吃結果今年初就吃看看蠻有名的三星丸誰知道一吃完就愛上了😳就造就以下的大量抹茶甜點幾乎都今年吃到的文章有點長喔幾乎都是中部的沒時間的可以先收藏以後再看喔😊（1）三星丸-勤美店山城御判燒（濃厚抹茶松露）$265御判燒好像就是日式厚鬆餅吧🤔右邊抹茶冰淇淋下面還有紅豆好好吃中間還有一些很像摳斯洞的餅乾加上鮮奶油的樣子.傾城莓姬$199抹茶冰淇淋+草莓+脆片+白玉抹茶冰淇淋加草莓好好吃😋脆片久了會軟掉可以把脆片換草莓嗎😅白玉吃起來就是湯圓啊😂等了快兩個小時還蠻值得的⭐️4.7/5📍臺中市西區館前路71號🕚11:00–22:00（2）kusabi+抹茶提拉米蘇$120蛋糕體的部分蠻好吃的上面的抹茶馬斯卡邦有點厚吃到後來有點膩抹茶生巧克力塔$130塔皮有點硬裡面是抹茶巧克力跟一般的巧克力抹茶味覺得沒有很重口味偏甜抹茶拿鐵$130飲料加甜點折10元.⭐️4.1/5📍臺中市北區篤行路316巷2號📞04-22069765🕚10:00:-18:00🚫低消飲料一杯（3）石燕shiyan抹茶法式塔$70很佛心的價格抹茶味沒有很重塔皮底部有點厚不然整體來說cp值蠻高的日本京都抹茶乳酪鬆餅$180鬆餅表皮是脆的沒有讓我失望前面那個吃起來像抹茶鮮奶油沒有乳酪的感覺這鬆餅是我這家店最愛的一項⭐️4/5📍臺中市西屯區逢甲路88號🕚11:00-24:00📞04-24513458🚫無服務費：餐點需自取（4）overture序曲抹茶千層蛋糕$175這是我看過最浮誇的千層抹茶鮮奶油多到爆炸抹茶草莓戚風$145小山園抹茶戚風蛋糕小山園抹茶鮮奶油香堤大湖新鮮草莓整體來說很好吃蛋糕跟鮮奶油搭配的很好⭐️4.3/5📍臺中市北屯區太原路三段150巷8弄17號🕓13:30-20:00🚫不定期公休（5）法樂法式薄餅店小山園青綠抹茶千層蛋糕$160這應該是我吃過最好吃的抹茶千層吧不是每天都有的喔⭐️4.7/5📍臺中市西屯區大墩20街133號🕓8:30-17:00🚫週一13:00-17:00（6）樂緹波兒手作塔派抹茶千層蛋糕$130草莓千層蛋糕$120認真覺得這家千層蛋糕很划算但是加了紅豆的口感我不是很喜歡⭐️4.2/5📍臺中市南屯區永春東路125號🕓11:00-19:00🚫週二公休（7）窩巷大全店-hiddenlane抹茶流沙千層蛋糕＄130⭐️3.7/5📍臺中市西區大全街一號🕓11:00-19:00🚫週二公休（8）日安小砌。手作食堂抹茶千層$140說真的這不是很好吃😕⭐️3.5/5📍臺中市龍井區新興路一巷22號🕓10:00-20:00🚫週二公休（9）水曜日洋菓子工房抹茶塔$165最上層是抹茶慕斯然後是鮮奶油最下面是紅豆⭐️4/5📍臺中市西區五權西三街5號🕓14:00~21:00🚫週四公休（10）樂丘廚房-東海店京都抹茶舒芙蕾鬆餅$150特製京都抹茶醬料抹茶香氣十足帶點微苦回甘且餘韻滑順都不知道我為了這家的鬆餅回訪了幾次⭐️4.4/5📍臺中市龍井區臺灣大道五段3巷62弄13號🕓1:00–21:00（11）右舍咖啡生巧克力抹茶塔$110抹茶塔的內餡很濃鬱口感我個人不喜歡😅這家的咖啡依舊推👍很多人都外帶咖啡⭐️4/5📍彰化縣員林市萬年路三段67號🕓7:00-19:00（12）法蕾熊手工經典舒芙蕾愛麗絲$180\u2028白巧克力、抹茶巧克力、香草慕斯、草莓醬內餡還不錯吃但外層的巧克力有點甜⭐️4.3/5📍彰化縣員林市忠孝街162號🕓11:00–21:00（13）agiochocolates溫室$150抹茶杏桃巧克力蛋糕小山圓抹茶、杏桃慕斯、巧克力蛋糕抹茶味沒有很重裡面的慕斯好吃甜度控制的剛好這三個我最喜歡抹茶的⭐️3.9/5📍臺中市西屯區環河路37號1樓🕓週三~週六13:00~19:00週日13:00~18:00🚫週一&週二公休（14）1%bakery一茶園抹茶塔$140有分兩層一層抹茶蛋糕一層抹茶甘奈許抹茶吃不太出有苦味反正我也沒有很喜歡抹茶的苦味所以我也還蠻喜歡的⭐️4.3/5📍臺中市西區公益路371號🕓12:10-21:00📞04-2310-7990（15）魚刺人雞蛋糕一份六個$50不可混搭個人比較喜歡有濕潤內餡的抹茶跟卡士達比較喜歡紅茶覺得太乾⭐️3.6/5📍美術攤：西區五權一街63-3號一中攤：北區太平路149號勤美攤：西區中興四巷15號🕓星期二～星期五下午3:00-6:30星期六日下午2:30-6:30🚫星期一公休（16）kyoya京都抹茶磅蛋糕$180意外的好吃不會太扎實帶點濕潤也不會油搭配抹茶醬連我不吃抹茶的人都覺得超好吃比我做的好吃十倍吧😅甜點都有附$100飲料哦⭐️4/5📍臺中市西區五權西六街103號🕓12:00–18:00（17）日札小店日式抹茶戚風蛋糕+熱拿鐵$140戚風很大一塊也很有彈性價格划算又好吃⭐️4.2/5📍臺中市西區中美街603號🕓10:00–19:00🚫週二公休（18）小麥菓子komugi日式焼菓子專賣宇治抹茶小戚風$110提拉米蘇小戚風$120草莓戀乳小戚風$130香草卡士達草莓$70伯爵煉乳奶茶$110阿薩姆紅茶$100抹茶的真的很好吃也是招牌一定要提早預約⭐️4.3/5📍臺中市南屯區懷德街59巷6號🕓13：00~20:00（19）臺中。18度c巧克力工房菠蘿冰淇淋$120抹茶加巧克力真的好好吃😋⭐️4/5📍臺中市西區林森路33號（道禾六藝文化館/臺中刑務所演武場）🕓週一09:30-17:30週二-週日10:00-18:00 （20）盛橋刈包炸抹茶冰淇淋刈包$90抹茶冰淇淋還不錯吃不會太甜⭐️4.2/5\u2028📍臺中市中區中山路26號(宮原眼科附近）\u2028🕓12:00-6:00（21）克莉斯塔-christine_tart珍珠奶茶蛋塔$45抹茶佐松露蛋塔$55抹茶的我覺得抹茶味沒有很重不會苦但一個人吃完會膩松露巧克力蛋塔$45⭐️4/5📍臺中市西區美村路一段117巷21號🕓14:00-19:00（太晚去就賣完了）🚫週三公休（22）rokarocoffee抹茶捲$100蛋糕體帶點濕潤的口感裡面的抹茶鮮奶油不會甜膩也帶點抹茶的苦味整體來說很好吃⭐️4/5📍臺中市西區美村路一段576巷21號🕓12:00-19:00🚫週二公休📞0976057958外縣市區：（23）河牀工作室沼澤（快閃來臺中我纔有機會吃到）抹茶很濃鬱不太喜歡吃抹茶的應該不喜歡最下面那是酒漬櫻桃吧有點忘了😂⭐️4.3/5📍臺北市大安區信義路四段400巷6弄2號🕓2:30–19:00🚫外帶請自備環保盒（24）chillbake抹茶捲$140我真的很偏心只把抹茶拍好😂我覺得這個還不錯但是就是貴了點⭐️4.2/5📍高雄市鹽埕區公園二路40巷38號🕓13:00–18:00🚫週一公休（25）sugarmiss抹茶千層蛋糕$220臺北的甜點價格真的有嚇到我😦也沒有說特別好吃😂⭐️3.8/5📍臺北市大安區光復南路290巷4號1樓🕓12:00–20:30🚫低消200上面好像只有28樣😂那附上自己做的抹茶甜點好了自學新手還請見諒手作純粹自己吃沒有在賣😅因為東西有點多所以我內容盡量簡短這樣看起來比較方便必竟吃的東西很主觀我覺得好吃的你不一定覺得好吃謝謝大家的觀看🙏吃貨ig歡迎追蹤（無任何商業行為）https://www.instagram.com/rock_hung_chung/",
    "time": "2017/04/09 15:53:25",
    "event": "click"
  },
  {
    "category": "1",
    "app": "Dcard",
    "id": "34",
    "context": "之前完全不吃抹茶的我身為螞蟻不喜歡吃苦的東西但一直被身邊的朋友洗腦說抹茶很好吃結果今年初就吃看看蠻有名的三星丸誰知道一吃完就愛上了😳就造就以下的大量抹茶甜點幾乎都今年吃到的文章有點長喔幾乎都是中部的沒時間的可以先收藏以後再看喔😊（1）三星丸-勤美店山城御判燒（濃厚抹茶松露）$265御判燒好像就是日式厚鬆餅吧🤔右邊抹茶冰淇淋下面還有紅豆好好吃中間還有一些很像摳斯洞的餅乾加上鮮奶油的樣子.傾城莓姬$199抹茶冰淇淋+草莓+脆片+白玉抹茶冰淇淋加草莓好好吃😋脆片久了會軟掉可以把脆片換草莓嗎😅白玉吃起來就是湯圓啊😂等了快兩個小時還蠻值得的⭐️4.7/5📍臺中市西區館前路71號🕚11:00–22:00（2）kusabi+抹茶提拉米蘇$120蛋糕體的部分蠻好吃的上面的抹茶馬斯卡邦有點厚吃到後來有點膩抹茶生巧克力塔$130塔皮有點硬裡面是抹茶巧克力跟一般的巧克力抹茶味覺得沒有很重口味偏甜抹茶拿鐵$130飲料加甜點折10元.⭐️4.1/5📍臺中市北區篤行路316巷2號📞04-22069765🕚10:00:-18:00🚫低消飲料一杯（3）石燕shiyan抹茶法式塔$70很佛心的價格抹茶味沒有很重塔皮底部有點厚不然整體來說cp值蠻高的日本京都抹茶乳酪鬆餅$180鬆餅表皮是脆的沒有讓我失望前面那個吃起來像抹茶鮮奶油沒有乳酪的感覺這鬆餅是我這家店最愛的一項⭐️4/5📍臺中市西屯區逢甲路88號🕚11:00-24:00📞04-24513458🚫無服務費：餐點需自取（4）overture序曲抹茶千層蛋糕$175這是我看過最浮誇的千層抹茶鮮奶油多到爆炸抹茶草莓戚風$145小山園抹茶戚風蛋糕小山園抹茶鮮奶油香堤大湖新鮮草莓整體來說很好吃蛋糕跟鮮奶油搭配的很好⭐️4.3/5📍臺中市北屯區太原路三段150巷8弄17號🕓13:30-20:00🚫不定期公休（5）法樂法式薄餅店小山園青綠抹茶千層蛋糕$160這應該是我吃過最好吃的抹茶千層吧不是每天都有的喔⭐️4.7/5📍臺中市西屯區大墩20街133號🕓8:30-17:00🚫週一13:00-17:00（6）樂緹波兒手作塔派抹茶千層蛋糕$130草莓千層蛋糕$120認真覺得這家千層蛋糕很划算但是加了紅豆的口感我不是很喜歡⭐️4.2/5📍臺中市南屯區永春東路125號🕓11:00-19:00🚫週二公休（7）窩巷大全店-hiddenlane抹茶流沙千層蛋糕＄130⭐️3.7/5📍臺中市西區大全街一號🕓11:00-19:00🚫週二公休（8）日安小砌。手作食堂抹茶千層$140說真的這不是很好吃😕⭐️3.5/5📍臺中市龍井區新興路一巷22號🕓10:00-20:00🚫週二公休（9）水曜日洋菓子工房抹茶塔$165最上層是抹茶慕斯然後是鮮奶油最下面是紅豆⭐️4/5📍臺中市西區五權西三街5號🕓14:00~21:00🚫週四公休（10）樂丘廚房-東海店京都抹茶舒芙蕾鬆餅$150特製京都抹茶醬料抹茶香氣十足帶點微苦回甘且餘韻滑順都不知道我為了這家的鬆餅回訪了幾次⭐️4.4/5📍臺中市龍井區臺灣大道五段3巷62弄13號🕓1:00–21:00（11）右舍咖啡生巧克力抹茶塔$110抹茶塔的內餡很濃鬱口感我個人不喜歡😅這家的咖啡依舊推👍很多人都外帶咖啡⭐️4/5📍彰化縣員林市萬年路三段67號🕓7:00-19:00（12）法蕾熊手工經典舒芙蕾愛麗絲$180\u2028白巧克力、抹茶巧克力、香草慕斯、草莓醬內餡還不錯吃但外層的巧克力有點甜⭐️4.3/5📍彰化縣員林市忠孝街162號🕓11:00–21:00（13）agiochocolates溫室$150抹茶杏桃巧克力蛋糕小山圓抹茶、杏桃慕斯、巧克力蛋糕抹茶味沒有很重裡面的慕斯好吃甜度控制的剛好這三個我最喜歡抹茶的⭐️3.9/5📍臺中市西屯區環河路37號1樓🕓週三~週六13:00~19:00週日13:00~18:00🚫週一&週二公休（14）1%bakery一茶園抹茶塔$140有分兩層一層抹茶蛋糕一層抹茶甘奈許抹茶吃不太出有苦味反正我也沒有很喜歡抹茶的苦味所以我也還蠻喜歡的⭐️4.3/5📍臺中市西區公益路371號🕓12:10-21:00📞04-2310-7990（15）魚刺人雞蛋糕一份六個$50不可混搭個人比較喜歡有濕潤內餡的抹茶跟卡士達比較喜歡紅茶覺得太乾⭐️3.6/5📍美術攤：西區五權一街63-3號一中攤：北區太平路149號勤美攤：西區中興四巷15號🕓星期二～星期五下午3:00-6:30星期六日下午2:30-6:30🚫星期一公休（16）kyoya京都抹茶磅蛋糕$180意外的好吃不會太扎實帶點濕潤也不會油搭配抹茶醬連我不吃抹茶的人都覺得超好吃比我做的好吃十倍吧😅甜點都有附$100飲料哦⭐️4/5📍臺中市西區五權西六街103號🕓12:00–18:00（17）日札小店日式抹茶戚風蛋糕+熱拿鐵$140戚風很大一塊也很有彈性價格划算又好吃⭐️4.2/5📍臺中市西區中美街603號🕓10:00–19:00🚫週二公休（18）小麥菓子komugi日式焼菓子專賣宇治抹茶小戚風$110提拉米蘇小戚風$120草莓戀乳小戚風$130香草卡士達草莓$70伯爵煉乳奶茶$110阿薩姆紅茶$100抹茶的真的很好吃也是招牌一定要提早預約⭐️4.3/5📍臺中市南屯區懷德街59巷6號🕓13：00~20:00（19）臺中。18度c巧克力工房菠蘿冰淇淋$120抹茶加巧克力真的好好吃😋⭐️4/5📍臺中市西區林森路33號（道禾六藝文化館/臺中刑務所演武場）🕓週一09:30-17:30週二-週日10:00-18:00 （20）盛橋刈包炸抹茶冰淇淋刈包$90抹茶冰淇淋還不錯吃不會太甜⭐️4.2/5\u2028📍臺中市中區中山路26號(宮原眼科附近）\u2028🕓12:00-6:00（21）克莉斯塔-christine_tart珍珠奶茶蛋塔$45抹茶佐松露蛋塔$55抹茶的我覺得抹茶味沒有很重不會苦但一個人吃完會膩松露巧克力蛋塔$45⭐️4/5📍臺中市西區美村路一段117巷21號🕓14:00-19:00（太晚去就賣完了）🚫週三公休（22）rokarocoffee抹茶捲$100蛋糕體帶點濕潤的口感裡面的抹茶鮮奶油不會甜膩也帶點抹茶的苦味整體來說很好吃⭐️4/5📍臺中市西區美村路一段576巷21號🕓12:00-19:00🚫週二公休📞0976057958外縣市區：（23）河牀工作室沼澤（快閃來臺中我纔有機會吃到）抹茶很濃鬱不太喜歡吃抹茶的應該不喜歡最下面那是酒漬櫻桃吧有點忘了😂⭐️4.3/5📍臺北市大安區信義路四段400巷6弄2號🕓2:30–19:00🚫外帶請自備環保盒（24）chillbake抹茶捲$140我真的很偏心只把抹茶拍好😂我覺得這個還不錯但是就是貴了點⭐️4.2/5📍高雄市鹽埕區公園二路40巷38號🕓13:00–18:00🚫週一公休（25）sugarmiss抹茶千層蛋糕$220臺北的甜點價格真的有嚇到我😦也沒有說特別好吃😂⭐️3.8/5📍臺北市大安區光復南路290巷4號1樓🕓12:00–20:30🚫低消200上面好像只有28樣😂那附上自己做的抹茶甜點好了自學新手還請見諒手作純粹自己吃沒有在賣😅因為東西有點多所以我內容盡量簡短這樣看起來比較方便必竟吃的東西很主觀我覺得好吃的你不一定覺得好吃謝謝大家的觀看🙏吃貨ig歡迎追蹤（無任何商業行為）https://www.instagram.com/rock_hung_chung/",
    "time": "2017/04/09 15:53:25",
    "event": "slide"
  },
  {
    "category": "1",
    "app": "Dcard",
    "id": "35",
    "context": "手機排版請見諒😁趁著草莓季快結束前趕快來做個草莓蛋糕吧~~~今年的草莓真的是又紅!又甜!重點是價格沒有去年那麼貴桑桑了啊啊啊啊現在想想去年好像完全沒吃到草莓呢。。。。。好了回來正題今天做的就是充滿罪惡感的草莓芙蓮😆😆😆從高中在某飯店師傅來協同教學做過之後，又在學校做了2次，每次的材料都不同，但是裡面這個版本的芙蓮是我覺得最好吃的啊!!!!!先來看看今天的主角們😆滿滿一鍋的草莓!!😍其實冰箱還有一盒呢!!(後面有點亂請忽略😅然後!!!!↓↓↓↓就讓我們直接看成品吧!!!。。。。因為自己一個人做有點忙不過來，根本沒時間拍照打發過程中還要左手打蛋右手煮糖漿，只覺得平常沒在用的左手提著電動打蛋機真的是邊提邊抖。。。。。。雖然過程手忙腳亂，但是做出來的蛋糕真的好好吃啊~~~~😋不會太甜又能吃到滿滿的草莓，真的是幸福啊😍😍只是這熱量真的不是普通的高😁😁😁",
    "time": "2017/04/09 15:54:16",
    "event": "click"
  },
  {
    "category": "1",
    "app": "Dcard",
    "id": "36",
    "context": "手機排版請見諒😁趁著草莓季快結束前趕快來做個草莓蛋糕吧~~~今年的草莓真的是又紅!又甜!重點是價格沒有去年那麼貴桑桑了啊啊啊啊現在想想去年好像完全沒吃到草莓呢。。。。。好了回來正題今天做的就是充滿罪惡感的草莓芙蓮😆😆😆從高中在某飯店師傅來協同教學做過之後，又在學校做了2次，每次的材料都不同，但是裡面這個版本的芙蓮是我覺得最好吃的啊!!!!!先來看看今天的主角們😆滿滿一鍋的草莓!!😍其實冰箱還有一盒呢!!(後面有點亂請忽略😅然後!!!!↓↓↓↓就讓我們直接看成品吧!!!。。。。因為自己一個人做有點忙不過來，根本沒時間拍照打發過程中還要左手打蛋右手煮糖漿，只覺得平常沒在用的左手提著電動打蛋機真的是邊提邊抖。。。。。。雖然過程手忙腳亂，但是做出來的蛋糕真的好好吃啊~~~~😋不會太甜又能吃到滿滿的草莓，真的是幸福啊😍😍只是這熱量真的不是普通的高😁😁😁",
    "time": "2017/04/09 15:54:16",
    "event": "slide"
  },
  {
    "category": "1",
    "app": "Dcard",
    "id": "37",
    "context": "hihi🙋續上次窮學生料理後大家強烈要求烘蛋做法,現在就為大家揭曉~~神祕.....的，烘蛋🍳~~~~👉材料：1.香菇2.馬鈴薯3.雞蛋4.起司5.火腿☝材料呢可以一個人喜好來更改,以上是我這次做烘蛋的材料(火腿忘了拍qq👉全製業烤箱預熱160℃,每家的烤箱溫度不同只提供參考😁👉步驟①模具抹上一次薄薄的油，鋪上切好的馬鈴薯，撒上眼胡椒調味②鋪上火腿(鋪好鋪滿哦～～③再來鋪上菇,菇可以跟蒜頭,洋蔥一起先操過(喂!!不是啦😂炒過我不想洗那麼多就直接上菇了👉👈④接下來就倒入蛋液(咕嚕咕嚕咕嚕～～(蛋液有用少許鮮奶,鹽,胡椒調味了⑤豪不手軟撒上大量的起司這裡我用兩種起司,不要問我什麼起司因為我是看到便宜買的😂😂⑥上面有撒上少許胡椒和迷迭香最後把蛋送進地獄火磨練👉我先是用160℃烤30分鐘換200℃烤到起司上色經過漫長等待經過磨練的蛋香噴噴出爐🍳是有點耗時間不過值得，放冰箱想吃拿出來微波就ok了😊下臺一鞠躬🙇🙇希望大家喜歡",
    "time": "2017/04/09 15:54:39",
    "event": "click"
  },
  {
    "category": "1",
    "app": "Dcard",
    "id": "38",
    "context": "hihi🙋續上次窮學生料理後大家強烈要求烘蛋做法,現在就為大家揭曉~~神祕.....的，烘蛋🍳~~~~👉材料：1.香菇2.馬鈴薯3.雞蛋4.起司5.火腿☝材料呢可以一個人喜好來更改,以上是我這次做烘蛋的材料(火腿忘了拍qq👉全製業烤箱預熱160℃,每家的烤箱溫度不同只提供參考😁👉步驟①模具抹上一次薄薄的油，鋪上切好的馬鈴薯，撒上眼胡椒調味②鋪上火腿(鋪好鋪滿哦～～③再來鋪上菇,菇可以跟蒜頭,洋蔥一起先操過(喂!!不是啦😂炒過我不想洗那麼多就直接上菇了👉👈④接下來就倒入蛋液(咕嚕咕嚕咕嚕～～(蛋液有用少許鮮奶,鹽,胡椒調味了⑤豪不手軟撒上大量的起司這裡我用兩種起司,不要問我什麼起司因為我是看到便宜買的😂😂⑥上面有撒上少許胡椒和迷迭香最後把蛋送進地獄火磨練👉我先是用160℃烤30分鐘換200℃烤到起司上色經過漫長等待經過磨練的蛋香噴噴出爐🍳是有點耗時間不過值得，放冰箱想吃拿出來微波就ok了😊下臺一鞠躬🙇🙇希望大家喜歡",
    "time": "2017/04/09 15:54:39",
    "event": "slide"
  },
  {
    "category": "1",
    "app": "Dcard",
    "id": "39",
    "context": "前陣子在dcard上有螺螄粉團購我就加入了(結果是人家學校在團購我不小心誤闖了xdd)所幸訂購人人超好還是幫我訂了還幫我寄過來感謝感謝感謝><今天就直接等晚餐煮來吃吃看看了很多網評最後決定買螺霸王的螺螄粉超大一包內容物有米粉(一開始真的硬的跟什麼一樣)酸豆跟木耳/腐竹/花生/兩個蛋/酸筍湯料包(很香)辣油/酸醋包因為聽說要煮很久所以我就先把米粉泡水泡了一小時一小時後放入大同小電鍋煮先煮了五分鐘然後打開鍋蓋加入配料辣油跟酸醋包還有花生沒有放煮了二十分鐘一開始沒放辣油的湯很香甜後來加入酸醋包味道也很好這張照片是後來加了半包辣油我覺得這個時候的湯是最好喝的有點微辣但湯還是甜甜的辣油全部放下去後覺得甜味有點走失我是一個沒那麼敢吃辣的人但螺霸王的辣油其實不辣是屬於嗆的那種吧其實我也不喜歡吃泡麵像是甚麼韓國日本泡麵還有冬天熱賣的花雕雞麵我都不喜歡吃但螺霸王螺螄粉真的蠻好吃的吃起來不像在吃泡麵建議大家有團購可以去買來吃吃看唷也建議辣油放半包就好更////有有辣吃到後來真的有辣起來...但對敢吃辣的人應該這種辣剛剛好正在吃螺螄粉的我(煮完已經變消夜了)",
    "time": "2017/04/09 15:55:06",
    "event": "click"
  },
  {
    "category": "1",
    "app": "Dcard",
    "id": "40",
    "context": "前陣子在dcard上有螺螄粉團購我就加入了(結果是人家學校在團購我不小心誤闖了xdd)所幸訂購人人超好還是幫我訂了還幫我寄過來感謝感謝感謝><今天就直接等晚餐煮來吃吃看看了很多網評最後決定買螺霸王的螺螄粉超大一包內容物有米粉(一開始真的硬的跟什麼一樣)酸豆跟木耳/腐竹/花生/兩個蛋/酸筍湯料包(很香)辣油/酸醋包因為聽說要煮很久所以我就先把米粉泡水泡了一小時一小時後放入大同小電鍋煮先煮了五分鐘然後打開鍋蓋加入配料辣油跟酸醋包還有花生沒有放煮了二十分鐘一開始沒放辣油的湯很香甜後來加入酸醋包味道也很好這張照片是後來加了半包辣油我覺得這個時候的湯是最好喝的有點微辣但湯還是甜甜的辣油全部放下去後覺得甜味有點走失我是一個沒那麼敢吃辣的人但螺霸王的辣油其實不辣是屬於嗆的那種吧其實我也不喜歡吃泡麵像是甚麼韓國日本泡麵還有冬天熱賣的花雕雞麵我都不喜歡吃但螺霸王螺螄粉真的蠻好吃的吃起來不像在吃泡麵建議大家有團購可以去買來吃吃看唷也建議辣油放半包就好更////有有辣吃到後來真的有辣起來...但對敢吃辣的人應該這種辣剛剛好正在吃螺螄粉的我(煮完已經變消夜了)",
    "time": "2017/04/09 15:55:06",
    "event": "slide"
  },
  {
    "category": "1",
    "app": "Dcard",
    "id": "41",
    "context": "聽朋友說這款薯條很好吃而且還是以豪代言的（誤）今天手刀去好市多搬了幾箱回家馬上拿來吃ㄜ......excuseme這也太少了吧才裝到4分之1而已是當我錢很好賺是嗎😭黑人問號...-但不得不說它真的挺好吃的超級唰嘴看個劇一下就幹了四包然後再安慰自己嗯四包=一包fine沒關係的😌跟日本的薯條三兄弟比我覺得是稍微油了一點不過這量真的傻爆我眼啊",
    "time": "2017/04/09 15:56:39",
    "event": "click"
  },
  {
    "category": "1",
    "app": "Dcard",
    "id": "42",
    "context": "聽朋友說這款薯條很好吃而且還是以豪代言的（誤）今天手刀去好市多搬了幾箱回家馬上拿來吃ㄜ......excuseme這也太少了吧才裝到4分之1而已是當我錢很好賺是嗎😭黑人問號...-但不得不說它真的挺好吃的超級唰嘴看個劇一下就幹了四包然後再安慰自己嗯四包=一包fine沒關係的😌跟日本的薯條三兄弟比我覺得是稍微油了一點不過這量真的傻爆我眼啊",
    "time": "2017/04/09 15:56:39",
    "event": "slide"
  },
  {
    "category": "1",
    "app": "Dcard",
    "id": "43",
    "context": "最近在減肥，三餐都自己弄😋前幾天去菜市場，伯伯兩大袋牛番茄只算我一百還送我蒜頭香菜九層塔跟兩顆檸檬😅吃不完決定來做不專業蕃茄醬先來張成品照～看起來不太美味😂以下不專業分享😅食材：番茄20顆洋蔥半顆蒜頭兩瓣(網路上有人放了兩顆😨可是我怕蒜味太重)檸檬半顆油一匙鹽適量(我只加一茶匙)糖適量(我沒加所以偏酸)1.番茄底部切個十字，放入滾水2-3分鐘，撈起放涼，剝皮～2.平底鍋放油，加蒜頭洋蔥拌炒，炒到洋蔥軟化3.把番茄蒜頭洋蔥全部丟到調理機變成汁(這樣做出來的番茄醬比較沒有顆粒)但是！我沒有調理機所以我番茄直接用手捏🤣因爲有燙過軟軟的，超好捏，很爽，可是有的會噴汁所以要小心捏，不過其實可以切丁啦但我就是想捏🤣4.然後熬煮，加鹽加糖加檸檬汁已經快好了我才拍照😅水分又更少了😍完成了！(檸檬籽不小心掉進去了)煮到用湯匙刮底會出現鍋底就可以放涼裝起來囉耗時：一個半小時😓登登～隔天早餐！蕃茄醬是靈魂啊啊啊啊啊超好吃😋😋😋😋減肥也要吃飽飽☺️-下禮拜要去買玻璃罐再把剩下20顆番茄煮完熱熱裝瓶然後倒扣放涼冷藏保存期限可以增長❤❤❤祝我減肥成功💪💪💪",
    "time": "2017/04/09 15:56:54",
    "event": "click"
  },
  {
    "category": "1",
    "app": "Dcard",
    "id": "44",
    "context": "最近在減肥，三餐都自己弄😋前幾天去菜市場，伯伯兩大袋牛番茄只算我一百還送我蒜頭香菜九層塔跟兩顆檸檬😅吃不完決定來做不專業蕃茄醬先來張成品照～看起來不太美味😂以下不專業分享😅食材：番茄20顆洋蔥半顆蒜頭兩瓣(網路上有人放了兩顆😨可是我怕蒜味太重)檸檬半顆油一匙鹽適量(我只加一茶匙)糖適量(我沒加所以偏酸)1.番茄底部切個十字，放入滾水2-3分鐘，撈起放涼，剝皮～2.平底鍋放油，加蒜頭洋蔥拌炒，炒到洋蔥軟化3.把番茄蒜頭洋蔥全部丟到調理機變成汁(這樣做出來的番茄醬比較沒有顆粒)但是！我沒有調理機所以我番茄直接用手捏🤣因爲有燙過軟軟的，超好捏，很爽，可是有的會噴汁所以要小心捏，不過其實可以切丁啦但我就是想捏🤣4.然後熬煮，加鹽加糖加檸檬汁已經快好了我才拍照😅水分又更少了😍完成了！(檸檬籽不小心掉進去了)煮到用湯匙刮底會出現鍋底就可以放涼裝起來囉耗時：一個半小時😓登登～隔天早餐！蕃茄醬是靈魂啊啊啊啊啊超好吃😋😋😋😋減肥也要吃飽飽☺️-下禮拜要去買玻璃罐再把剩下20顆番茄煮完熱熱裝瓶然後倒扣放涼冷藏保存期限可以增長❤❤❤祝我減肥成功💪💪💪",
    "time": "2017/04/09 15:56:54",
    "event": "slide"
  },
  {
    "category": "1",
    "app": "Dcard",
    "id": "45",
    "context": "今天開開心心想去吃麥當勞吃看到1+1那邊有新品~bbq嫩雞翅愛啃雞翅的我馬上點來試試結果超級傻眼欸跟我的手差不多大單點原價還要近50...啊不就還好我點1+1虧比較少至於味道我比較不挑~但吃起來感覺普普後來上網爬文發現之前就有人被雷過了....這次算學到教訓了各位買東西前要三思呀(?圖片真的僅供參考😂😂",
    "time": "2017/04/09 15:59:22",
    "event": "click"
  },
  {
    "category": "1",
    "app": "Dcard",
    "id": "46",
    "context": "今天開開心心想去吃麥當勞吃看到1+1那邊有新品~bbq嫩雞翅愛啃雞翅的我馬上點來試試結果超級傻眼欸跟我的手差不多大單點原價還要近50...啊不就還好我點1+1虧比較少至於味道我比較不挑~但吃起來感覺普普後來上網爬文發現之前就有人被雷過了....這次算學到教訓了各位買東西前要三思呀(?圖片真的僅供參考😂😂",
    "time": "2017/04/09 15:59:22",
    "event": "slide"
  },
  {
    "category": "1",
    "app": "Dcard",
    "id": "47",
    "context": "哈哈！不知道從什麼時候開始，越來越嚮往韓國料理，不管去到哪，總是會注意有沒有韓式料理店面。一直很想吃看看韓式炸雞，在某次真的買來吃之後，發現味道很熟悉……就是韓式辣醬+烤肉醬😂😂或許是店家為了迎合臺灣人的口味吧！改天要去吃看看正統的韓式炸雞！！圖片是我自己做的韓式炸雞😏😏個人覺得剛好吃，辣度還可以自己調整。材料：雞胸1付(或雞腿)蒜泥(3~4顆蒜頭的量醬油1匙胡椒粉少許雞蛋1顆麵衣：麵粉(一般的就行了)醬料：韓式辣醬2匙番茄醬1匙烤肉醬1匙開水少許糖可加可不加作法：1.準備一個塑膠袋(大的)2.把切好的雞肉跟調味料(包含那顆蛋)通通放進去，混合均勻，放進冰箱醃個1~2個小時。3.熱油鍋4.雞肉醃好後拿出來裹上麵粉，下油鍋(此時炸完的雞肉，長的超像肯德基的炸雞xdd)5.放旁邊瀝油6.調醬汁：準備一個碗公，一樣把所有材料放一起攪拌均勻(依自己想要的稠度去調整開水的量)7.把調好的醬汁倒進鍋子，稍微滾一下後馬上把炸好的雞塊倒進去，快速翻炒，全部上色後就可以起鍋了。",
    "time": "2017/04/09 15:59:44",
    "event": "click"
  },
  {
    "category": "1",
    "app": "Dcard",
    "id": "48",
    "context": "哈哈！不知道從什麼時候開始，越來越嚮往韓國料理，不管去到哪，總是會注意有沒有韓式料理店面。一直很想吃看看韓式炸雞，在某次真的買來吃之後，發現味道很熟悉……就是韓式辣醬+烤肉醬😂😂或許是店家為了迎合臺灣人的口味吧！改天要去吃看看正統的韓式炸雞！！圖片是我自己做的韓式炸雞😏😏個人覺得剛好吃，辣度還可以自己調整。材料：雞胸1付(或雞腿)蒜泥(3~4顆蒜頭的量醬油1匙胡椒粉少許雞蛋1顆麵衣：麵粉(一般的就行了)醬料：韓式辣醬2匙番茄醬1匙烤肉醬1匙開水少許糖可加可不加作法：1.準備一個塑膠袋(大的)2.把切好的雞肉跟調味料(包含那顆蛋)通通放進去，混合均勻，放進冰箱醃個1~2個小時。3.熱油鍋4.雞肉醃好後拿出來裹上麵粉，下油鍋(此時炸完的雞肉，長的超像肯德基的炸雞xdd)5.放旁邊瀝油6.調醬汁：準備一個碗公，一樣把所有材料放一起攪拌均勻(依自己想要的稠度去調整開水的量)7.把調好的醬汁倒進鍋子，稍微滾一下後馬上把炸好的雞塊倒進去，快速翻炒，全部上色後就可以起鍋了。",
    "time": "2017/04/09 15:59:44",
    "event": "slide"
  }
]