[
  {
    "category": "3",
    "app": "Dcard",
    "id": "3",
    "context": "隨著光療的流行越來越多人喜歡做的美美的市面上也開始販售自己diy的工具常常做好了這次已經想好下次的樣式😂雖然我也是某光療欸破病症候羣我還是要秉持著微專業美甲師來叮嚀大家不好好卸甲休息指甲會過度受傷的😣▶︎做幾次光療需要休息呢基本上我會建議我的客人兩次就休息一次，至少休息一個月。但是如果他是重度無法沒指甲患者😂她的指甲又剛好是偏厚的，我會再讓他多做一次。但是真的就只能再一次了▶︎休息需要什麼注意事項千千萬萬要好好卸甲！！！不管自己卸還是給別人卸，因為你用拔掉或是摳掉的傷害程度基本上是翻倍的。還有卸甲休息時，指甲長度最好只留1mm如圖▶︎為什麼要這麼短因為經過光療後的指甲是會變薄的（每個人指甲厚薄度不同）所以休息時最好保持著指尖觸碰東西時指甲和肉一起碰到物品的長度，纔能有效的防止因為碰撞而指甲裂掉造成更大的傷害。▶︎可以如何保養指甲呢多擦些護手霜且仔細地滑過指甲邊緣，指緣油也是一個很好的選擇唷。最後偷渡幾張近期作品😆😆如果有幫助到妳我也很凱勳如果有錯字拜託原諒我如果還有想知道的歡迎問我如果我講錯什麼歡迎跟我說下次再來分享自己diy卸甲給大家參考逢甲小小美甲師💅",
    "time": "2017/04/09 15:44:59",
    "event": "click"
  },
  {
    "category": "3",
    "app": "Dcard",
    "id": "4",
    "context": "隨著光療的流行越來越多人喜歡做的美美的市面上也開始販售自己diy的工具常常做好了這次已經想好下次的樣式😂雖然我也是某光療欸破病症候羣我還是要秉持著微專業美甲師來叮嚀大家不好好卸甲休息指甲會過度受傷的😣▶︎做幾次光療需要休息呢基本上我會建議我的客人兩次就休息一次，至少休息一個月。但是如果他是重度無法沒指甲患者😂她的指甲又剛好是偏厚的，我會再讓他多做一次。但是真的就只能再一次了▶︎休息需要什麼注意事項千千萬萬要好好卸甲！！！不管自己卸還是給別人卸，因為你用拔掉或是摳掉的傷害程度基本上是翻倍的。還有卸甲休息時，指甲長度最好只留1mm如圖▶︎為什麼要這麼短因為經過光療後的指甲是會變薄的（每個人指甲厚薄度不同）所以休息時最好保持著指尖觸碰東西時指甲和肉一起碰到物品的長度，纔能有效的防止因為碰撞而指甲裂掉造成更大的傷害。▶︎可以如何保養指甲呢多擦些護手霜且仔細地滑過指甲邊緣，指緣油也是一個很好的選擇唷。最後偷渡幾張近期作品😆😆如果有幫助到妳我也很凱勳如果有錯字拜託原諒我如果還有想知道的歡迎問我如果我講錯什麼歡迎跟我說下次再來分享自己diy卸甲給大家參考逢甲小小美甲師💅",
    "time": "2017/04/09 15:44:59",
    "event": "slide"
  },
  {
    "category": "3",
    "app": "Dcard",
    "id": "5",
    "context": "每天想著明天該穿什麼就是一件很興奮的事搭了一套成功的就會很有成就感決定把它畫下來👠👡👘👚💄💋#韓系碎花紋雪紡襯衫#victoria復古中腰喇叭褲是我最喜歡的一件襯衫呢不過花紋精緻ㄧ點的衣服都很燒錢呢😭😭跟鄰居出門玩時發現她的玫瑰花紋也很漂亮還是一字領的雪紡整個好心動呢必須搭一雙高跟鞋讓比例更好👠👠兩位好朋友最愛的穿搭#黑帽t外套#素色毛衣#牛仔寬褲加一雙皮鞋增加質感我都稱這套為威力裝因為紅條紋袖子真的有夠像威力在哪裡😂😂#小白鞋必須在夜市的小店看到這件紗裙真的超興奮上面有很多小珠子很像星空一樣必須把它買回家而且才幾百塊而已✨我稱這件花花裙為世界最棒的裙子她的高腰很緊就算塞了衣服還是很瘦很瘦堪稱完美perfect!是在林口三井看到的超級特價超級推！🌸🌸🌸上衣我叫它紅頂鶴在hm的sale區看到的才2百吧但是袖尾是大紅色真的很特別下面是排扣開衩窄裙好像畫太短了實際上更長一點另外指甲也是穿搭的一部分呢！這個禮拜的樣式我畫了這個來搭配一堆花花的衣服就先分享到這裡因為只畫到這幾張而已😆😆thanksforwatching💓💓試色分享⬇️⬇️#更補圖大型彩妝haul#圖多#文長#廢話多脣彩篇#更補圖大型彩妝haul#圖多#文長#廢話多脣彩篇指彩分享⬇️⬇️#圖多#在家自己做光療share#圖多#在家自己做光療sharepart2",
    "time": "2017/04/09 15:45:50",
    "event": "click"
  },
  {
    "category": "3",
    "app": "Dcard",
    "id": "6",
    "context": "每天想著明天該穿什麼就是一件很興奮的事搭了一套成功的就會很有成就感決定把它畫下來👠👡👘👚💄💋#韓系碎花紋雪紡襯衫#victoria復古中腰喇叭褲是我最喜歡的一件襯衫呢不過花紋精緻ㄧ點的衣服都很燒錢呢😭😭跟鄰居出門玩時發現她的玫瑰花紋也很漂亮還是一字領的雪紡整個好心動呢必須搭一雙高跟鞋讓比例更好👠👠兩位好朋友最愛的穿搭#黑帽t外套#素色毛衣#牛仔寬褲加一雙皮鞋增加質感我都稱這套為威力裝因為紅條紋袖子真的有夠像威力在哪裡😂😂#小白鞋必須在夜市的小店看到這件紗裙真的超興奮上面有很多小珠子很像星空一樣必須把它買回家而且才幾百塊而已✨我稱這件花花裙為世界最棒的裙子她的高腰很緊就算塞了衣服還是很瘦很瘦堪稱完美perfect!是在林口三井看到的超級特價超級推！🌸🌸🌸上衣我叫它紅頂鶴在hm的sale區看到的才2百吧但是袖尾是大紅色真的很特別下面是排扣開衩窄裙好像畫太短了實際上更長一點另外指甲也是穿搭的一部分呢！這個禮拜的樣式我畫了這個來搭配一堆花花的衣服就先分享到這裡因為只畫到這幾張而已😆😆thanksforwatching💓💓試色分享⬇️⬇️#更補圖大型彩妝haul#圖多#文長#廢話多脣彩篇#更補圖大型彩妝haul#圖多#文長#廢話多脣彩篇指彩分享⬇️⬇️#圖多#在家自己做光療share#圖多#在家自己做光療sharepart2",
    "time": "2017/04/09 15:45:50",
    "event": "slide"
  },
  {
    "category": "3",
    "app": "Dcard",
    "id": "20",
    "context": "美妝",
    "time": "2017/04/09 15:49:20",
    "event": "click"
  },
  {
    "category": "3",
    "app": "Dcard",
    "id": "21",
    "context": "某天心血來潮，想要找網友一起來交換眼影玩玩很幸運的是居然有人願意理我xdd接下來就來給大家分享這盤眼影！這一盤的顏色非常飽和，對我來說算是非常重口味的一款只需要一點點就很顯色又飽和，所以下手要特別小心juvia‘splace的眼影都是以紙盒包裝為主還有招牌埃及人插畫（但這圖的喜好程度因人而異，我是沒感覺啦哈哈）第一眼覺得它的眼影非常大塊，一顆3.5g感覺可以用很久xd小缺點是霧面深色會有色素沈澱的現象（特別是紫色）所以一定要用打底膏才行在卸妝的時候也要特別留意再來就是大家關注的眼妝啦！有在追蹤我ig的朋友應該會看到我的眼妝分享～努力嘗試了不同配色的眼妝，簡單的圖解說明，希望能幫助有興趣的朋友喔☺️⭐️ look1：橘色x紫色撞色眼影這是第一次用這盤眼影完成這個眼妝橘色+紫色的撞色搭配非常好看嘗試了開眼頭的眼線，感覺比較銳利雖然只是小小一劃，但感覺真的很不同！⭐️ look2：金蘋果🌟🍎這天要去學校，但又想要用這盤所以就選了大地色系的眼影簡單配出金屬感很重的橘金色眼妝這盤的金色真的超美的～～⭐️ look3：綠色眼影初體驗這是我第一次嘗試綠色眼影配色上跟第一個很像，但黃色換成綠色感覺完全不同這個眼妝因為沒有戴假睫毛，所以少了一點感覺～目前嘗試了以上3款不同的眼妝之後還想要試看藍色的～～感謝大家閱讀！有入手這盤眼影的朋友不妨參考看看^___^---閱讀更多我的美妝分享>>",
    "time": "2017/04/09 15:49:33",
    "event": "click"
  },
  {
    "category": "3",
    "app": "Dcard",
    "id": "22",
    "context": "某天心血來潮，想要找網友一起來交換眼影玩玩很幸運的是居然有人願意理我xdd接下來就來給大家分享這盤眼影！這一盤的顏色非常飽和，對我來說算是非常重口味的一款只需要一點點就很顯色又飽和，所以下手要特別小心juvia‘splace的眼影都是以紙盒包裝為主還有招牌埃及人插畫（但這圖的喜好程度因人而異，我是沒感覺啦哈哈）第一眼覺得它的眼影非常大塊，一顆3.5g感覺可以用很久xd小缺點是霧面深色會有色素沈澱的現象（特別是紫色）所以一定要用打底膏才行在卸妝的時候也要特別留意再來就是大家關注的眼妝啦！有在追蹤我ig的朋友應該會看到我的眼妝分享～努力嘗試了不同配色的眼妝，簡單的圖解說明，希望能幫助有興趣的朋友喔☺️⭐️ look1：橘色x紫色撞色眼影這是第一次用這盤眼影完成這個眼妝橘色+紫色的撞色搭配非常好看嘗試了開眼頭的眼線，感覺比較銳利雖然只是小小一劃，但感覺真的很不同！⭐️ look2：金蘋果🌟🍎這天要去學校，但又想要用這盤所以就選了大地色系的眼影簡單配出金屬感很重的橘金色眼妝這盤的金色真的超美的～～⭐️ look3：綠色眼影初體驗這是我第一次嘗試綠色眼影配色上跟第一個很像，但黃色換成綠色感覺完全不同這個眼妝因為沒有戴假睫毛，所以少了一點感覺～目前嘗試了以上3款不同的眼妝之後還想要試看藍色的～～感謝大家閱讀！有入手這盤眼影的朋友不妨參考看看^___^---閱讀更多我的美妝分享>>",
    "time": "2017/04/09 15:49:33",
    "event": "slide"
  },
  {
    "category": "3",
    "app": "Dcard",
    "id": "23",
    "context": "哈哈哈哈囉👋😄自從我收到lizly櫻花眼影之後就一直很想分享因為實在是太～美～啦～🌸衛生紙準備好了嗎？美哭不負責哦😌😌😌🌸以下都是用i6拍攝📷（欸2年了好想換手機哦美到連真正的櫻花都黯然失色了呢🤣🤣🤣等不及想摸2把了嗎！！（才沒有別急嘛讓我們繼續看下去！！！（內心戲很多好啦要來講評一下惹🌸先來看看她們的名字嗯真可愛😇（明明就看不懂好啦認真分析一下從上排到下排左邊到右邊🌸event：亮片大不過不會粗就淡粉紅亮片很不顯色（第二快消失🌸flower：霧麪粉紅色很不顯色🌸blossom：細亮粉偏金橘色（在手上最快消失🌸date：霧面橘色比粉紅色(flower)顯色🌸twinkle：很橘的亮片顯色有橘子汽水的感覺（？🌸chocolate：亮粉很顯色顏色不會很深都不太會飛粉的感覺也都很滑順好推不過上面那排都不太顯色🤔第一張手臂試色我刷了3遍還比不上下排刷一次第二張手臂試色有狂刷至看的清楚（有嗎😅這是比較黑的手背（請忽略莫名其妙的痘痘🔪試到一半覺得太黑看不到就換了😥再來看看很夯的開架底妝✨好像是板上推catie也推不過都沒有51號讓我找遍74跟寶雅最後在sasa買到（欸他的頭～不怕一個失手弄太多👍想知道遮瑕如何嗎？看下去😆覺得超滑的～手指關節那裏變成這樣👇👇應該算遮掉蠻多的？🤔😅然後有傳說中小時候彩色筆的味道😂😂😂好啦其實有臉上試色不過很醜請慎入rrrrrr啊我的膚況是兩頰很乾t字出油😣😣😣1.素顏2.隔離霜（蘭蔻的覺得讚讚btw會變白3.遮瑕（菲詩小舖的覺得香香4.粉底（妙巴黎的（廢話嗯...好像沒有差太多？😨只是擦完隔離霜覺得變白可是擦完底妝變黃🤔那過了6小時後變這樣沒有脫妝沒有浮粉沒有出油臉不會繃繃我也不會蹦蹦（工蝦毀不過我平常不會打底妝所以朋友說我粉感重😕還是因為我塗太多？😣ps後面那個不是我朋友啦😅👇眼妝是用櫻花可是我覺得沒畫好下次再分享眼妝👀🌸（沒人想看好嗎超感謝親愛的朋友幫我買沒有她就沒有今天的分享了😇😇😇嗚嗚好啦這次分享就到這邊希望可以研究出櫻花眼妝然後跟大家分享還有蘭芝氣墊粉餅（一試愛上みんなちゃま、さらばー😚👋👋🌸宜醬的不負責任分享🌸",
    "time": "2017/04/09 15:50:45",
    "event": "click"
  },
  {
    "category": "3",
    "app": "Dcard",
    "id": "24",
    "context": "哈哈哈哈囉👋😄自從我收到lizly櫻花眼影之後就一直很想分享因為實在是太～美～啦～🌸衛生紙準備好了嗎？美哭不負責哦😌😌😌🌸以下都是用i6拍攝📷（欸2年了好想換手機哦美到連真正的櫻花都黯然失色了呢🤣🤣🤣等不及想摸2把了嗎！！（才沒有別急嘛讓我們繼續看下去！！！（內心戲很多好啦要來講評一下惹🌸先來看看她們的名字嗯真可愛😇（明明就看不懂好啦認真分析一下從上排到下排左邊到右邊🌸event：亮片大不過不會粗就淡粉紅亮片很不顯色（第二快消失🌸flower：霧麪粉紅色很不顯色🌸blossom：細亮粉偏金橘色（在手上最快消失🌸date：霧面橘色比粉紅色(flower)顯色🌸twinkle：很橘的亮片顯色有橘子汽水的感覺（？🌸chocolate：亮粉很顯色顏色不會很深都不太會飛粉的感覺也都很滑順好推不過上面那排都不太顯色🤔第一張手臂試色我刷了3遍還比不上下排刷一次第二張手臂試色有狂刷至看的清楚（有嗎😅這是比較黑的手背（請忽略莫名其妙的痘痘🔪試到一半覺得太黑看不到就換了😥再來看看很夯的開架底妝✨好像是板上推catie也推不過都沒有51號讓我找遍74跟寶雅最後在sasa買到（欸他的頭～不怕一個失手弄太多👍想知道遮瑕如何嗎？看下去😆覺得超滑的～手指關節那裏變成這樣👇👇應該算遮掉蠻多的？🤔😅然後有傳說中小時候彩色筆的味道😂😂😂好啦其實有臉上試色不過很醜請慎入rrrrrr啊我的膚況是兩頰很乾t字出油😣😣😣1.素顏2.隔離霜（蘭蔻的覺得讚讚btw會變白3.遮瑕（菲詩小舖的覺得香香4.粉底（妙巴黎的（廢話嗯...好像沒有差太多？😨只是擦完隔離霜覺得變白可是擦完底妝變黃🤔那過了6小時後變這樣沒有脫妝沒有浮粉沒有出油臉不會繃繃我也不會蹦蹦（工蝦毀不過我平常不會打底妝所以朋友說我粉感重😕還是因為我塗太多？😣ps後面那個不是我朋友啦😅👇眼妝是用櫻花可是我覺得沒畫好下次再分享眼妝👀🌸（沒人想看好嗎超感謝親愛的朋友幫我買沒有她就沒有今天的分享了😇😇😇嗚嗚好啦這次分享就到這邊希望可以研究出櫻花眼妝然後跟大家分享還有蘭芝氣墊粉餅（一試愛上みんなちゃま、さらばー😚👋👋🌸宜醬的不負責任分享🌸",
    "time": "2017/04/09 15:50:45",
    "event": "slide"
  },
  {
    "category": "3",
    "app": "Dcard",
    "id": "25",
    "context": "新入手的化妝包實在太美惹美美的大理石讓人忍不住想發個文🤤雖然看起來小小的可是超能裝滴⭕️拉鍊是玫瑰金內裡是粉紅色少女心完全爆棚🌸就順便縮縮裡面有什麼吧雜亂的大合照一張嘿嘿🐷超級凌亂的居然還有兩顆糖😂😂😂🔺餅類➰nars蜜粉餅這陣子的心頭好😍很控油又方便攜帶✔️➰diorskinnudeairluminizer001買它純粹是被包裝吸引真的美哭🤷‍♀️but真心覺得粉質普普有點粗糙🤔➰kevynaucoin修容+打亮被youtuber各種升火🔥修容超級顯色超級爆持久打亮就普普通通不會太閃低調型打亮😗➰toofacedpapadontpeach超級萌的啊啊啊啊啊啊啊🍑😍真的每天看到它心情都好好💓最愛toofaced家彩妝的各種香味唯一的缺點是些微顯毛孔😅😅😅💋底下附上試色🔺脣類➰maybelline脣露(?08昨天剛買的心頭好！！！超愛它在脣上水潤閃閃發光的樣子😍很持久不吃東西其實不太掉但我這支特別難塗勻下脣的部分但也特別的好卸乾淨😂😂😂➰tomford04aphrodite就是一支桃紅色脣膏😤➰yslkiss&blushdoustick03雖然包裝真的很烙賽可是當腮紅真的好美呀很持久顯色度自然很好拍開棒棒噠🖖➰ga306呃呃呃只想問為何它的香味這麼噁😑是一股我超討厭的香水qq在櫃上試的時候覺得還好沒太香但之後自己上覺得wtf😂擦這支搭公車整個暈到我不要不要的但除此之外真的很滋潤顏色也很美⋯➰sephorarougebalmspf20b03有放曬系數真的太酷炫惹😤滋潤度很高顯色度高素顏可以提氣色有好吃的櫻桃味🍒推推推😍➰canmakelip&cheekgel03最近的愛將之一夏天快到了特別喜歡這種霜狀腮紅像天生好氣色一樣💓➰chanel214被櫃哥燒到滋潤度也蠻高的不易掉色跟朋友淋雨騎機車被風雨打臉脣色100%健在😧💋底下附上試色照➖➖➖➖➖➖➖➖➖➖➖➖➖➖➖➖好啦感蝦妳們看完我的廢話掰掰啦🥀",
    "time": "2017/04/09 15:51:37",
    "event": "click"
  },
  {
    "category": "3",
    "app": "Dcard",
    "id": "26",
    "context": "新入手的化妝包實在太美惹美美的大理石讓人忍不住想發個文🤤雖然看起來小小的可是超能裝滴⭕️拉鍊是玫瑰金內裡是粉紅色少女心完全爆棚🌸就順便縮縮裡面有什麼吧雜亂的大合照一張嘿嘿🐷超級凌亂的居然還有兩顆糖😂😂😂🔺餅類➰nars蜜粉餅這陣子的心頭好😍很控油又方便攜帶✔️➰diorskinnudeairluminizer001買它純粹是被包裝吸引真的美哭🤷‍♀️but真心覺得粉質普普有點粗糙🤔➰kevynaucoin修容+打亮被youtuber各種升火🔥修容超級顯色超級爆持久打亮就普普通通不會太閃低調型打亮😗➰toofacedpapadontpeach超級萌的啊啊啊啊啊啊啊🍑😍真的每天看到它心情都好好💓最愛toofaced家彩妝的各種香味唯一的缺點是些微顯毛孔😅😅😅💋底下附上試色🔺脣類➰maybelline脣露(?08昨天剛買的心頭好！！！超愛它在脣上水潤閃閃發光的樣子😍很持久不吃東西其實不太掉但我這支特別難塗勻下脣的部分但也特別的好卸乾淨😂😂😂➰tomford04aphrodite就是一支桃紅色脣膏😤➰yslkiss&blushdoustick03雖然包裝真的很烙賽可是當腮紅真的好美呀很持久顯色度自然很好拍開棒棒噠🖖➰ga306呃呃呃只想問為何它的香味這麼噁😑是一股我超討厭的香水qq在櫃上試的時候覺得還好沒太香但之後自己上覺得wtf😂擦這支搭公車整個暈到我不要不要的但除此之外真的很滋潤顏色也很美⋯➰sephorarougebalmspf20b03有放曬系數真的太酷炫惹😤滋潤度很高顯色度高素顏可以提氣色有好吃的櫻桃味🍒推推推😍➰canmakelip&cheekgel03最近的愛將之一夏天快到了特別喜歡這種霜狀腮紅像天生好氣色一樣💓➰chanel214被櫃哥燒到滋潤度也蠻高的不易掉色跟朋友淋雨騎機車被風雨打臉脣色100%健在😧💋底下附上試色照➖➖➖➖➖➖➖➖➖➖➖➖➖➖➖➖好啦感蝦妳們看完我的廢話掰掰啦🥀",
    "time": "2017/04/09 15:51:37",
    "event": "slide"
  },
  {
    "category": "3",
    "app": "Dcard",
    "id": "27",
    "context": "哈囉大家好今天逛東區的時候竟然看到焦糖裸的身影!!!❤當然是立馬拿在手上準備結帳店員還特地告訴我今天買一隻305而已❤❤👍先上手臂試色超美❤❤❤❤❤💄再來上脣部試色(截圖脣部重新上傳)希望大家都能很幸運的遇到焦糖裸😂今天就分享到這嘍👍👍",
    "time": "2017/04/09 15:51:58",
    "event": "click"
  },
  {
    "category": "3",
    "app": "Dcard",
    "id": "28",
    "context": "哈囉大家好今天逛東區的時候竟然看到焦糖裸的身影!!!❤當然是立馬拿在手上準備結帳店員還特地告訴我今天買一隻305而已❤❤👍先上手臂試色超美❤❤❤❤❤💄再來上脣部試色(截圖脣部重新上傳)希望大家都能很幸運的遇到焦糖裸😂今天就分享到這嘍👍👍",
    "time": "2017/04/09 15:51:58",
    "event": "slide"
  },
  {
    "category": "3",
    "app": "Dcard",
    "id": "29",
    "context": "第一次分享自己的妝（如果有哪裡不妥可以告訴我哦(͒•ㅈ•͒)膚況是：混合偏油四季t字都會出油（臉上還有一些生理痘跟粉刺😭）以下就開始吧～➡️➡️先用apieu遮瑕膏遮痘痘跟綠色那頭改善泛紅部份(這個遮瑕是隨便買的結果還不錯用不會太乾）底妝使用的是臺中的一個老闆娘賣的隔離霜搭配za的防曬眉毛的部份都是大創的真的是便宜又好用👍👍我是幾乎沒有眉毛的人爲求方便都會用染眉膏打底（還在努力學習畫出完美的眉毛(*꒦ິ⌓꒦ີ)順便把山根跟眼窩的部份畫出來睫毛真的太短用kissme還是刷不太長⋯⋯沒有接睫毛的時候就會懷念接完的方便啊(۶ꈨຶꎁꈨຶ)۶睫毛膠是高中在寶雅買的一罐99蠻划算的也很黏回購第三罐了！睫毛貼好後用maybeline眼線補內眼線的部份kissme把真睫毛跟假睫毛刷一起～蜜粉定妝眼尾的眼線也要一起！眼皮太會出油了！眼妝的部分用sleek眼影盤跟bbia眼膠筆最左邊下面白色先整個眼皮打底➡️左邊2號橘色的畫眼頭的部分➡️黃色畫眼尾➡️中間的部分用1號橘色打亮➡️最右邊偏咖啡色沿著睫毛根部畫還有眼摺的尾部畫一點增加深邃下眼皮眼頭用最左邊白色➡️眼尾用2號橘色疊黃色暈開canmake真的是我的心頭愛❤️刷具沒有到超好用但是小小一盒帶出門真的很方便打亮t字部位跟下巴還有c字修容腮幫子跟鼻翼兩側腮紅是美容展買的一顆才100！！血色腮紅還捨不得用😂口紅是妙巴黎的阿姨去日本買的不確定臺灣有沒有偏桃色很喜歡💕擦在嘴脣中間旁邊用指腹暈開有濾鏡的來一張ʕథ౪థʔ完妝謝謝觀看ʕ♡˙ᴥ˙♡ʔ—魚的骨頭只有151",
    "time": "2017/04/09 15:52:16",
    "event": "click"
  },
  {
    "category": "3",
    "app": "Dcard",
    "id": "30",
    "context": "第一次分享自己的妝（如果有哪裡不妥可以告訴我哦(͒•ㅈ•͒)膚況是：混合偏油四季t字都會出油（臉上還有一些生理痘跟粉刺😭）以下就開始吧～➡️➡️先用apieu遮瑕膏遮痘痘跟綠色那頭改善泛紅部份(這個遮瑕是隨便買的結果還不錯用不會太乾）底妝使用的是臺中的一個老闆娘賣的隔離霜搭配za的防曬眉毛的部份都是大創的真的是便宜又好用👍👍我是幾乎沒有眉毛的人爲求方便都會用染眉膏打底（還在努力學習畫出完美的眉毛(*꒦ິ⌓꒦ີ)順便把山根跟眼窩的部份畫出來睫毛真的太短用kissme還是刷不太長⋯⋯沒有接睫毛的時候就會懷念接完的方便啊(۶ꈨຶꎁꈨຶ)۶睫毛膠是高中在寶雅買的一罐99蠻划算的也很黏回購第三罐了！睫毛貼好後用maybeline眼線補內眼線的部份kissme把真睫毛跟假睫毛刷一起～蜜粉定妝眼尾的眼線也要一起！眼皮太會出油了！眼妝的部分用sleek眼影盤跟bbia眼膠筆最左邊下面白色先整個眼皮打底➡️左邊2號橘色的畫眼頭的部分➡️黃色畫眼尾➡️中間的部分用1號橘色打亮➡️最右邊偏咖啡色沿著睫毛根部畫還有眼摺的尾部畫一點增加深邃下眼皮眼頭用最左邊白色➡️眼尾用2號橘色疊黃色暈開canmake真的是我的心頭愛❤️刷具沒有到超好用但是小小一盒帶出門真的很方便打亮t字部位跟下巴還有c字修容腮幫子跟鼻翼兩側腮紅是美容展買的一顆才100！！血色腮紅還捨不得用😂口紅是妙巴黎的阿姨去日本買的不確定臺灣有沒有偏桃色很喜歡💕擦在嘴脣中間旁邊用指腹暈開有濾鏡的來一張ʕథ౪థʔ完妝謝謝觀看ʕ♡˙ᴥ˙♡ʔ—魚的骨頭只有151",
    "time": "2017/04/09 15:52:16",
    "event": "slide"
  },
  {
    "category": "3",
    "app": "Dcard",
    "id": "31",
    "context": "我第一次發美妝版才發現試色原來這麼麻煩我吃了超多卸妝油的😭最近正流行的美女與野獸🌹這瓶身真的讓我少女心噴發欸剛塗上會很乾裂但一陣子後真的是霧到很美小美人魚也是美的不要不要的顏色偏重了點以下這一系列開始都是脣筆冰雪奇緣的anna顏色真的讓我超愛的一擦立馬納入最愛snowwhite的顏色雖然紅了點但卻意外好看睡美人的這款真的就跟aurora的卡通一樣很粉紅的感覺這款魔法奇緣的顏色不知道為什麼我擦上去還好很像塗護脣膏的感覺但上面的rapunzel真的好美喔冰雪奇緣的這顏色擦上去有一種壞女人的感覺哈哈我根本不敢擦出門也是只好當收藏了又到了現在流行的美女與野獸了結果這顏色我完全無法駕馭又只能當收藏了😭這一支是我很愛的顏色也是同一個牌子的這顏色真的很美很自然感謝看完的各位我真的很怕被砲轟拜託各位別太嚴格我第一次發美妝啊～～～～happyskin的這一系列好像沒有賣不過我有查到官網公主這一系列是迪士尼聖誕節的限定款",
    "time": "2017/04/09 15:52:45",
    "event": "click"
  },
  {
    "category": "3",
    "app": "Dcard",
    "id": "32",
    "context": "我第一次發美妝版才發現試色原來這麼麻煩我吃了超多卸妝油的😭最近正流行的美女與野獸🌹這瓶身真的讓我少女心噴發欸剛塗上會很乾裂但一陣子後真的是霧到很美小美人魚也是美的不要不要的顏色偏重了點以下這一系列開始都是脣筆冰雪奇緣的anna顏色真的讓我超愛的一擦立馬納入最愛snowwhite的顏色雖然紅了點但卻意外好看睡美人的這款真的就跟aurora的卡通一樣很粉紅的感覺這款魔法奇緣的顏色不知道為什麼我擦上去還好很像塗護脣膏的感覺但上面的rapunzel真的好美喔冰雪奇緣的這顏色擦上去有一種壞女人的感覺哈哈我根本不敢擦出門也是只好當收藏了又到了現在流行的美女與野獸了結果這顏色我完全無法駕馭又只能當收藏了😭這一支是我很愛的顏色也是同一個牌子的這顏色真的很美很自然感謝看完的各位我真的很怕被砲轟拜託各位別太嚴格我第一次發美妝啊～～～～happyskin的這一系列好像沒有賣不過我有查到官網公主這一系列是迪士尼聖誕節的限定款",
    "time": "2017/04/09 15:52:45",
    "event": "slide"
  },
  {
    "category": "3",
    "app": "Dcard",
    "id": "74",
    "context": "文真的很長可以快速看圖有興趣的再仔細看就好😩大家好我是向月葵😄先來看看今天要來開那些東西👉有眼影/脣彩/刷具/粉底/蜜粉/遮瑕/眼線液/哩哩扣扣今天的開箱文會有商品圖附上簡短心得這樣第一個商品👉megalastliquidcatsuitmattelipstick$4.99第一個擺他😄手上刷色跟瓶身都粉紅粉紅的不過實際上脣後莫名帶了些橘色質地非常好推開！很滑順不卡膏剛上去像手部刷色那樣亮涼滑滑的過一段時間後會轉為完全的霧面✨但是嘴會開始感到些許緊繃跟乾脣紋也會顯露出來（但不會太顯有防沾杯👈這點我很滿意喝水敏脣都不會掉，但吃東西還是會掉啦下一個👉coloriconeyeshadowcollection$4.99買了兩色彩色那盤有點像玩具不怎麼顯，多擦幾次還是ok猛的是大地色這盤👉都是隻抹一次的顏色！顯的亂七八糟啊😭😭😭顏色都超級美！我是一個不喜歡亮面的人但他家的亮面都使我屈服uuu……實體更美最上面的顏色像是燒焦一樣的紅銅棕！莫名的又在裡面混了綠色的珠光（眼影盤右下色，反光看起來是噁綠😂）聽起來很微妙但真的……美哭😭（無試妝照因為我畫起來像屎）眼影👉10-panstudioeyeshadowpalette$4.99（右下，右上是小夥伴一起買的我沒拆😄）手上刷色，一樣抹一次霧面的顯色普遍不佳但是珠光的！！一樣美的沒話說他家可能做珠光特別美😍最左邊的兩個香檳色其實超美的手殘又跟膚色太相近實在是拍不太出來😭霧面脣彩👉megalastlipcolor$1.99因為脣跟紙上試色沒差多少，所以就用紙上的囉😄（sonyz3後置鏡頭無慮鏡）有印象的拉出來點評>>965→看起來紫紫膏體很深的一隻，實際上脣是帶紫的深桃紅，好擦914→看起來非常莫名奇妙的屎色，實際上是飽和不高的深紅💞大概是最近很流行都所謂吃土色，擦起來沉穩有氣質，所有霧面裡最好擦的一隻，挑給母上大人使用的（無慮鏡，實際更深一點）917b→請正名為壞女人色。一樣挑給母上使用。我擦起來色差巨大所以沒拍，實際上是很有氣勢的深紅，深的頗有質感，適合成熟美人跟個性美人💞903c→我非常期待的裸粉😭😭😭瞧我哭的撕心肺裂😭非常易卡膏體，不好推勻，敏脣易沾黏超級難過，他家淺色似乎做不好，深色卻都非常的好推勻好擦911d→桃紅，好擦嗯對我懶了909d,969,970→他們三隻很像，都是很橘的橘紅，969是個正橘，都有點卡膏問題but沒903c嚴重❗然後515d❗他其實不是大家很推的wnw霧面系列的孩子其實他是亮面系列的👉silkfinishlipstick一隻0.99美。度比大創還便宜便宜的讓我懷疑，所以這系列我只買一隻雖然是亮色可是很好推顏色很美很可愛！！屌打霧面系列！！！為什麼都沒人推她😭😭😭只買一隻超級後悔！！這系列我想包色啊😭沒拍到脣特寫，放個自拍他的顏色很像魅比琳霧面系列的鮭魚粉💞很甜的顏色不過她有個櫻桃藥水的味道😂除此之外他連外包裝都屌打霧面系列！！霧面真的是一打開就a到殼，她的設計不太一樣不會讓你打到殼👉photofocus™foundation$5.99catie超推的粉底液！！我真的是看完catie影片……就……就😭（說話好嗎這個東西是害我買這一堆還跟親友揪團的元兇but……用了之後覺得神化過頭😭catie說的優點都有，但我說個缺點好了他超級容易乾的，本來想說怎麼會那麼難推開（因為我用兩色混出我的色號混了有點時間）結果上臉真的很不好推開😭開始稍乾之後非常容易一推到就斑駁，同樣不好疊多層跟補妝用濕海綿補噴化妝水也一樣😡後來發現他易乾的特質後就嘗試快速上妝結果就真的很不錯😆（無慮鏡無美膚，忘了前後鏡）遮暇約5-6成持妝度也很好光澤超級自然不過沒甚麼毛孔修飾功能（但其實我的太確定是凹下去的才叫毛孔，凸出來的小顆粒算不算呢😭）👉photofocus™pressedpowder$4.99😭右下碎掉，由於我是跟朋友揪團又要進貢母上一盒，只好自己吸收碎掉那盒……剛打開就噴了一堆出來還噴到我腿上剛好測試😂粉超細，用手一抹開就勻了很細膩也沒甚麼感覺👉photofocus™concealer$3.99這個就真的跟catie說的一模一樣！！超優我跟catie一樣眼下奇乾，用他真的不會太乾！詳細去看cati影片吧😂底妝系列最推這個👍👉brushes刷俱$0.99-3.99?（有兩隻眼影試色弄髒了😭）這個系列配色真的……太少女太夢幻太可愛啦每隻的材質似乎都一樣非常好摸柔軟💞但偶爾上臉會被幾根刺到的感覺，可能有點小出包不過看在外表我原諒他😘特別推薦扁扁扇型的那個！超級好刷的！非常滑軟(?)我剛拿到就一直用這個呼自己巴掌😆同樣造型的刷俱其他家似乎不多，這個很推👉megaliner™liquideyeliner特價$0.99本來是為了買白色！結果下標時已經沒有貨了😭還是買了藍色玩玩沖水不會掉，有些防水但衝水後去搓揉就掉啦因為特價太便宜😂基本上只是當玩具來玩的👉coloriconeyeshadowsingle-sugar$0.99又是便宜到莫名的東西😂超可愛的單色眼影，也可以當打亮！粉超細，白色打亮很囂張很亮，定睛一看感覺又沒甚麼，上的那一塊不會白慘慘，感覺只剩珠光參考tinna買的💞tinna做了很多wnw的影片像大地眼影盤也是tinna推的！！附上tinna影片中場休息，我打字打兩個小時了好累，吃個紅豆餅壓壓驚接下來進入驚世雷貨區😡以下我都不會特別標出官方名稱跟價格因為我不想為了這些小王八花時間查👉指甲油超濃籌不易推開的膏體很濃但是又不顯色超容易有刷痕凸凸凹凹==氣死我不同系列的小王八藍色那個我根本沒買他😡😡他送錯了還把我另一個貨吃掉！他比粉紅那罐貴一點情況也好一點，不過只是大雷包>小雷包而已👉妝前飾底乳好，最雷的來了，我們來看圖說故事看看兩頰鼻子脣周下巴之浮粉（飾底乳的重點區域😡）（跑去整臉卸妝後乾淨的臉直接上😤）也差太多！！好好一個粉底被弄到那麼浮粉是甚麼鬼啊😤😤😤👉眼影打底膏跟上面一樣，只是他更濃，更猛😡一擦上去我的眼皮整個大！卡！那些在眼皮上的粉底被這個膏弄起來然後卡再眼皮上（我只沾了一點點怎麼推都推不勻！😡後來又害我重新上妝……好的！那麼wnw開箱告一段落🙆為感謝各位看完這沉長的文章付上我家的水狗感謝各位💕🙆收藏與按讚此文章以獲得更多的狗狗🙆",
    "time": "2017/04/09 16:16:46",
    "event": "click"
  },
  {
    "category": "3",
    "app": "Dcard",
    "id": "75",
    "context": "文真的很長可以快速看圖有興趣的再仔細看就好😩大家好我是向月葵😄先來看看今天要來開那些東西👉有眼影/脣彩/刷具/粉底/蜜粉/遮瑕/眼線液/哩哩扣扣今天的開箱文會有商品圖附上簡短心得這樣第一個商品👉megalastliquidcatsuitmattelipstick$4.99第一個擺他😄手上刷色跟瓶身都粉紅粉紅的不過實際上脣後莫名帶了些橘色質地非常好推開！很滑順不卡膏剛上去像手部刷色那樣亮涼滑滑的過一段時間後會轉為完全的霧面✨但是嘴會開始感到些許緊繃跟乾脣紋也會顯露出來（但不會太顯有防沾杯👈這點我很滿意喝水敏脣都不會掉，但吃東西還是會掉啦下一個👉coloriconeyeshadowcollection$4.99買了兩色彩色那盤有點像玩具不怎麼顯，多擦幾次還是ok猛的是大地色這盤👉都是隻抹一次的顏色！顯的亂七八糟啊😭😭😭顏色都超級美！我是一個不喜歡亮面的人但他家的亮面都使我屈服uuu……實體更美最上面的顏色像是燒焦一樣的紅銅棕！莫名的又在裡面混了綠色的珠光（眼影盤右下色，反光看起來是噁綠😂）聽起來很微妙但真的……美哭😭（無試妝照因為我畫起來像屎）眼影👉10-panstudioeyeshadowpalette$4.99（右下，右上是小夥伴一起買的我沒拆😄）手上刷色，一樣抹一次霧面的顯色普遍不佳但是珠光的！！一樣美的沒話說他家可能做珠光特別美😍最左邊的兩個香檳色其實超美的手殘又跟膚色太相近實在是拍不太出來😭霧面脣彩👉megalastlipcolor$1.99因為脣跟紙上試色沒差多少，所以就用紙上的囉😄（sonyz3後置鏡頭無慮鏡）有印象的拉出來點評>>965→看起來紫紫膏體很深的一隻，實際上脣是帶紫的深桃紅，好擦914→看起來非常莫名奇妙的屎色，實際上是飽和不高的深紅💞大概是最近很流行都所謂吃土色，擦起來沉穩有氣質，所有霧面裡最好擦的一隻，挑給母上大人使用的（無慮鏡，實際更深一點）917b→請正名為壞女人色。一樣挑給母上使用。我擦起來色差巨大所以沒拍，實際上是很有氣勢的深紅，深的頗有質感，適合成熟美人跟個性美人💞903c→我非常期待的裸粉😭😭😭瞧我哭的撕心肺裂😭非常易卡膏體，不好推勻，敏脣易沾黏超級難過，他家淺色似乎做不好，深色卻都非常的好推勻好擦911d→桃紅，好擦嗯對我懶了909d,969,970→他們三隻很像，都是很橘的橘紅，969是個正橘，都有點卡膏問題but沒903c嚴重❗然後515d❗他其實不是大家很推的wnw霧面系列的孩子其實他是亮面系列的👉silkfinishlipstick一隻0.99美。度比大創還便宜便宜的讓我懷疑，所以這系列我只買一隻雖然是亮色可是很好推顏色很美很可愛！！屌打霧面系列！！！為什麼都沒人推她😭😭😭只買一隻超級後悔！！這系列我想包色啊😭沒拍到脣特寫，放個自拍他的顏色很像魅比琳霧面系列的鮭魚粉💞很甜的顏色不過她有個櫻桃藥水的味道😂除此之外他連外包裝都屌打霧面系列！！霧面真的是一打開就a到殼，她的設計不太一樣不會讓你打到殼👉photofocus™foundation$5.99catie超推的粉底液！！我真的是看完catie影片……就……就😭（說話好嗎這個東西是害我買這一堆還跟親友揪團的元兇but……用了之後覺得神化過頭😭catie說的優點都有，但我說個缺點好了他超級容易乾的，本來想說怎麼會那麼難推開（因為我用兩色混出我的色號混了有點時間）結果上臉真的很不好推開😭開始稍乾之後非常容易一推到就斑駁，同樣不好疊多層跟補妝用濕海綿補噴化妝水也一樣😡後來發現他易乾的特質後就嘗試快速上妝結果就真的很不錯😆（無慮鏡無美膚，忘了前後鏡）遮暇約5-6成持妝度也很好光澤超級自然不過沒甚麼毛孔修飾功能（但其實我的太確定是凹下去的才叫毛孔，凸出來的小顆粒算不算呢😭）👉photofocus™pressedpowder$4.99😭右下碎掉，由於我是跟朋友揪團又要進貢母上一盒，只好自己吸收碎掉那盒……剛打開就噴了一堆出來還噴到我腿上剛好測試😂粉超細，用手一抹開就勻了很細膩也沒甚麼感覺👉photofocus™concealer$3.99這個就真的跟catie說的一模一樣！！超優我跟catie一樣眼下奇乾，用他真的不會太乾！詳細去看cati影片吧😂底妝系列最推這個👍👉brushes刷俱$0.99-3.99?（有兩隻眼影試色弄髒了😭）這個系列配色真的……太少女太夢幻太可愛啦每隻的材質似乎都一樣非常好摸柔軟💞但偶爾上臉會被幾根刺到的感覺，可能有點小出包不過看在外表我原諒他😘特別推薦扁扁扇型的那個！超級好刷的！非常滑軟(?)我剛拿到就一直用這個呼自己巴掌😆同樣造型的刷俱其他家似乎不多，這個很推👉megaliner™liquideyeliner特價$0.99本來是為了買白色！結果下標時已經沒有貨了😭還是買了藍色玩玩沖水不會掉，有些防水但衝水後去搓揉就掉啦因為特價太便宜😂基本上只是當玩具來玩的👉coloriconeyeshadowsingle-sugar$0.99又是便宜到莫名的東西😂超可愛的單色眼影，也可以當打亮！粉超細，白色打亮很囂張很亮，定睛一看感覺又沒甚麼，上的那一塊不會白慘慘，感覺只剩珠光參考tinna買的💞tinna做了很多wnw的影片像大地眼影盤也是tinna推的！！附上tinna影片中場休息，我打字打兩個小時了好累，吃個紅豆餅壓壓驚接下來進入驚世雷貨區😡以下我都不會特別標出官方名稱跟價格因為我不想為了這些小王八花時間查👉指甲油超濃籌不易推開的膏體很濃但是又不顯色超容易有刷痕凸凸凹凹==氣死我不同系列的小王八藍色那個我根本沒買他😡😡他送錯了還把我另一個貨吃掉！他比粉紅那罐貴一點情況也好一點，不過只是大雷包>小雷包而已👉妝前飾底乳好，最雷的來了，我們來看圖說故事看看兩頰鼻子脣周下巴之浮粉（飾底乳的重點區域😡）（跑去整臉卸妝後乾淨的臉直接上😤）也差太多！！好好一個粉底被弄到那麼浮粉是甚麼鬼啊😤😤😤👉眼影打底膏跟上面一樣，只是他更濃，更猛😡一擦上去我的眼皮整個大！卡！那些在眼皮上的粉底被這個膏弄起來然後卡再眼皮上（我只沾了一點點怎麼推都推不勻！😡後來又害我重新上妝……好的！那麼wnw開箱告一段落🙆為感謝各位看完這沉長的文章付上我家的水狗感謝各位💕🙆收藏與按讚此文章以獲得更多的狗狗🙆",
    "time": "2017/04/09 16:16:46",
    "event": "slide"
  }
]