[
  {
    "category": "4",
    "app": "Dcard",
    "id": "72",
    "context": "就是sigma買的起所以要反對抄襲它的品牌重點是做的沒原創好國外設計師品牌買不起也買不到所以買zara就好了就好比大家都喜歡買淘寶一樣可以用便宜價錢買到質料差不是太多的東西誰不喜歡呢我身邊一堆非設計系的就愛死zara(包括美術之類的)，非專業科系對於抄襲方面本來就不會瞭解太多，好比我如果對數學系捧油講出一個現代藝術家的名字他絕對一臉懵逼catie喜歡買zara並沒有絕對錯誤青菜蘿蔔各有所好我們無權決定對方的想法可以告知但不能完全否定她的行為但是現在問題出在她的回應雖然她打了長篇大論但是我只看到她的不妥協是直接的個性所造成?其實我覺得吧不是直接，是強硬過頭了直接說我買不起也買不到原創就好啦如果她這樣說我反而會更愛她",
    "time": "2017/04/09 16:16:30",
    "event": "click"
  },
  {
    "category": "4",
    "app": "Dcard",
    "id": "73",
    "context": "就是sigma買的起所以要反對抄襲它的品牌重點是做的沒原創好國外設計師品牌買不起也買不到所以買zara就好了就好比大家都喜歡買淘寶一樣可以用便宜價錢買到質料差不是太多的東西誰不喜歡呢我身邊一堆非設計系的就愛死zara(包括美術之類的)，非專業科系對於抄襲方面本來就不會瞭解太多，好比我如果對數學系捧油講出一個現代藝術家的名字他絕對一臉懵逼catie喜歡買zara並沒有絕對錯誤青菜蘿蔔各有所好我們無權決定對方的想法可以告知但不能完全否定她的行為但是現在問題出在她的回應雖然她打了長篇大論但是我只看到她的不妥協是直接的個性所造成?其實我覺得吧不是直接，是強硬過頭了直接說我買不起也買不到原創就好啦如果她這樣說我反而會更愛她",
    "time": "2017/04/09 16:16:30",
    "event": "slide"
  }
]