[
  {
    "category": "5",
    "app": "Dcard",
    "id": "49",
    "context": "平常最喜歡的就是看大家分享自己的what'sinmyroom系列❤️❤️❤️終於也到把東西整理一下勉強可以分享了✌️現在是在外租屋跟朋友們住公寓式的房間開始😬😬😬😬房間一打開門的第一眼樣子房間是正方形的，牀靠陽臺～～牀頭上的樹超喜歡，是自己貼上去的壁貼地毯是蝦皮買的再放大一點點看👀鏡子放那裏是因為後面放空氣清淨機遮醜下面還有一個ikea買的白色牀上行小桌子登等女子必備的貼滿滿的牆皮箱是真的可以用的皮箱，大愛❤️牀前面的書桌目前找不到適合也喜愛的彩妝收納所以只好先凌亂的放著😭😭😭書桌跟書櫃是整體一起的蝦皮買1000不到所以下面東西都拿的到-牆上有2個小鴨子人吊飾是拿自己的臉去做的超可愛❤️❤️❤️❤️❤️❤️而且鼻子還是立體的ㄛ拉遠的視角👀旁邊是衣櫥，上面有3隻彈頭先生哈哈✌️彈頭先生裡面有小蛋頭先生安排位置的時候剛好算準衣櫥門可以打開，這樣比較省空間書櫃上的零星扭蛋是最近常看到的戽斗系列2😍😍😍屁股也是扭蛋，突然發現是磁鐵，剛好吸在書櫃的螺絲🔩上書櫃上黏的是ikea買的他有很多大小，房間放了蠻多個掛東西還可以換顏色頭房間一進來右邊的牆有4個櫃子，裡面放雜物，因為太醜了就找了布把他遮住，牆上掛毛巾的就是上面ikea買的仙人掌燈是被燒到的🔥真的是女子必備😍😍😍😍😍😍😍這個也是燈超可愛的，像蹺蹺板，把他壓向哪邊就會亮或暗大隻吃花❤️花是肥皂花是可以用的肥皂花，會有淡淡的香最後附上一個完整的全景圖結束，謝謝✌️",
    "time": "2017/04/09 16:00:56",
    "event": "click"
  },
  {
    "category": "5",
    "app": "Dcard",
    "id": "50",
    "context": "平常最喜歡的就是看大家分享自己的what'sinmyroom系列❤️❤️❤️終於也到把東西整理一下勉強可以分享了✌️現在是在外租屋跟朋友們住公寓式的房間開始😬😬😬😬房間一打開門的第一眼樣子房間是正方形的，牀靠陽臺～～牀頭上的樹超喜歡，是自己貼上去的壁貼地毯是蝦皮買的再放大一點點看👀鏡子放那裏是因為後面放空氣清淨機遮醜下面還有一個ikea買的白色牀上行小桌子登等女子必備的貼滿滿的牆皮箱是真的可以用的皮箱，大愛❤️牀前面的書桌目前找不到適合也喜愛的彩妝收納所以只好先凌亂的放著😭😭😭書桌跟書櫃是整體一起的蝦皮買1000不到所以下面東西都拿的到-牆上有2個小鴨子人吊飾是拿自己的臉去做的超可愛❤️❤️❤️❤️❤️❤️而且鼻子還是立體的ㄛ拉遠的視角👀旁邊是衣櫥，上面有3隻彈頭先生哈哈✌️彈頭先生裡面有小蛋頭先生安排位置的時候剛好算準衣櫥門可以打開，這樣比較省空間書櫃上的零星扭蛋是最近常看到的戽斗系列2😍😍😍屁股也是扭蛋，突然發現是磁鐵，剛好吸在書櫃的螺絲🔩上書櫃上黏的是ikea買的他有很多大小，房間放了蠻多個掛東西還可以換顏色頭房間一進來右邊的牆有4個櫃子，裡面放雜物，因為太醜了就找了布把他遮住，牆上掛毛巾的就是上面ikea買的仙人掌燈是被燒到的🔥真的是女子必備😍😍😍😍😍😍😍這個也是燈超可愛的，像蹺蹺板，把他壓向哪邊就會亮或暗大隻吃花❤️花是肥皂花是可以用的肥皂花，會有淡淡的香最後附上一個完整的全景圖結束，謝謝✌️",
    "time": "2017/04/09 16:00:56",
    "event": "slide"
  },
  {
    "category": "5",
    "app": "Dcard",
    "id": "55",
    "context": "出社會半年終於出來自己住了其實多付房租費💰也是蠻燒荷包的不過住的開心舒適又方便纔是最重要滴今天剛組裝好的白色收納櫃還去跟朋友借鐵鎚跟媽媽一起敲敲打打完成的桌子是從民宿搬來的（疼我的乾爹提供😋本來的傢俱是旁邊黑色小和室桌因為我常常爬上爬下去關電熱水器乾脆再來一個桌子最近被乾燥花燒一個不要不要的我媽看我衝去花店就帶一束滿天星出來覺得我有病哈哈😂可是真的美房間質感加分這種鐵架真的蠻實用的我媽折衣服好厲害超整齊可以擺攤了目前還在尋覓好看的布料把它罩起來還是你們覺得這樣就okay了？！照片牆建置中大創買的窗簾旁邊的吊掛式吹風機很浮誇吧以為住飯店哈哈希望大家喜歡♥簽名檔/想當空姐的飯店人",
    "time": "2017/04/09 16:06:21",
    "event": "click"
  },
  {
    "category": "5",
    "app": "Dcard",
    "id": "56",
    "context": "出社會半年終於出來自己住了其實多付房租費💰也是蠻燒荷包的不過住的開心舒適又方便纔是最重要滴今天剛組裝好的白色收納櫃還去跟朋友借鐵鎚跟媽媽一起敲敲打打完成的桌子是從民宿搬來的（疼我的乾爹提供😋本來的傢俱是旁邊黑色小和室桌因為我常常爬上爬下去關電熱水器乾脆再來一個桌子最近被乾燥花燒一個不要不要的我媽看我衝去花店就帶一束滿天星出來覺得我有病哈哈😂可是真的美房間質感加分這種鐵架真的蠻實用的我媽折衣服好厲害超整齊可以擺攤了目前還在尋覓好看的布料把它罩起來還是你們覺得這樣就okay了？！照片牆建置中大創買的窗簾旁邊的吊掛式吹風機很浮誇吧以為住飯店哈哈希望大家喜歡♥簽名檔/想當空姐的飯店人",
    "time": "2017/04/09 16:06:21",
    "event": "slide"
  }
]