[
  {
    "category": "6",
    "app": "Dcard",
    "id": "51",
    "context": "哈囉大家好我是小馬尾😊感謝大家在上一篇文的熱情回覆😹所以我來寫個第二篇好啦😄這一篇的主題是大家最想知道的——三餐飲食！！（如果想瞭解我的減肥過程的～可以去看看上一篇文章呦😚）先聲明～以下介紹的各種方法，並不對於所有人都適用，也不用告訴我啥會復胖或者不健康的問題😊因為我已經維持了快一年了😘沒什麼復胖的問題😊以下正文～～～～（撒花花🌹🌹🌹從第一天開始就開始改變了三餐的習慣，以及吃的內容物也都完全改變了。在減肥之前，我早餐最愛吃飯糰、早餐店賣的總匯漢堡🍔、蘑菇炒麵、米漿、水煎包⋯⋯等等一些超好吃的食物😹午餐很常吃超商的微波食品，晚餐最愛大吃特吃一番，更別提還有宵夜這玩意兒了😄減肥開始之後，我的每日菜單變成～～早餐——黑糖饅頭一顆無糖豆漿or牛奶一瓶水果盒or沙拉🥗葡萄乾無調味杏仁果藍莓優格一開始吃的時候真的會撐死哈哈但習慣後就還好啦早餐不用擔心攝取過多熱量因為你有一整天的時間可以消耗😊午餐——通常都是家裡帶的便當🍱但當我沒便當時就會去吃早餐店or超商早餐店～起司蛋餅+蛋土司不抹沙拉醬別懷疑！沙拉醬熱量很高的😹超商～御飯糰+無糖豆漿+優格我不常吃超商所以我也沒特別研究超商要怎麼吃才對減肥有利～sorry><晚餐——頭三個月是只有燙青菜一大碗（不加鹽巴只有淋一小瓢橄欖油）如果有人問我會不會餓我會回答當然會餓😹但只有頭一個月會感覺到很餓到後來就習慣了為什麼晚餐要吃那麼那麼少呢？因為晚上人體消化的能力變很慢很慢一旦攝取過高熱量便很難消耗掉後三個月我有開始吃一些肉類因為要練肌肉的話需要多一些的營養至於宵夜的話😁——沒有！！！才沒有宵夜這回事勒😹😹不過不過不過～如果真的餓到眼前冒星星的話還是可以去吃幾顆葡萄乾or堅果啦但千萬不要去吃什麼餅乾呀！泡麵呀！一旦吃了就破功嘍～相信我～你隔天早上起來保證會後悔莫及😄簡單來說我採用的飲食方式是「飲食倒三角」，早餐吃飽、午餐8分飽、晚餐5分飽，就是早餐份量多、午餐正常、晚餐少。突然詞窮了😹😹到就先到這邊啦😊😊感謝今日的收看～下次再見啦😘😘😘by新北小袋鼠",
    "time": "2017/04/09 16:01:03",
    "event": "click"
  },
  {
    "category": "6",
    "app": "Dcard",
    "id": "52",
    "context": "哈囉大家好我是小馬尾😊感謝大家在上一篇文的熱情回覆😹所以我來寫個第二篇好啦😄這一篇的主題是大家最想知道的——三餐飲食！！（如果想瞭解我的減肥過程的～可以去看看上一篇文章呦😚）先聲明～以下介紹的各種方法，並不對於所有人都適用，也不用告訴我啥會復胖或者不健康的問題😊因為我已經維持了快一年了😘沒什麼復胖的問題😊以下正文～～～～（撒花花🌹🌹🌹從第一天開始就開始改變了三餐的習慣，以及吃的內容物也都完全改變了。在減肥之前，我早餐最愛吃飯糰、早餐店賣的總匯漢堡🍔、蘑菇炒麵、米漿、水煎包⋯⋯等等一些超好吃的食物😹午餐很常吃超商的微波食品，晚餐最愛大吃特吃一番，更別提還有宵夜這玩意兒了😄減肥開始之後，我的每日菜單變成～～早餐——黑糖饅頭一顆無糖豆漿or牛奶一瓶水果盒or沙拉🥗葡萄乾無調味杏仁果藍莓優格一開始吃的時候真的會撐死哈哈但習慣後就還好啦早餐不用擔心攝取過多熱量因為你有一整天的時間可以消耗😊午餐——通常都是家裡帶的便當🍱但當我沒便當時就會去吃早餐店or超商早餐店～起司蛋餅+蛋土司不抹沙拉醬別懷疑！沙拉醬熱量很高的😹超商～御飯糰+無糖豆漿+優格我不常吃超商所以我也沒特別研究超商要怎麼吃才對減肥有利～sorry><晚餐——頭三個月是只有燙青菜一大碗（不加鹽巴只有淋一小瓢橄欖油）如果有人問我會不會餓我會回答當然會餓😹但只有頭一個月會感覺到很餓到後來就習慣了為什麼晚餐要吃那麼那麼少呢？因為晚上人體消化的能力變很慢很慢一旦攝取過高熱量便很難消耗掉後三個月我有開始吃一些肉類因為要練肌肉的話需要多一些的營養至於宵夜的話😁——沒有！！！才沒有宵夜這回事勒😹😹不過不過不過～如果真的餓到眼前冒星星的話還是可以去吃幾顆葡萄乾or堅果啦但千萬不要去吃什麼餅乾呀！泡麵呀！一旦吃了就破功嘍～相信我～你隔天早上起來保證會後悔莫及😄簡單來說我採用的飲食方式是「飲食倒三角」，早餐吃飽、午餐8分飽、晚餐5分飽，就是早餐份量多、午餐正常、晚餐少。突然詞窮了😹😹到就先到這邊啦😊😊感謝今日的收看～下次再見啦😘😘😘by新北小袋鼠",
    "time": "2017/04/09 16:01:03",
    "event": "slide"
  },
  {
    "category": "6",
    "app": "Dcard",
    "id": "53",
    "context": "哈囉大家好我是小馬尾😊之前都是用rs這個代稱可能有人以前看過我的文沒看到的朋友沒關係😹因為在這裡我又要重新開始寫幾篇減肥經驗分享文啦😹先說說減肥前的我——身高167體重68體脂40（不要懷疑😹就是那麼誇張）腰圍33（標準水桶腰⋯⋯）6個月後的我——身高167（廢話😅😅）體重53😎體脂25😎腰圍25😎是怎麼做到的呢？？？以下就是我的經驗分享先說明一下我的方法不對於每個人都適合所以只是單純和你們分享經驗而已😊第一個月：飲食——拒絕炸物、甜點、零食、宵夜、麵包（沒錯就是麵包！精緻澱粉熱量高！）多吃蔬菜、水果、肉類，多喝水，適量攝取無糖豆漿及牛奶運動——每天去操場跑30分鐘（跑之前記得要熱身，跑之後一定要按摩腿部啊啊啊～～～可以美化腿部線條，拒絕壯碩小腿肌❌）成果——瘦下6公斤！（一定是太多脂肪可以消耗🤣）第二個月：飲食——跟第一個月一樣，只不過開始有吃堅果類食物運動——一樣每日跑步30分鐘，多了平板支撐（為了瘦肚肚！開始上健身房重訓💪成果——瘦下3公斤！（減的速度明顯有變慢可能因為脂肪越來越少）第三個月：飲食——跟第二個月一樣運動——跟第二個月一樣，只不過多了捲腹成果——瘦下2公斤！（明顯的開始感覺到身體上的變化走路變得比較輕快😄）第四個月：飲食——跟第二個月一樣運動——跟第三個月一樣，只不過練成了劈腿（正劈）、瑜珈頭倒立式（在練這個前，不知道摔了多少次😹）成果——瘦下2公斤！第五個月：飲食——跟第二個月一樣運動——跟第四個月一樣，還成功一次跑完10公里😘成果——瘦下1公斤！（明顯感覺到腹肌出來了😊）第六個月：飲食——跟第二個月一樣運動——跟第五個月一樣，只不過開始注重於腹肌訓練成果——瘦下1公斤！（有了4塊肌😹和川字肌😹）練瑜伽有益於減肥呦～平板支撐👍這好像是第二個月——第三個月看的練下腰😊跑步跑步跑步👍當然也有受傷的時候🤕️最嚴重的一次是腦震盪😢結論：減肥並不難，難的是你要怎麼克服懶惰😊感謝你們今天的收看👋下次再見嘍😊（已經出part2了可以去看看😊）by新北小袋鼠",
    "time": "2017/04/09 16:03:01",
    "event": "click"
  },
  {
    "category": "6",
    "app": "Dcard",
    "id": "54",
    "context": "哈囉大家好我是小馬尾😊之前都是用rs這個代稱可能有人以前看過我的文沒看到的朋友沒關係😹因為在這裡我又要重新開始寫幾篇減肥經驗分享文啦😹先說說減肥前的我——身高167體重68體脂40（不要懷疑😹就是那麼誇張）腰圍33（標準水桶腰⋯⋯）6個月後的我——身高167（廢話😅😅）體重53😎體脂25😎腰圍25😎是怎麼做到的呢？？？以下就是我的經驗分享先說明一下我的方法不對於每個人都適合所以只是單純和你們分享經驗而已😊第一個月：飲食——拒絕炸物、甜點、零食、宵夜、麵包（沒錯就是麵包！精緻澱粉熱量高！）多吃蔬菜、水果、肉類，多喝水，適量攝取無糖豆漿及牛奶運動——每天去操場跑30分鐘（跑之前記得要熱身，跑之後一定要按摩腿部啊啊啊～～～可以美化腿部線條，拒絕壯碩小腿肌❌）成果——瘦下6公斤！（一定是太多脂肪可以消耗🤣）第二個月：飲食——跟第一個月一樣，只不過開始有吃堅果類食物運動——一樣每日跑步30分鐘，多了平板支撐（為了瘦肚肚！開始上健身房重訓💪成果——瘦下3公斤！（減的速度明顯有變慢可能因為脂肪越來越少）第三個月：飲食——跟第二個月一樣運動——跟第二個月一樣，只不過多了捲腹成果——瘦下2公斤！（明顯的開始感覺到身體上的變化走路變得比較輕快😄）第四個月：飲食——跟第二個月一樣運動——跟第三個月一樣，只不過練成了劈腿（正劈）、瑜珈頭倒立式（在練這個前，不知道摔了多少次😹）成果——瘦下2公斤！第五個月：飲食——跟第二個月一樣運動——跟第四個月一樣，還成功一次跑完10公里😘成果——瘦下1公斤！（明顯感覺到腹肌出來了😊）第六個月：飲食——跟第二個月一樣運動——跟第五個月一樣，只不過開始注重於腹肌訓練成果——瘦下1公斤！（有了4塊肌😹和川字肌😹）練瑜伽有益於減肥呦～平板支撐👍這好像是第二個月——第三個月看的練下腰😊跑步跑步跑步👍當然也有受傷的時候🤕️最嚴重的一次是腦震盪😢結論：減肥並不難，難的是你要怎麼克服懶惰😊感謝你們今天的收看👋下次再見嘍😊（已經出part2了可以去看看😊）by新北小袋鼠",
    "time": "2017/04/09 16:03:01",
    "event": "slide"
  },
  {
    "category": "6",
    "app": "Dcard",
    "id": "57",
    "context": "先說這不是教學文因為開始行動至今才1星期而已（弱只是想勉勵每個想變更好的人最近因為感情的因素情緒低靡然後下定決心充實內在智慧減少外在體積在這之前我真的是那種動幾分鐘就快死的人下載了瘦身app，它會有30天的訓練，難度漸漸增加另外還有倒數日期的app為了每天給自己勉勵甚至改了桌布（起初桌布的勉勵語很偏激，都是想讓之前瞧不起我的人後悔，之後開始運動才漸漸覺得這麼做其實也是為了自己好，才變得正向以上都是給自己做足了各種精神喊話因為我真的試過好幾次減肥都2天就放棄😥就這樣運動+每天2000c.c.的水不過三餐照吃然後還常常喝飲料堅持到現在才一星期不過有明顯感覺到我的體力變得更好了（雖然每天痠痛😅再來最重要的就是體重！瘦了1公斤😤😤😤😤雖然才一公斤但是對我來說已經算是一大步了又有再出發的動力💕除此之外我每天實習回家都會強迫自己讀書，背單字，堅持晚上10點半以前睡覺，早上6點以前起牀，希望這次革命能夠堅持至少半年啦😅也替各位想改變以及正在改變中的女孩加油💪一起變得更好吧",
    "time": "2017/04/09 16:06:46",
    "event": "click"
  },
  {
    "category": "6",
    "app": "Dcard",
    "id": "58",
    "context": "先說這不是教學文因為開始行動至今才1星期而已（弱只是想勉勵每個想變更好的人最近因為感情的因素情緒低靡然後下定決心充實內在智慧減少外在體積在這之前我真的是那種動幾分鐘就快死的人下載了瘦身app，它會有30天的訓練，難度漸漸增加另外還有倒數日期的app為了每天給自己勉勵甚至改了桌布（起初桌布的勉勵語很偏激，都是想讓之前瞧不起我的人後悔，之後開始運動才漸漸覺得這麼做其實也是為了自己好，才變得正向以上都是給自己做足了各種精神喊話因為我真的試過好幾次減肥都2天就放棄😥就這樣運動+每天2000c.c.的水不過三餐照吃然後還常常喝飲料堅持到現在才一星期不過有明顯感覺到我的體力變得更好了（雖然每天痠痛😅再來最重要的就是體重！瘦了1公斤😤😤😤😤雖然才一公斤但是對我來說已經算是一大步了又有再出發的動力💕除此之外我每天實習回家都會強迫自己讀書，背單字，堅持晚上10點半以前睡覺，早上6點以前起牀，希望這次革命能夠堅持至少半年啦😅也替各位想改變以及正在改變中的女孩加油💪一起變得更好吧",
    "time": "2017/04/09 16:06:46",
    "event": "slide"
  },
  {
    "category": "6",
    "app": "Dcard",
    "id": "59",
    "context": "我小時候很瘦明明吃很多東西但卻長不出肉到國小五六年級才開始發福😱😱😱😱到哪裡都被笑虎背熊腰啊很難聽的話國小身材150/54這身材簡直嚇死人不囉嗦直接上圖👇👇👇👇這肚子？😱😱這臉？是大餅嗎一直到國一國二都是這樣...每次看到別人的好身材都好羨慕😭直到被笑到我真的受不了我也沒有減食更沒有不吃東西就放學等公車的時候在操場散步大概5圈然後還有時間在跟同學一起打球還有！！！最重要的宵夜不能吃😭😭（根本要命到國三終於有成果變成159/49❤️❤️但現在還需要繼續運動不能懶散💪最後附上最近的照片附上一張對照圖",
    "time": "2017/04/09 16:08:09",
    "event": "click"
  },
  {
    "category": "6",
    "app": "Dcard",
    "id": "60",
    "context": "我小時候很瘦明明吃很多東西但卻長不出肉到國小五六年級才開始發福😱😱😱😱到哪裡都被笑虎背熊腰啊很難聽的話國小身材150/54這身材簡直嚇死人不囉嗦直接上圖👇👇👇👇這肚子？😱😱這臉？是大餅嗎一直到國一國二都是這樣...每次看到別人的好身材都好羨慕😭直到被笑到我真的受不了我也沒有減食更沒有不吃東西就放學等公車的時候在操場散步大概5圈然後還有時間在跟同學一起打球還有！！！最重要的宵夜不能吃😭😭（根本要命到國三終於有成果變成159/49❤️❤️但現在還需要繼續運動不能懶散💪最後附上最近的照片附上一張對照圖",
    "time": "2017/04/09 16:08:09",
    "event": "slide"
  },
  {
    "category": "6",
    "app": "Dcard",
    "id": "65",
    "context": "錯版麻煩大家跟我說哦🙏這兩天研究出一個超級迅速減肥法至少我自己覺得超級有效啦哈哈那就是失戀分手立馬沒食慾暴瘦啊😭😭😭好久沒看到平坦的肚子了讓我自娛一下吧哈哈😂",
    "time": "2017/04/09 16:09:52",
    "event": "click"
  },
  {
    "category": "6",
    "app": "Dcard",
    "id": "66",
    "context": "錯版麻煩大家跟我說哦🙏這兩天研究出一個超級迅速減肥法至少我自己覺得超級有效啦哈哈那就是失戀分手立馬沒食慾暴瘦啊😭😭😭好久沒看到平坦的肚子了讓我自娛一下吧哈哈😂",
    "time": "2017/04/09 16:09:52",
    "event": "slide"
  },
  {
    "category": "6",
    "app": "Dcard",
    "id": "67",
    "context": "國中的時候160/63這大概是我人生中的巔峯那時候還交男朋友，相信那肯定是真愛(偏題了)後來因為一句話『瘦的人穿衣服是百搭，胖的人穿衣服是白搭』所以我決定徹底減肥瘦的人就算只穿素踢都超美阿啊我穿素梯就.....現在就算素梯也無法駕馭啦經過兩年體重161/52這大概是我最瘦的時候了運動(包括體育課)一週四天早餐喝果汁或無糖豆漿+無糖玉米片中餐御飯糰+水果(或燙青菜之類的)晚餐有時是優格+水果或有時是燙青菜x2如果吃水果，要選擇低糖分的水果，不要吃葡萄香蕉木瓜之類的盡量吃奇異果、蘋果、小梨子(超小西洋梨)現在體重大概也是持平在51-53一直下不去是我的困擾阿!!!但是我現在早餐每天是蛋餅中午簡單吃(鮪魚吐司不加沙拉或御飯糰)晚餐當然更貧窮的吃(燙青菜again)有時候如果比較晚運動，我那天就會吃水餃當作自己的小確幸喔含糖飲料可以喝，可是一定要少喝如果真的戒不掉至少一週一次就好(這已經極度奢侈了)我現在運動盡量維持一週五天雖然體重沒有太多變化但是至少對身體好喔最後請切記，就是晚上過六不食!!!!!(無糖豆漿也一樣)你只能喝水喝水喝水然後每天多喝水，可以喝美式咖啡、黑豆茶、玉米鬚茶、或是茶包(無糖)最後就是拜託我享瘦到48阿!!!!請各位水水一起分享大家今日吃甚麼~~~~~~~一起減肥變瘦變美麗便健康!!!!!",
    "time": "2017/04/09 16:10:05",
    "event": "click"
  },
  {
    "category": "6",
    "app": "Dcard",
    "id": "68",
    "context": "國中的時候160/63這大概是我人生中的巔峯那時候還交男朋友，相信那肯定是真愛(偏題了)後來因為一句話『瘦的人穿衣服是百搭，胖的人穿衣服是白搭』所以我決定徹底減肥瘦的人就算只穿素踢都超美阿啊我穿素梯就.....現在就算素梯也無法駕馭啦經過兩年體重161/52這大概是我最瘦的時候了運動(包括體育課)一週四天早餐喝果汁或無糖豆漿+無糖玉米片中餐御飯糰+水果(或燙青菜之類的)晚餐有時是優格+水果或有時是燙青菜x2如果吃水果，要選擇低糖分的水果，不要吃葡萄香蕉木瓜之類的盡量吃奇異果、蘋果、小梨子(超小西洋梨)現在體重大概也是持平在51-53一直下不去是我的困擾阿!!!但是我現在早餐每天是蛋餅中午簡單吃(鮪魚吐司不加沙拉或御飯糰)晚餐當然更貧窮的吃(燙青菜again)有時候如果比較晚運動，我那天就會吃水餃當作自己的小確幸喔含糖飲料可以喝，可是一定要少喝如果真的戒不掉至少一週一次就好(這已經極度奢侈了)我現在運動盡量維持一週五天雖然體重沒有太多變化但是至少對身體好喔最後請切記，就是晚上過六不食!!!!!(無糖豆漿也一樣)你只能喝水喝水喝水然後每天多喝水，可以喝美式咖啡、黑豆茶、玉米鬚茶、或是茶包(無糖)最後就是拜託我享瘦到48阿!!!!請各位水水一起分享大家今日吃甚麼~~~~~~~一起減肥變瘦變美麗便健康!!!!!",
    "time": "2017/04/09 16:10:05",
    "event": "slide"
  }
]