[
  {
    "category": "7",
    "app": "Dcard",
    "id": "61",
    "context": "房間地板或桌面不管多髒有多少灰塵我都可以忍到一定程度才會掃除了牀！！可能是因為我覺得牀是要睡覺會碰到身體最大面積的地方所以以下幾點是我在牀上絕對不會做and一定會做的事1.沒洗澡、沒換睡衣絕對不會碰牀。相信一定很多人都懂這點的意義你在外面坐過那麼多地方身上碰過多少細菌應該不會想跟那些細菌一起共枕吧？😅😅2.要在牀上玩手機或要把手機放在牀上以前一定要用酒精消毒纔可以。手機跟著你吃東西、搭公車、上廁所一整天下來你的手機上殘留各種醬料、食物碎屑、甚至上完廁所....(不多敘述😂)所以這點是每天必做的事！！3.絕不會在牀上殺蚊子或任何昆蟲。就算你用電蚊拍迅速電死蚊子你絕對不會知道牠身上哪個部位會掉在你牀上相信我....很可怕4.上牀前不管有沒有穿室內鞋都要先拍拍腳底。每天穿鞋子在外面走那麼久甚至有些地方要拖鞋子你襪子底部一定也沾了各種細菌回到家應該很少人會脫掉襪子再穿回室內拖吧🤔🤔長久下來室內拖也覆蓋了好多細菌所以要上來牀上前一定要拍拍腳然後我還會再用酒精洗手這樣才能安心不知道女孩看完之後還有沒有覺得需要增加的😂",
    "time": "2017/04/09 16:08:44",
    "event": "click"
  },
  {
    "category": "7",
    "app": "Dcard",
    "id": "62",
    "context": "房間地板或桌面不管多髒有多少灰塵我都可以忍到一定程度才會掃除了牀！！可能是因為我覺得牀是要睡覺會碰到身體最大面積的地方所以以下幾點是我在牀上絕對不會做and一定會做的事1.沒洗澡、沒換睡衣絕對不會碰牀。相信一定很多人都懂這點的意義你在外面坐過那麼多地方身上碰過多少細菌應該不會想跟那些細菌一起共枕吧？😅😅2.要在牀上玩手機或要把手機放在牀上以前一定要用酒精消毒纔可以。手機跟著你吃東西、搭公車、上廁所一整天下來你的手機上殘留各種醬料、食物碎屑、甚至上完廁所....(不多敘述😂)所以這點是每天必做的事！！3.絕不會在牀上殺蚊子或任何昆蟲。就算你用電蚊拍迅速電死蚊子你絕對不會知道牠身上哪個部位會掉在你牀上相信我....很可怕4.上牀前不管有沒有穿室內鞋都要先拍拍腳底。每天穿鞋子在外面走那麼久甚至有些地方要拖鞋子你襪子底部一定也沾了各種細菌回到家應該很少人會脫掉襪子再穿回室內拖吧🤔🤔長久下來室內拖也覆蓋了好多細菌所以要上來牀上前一定要拍拍腳然後我還會再用酒精洗手這樣才能安心不知道女孩看完之後還有沒有覺得需要增加的😂",
    "time": "2017/04/09 16:08:44",
    "event": "slide"
  }
]