[
  {
    "category": "8",
    "app": "Dcard",
    "id": "63",
    "context": "家裡的管教都是我媽在管，我爸不太管我但是我真的忍受我媽很久了事件一:因為現在專四我媽希望我以後繼續念學校的二技，而且不能去別的縣市讀書，最主要是她不准我搬出去住，說要花很多錢，叫我多為家裡省錢，其實大部分原因是不想冒險吧？事件二:不能跟朋友出去玩過夜，當然跟男友是絕對不可能的，她覺得過夜=上牀事件三:之前就跟我媽坦白過我會等我以後大一點有穩定工作才會跟男友發生性行為，但她還是時不時問我有沒有做不該做的事，讓我覺得心理壓力很大，我以為我跟我媽坦白她就不會在擔心這些有的沒的，結果還是...事件四:每次跟男友出去我媽一定會問要去哪幾點去幾點回來，而幾點回來這根本抓不準時間，只是遲到10分鐘她就會奪命連環call，沒有接到她就會開始大罵，說我不守信用，害我在男友面前很丟臉。之後跟男友出去我都很害怕，覺得出去玩不是要放鬆嗎為什麼我一直有時間壓力，所以之後如果男友約我，我媽又剛好在家，我都不會去了事件五:我媽說以後一定要考到公務人員才能結婚，她把我以後的人生都安排好了，說都是為了我好?事件六:她規定寒暑假一個禮拜只能跟男友出去兩次，每次答應了回來看到她又都臭臉事件七:用自己打工賺的錢買衣服，每買一次被她看到是新的就會罵我浪費錢，我大概兩三個月才買一次衣服褲子，每一次最多3,4件，而且從專一開始我的衣服都是用我自己賺的錢買的，我又沒用到她的錢我男友也說我被我媽保護的太過了，導致我現在很依賴別人，但是我想改變，我也想學會獨立，我也想搬出去住啊對了之前做過學校的心理測驗說我在家庭困擾屬於高度困擾的程度，我想我真的很不能接受我媽管教我的方式，但自己又沒什麼辦法跟她溝通最後我想請教各位有經驗的女孩是如何脫離父母管控的，我真的很想自由很久了",
    "time": "2017/04/09 16:09:10",
    "event": "click"
  },
  {
    "category": "8",
    "app": "Dcard",
    "id": "64",
    "context": "家裡的管教都是我媽在管，我爸不太管我但是我真的忍受我媽很久了事件一:因為現在專四我媽希望我以後繼續念學校的二技，而且不能去別的縣市讀書，最主要是她不准我搬出去住，說要花很多錢，叫我多為家裡省錢，其實大部分原因是不想冒險吧？事件二:不能跟朋友出去玩過夜，當然跟男友是絕對不可能的，她覺得過夜=上牀事件三:之前就跟我媽坦白過我會等我以後大一點有穩定工作才會跟男友發生性行為，但她還是時不時問我有沒有做不該做的事，讓我覺得心理壓力很大，我以為我跟我媽坦白她就不會在擔心這些有的沒的，結果還是...事件四:每次跟男友出去我媽一定會問要去哪幾點去幾點回來，而幾點回來這根本抓不準時間，只是遲到10分鐘她就會奪命連環call，沒有接到她就會開始大罵，說我不守信用，害我在男友面前很丟臉。之後跟男友出去我都很害怕，覺得出去玩不是要放鬆嗎為什麼我一直有時間壓力，所以之後如果男友約我，我媽又剛好在家，我都不會去了事件五:我媽說以後一定要考到公務人員才能結婚，她把我以後的人生都安排好了，說都是為了我好?事件六:她規定寒暑假一個禮拜只能跟男友出去兩次，每次答應了回來看到她又都臭臉事件七:用自己打工賺的錢買衣服，每買一次被她看到是新的就會罵我浪費錢，我大概兩三個月才買一次衣服褲子，每一次最多3,4件，而且從專一開始我的衣服都是用我自己賺的錢買的，我又沒用到她的錢我男友也說我被我媽保護的太過了，導致我現在很依賴別人，但是我想改變，我也想學會獨立，我也想搬出去住啊對了之前做過學校的心理測驗說我在家庭困擾屬於高度困擾的程度，我想我真的很不能接受我媽管教我的方式，但自己又沒什麼辦法跟她溝通最後我想請教各位有經驗的女孩是如何脫離父母管控的，我真的很想自由很久了",
    "time": "2017/04/09 16:09:10",
    "event": "slide"
  }
]