[
  {
    "category": "9",
    "app": "Dcard",
    "id": "69",
    "context": "首po文筆不好請見諒🙏🙏本身超喜歡逛網拍的～幾乎很少出門買衣服其實是因為實體店面都會擺好多衣服我會不知道看哪件又怕每件拿起來看最後不買會弄的很亂怕賣家整理麻煩😣所以覺得在網路上可以盡情的挑選很方便而且又不用出門(我是懶骨頭）覺得好讚❤️但是逛網拍相信很多人跟我一樣不喜歡等很久有些久一點可能等一個月以上😭所以我來分享幾家買過覺得品質還不錯的「現貨」網拍👍雖然少少的幾家而已不過都有定期出新款所以幾乎很少逛別家也希望大家如果有覺得很讚的可以跟我分享謝謝你們❤️1.zzooee___這是我第一次在ig購買商品的店家看過他們的蝦皮評價後才試試看一開始有點擔心會不會有落差不過我到現在已經買過很多次了大家可以放心😝😝衣服款式完全是我的風格我超愛的❤️每次穿出門都會有人問我在哪裡買的😆品質也還不錯重點是價錢超便宜的👍2.viewcom_store這家我是跟朋友一起買的～雖然粉絲少少的但是有問題問賣家賣家服務態度都很好唷～除了衣服還有賣手機殼推推他們的手機殼😍我覺得款式都很特別不太會跟別人撞殼都是我的菜哈哈哈(要定時幫手機換美美的衣服❤️)價錢也很便宜唷！3.basezoo_ya這家大家一定都知道吧😝我從高中買到現在(大學)出貨速度很快有時候有缺貨商品要等比較久不過大致上還是很速度👍他們有很多組合方案我常常跟姐妹一起穿同款當姐妹裝😂(其實我覺得有些可以當情侶裝啦😆)價錢也是很便宜的！！最近第一次買算是我的新歡😂我買的商品都不雷唷！而且款式真的很多對於我這種愛挑剔的人真的多了很多的選擇～另外我覺得他們的模特兒都好美耶😍有時候不知道怎麼搭衣服也會參考模特兒的穿搭價錢比前三家高一點點不過還在可接受範圍😇",
    "time": "2017/04/09 16:11:00",
    "event": "click"
  },
  {
    "category": "9",
    "app": "Dcard",
    "id": "70",
    "context": "首po文筆不好請見諒🙏🙏本身超喜歡逛網拍的～幾乎很少出門買衣服其實是因為實體店面都會擺好多衣服我會不知道看哪件又怕每件拿起來看最後不買會弄的很亂怕賣家整理麻煩😣所以覺得在網路上可以盡情的挑選很方便而且又不用出門(我是懶骨頭）覺得好讚❤️但是逛網拍相信很多人跟我一樣不喜歡等很久有些久一點可能等一個月以上😭所以我來分享幾家買過覺得品質還不錯的「現貨」網拍👍雖然少少的幾家而已不過都有定期出新款所以幾乎很少逛別家也希望大家如果有覺得很讚的可以跟我分享謝謝你們❤️1.zzooee___這是我第一次在ig購買商品的店家看過他們的蝦皮評價後才試試看一開始有點擔心會不會有落差不過我到現在已經買過很多次了大家可以放心😝😝衣服款式完全是我的風格我超愛的❤️每次穿出門都會有人問我在哪裡買的😆品質也還不錯重點是價錢超便宜的👍2.viewcom_store這家我是跟朋友一起買的～雖然粉絲少少的但是有問題問賣家賣家服務態度都很好唷～除了衣服還有賣手機殼推推他們的手機殼😍我覺得款式都很特別不太會跟別人撞殼都是我的菜哈哈哈(要定時幫手機換美美的衣服❤️)價錢也很便宜唷！3.basezoo_ya這家大家一定都知道吧😝我從高中買到現在(大學)出貨速度很快有時候有缺貨商品要等比較久不過大致上還是很速度👍他們有很多組合方案我常常跟姐妹一起穿同款當姐妹裝😂(其實我覺得有些可以當情侶裝啦😆)價錢也是很便宜的！！最近第一次買算是我的新歡😂我買的商品都不雷唷！而且款式真的很多對於我這種愛挑剔的人真的多了很多的選擇～另外我覺得他們的模特兒都好美耶😍有時候不知道怎麼搭衣服也會參考模特兒的穿搭價錢比前三家高一點點不過還在可接受範圍😇",
    "time": "2017/04/09 16:11:00",
    "event": "click"
  },
  {
    "category": "9",
    "app": "Dcard",
    "id": "71",
    "context": "首po文筆不好請見諒🙏🙏本身超喜歡逛網拍的～幾乎很少出門買衣服其實是因為實體店面都會擺好多衣服我會不知道看哪件又怕每件拿起來看最後不買會弄的很亂怕賣家整理麻煩😣所以覺得在網路上可以盡情的挑選很方便而且又不用出門(我是懶骨頭）覺得好讚❤️但是逛網拍相信很多人跟我一樣不喜歡等很久有些久一點可能等一個月以上😭所以我來分享幾家買過覺得品質還不錯的「現貨」網拍👍雖然少少的幾家而已不過都有定期出新款所以幾乎很少逛別家也希望大家如果有覺得很讚的可以跟我分享謝謝你們❤️1.zzooee___這是我第一次在ig購買商品的店家看過他們的蝦皮評價後才試試看一開始有點擔心會不會有落差不過我到現在已經買過很多次了大家可以放心😝😝衣服款式完全是我的風格我超愛的❤️每次穿出門都會有人問我在哪裡買的😆品質也還不錯重點是價錢超便宜的👍2.viewcom_store這家我是跟朋友一起買的～雖然粉絲少少的但是有問題問賣家賣家服務態度都很好唷～除了衣服還有賣手機殼推推他們的手機殼😍我覺得款式都很特別不太會跟別人撞殼都是我的菜哈哈哈(要定時幫手機換美美的衣服❤️)價錢也很便宜唷！3.basezoo_ya這家大家一定都知道吧😝我從高中買到現在(大學)出貨速度很快有時候有缺貨商品要等比較久不過大致上還是很速度👍他們有很多組合方案我常常跟姐妹一起穿同款當姐妹裝😂(其實我覺得有些可以當情侶裝啦😆)價錢也是很便宜的！！最近第一次買算是我的新歡😂我買的商品都不雷唷！而且款式真的很多對於我這種愛挑剔的人真的多了很多的選擇～另外我覺得他們的模特兒都好美耶😍有時候不知道怎麼搭衣服也會參考模特兒的穿搭價錢比前三家高一點點不過還在可接受範圍😇",
    "time": "2017/04/09 16:11:00",
    "event": "slide"
  }
]