[
  {
    "category": "1",
    "app": "Line",
    "id": "1",
    "context": "不知道誒我今天晚上幫你看看好了只是覺得我好像狗一樣被他丟棄果然在圈內認識真心的朋友很難吧你不要難過啦",
    "time": "2017/05/23 10:50:53",
    "event": "slide"
  },
  {
    "category": "1",
    "app": "Line",
    "id": "2",
    "context": "是蠻難的我那時後woo三天現在只剩一個人回我ㄎㄎㄎ",
    "time": "2017/05/23 10:50:53",
    "event": "type"
  },
  {
    "category": "1",
    "app": "Line",
    "id": "4",
    "context": "不知道誒我今天晚上幫你看看好了只是覺得我好像狗一樣被他丟棄果然在圈內認識真心的朋友很難吧你不要難過啦是蠻難的我那時後woo三天現在只剩一個人回我ㄎㄎㄎ",
    "time": "2017/05/23 10:50:53",
    "event": "slide"
  },
  {
    "category": "1",
    "app": "Line",
    "id": "5",
    "context": "不知道誒我今天晚上幫你看看好了只是覺得我好像狗一樣被他丟棄果然在圈內認識真心的朋友很難吧你不要難過啦是蠻難的我那時後woo三天現在只剩一個人回我ㄎㄎㄎ什麼三天呢？",
    "time": "2017/05/23 10:50:53",
    "event": "slide"
  },
  {
    "category": "1",
    "app": "Line",
    "id": "6",
    "context": "我寒假很閒ㄎㄎㄎ然後我有三天就有woo人啊",
    "time": "2017/05/23 10:50:53",
    "event": "type"
  },
  {
    "category": "1",
    "app": "Line",
    "id": "8",
    "context": "不知道誒我今天晚上幫你看看好了只是覺得我好像狗一樣被他丟棄果然在圈內認識真心的朋友很難吧你不要難過啦是蠻難的我那時後woo三天現在只剩一個人回我ㄎㄎㄎ什麼三天呢？我寒假很閒ㄎㄎㄎ然後我有三天就有woo人啊",
    "time": "2017/05/23 10:50:53",
    "event": "slide"
  },
  {
    "category": "1",
    "app": "Line",
    "id": "20",
    "context": "不知道誒我今天晚上幫你看看好了只是覺得我好像狗一樣被他丟棄果然在圈內認識真心的朋友很難吧你不要難過啦是蠻難的我那時後woo三天現在只剩一個人回我ㄎㄎㄎ什麼三天呢？我寒假很閒ㄎㄎㄎ然後我有三天就有woo人啊有認識到誰呢",
    "time": "2017/05/23 10:56:07",
    "event": "slide"
  },
  {
    "category": "1",
    "app": "Line",
    "id": "21",
    "context": "15-22歲都有認識啊",
    "time": "2017/05/23 10:56:07",
    "event": "type"
  },
  {
    "category": "1",
    "app": "Line",
    "id": "23",
    "context": "不知道誒我今天晚上幫你看看好了只是覺得我好像狗一樣被他丟棄果然在圈內認識真心的朋友很難吧你不要難過啦是蠻難的我那時後woo三天現在只剩一個人回我ㄎㄎㄎ什麼三天呢？我寒假很閒ㄎㄎㄎ然後我有三天就有woo人啊有認識到誰呢15-22歲都有認識啊",
    "time": "2017/05/23 10:56:07",
    "event": "slide"
  },
  {
    "category": "1",
    "app": "Line",
    "id": "27",
    "context": "不知道誒我今天晚上幫你看看好了只是覺得我好像狗一樣被他丟棄果然在圈內認識真心的朋友很難吧你不要難過啦是蠻難的我那時後woo三天現在只剩一個人回我ㄎㄎㄎ什麼三天呢？我寒假很閒ㄎㄎㄎ然後我有三天就有woo人啊有認識到誰呢15-22歲都有認識啊哈哈！都不介紹我認識",
    "time": "2017/05/23 11:11:04",
    "event": "slide"
  },
  {
    "category": "1",
    "app": "Line",
    "id": "28",
    "context": "可是他也不在臺中哈哈哈哈",
    "time": "2017/05/23 11:11:04",
    "event": "type"
  },
  {
    "category": "1",
    "app": "Line",
    "id": "30",
    "context": "不知道誒我今天晚上幫你看看好了只是覺得我好像狗一樣被他丟棄果然在圈內認識真心的朋友很難吧你不要難過啦是蠻難的我那時後woo三天現在只剩一個人回我ㄎㄎㄎ什麼三天呢？我寒假很閒ㄎㄎㄎ然後我有三天就有woo人啊有認識到誰呢15-22歲都有認識啊哈哈！都不介紹我認識可是他也不在臺中哈哈哈哈",
    "time": "2017/05/23 11:11:04",
    "event": "slide"
  },
  {
    "category": "1",
    "app": "Line",
    "id": "31",
    "context": "而且在臺北念書哈哈哈",
    "time": "2017/05/23 11:11:04",
    "event": "type"
  },
  {
    "category": "1",
    "app": "Line",
    "id": "33",
    "context": "不知道誒我今天晚上幫你看看好了只是覺得我好像狗一樣被他丟棄果然在圈內認識真心的朋友很難吧你不要難過啦是蠻難的我那時後woo三天現在只剩一個人回我ㄎㄎㄎ什麼三天呢？我寒假很閒ㄎㄎㄎ然後我有三天就有woo人啊有認識到誰呢15-22歲都有認識啊哈哈！都不介紹我認識可是他也不在臺中哈哈哈哈而且在臺北念書哈哈哈",
    "time": "2017/05/23 11:11:04",
    "event": "slide"
  }
]