[
  {
    "category": "12",
    "app": "JPTT",
    "id": "81",
    "context": "[問卷]facebook粉絲傳頁相關問卷各位版友您好，我是健行科技大學的研究生，這是一份想要瞭解您對於粉絲專頁之認知、感受。問卷連結:https://goo.gl/forms/9skmlaktf8xqjglh2填答條件:任何有使用過fb粉絲專頁的人都可填寫本問卷將於回收後，針對有效問卷進行抽獎，欲參加抽獎者可留下您的e-mail方便後續連繫。謝謝您",
    "time": "2017/05/23 11:45:28",
    "event": "click"
  },
  {
    "category": "12",
    "app": "JPTT",
    "id": "82",
    "context": "[問卷]facebook粉絲傳頁相關問卷各位版友您好，我是健行科技大學的研究生，這是一份想要瞭解您對於粉絲專頁之認知、感受。問卷連結:https://goo.gl/forms/9skmlaktf8xqjglh2填答條件:任何有使用過fb粉絲專頁的人都可填寫本問卷將於回收後，針對有效問卷進行抽獎，欲參加抽獎者可留下您的e-mail方便後續連繫。謝謝您",
    "time": "2017/05/23 11:45:28",
    "event": "slide"
  }
]