[
  {
    "category": "13",
    "app": "Line",
    "id": "3",
    "context": "傳送",
    "time": "2017/05/23 10:50:53",
    "event": "click"
  },
  {
    "category": "13",
    "app": "Line",
    "id": "7",
    "context": "傳送",
    "time": "2017/05/23 10:50:53",
    "event": "click"
  },
  {
    "category": "13",
    "app": "Line",
    "id": "11",
    "context": "傳送",
    "time": "2017/05/23 10:51:09",
    "event": "click"
  },
  {
    "category": "13",
    "app": "Line",
    "id": "14",
    "context": "傳送",
    "time": "2017/05/23 10:51:09",
    "event": "click"
  },
  {
    "category": "13",
    "app": "Line",
    "id": "22",
    "context": "傳送",
    "time": "2017/05/23 10:56:07",
    "event": "click"
  },
  {
    "category": "13",
    "app": "Line",
    "id": "29",
    "context": "傳送",
    "time": "2017/05/23 11:11:04",
    "event": "click"
  },
  {
    "category": "13",
    "app": "Line",
    "id": "32",
    "context": "傳送",
    "time": "2017/05/23 11:11:04",
    "event": "click"
  },
  {
    "category": "13",
    "app": "Line",
    "id": "36",
    "context": "傳送",
    "time": "2017/05/23 11:11:18",
    "event": "click"
  },
  {
    "category": "13",
    "app": "Line",
    "id": "58",
    "context": "傳送",
    "time": "2017/05/23 11:20:34",
    "event": "click"
  },
  {
    "category": "13",
    "app": "Line",
    "id": "62",
    "context": "傳送",
    "time": "2017/05/23 11:20:42",
    "event": "click"
  },
  {
    "category": "13",
    "app": "Line",
    "id": "70",
    "context": "傳送",
    "time": "2017/05/23 11:27:04",
    "event": "click"
  },
  {
    "category": "13",
    "app": "Line",
    "id": "75",
    "context": "傳送",
    "time": "2017/05/23 11:33:21",
    "event": "click"
  },
  {
    "category": "13",
    "app": "Line",
    "id": "79",
    "context": "傳送",
    "time": "2017/05/23 11:34:27",
    "event": "click"
  }
]