[
  {
    "category": "2",
    "app": "Line",
    "id": "9",
    "context": "今天梅克你這幾學分呢？18太多了吧你好強黑阿就想說碩一先把克修完不過真的很多你們有畢業幾學分你什麼所的呢",
    "time": "2017/05/23 10:51:09",
    "event": "slide"
  },
  {
    "category": "2",
    "app": "Line",
    "id": "10",
    "context": "24",
    "time": "2017/05/23 10:51:09",
    "event": "type"
  },
  {
    "category": "2",
    "app": "Line",
    "id": "12",
    "context": "今天梅克你這幾學分呢？18太多了吧你好強黑阿就想說碩一先把克修完不過真的很多你們有畢業幾學分你什麼所的呢24",
    "time": "2017/05/23 10:51:09",
    "event": "slide"
  },
  {
    "category": "2",
    "app": "Line",
    "id": "13",
    "context": "我是工工",
    "time": "2017/05/23 10:51:09",
    "event": "type"
  },
  {
    "category": "2",
    "app": "Line",
    "id": "15",
    "context": "今天梅克你這幾學分呢？18太多了吧你好強黑阿就想說碩一先把克修完不過真的很多你們有畢業幾學分你什麼所的呢24我是工工",
    "time": "2017/05/23 10:51:09",
    "event": "slide"
  },
  {
    "category": "2",
    "app": "Line",
    "id": "26",
    "context": "今天梅克你這幾學分呢？18太多了吧你好強黑阿就想說碩一先把克修完不過真的很多你們有畢業幾學分你什麼所的呢24我是工工酷",
    "time": "2017/05/23 11:10:54",
    "event": "slide"
  },
  {
    "category": "2",
    "app": "Line",
    "id": "60",
    "context": "今天梅克你這幾學分呢？18太多了吧你好強黑阿就想說碩一先把克修完不過真的很多你們有畢業幾學分你什麼所的呢24我是工工酷你們怎麼那麼少",
    "time": "2017/05/23 11:20:42",
    "event": "slide"
  },
  {
    "category": "2",
    "app": "Line",
    "id": "61",
    "context": "工科好像都這樣",
    "time": "2017/05/23 11:20:42",
    "event": "type"
  },
  {
    "category": "2",
    "app": "Line",
    "id": "63",
    "context": "今天梅克你這幾學分呢？18太多了吧你好強黑阿就想說碩一先把克修完不過真的很多你們有畢業幾學分你什麼所的呢24我是工工酷你們怎麼那麼少工科好像都這樣",
    "time": "2017/05/23 11:20:42",
    "event": "slide"
  },
  {
    "category": "2",
    "app": "Line",
    "id": "68",
    "context": "今天梅克你這幾學分呢？18太多了吧你好強黑阿就想說碩一先把克修完不過真的很多你們有畢業幾學分你什麼所的呢24我是工工酷你們怎麼那麼少工科好像都這樣原來如此你為何想要念研究所",
    "time": "2017/05/23 11:27:04",
    "event": "slide"
  },
  {
    "category": "2",
    "app": "Line",
    "id": "69",
    "context": "找工作有差",
    "time": "2017/05/23 11:27:04",
    "event": "type"
  },
  {
    "category": "2",
    "app": "Line",
    "id": "71",
    "context": "今天梅克你這幾學分呢？18太多了吧你好強黑阿就想說碩一先把克修完不過真的很多你們有畢業幾學分你什麼所的呢24我是工工酷你們怎麼那麼少工科好像都這樣原來如此你為何想要念研究所找工作有差",
    "time": "2017/05/23 11:27:04",
    "event": "slide"
  },
  {
    "category": "2",
    "app": "Line",
    "id": "77",
    "context": "今天梅克你這幾學分呢？18太多了吧你好強黑阿就想說碩一先把克修完不過真的很多你們有畢業幾學分你什麼所的呢24我是工工酷你們怎麼那麼少工科好像都這樣原來如此你為何想要念研究所找工作有差你之前有工作過嗎？",
    "time": "2017/05/23 11:34:27",
    "event": "slide"
  },
  {
    "category": "2",
    "app": "Line",
    "id": "78",
    "context": "有喔",
    "time": "2017/05/23 11:34:27",
    "event": "type"
  },
  {
    "category": "2",
    "app": "Line",
    "id": "80",
    "context": "今天梅克你這幾學分呢？18太多了吧你好強黑阿就想說碩一先把克修完不過真的很多你們有畢業幾學分你什麼所的呢24我是工工酷你們怎麼那麼少工科好像都這樣原來如此你為何想要念研究所找工作有差你之前有工作過嗎？有喔",
    "time": "2017/05/23 11:34:27",
    "event": "slide"
  }
]