[
  {
    "category": "3",
    "app": "JPTT",
    "id": "16",
    "context": "[一般]臺中/6/9~6/12/臺中旅展工讀生本人同意並願意遵守現行法律、本站使用者條款、本站各級規定、本板所有規範，本人願意為本文內容負責，並保証本文內容皆詳盡屬實，若違反相關規範，願受處分。本文僅授權發表於ptt實業坊，未經同意不得轉載至其它網站，本人保留一切訴訟權。★《工作期間》工作日期：6/9~6/12排班方式：全天每日工作時間：10：00~18：00每日休息時間︰30分鐘休息有無計薪供餐：否★《工作待遇》(法定最低工資為每小時新臺幣133元，日薪、按件計酬換算時薪不得低於上開標準)　平常日工資：133/h國定假日工資：(應為上開約定之2倍以上並補休，未填者視為依法規定)延長工時工資：(前2小時應為上開約定之1.33倍、後2小時1.66倍，未填者視為依法規定)勞健保、勞退︰依法規定投保、提撥(不得刪除或變更此項)工資發放日：6/12工作結束後現領★《工作內容》工作地點︰臺中烏日展覽館勞務內容︰澎湖離島行程解說銷售★《事業登記資料》單位名稱：好美國際旅行社單位地址：臺中市博館路117號9樓之2★《聯絡資訊》聯絡人姓氏稱謂︰李先生email︰lico571338@yahoo.com.tw(來信履歷請附上清晰的全身或半身照)line:jpv588電話︰0985080990是否回覆報名者：只回錄取者◎《其他資訊》需求人數：4名通知方式：電話通知面試時間：電話面試受訓時間：6/8(15:30)須參加職訓，約一小時截止時間：6/500：00p.s代po文請勿站內信，任何問題請直接電話詢問",
    "time": "2017/05/23 10:54:46",
    "event": "click"
  },
  {
    "category": "3",
    "app": "JPTT",
    "id": "17",
    "context": "[一般]臺中/6/9~6/12/臺中旅展工讀生本人同意並願意遵守現行法律、本站使用者條款、本站各級規定、本板所有規範，本人願意為本文內容負責，並保証本文內容皆詳盡屬實，若違反相關規範，願受處分。本文僅授權發表於ptt實業坊，未經同意不得轉載至其它網站，本人保留一切訴訟權。★《工作期間》工作日期：6/9~6/12排班方式：全天每日工作時間：10：00~18：00每日休息時間︰30分鐘休息有無計薪供餐：否★《工作待遇》(法定最低工資為每小時新臺幣133元，日薪、按件計酬換算時薪不得低於上開標準)　平常日工資：133/h國定假日工資：(應為上開約定之2倍以上並補休，未填者視為依法規定)延長工時工資：(前2小時應為上開約定之1.33倍、後2小時1.66倍，未填者視為依法規定)勞健保、勞退︰依法規定投保、提撥(不得刪除或變更此項)工資發放日：6/12工作結束後現領★《工作內容》工作地點︰臺中烏日展覽館勞務內容︰澎湖離島行程解說銷售★《事業登記資料》單位名稱：好美國際旅行社單位地址：臺中市博館路117號9樓之2★《聯絡資訊》聯絡人姓氏稱謂︰李先生email︰lico571338@yahoo.com.tw(來信履歷請附上清晰的全身或半身照)line:jpv588電話︰0985080990是否回覆報名者：只回錄取者◎《其他資訊》需求人數：4名通知方式：電話通知面試時間：電話面試受訓時間：6/8(15:30)須參加職訓，約一小時截止時間：6/500：00p.s代po文請勿站內信，任何問題請直接電話詢問",
    "time": "2017/05/23 10:54:46",
    "event": "slide"
  },
  {
    "category": "3",
    "app": "Line",
    "id": "18",
    "context": "[臺中/一般]發dm及文書工讀生本人同意並願意遵守現行法律、本站使用者條款、本站各級規定、本板所有規範，本人願意為本文內容負責，並保証本文內容皆詳盡屬實，若違反相關規範，願受處分。本文僅授權發表於ptt實業坊，未經同意不得轉載至其它網站，本人保留一切訴訟權。工作日期：5/23(二)am9:00~10:30pm3:30~5:30pm6:30~8:005/24(三)am9:00~10:30pm12:00~1:30pm6:30~8:005/25(四)am9:00~10:30pm3:30~5:30pm6:30~8:005/26(五)am9:00~10:30pm3:30~5:30pm6:30~8:00排班方式：每日工作時間：每日休息時間︰休息有無計薪供餐：no　平常日工資：133國定假日工資：延長工時工資：勞健保、勞退︰依法規定投保、提撥工資發放日：最後上班日結算領現工作地點︰西屯區各國中小勞務內容︰發傳單/包裝傳單單位名稱紘睿文理補習班單位地址：府教社字第123632號聯絡人姓氏稱謂︰陳老師聯絡方式︰站內信、或撥04-27088090是否回覆報名者：只回錄取者需求人數：每時段2人通知方式：電話聯繫+站內信回應面試時間：依雙方可以時間受訓時間：無截止時間：5/26止備註:1.來信請附上履歷2.因為需要移動，所以有交通工具為優先3.須面對人羣或電訪，所以請應徵者留意是否能勝任。",
    "time": "2017/05/23 10:55:07",
    "event": "click"
  },
  {
    "category": "3",
    "app": "Line",
    "id": "19",
    "context": "[臺中/一般]發dm及文書工讀生本人同意並願意遵守現行法律、本站使用者條款、本站各級規定、本板所有規範，本人願意為本文內容負責，並保証本文內容皆詳盡屬實，若違反相關規範，願受處分。本文僅授權發表於ptt實業坊，未經同意不得轉載至其它網站，本人保留一切訴訟權。工作日期：5/23(二)am9:00~10:30pm3:30~5:30pm6:30~8:005/24(三)am9:00~10:30pm12:00~1:30pm6:30~8:005/25(四)am9:00~10:30pm3:30~5:30pm6:30~8:005/26(五)am9:00~10:30pm3:30~5:30pm6:30~8:00排班方式：每日工作時間：每日休息時間︰休息有無計薪供餐：no　平常日工資：133國定假日工資：延長工時工資：勞健保、勞退︰依法規定投保、提撥工資發放日：最後上班日結算領現工作地點︰西屯區各國中小勞務內容︰發傳單/包裝傳單單位名稱紘睿文理補習班單位地址：府教社字第123632號聯絡人姓氏稱謂︰陳老師聯絡方式︰站內信、或撥04-27088090是否回覆報名者：只回錄取者需求人數：每時段2人通知方式：電話聯繫+站內信回應面試時間：依雙方可以時間受訓時間：無截止時間：5/26止備註:1.來信請附上履歷2.因為需要移動，所以有交通工具為優先3.須面對人羣或電訪，所以請應徵者留意是否能勝任。",
    "time": "2017/05/23 10:55:07",
    "event": "slide"
  }
]