[
  {
    "category": "4",
    "app": "Facebook",
    "id": "24",
    "context": "站起來！一天站3小時，一年抵過10趟馬拉鬆｜天下雜誌部落格｜2017-05-22｜天下部落格｜天下雜誌",
    "time": "2017/05/23 10:58:39",
    "event": "click"
  },
  {
    "category": "4",
    "app": "Facebook",
    "id": "25",
    "context": "站起來！一天站3小時，一年抵過10趟馬拉鬆｜天下雜誌部落格｜2017-05-22｜天下部落格｜天下雜誌",
    "time": "2017/05/23 10:58:39",
    "event": "slide"
  }
]