[
  {
    "category": "5",
    "app": "Line",
    "id": "34",
    "context": "沒事早安我睡過頭了誰叫你那麼晚睡",
    "time": "2017/05/23 11:11:18",
    "event": "slide"
  },
  {
    "category": "5",
    "app": "Line",
    "id": "35",
    "context": "宿醉",
    "time": "2017/05/23 11:11:18",
    "event": "type"
  },
  {
    "category": "5",
    "app": "Line",
    "id": "37",
    "context": "沒事早安我睡過頭了誰叫你那麼晚睡宿醉",
    "time": "2017/05/23 11:11:18",
    "event": "slide"
  },
  {
    "category": "5",
    "app": "Line",
    "id": "56",
    "context": "沒事早安我睡過頭了誰叫你那麼晚睡宿醉喝太多了吧",
    "time": "2017/05/23 11:20:34",
    "event": "slide"
  },
  {
    "category": "5",
    "app": "Line",
    "id": "57",
    "context": "恩吧在上課了嗎？",
    "time": "2017/05/23 11:20:34",
    "event": "type"
  },
  {
    "category": "5",
    "app": "Line",
    "id": "59",
    "context": "沒事早安我睡過頭了誰叫你那麼晚睡宿醉喝太多了吧恩吧在上課了嗎？",
    "time": "2017/05/23 11:20:34",
    "event": "slide"
  }
]