[
  {
    "category": "6",
    "app": "JPTT",
    "id": "38",
    "context": "[其他]想考600分有推薦的書嗎..今年24求學期天高中及大學都讀夜間部沒有要求英文畢業門檻，所以完全沒讀英文我估計我只有國中英文程度文法不行尤其選磁性單字後面lytion啥的都不懂4/23裸考l180r90=270q_q因為工作考試需求想要考到600想要認真準備.....不想要浪費報名費有推薦的用書嗎我買過newtoeictest金色證書字彙裡面的單字沒幾個看懂的單字看這本行嗎還是有推薦其他好的用書嗎?..文法字彙閱讀的書這樣子有救嗎..",
    "time": "2017/05/23 11:11:38",
    "event": "click"
  },
  {
    "category": "6",
    "app": "JPTT",
    "id": "39",
    "context": "[其他]想考600分有推薦的書嗎..今年24求學期天高中及大學都讀夜間部沒有要求英文畢業門檻，所以完全沒讀英文我估計我只有國中英文程度文法不行尤其選磁性單字後面lytion啥的都不懂4/23裸考l180r90=270q_q因為工作考試需求想要考到600想要認真準備.....不想要浪費報名費有推薦的用書嗎我買過newtoeictest金色證書字彙裡面的單字沒幾個看懂的單字看這本行嗎還是有推薦其他好的用書嗎?..文法字彙閱讀的書這樣子有救嗎..",
    "time": "2017/05/23 11:11:38",
    "event": "slide"
  },
  {
    "category": "6",
    "app": "JPTT",
    "id": "40",
    "context": "[心得]一些不常見的考試小技巧分享小弟今天考完多益非常感謝之前在板上爬文和發文，很多前輩給的資訊讓我今天考試滿順遂的雖然小弟實力無法跟板上的多益高手比較不過今天考完試，有幾個感覺之前在板上比較少看見的技巧，想分享給版友一下：1.考前別多喝水多益考試時間雖然表訂120分鐘但實際上加上先前填一些基本資料、問卷、提早入場的時間關在考場的時間實際上差不多是150分鐘所以建議考前千萬不要多喝水，我自己是大概2-3小時就不太喝水了2.女生最好提早到考場跟前一個有關因為今天我的考場在師大女生廁所考前都排的滿滿的如果考前女生有上廁所需求的，最好提早一點到場3.帶外套今天考場有開冷氣如果有對溫度比較敏感的考生，多準備一件外套有益無害而且如果冷，也比較容易利尿想上廁所4.準備兩種2b筆http://www.we888.com.tw/img/product/gc049-(1)-(m)(4).jpg我第一種是準備上面這種，因為比較粗，答題劃卡感覺比較好用但我還有準備一支裝2b筆芯的自動鉛筆，這次也派上用場因為考前其實要寫一段宣示性的文字，大概有20-30字吧如果用比較粗的2b筆，實在是有點難寫但我用自動鉛筆寫起來就很順(因為我平常就有用自動鉛筆的習慣)雖然這是個小問題，但我想很多版友如果第一次考試容易緊張一開始又碰到這個小障礙恐怕更擾亂心神因此建議可準備2種2b筆備用5.測試音量時，有問題就講在開始聽力測驗前，考官會測試播音器的音量，看試場是否都能聽清楚這時如果覺得過大或過小聲，可以跟考官反應千萬不要覺得不好意思，就不講考試費這麼貴，該有的權益就要爭取6.關於閱讀測驗的答題順序之前看板上的心得，大多建議part5+6，答題時間20-25分鐘，part7就50-55分鐘至於順序，有人建議說可以先把par7寫完，再來寫part5+part6理由是part7有看就有分數，另外剛考完聽力，頭昏腦脹，先寫part7比較容易我不能說這是否適合每個人我分享我的經驗我之前寫「全新！newtoeic新多益閱讀題庫大全」模擬考試題時第1次我就採用先寫part7的方式，但最後沒有有寫完...最後par6剩下大概10題左右但我感覺滿不爽的因為事實上part5+6寫的速度很快，如果我先寫part5+6，最後part7可能只會剩下5題吧所以第2次模擬考，我就照原本的順序part5-6-7這樣寫但最後part7還是剩下10題xd不過我感覺就順很多了因為留著比較簡單的part5、6不寫，先去衝很耗時part7，感覺真的寫得很慌而且剛考完聽力，先寫part5、6，斬菜切瓜，不僅有休息到，同時也恢復信心最後慢慢在part7跟他耗所以今天考試我也是這樣做運氣不錯，果然在考前順順的寫完，最後大概還能剩1-2分鐘(不過聽說這次閱讀比較簡單就是了xd)以上是我的心得，給大家參考，我覺得沒有一定要先從哪個part做起，所以建議模擬考時，要測試自己怎樣的順序才會順不過part5+6的時間還是要控制，我想最多不要超過30分鐘(今天考試我大概就30分鐘)7.不要浮躁其實我之前在家寫「全新！newtoeic新多益閱讀(聽力)題庫大全」模擬考時從來沒辦法一次寫完聽力聽到一個part完，就要去喝個水休息一下主要原因就在於感覺後面還一堆題目，心情真的很煩很燥尤其是在part3、4時，因為會聽不懂，感覺更差但實際上，就我的感覺，正式考試時，其實還好，不用這麼煩躁以我的狀況困難高峯在part3+4到了part5+6就感覺寫得很爽到part7，因為已經最後快解脫了，所以心態反而有點像看解謎書一樣看題目找答案，最後寫完其實不會真的虛脫感(不過這次聽說閱讀比較簡單就是了xd)所以我的重點是，正式考試的心態上，到了part3、4，千萬不要煩躁，要想過了這段就倒吃甘蔗了這樣感覺就會比較好，不然心情一煩躁，變更聽不懂，更糟糕！以上一些心得，之前好像在板上比較少見(或許也可能是我爬文不夠多xd)給大家參考",
    "time": "2017/05/23 11:15:37",
    "event": "click"
  },
  {
    "category": "6",
    "app": "JPTT",
    "id": "41",
    "context": "[心得]一些不常見的考試小技巧分享小弟今天考完多益非常感謝之前在板上爬文和發文，很多前輩給的資訊讓我今天考試滿順遂的雖然小弟實力無法跟板上的多益高手比較不過今天考完試，有幾個感覺之前在板上比較少看見的技巧，想分享給版友一下：1.考前別多喝水多益考試時間雖然表訂120分鐘但實際上加上先前填一些基本資料、問卷、提早入場的時間關在考場的時間實際上差不多是150分鐘所以建議考前千萬不要多喝水，我自己是大概2-3小時就不太喝水了2.女生最好提早到考場跟前一個有關因為今天我的考場在師大女生廁所考前都排的滿滿的如果考前女生有上廁所需求的，最好提早一點到場3.帶外套今天考場有開冷氣如果有對溫度比較敏感的考生，多準備一件外套有益無害而且如果冷，也比較容易利尿想上廁所4.準備兩種2b筆http://www.we888.com.tw/img/product/gc049-(1)-(m)(4).jpg我第一種是準備上面這種，因為比較粗，答題劃卡感覺比較好用但我還有準備一支裝2b筆芯的自動鉛筆，這次也派上用場因為考前其實要寫一段宣示性的文字，大概有20-30字吧如果用比較粗的2b筆，實在是有點難寫但我用自動鉛筆寫起來就很順(因為我平常就有用自動鉛筆的習慣)雖然這是個小問題，但我想很多版友如果第一次考試容易緊張一開始又碰到這個小障礙恐怕更擾亂心神因此建議可準備2種2b筆備用5.測試音量時，有問題就講在開始聽力測驗前，考官會測試播音器的音量，看試場是否都能聽清楚這時如果覺得過大或過小聲，可以跟考官反應千萬不要覺得不好意思，就不講考試費這麼貴，該有的權益就要爭取6.關於閱讀測驗的答題順序之前看板上的心得，大多建議part5+6，答題時間20-25分鐘，part7就50-55分鐘至於順序，有人建議說可以先把par7寫完，再來寫part5+part6理由是part7有看就有分數，另外剛考完聽力，頭昏腦脹，先寫part7比較容易我不能說這是否適合每個人我分享我的經驗我之前寫「全新！newtoeic新多益閱讀題庫大全」模擬考試題時第1次我就採用先寫part7的方式，但最後沒有有寫完...最後par6剩下大概10題左右但我感覺滿不爽的因為事實上part5+6寫的速度很快，如果我先寫part5+6，最後part7可能只會剩下5題吧所以第2次模擬考，我就照原本的順序part5-6-7這樣寫但最後part7還是剩下10題xd不過我感覺就順很多了因為留著比較簡單的part5、6不寫，先去衝很耗時part7，感覺真的寫得很慌而且剛考完聽力，先寫part5、6，斬菜切瓜，不僅有休息到，同時也恢復信心最後慢慢在part7跟他耗所以今天考試我也是這樣做運氣不錯，果然在考前順順的寫完，最後大概還能剩1-2分鐘(不過聽說這次閱讀比較簡單就是了xd)以上是我的心得，給大家參考，我覺得沒有一定要先從哪個part做起，所以建議模擬考時，要測試自己怎樣的順序才會順不過part5+6的時間還是要控制，我想最多不要超過30分鐘(今天考試我大概就30分鐘)7.不要浮躁其實我之前在家寫「全新！newtoeic新多益閱讀(聽力)題庫大全」模擬考時從來沒辦法一次寫完聽力聽到一個part完，就要去喝個水休息一下主要原因就在於感覺後面還一堆題目，心情真的很煩很燥尤其是在part3、4時，因為會聽不懂，感覺更差但實際上，就我的感覺，正式考試時，其實還好，不用這麼煩躁以我的狀況困難高峯在part3+4到了part5+6就感覺寫得很爽到part7，因為已經最後快解脫了，所以心態反而有點像看解謎書一樣看題目找答案，最後寫完其實不會真的虛脫感(不過這次聽說閱讀比較簡單就是了xd)所以我的重點是，正式考試的心態上，到了part3、4，千萬不要煩躁，要想過了這段就倒吃甘蔗了這樣感覺就會比較好，不然心情一煩躁，變更聽不懂，更糟糕！以上一些心得，之前好像在板上比較少見(或許也可能是我爬文不夠多xd)給大家參考",
    "time": "2017/05/23 11:15:37",
    "event": "slide"
  },
  {
    "category": "6",
    "app": "JPTT",
    "id": "42",
    "context": "[討論]依目前的實力題本推薦?英文程度是學測15級英聽a(2年多前的事情了)目前想靠刷個5回去考請問有哪本書比較推薦嗎?查到版上推薦書單有怪物講師,但怪物講師系列有很多書不知道是不是指題本查了一下怪物講師5回+詳解版,看到博客來底下的評論有說太難而且有點偏實際多益不會那麼難,是真的嗎?各位不知道有沒有比較推薦平易近人的題本,我的目標850而已謝謝了--你好啊~!布魯ㄍㄨㄥˊ阿ㄎㄧㄚˋ猴鳥~猴鳥龍髂屋尿~鬥!",
    "time": "2017/05/23 11:17:26",
    "event": "click"
  },
  {
    "category": "6",
    "app": "JPTT",
    "id": "43",
    "context": "[討論]依目前的實力題本推薦?英文程度是學測15級英聽a(2年多前的事情了)目前想靠刷個5回去考請問有哪本書比較推薦嗎?查到版上推薦書單有怪物講師,但怪物講師系列有很多書不知道是不是指題本查了一下怪物講師5回+詳解版,看到博客來底下的評論有說太難而且有點偏實際多益不會那麼難,是真的嗎?各位不知道有沒有比較推薦平易近人的題本,我的目標850而已謝謝了--你好啊~!布魯ㄍㄨㄥˊ阿ㄎㄧㄚˋ猴鳥~猴鳥龍髂屋尿~鬥!",
    "time": "2017/05/23 11:17:26",
    "event": "slide"
  },
  {
    "category": "6",
    "app": "JPTT",
    "id": "44",
    "context": "[其他]贈書國學聽力與閱讀題庫解析感謝從本版獲益良多，考到金色證書^_^贈書希望書本繼續被好好使用。1.國際學村新多益聽力題庫解析2013年4月9刷（含cd)2.國際學村新多益閱讀題庫解析2013年6月9刷書況蠻新，幾乎無劃記，雖然是2013年的，但今年用來準備考試完全沒問題，全家店到店運費60元我出（希望獲贈者真的有需要再索取），站內信接洽（推文不算喔），感謝！",
    "time": "2017/05/23 11:18:03",
    "event": "click"
  },
  {
    "category": "6",
    "app": "JPTT",
    "id": "45",
    "context": "[其他]贈書國學聽力與閱讀題庫解析感謝從本版獲益良多，考到金色證書^_^贈書希望書本繼續被好好使用。1.國際學村新多益聽力題庫解析2013年4月9刷（含cd)2.國際學村新多益閱讀題庫解析2013年6月9刷書況蠻新，幾乎無劃記，雖然是2013年的，但今年用來準備考試完全沒問題，全家店到店運費60元我出（希望獲贈者真的有需要再索取），站內信接洽（推文不算喔），感謝！",
    "time": "2017/05/23 11:18:03",
    "event": "slide"
  },
  {
    "category": "6",
    "app": "JPTT",
    "id": "46",
    "context": "售全新寂天模考2000題出售全新「挑戰新多益寂天聽力閱讀滿分2」因為不再報考多益，最近整理書櫃發現可以把它換成黃金，決定出售哈哈哈！保證全新！沒動過！有興趣可私$800臺南可面交唷！",
    "time": "2017/05/23 11:18:43",
    "event": "click"
  },
  {
    "category": "6",
    "app": "JPTT",
    "id": "47",
    "context": "售全新寂天模考2000題出售全新「挑戰新多益寂天聽力閱讀滿分2」因為不再報考多益，最近整理書櫃發現可以把它換成黃金，決定出售哈哈哈！保證全新！沒動過！有興趣可私$800臺南可面交唷！",
    "time": "2017/05/23 11:18:43",
    "event": "slide"
  },
  {
    "category": "6",
    "app": "JPTT",
    "id": "48",
    "context": "[題目]怪物講師新多益第五回123題有關詞性ateamof165isinchargeofthegrounds_______aroundandintheprofessio完全不知道空格該填什麼詞性tt題目：(d)maintains(b)maintenance書名：怪物講師新多益黑黃封面疑問：(a)maintaining答案為bnalbaseballfield.頁數：208[題目]怪物講師新多益第五回123題有關詞性(c)maintained",
    "time": "2017/05/23 11:19:09",
    "event": "click"
  },
  {
    "category": "6",
    "app": "JPTT",
    "id": "49",
    "context": "[題目]怪物講師新多益第五回123題有關詞性ateamof165isinchargeofthegrounds_______aroundandintheprofessio完全不知道空格該填什麼詞性tt題目：(d)maintains(b)maintenance書名：怪物講師新多益黑黃封面疑問：(a)maintaining答案為bnalbaseballfield.頁數：208[題目]怪物講師新多益第五回123題有關詞性(c)maintained",
    "time": "2017/05/23 11:19:09",
    "event": "slide"
  },
  {
    "category": "6",
    "app": "JPTT",
    "id": "50",
    "context": "[其他]文法書不好意思想請教一下小弟是在外商公司，客戶都是外國人。一直都沒考多益想說上班面試工作講很流利就好但最近發現有時候打字很流水帳，雖然相比下很多外國人打的糟糕。不知道有沒有推薦的文法書內容不重覆的又對多益有幫助，也希望不要太淺。以前求學的文法書真的是一直重覆感覺蠻浪費時間的。謝謝。",
    "time": "2017/05/23 11:19:14",
    "event": "click"
  },
  {
    "category": "6",
    "app": "JPTT",
    "id": "51",
    "context": "[其他]文法書不好意思想請教一下小弟是在外商公司，客戶都是外國人。一直都沒考多益想說上班面試工作講很流利就好但最近發現有時候打字很流水帳，雖然相比下很多外國人打的糟糕。不知道有沒有推薦的文法書內容不重覆的又對多益有幫助，也希望不要太淺。以前求學的文法書真的是一直重覆感覺蠻浪費時間的。謝謝。",
    "time": "2017/05/23 11:19:14",
    "event": "slide"
  },
  {
    "category": "6",
    "app": "JPTT",
    "id": "52",
    "context": "[討論]國際學村閱讀書籍選擇哈囉各位前輩好我知道書單這種東西見仁見智但實在考到沒信心了所以想說換新的書寫寫看查了板上說的國際學村書有2014和2016的想請問寫過的前輩們哪個版本的閱讀好呢?拜託大家給予意見我之前是寫下面這本黃金認證7題回的今年2月考試閱讀2804月的閱讀325http://www.books.com.tw/products/0010474585以下是準備購入的選擇選手1:全新！newtoeic新多益閱讀題庫解析：考題會翻新，所以我們絕不用陳年舊題混充新題！http://www.books.com.tw/products/00106330602014出版選手2:黃金認證newtoeic新多益閱讀模擬試題：詢問度最高的閱讀測驗最新題庫，輕鬆拿高分就靠這一本http://www.books.com.tw/products/00107141702016出版",
    "time": "2017/05/23 11:19:36",
    "event": "click"
  },
  {
    "category": "6",
    "app": "JPTT",
    "id": "53",
    "context": "[討論]國際學村閱讀書籍選擇哈囉各位前輩好我知道書單這種東西見仁見智但實在考到沒信心了所以想說換新的書寫寫看查了板上說的國際學村書有2014和2016的想請問寫過的前輩們哪個版本的閱讀好呢?拜託大家給予意見我之前是寫下面這本黃金認證7題回的今年2月考試閱讀2804月的閱讀325http://www.books.com.tw/products/0010474585以下是準備購入的選擇選手1:全新！newtoeic新多益閱讀題庫解析：考題會翻新，所以我們絕不用陳年舊題混充新題！http://www.books.com.tw/products/00106330602014出版選手2:黃金認證newtoeic新多益閱讀模擬試題：詢問度最高的閱讀測驗最新題庫，輕鬆拿高分就靠這一本http://www.books.com.tw/products/00107141702016出版",
    "time": "2017/05/23 11:19:36",
    "event": "slide"
  },
  {
    "category": "6",
    "app": "JPTT",
    "id": "54",
    "context": "國學聽力/閱讀10回難度4/23考試成績出來了成績比模考都還低...想請問有用這兩本的各位這次成績出來也是差很多嗎？另外一直想知道多益官方到底是怎麼計算成績的啊？",
    "time": "2017/05/23 11:19:45",
    "event": "click"
  },
  {
    "category": "6",
    "app": "JPTT",
    "id": "55",
    "context": "國學聽力/閱讀10回難度4/23考試成績出來了成績比模考都還低...想請問有用這兩本的各位這次成績出來也是差很多嗎？另外一直想知道多益官方到底是怎麼計算成績的啊？",
    "time": "2017/05/23 11:19:45",
    "event": "slide"
  }
]