[
  {
    "category": "7",
    "app": "Facebook",
    "id": "64",
    "context": "用畢業考丟書的傳統，延續成功高中反抗體制的「成功精神」-thenewslens關鍵評論網",
    "time": "2017/05/23 11:23:16",
    "event": "click"
  },
  {
    "category": "7",
    "app": "Facebook",
    "id": "65",
    "context": "用畢業考丟書的傳統，延續成功高中反抗體制的「成功精神」-thenewslens關鍵評論網",
    "time": "2017/05/23 11:23:16",
    "event": "slide"
  }
]