[
  {
    "category": "8",
    "app": "Facebook",
    "id": "66",
    "context": "幣圖誌bituzi-挑戰市場規則:除了巴菲特，你應該可以關注這兩檔基金操盤人的動態~2017q1全美大戶基金經理人動向出爐",
    "time": "2017/05/23 11:26:17",
    "event": "click"
  },
  {
    "category": "8",
    "app": "Facebook",
    "id": "67",
    "context": "幣圖誌bituzi-挑戰市場規則:除了巴菲特，你應該可以關注這兩檔基金操盤人的動態~2017q1全美大戶基金經理人動向出爐",
    "time": "2017/05/23 11:26:17",
    "event": "slide"
  },
  {
    "category": "8",
    "app": "Facebook",
    "id": "72",
    "context": "幣圖誌bituzi-挑戰市場規則:除了巴菲特，你應該可以關注這兩檔基金操盤人的動態~2017q1全美大戶基金經理人動向出爐",
    "time": "2017/05/23 11:27:21",
    "event": "slide"
  }
]