[
  {
    "category": "9",
    "app": "Line",
    "id": "73",
    "context": "你好我等等要睡了沒關係要上班辛苦了你是做什麼的呢？休閒服務業",
    "time": "2017/05/23 11:33:21",
    "event": "slide"
  },
  {
    "category": "9",
    "app": "Line",
    "id": "74",
    "context": "我還是學生下班了吧",
    "time": "2017/05/23 11:33:21",
    "event": "type"
  },
  {
    "category": "9",
    "app": "Line",
    "id": "76",
    "context": "你好我等等要睡了沒關係要上班辛苦了你是做什麼的呢？休閒服務業我還是學生下班了吧",
    "time": "2017/05/23 11:33:21",
    "event": "slide"
  }
]