[
  {
    "category": "1",
    "app": "Dcard",
    "id": "1",
    "context": "我☁️他提問一下～因為是創作啦，那如果有人希望我打續集的話，請跟我說唷～～---正文---我—今年大學畢業了，而我弟弟也剛好上了大學。爸爸以前和我媽媽生出我後，沒多久就離婚了，之後爸爸又娶了一個老婆，生出了我的弟弟，他小我4歲，也就是我們是同父異母的兄弟關係。在大學畢業前，我的爸爸就罹癌去世了，媽媽也決定再嫁，於是頂多偶爾見個面、吃個飯；而我弟弟的媽媽也常常因為工作繁忙，常常要出差，因此也常常不在家。小時候和弟弟常常見面，久而久之，我們感情也是越來越好，偶爾會一起出去玩，到我國中時也就順理成章的住進他們的家，而弟弟的媽媽常常也不在，因此通常都是我和弟弟在家。-----「哥哥，我要出門了，我把錢留在桌上」弟弟的媽媽，習慣叫我哥哥，而我也是叫他媽媽。「好，媽媽你要去出差嗎？」我提問。「對啊，我要出國出差一趟，大概1個禮拜，你們倆在家要小心喔」媽媽叮嚀著，便出門去了。「這個週末也沒有人陪我出去，只好自己一個人在家打電動了，趕快練等吧」喃喃自語的，坐了電腦桌開始打起自己熟悉的遊戲。-----時間過了許久。「喀—」門被打開了。「我回來了」我走出門看一下是不是弟弟回來了。「好累喔⋯」我伸了伸懶腰，「欸你的東⋯」弟弟在我眼前突然開始脫下他的衣服。弟弟是籃球校隊的，那個身材，可想而知，打籃球練出的手臂，若隱若現的胸腹肌，雖然線條沒有很出來，但還是很美味可口；他的腿，雖然不粗也不細，但看起來就是還有練過，簡直是勾起我的慾望。「怎麼了哥哥，你要說什麼？」弟弟便又把褲子脫下來準備換居家褲，而每次只要在宿舍，最期待的莫過於在走廊看到沒穿上衣或只穿條內褲的鮮肉那個胸肌腹肌啊斯~~~~~請問如果是圈內人，會沒穿衣服在外面嗎？雖然我有時去洗澡也會啦-////-",
    "time": "2017/05/15 01:41:48",
    "event": "click"
  },
  {
    "category": "1",
    "app": "Dcard",
    "id": "2",
    "context": "我☁️他提問一下～因為是創作啦，那如果有人希望我打續集的話，請跟我說唷～～---正文---我—今年大學畢業了，而我弟弟也剛好上了大學。爸爸以前和我媽媽生出我後，沒多久就離婚了，之後爸爸又娶了一個老婆，生出了我的弟弟，他小我4歲，也就是我們是同父異母的兄弟關係。在大學畢業前，我的爸爸就罹癌去世了，媽媽也決定再嫁，於是頂多偶爾見個面、吃個飯；而我弟弟的媽媽也常常因為工作繁忙，常常要出差，因此也常常不在家。小時候和弟弟常常見面，久而久之，我們感情也是越來越好，偶爾會一起出去玩，到我國中時也就順理成章的住進他們的家，而弟弟的媽媽常常也不在，因此通常都是我和弟弟在家。-----「哥哥，我要出門了，我把錢留在桌上」弟弟的媽媽，習慣叫我哥哥，而我也是叫他媽媽。「好，媽媽你要去出差嗎？」我提問。「對啊，我要出國出差一趟，大概1個禮拜，你們倆在家要小心喔」媽媽叮嚀著，便出門去了。「這個週末也沒有人陪我出去，只好自己一個人在家打電動了，趕快練等吧」喃喃自語的，坐了電腦桌開始打起自己熟悉的遊戲。-----時間過了許久。「喀—」門被打開了。「我回來了」我走出門看一下是不是弟弟回來了。「好累喔⋯」我伸了伸懶腰，「欸你的東⋯」弟弟在我眼前突然開始脫下他的衣服。弟弟是籃球校隊的，那個身材，可想而知，打籃球練出的手臂，若隱若現的胸腹肌，雖然線條沒有很出來，但還是很美味可口；他的腿，雖然不粗也不細，但看起來就是還有練過，簡直是勾起我的慾望。「怎麼了哥哥，你要說什麼？」弟弟便又把褲子脫下來準備換居家褲，而每次只要在宿舍，最期待的莫過於在走廊看到沒穿上衣或只穿條內褲的鮮肉那個胸肌腹肌啊斯~~~~~請問如果是圈內人，會沒穿衣服在外面嗎？雖然我有時去洗澡也會啦-////-",
    "time": "2017/05/15 01:41:48",
    "event": "slide"
  }
]