[
  {
    "category": "14",
    "app": "MoPTT",
    "id": "18",
    "context": "[認真]大家好我是一顆蛋的男人大家好我不是變態（請回顧妹妹那篇）小時候隱睪症，國中才發現手術後導致另一顆比一般的小一半跟另一半在愛愛方面可以說是幾乎沒戴套但我們都是固定伴侶，已婚半年多這樣子不會得病吧？？不是我不想戴，而是對方不喜歡最近一直在想，已經跟她6年多了（戴的次數應該30-50左右吧）就算漏了一點在裡面也沒懷孕身邊很多朋友連自己有沒有漏都不知道過沒多久就升格當爸於是我有點想測試......全射裡面會發生什麼事我知道......這心臟要很大顆哈哈但也蠻刺激的其實我在上個月中有偷偷射一些些在裡面結果這幾天對方卻說她那個好像快來了看來只有一顆又多一點好像真的很難懷孕未來如果測試成功的話不就可以一直內射！內射！內射了！！！根本我的夢想啊！！theend所以只有一個固定伴侶不會得病吧？從來沒有戴套做完過@@",
    "time": "2017/05/15 01:47:22",
    "event": "click"
  },
  {
    "category": "14",
    "app": "MoPTT",
    "id": "19",
    "context": "[認真]大家好我是一顆蛋的男人大家好我不是變態（請回顧妹妹那篇）小時候隱睪症，國中才發現手術後導致另一顆比一般的小一半跟另一半在愛愛方面可以說是幾乎沒戴套但我們都是固定伴侶，已婚半年多這樣子不會得病吧？？不是我不想戴，而是對方不喜歡最近一直在想，已經跟她6年多了（戴的次數應該30-50左右吧）就算漏了一點在裡面也沒懷孕身邊很多朋友連自己有沒有漏都不知道過沒多久就升格當爸於是我有點想測試......全射裡面會發生什麼事我知道......這心臟要很大顆哈哈但也蠻刺激的其實我在上個月中有偷偷射一些些在裡面結果這幾天對方卻說她那個好像快來了看來只有一顆又多一點好像真的很難懷孕未來如果測試成功的話不就可以一直內射！內射！內射了！！！根本我的夢想啊！！theend所以只有一個固定伴侶不會得病吧？從來沒有戴套做完過@@",
    "time": "2017/05/15 01:47:22",
    "event": "slide"
  }
]