[
  {
    "category": "15",
    "app": "Messenger",
    "id": "20",
    "context": "我們影片有70幾m我在思考怎麼給你放在google雲端啊好喔寄信給我應該也行吧好喔我試試https://drive.google.com/file/d/0bwymlm5wztqnufdfrdjvyznwtm8/view?usp=sharing助教錢來了",
    "time": "2017/05/15 08:57:32",
    "event": "slide"
  },
  {
    "category": "15",
    "app": "Messenger",
    "id": "23",
    "context": "我們影片有70幾m我在思考怎麼給你放在google雲端啊好喔寄信給我應該也行吧好喔我試試https://drive.google.com/file/d/0bwymlm5wztqnufdfrdjvyznwtm8/view?usp=sharing助教錢來了嗯",
    "time": "2017/05/15 08:57:40",
    "event": "slide"
  }
]