[
  {
    "category": "18",
    "app": "Facebook",
    "id": "24",
    "context": "快訊／豬哥亮大腸癌病逝！　70年起落人生畫句點到另個世界，再主持餐廳秀",
    "time": "2017/05/15 08:59:28",
    "event": "click"
  },
  {
    "category": "18",
    "app": "Facebook",
    "id": "25",
    "context": "快訊／豬哥亮大腸癌病逝！　70年起落人生畫句點到另個世界，再主持餐廳秀",
    "time": "2017/05/15 08:59:28",
    "event": "slide"
  },
  {
    "category": "18",
    "app": "Facebook",
    "id": "26",
    "context": "臺灣第2遭槍擊藝人是他　豬哥亮傳奇一生…名字是這樣來的豬哥亮15日一早因癌末、肝衰竭，於凌晨5時左右病逝，享壽70歲，令粉絲十分不捨。回顧他的演藝經歷，從早期風靡全臺的《豬哥亮歌廳秀》，一度在藍寶石大歌廳遭槍擊，還疑似因欠債跑路、神隱演藝圈近10年，一直到後來復出，重返主持、電影界，曲折70年人生，堪稱是娛樂界中傳奇人物。(豬哥亮,謝新達,謝友偵,豬哥亮歌廳秀,豬哥會社,)",
    "time": "2017/05/15 09:03:12",
    "event": "click"
  },
  {
    "category": "18",
    "app": "Facebook",
    "id": "27",
    "context": "臺灣第2遭槍擊藝人是他　豬哥亮傳奇一生…名字是這樣來的豬哥亮15日一早因癌末、肝衰竭，於凌晨5時左右病逝，享壽70歲，令粉絲十分不捨。回顧他的演藝經歷，從早期風靡全臺的《豬哥亮歌廳秀》，一度在藍寶石大歌廳遭槍擊，還疑似因欠債跑路、神隱演藝圈近10年，一直到後來復出，重返主持、電影界，曲折70年人生，堪稱是娛樂界中傳奇人物。(豬哥亮,謝新達,謝友偵,豬哥亮歌廳秀,豬哥會社,)",
    "time": "2017/05/15 09:03:12",
    "event": "slide"
  },
  {
    "category": "18",
    "app": "Facebook",
    "id": "37",
    "context": "豬哥亮家屬發聲明：他真的累了　盼在天上繼續散播歡笑豬哥亮15日上午病逝，享壽70歲，家屬8點40分透過經紀人蘇瑞煌發表聲明證實此事，透露豬哥亮走得平和、安詳，生病期間很謝謝各界給他的鼓勵，但他真的累了，所以離開人生的舞臺，希望大家能夠給他深深的祝福，也祝福他在天上仍然散播著歡笑。(豬哥亮)",
    "time": "2017/05/15 09:12:55",
    "event": "click"
  },
  {
    "category": "18",
    "app": "Facebook",
    "id": "38",
    "context": "豬哥亮家屬發聲明：他真的累了　盼在天上繼續散播歡笑豬哥亮15日上午病逝，享壽70歲，家屬8點40分透過經紀人蘇瑞煌發表聲明證實此事，透露豬哥亮走得平和、安詳，生病期間很謝謝各界給他的鼓勵，但他真的累了，所以離開人生的舞臺，希望大家能夠給他深深的祝福，也祝福他在天上仍然散播著歡笑。(豬哥亮)",
    "time": "2017/05/15 09:12:55",
    "event": "slide"
  }
]