[
  {
    "category": "19",
    "app": "Facebook",
    "id": "28",
    "context": "許維恩63歲媽根本少女！　藝人許維恩有2個姊姊路兒和菲菲，3姊妹外型亮麗，還有一個帥氣弟弟，吸引許多網友個別追蹤粉絲專頁。她在14日母親節當天，曬出一張母女合照，引人注意的是，媽媽凍齡嫩臉完全看不出已經超過60歲，令網友紛紛傻問，「到底哪一個是媽媽？」(許維恩,許路兒,母親節,母親節快樂,許維恩媽媽,)",
    "time": "2017/05/15 09:06:59",
    "event": "slide"
  },
  {
    "category": "19",
    "app": "Facebook",
    "id": "29",
    "context": "許維恩63歲媽根本少女！　藝人許維恩有2個姊姊路兒和菲菲，3姊妹外型亮麗，還有一個帥氣弟弟，吸引許多網友個別追蹤粉絲專頁。她在14日母親節當天，曬出一張母女合照，引人注意的是，媽媽凍齡嫩臉完全看不出已經超過60歲，令網友紛紛傻問，「到底哪一個是媽媽？」(許維恩,許路兒,母親節,母親節快樂,許維恩媽媽,)",
    "time": "2017/05/15 09:06:59",
    "event": "slide"
  }
]