[
  {
    "category": "2",
    "app": "Instagram",
    "id": "3",
    "context": "再度告別臺北，獻上以前下班後的第一個景色",
    "time": "2017/05/15 01:45:51",
    "event": "slide"
  },
  {
    "category": "2",
    "app": "Instagram",
    "id": "31",
    "context": "再度告別臺北，獻上以前下班後的第一個景色",
    "time": "2017/05/15 09:11:52",
    "event": "slide"
  },
  {
    "category": "2",
    "app": "Instagram",
    "id": "33",
    "context": "再度告別臺北，獻上以前下班後的第一個景色",
    "time": "2017/05/15 09:11:58",
    "event": "slide"
  },
  {
    "category": "2",
    "app": "Instagram",
    "id": "35",
    "context": "再度告別臺北，獻上以前下班後的第一個景色",
    "time": "2017/05/15 09:12:03",
    "event": "slide"
  }
]