[
  {
    "category": "4",
    "app": "Instagram",
    "id": "5",
    "context": "母親節還是要上班..",
    "time": "2017/05/15 01:46:02",
    "event": "slide"
  },
  {
    "category": "4",
    "app": "Instagram",
    "id": "6",
    "context": "媽媽就是總覺得她有點吵有點煩，但又是妳最愛也最愛你的人❤️#嘎嫂二伯#蔡阿嘎#母親節#monther……更多內容",
    "time": "2017/05/15 01:46:11",
    "event": "slide"
  },
  {
    "category": "4",
    "app": "Instagram",
    "id": "9",
    "context": "母親節快樂",
    "time": "2017/05/15 01:46:17",
    "event": "slide"
  },
  {
    "category": "4",
    "app": "Instagram",
    "id": "14",
    "context": "我媽咪跟我媽咪的媽咪最想要的母親節禮物就是我，可是人在劇組身不由己，我無法把自己包成禮物送回家⋯但還是祝媽咪跟媽咪的媽咪母……更多內容",
    "time": "2017/05/15 01:46:25",
    "event": "slide"
  },
  {
    "category": "4",
    "app": "Instagram",
    "id": "36",
    "context": "母親節還是要上班..",
    "time": "2017/05/15 09:12:13",
    "event": "slide"
  }
]