[
  {
    "category": "1",
    "app": "Chrome",
    "id": "1",
    "context": "大里夜市",
    "time": "2017/07/06 17:14:20",
    "event": "type"
  },
  {
    "category": "1",
    "app": "Chrome",
    "id": "2",
    "context": "大里夜市",
    "time": "2017/07/06 17:14:20",
    "event": "click"
  },
  {
    "category": "1",
    "app": "Chrome",
    "id": "3",
    "context": "大里夜市",
    "time": "2017/07/06 17:14:20",
    "event": "slide"
  },
  {
    "category": "1",
    "app": "Chrome",
    "id": "4",
    "context": "【臺中美食】大里觀光夜市‧美食整理懶人包10+1家推薦+究極攻略地圖!(完整停車場、公車路線圖)(104.6.10更新)@大口老師的走跳學堂!::痞客邦pixnet::",
    "time": "2017/07/06 17:14:29",
    "event": "click"
  },
  {
    "category": "1",
    "app": "Chrome",
    "id": "5",
    "context": "【臺中美食】大里觀光夜市‧美食整理懶人包10+1家推薦+究極攻略地圖!(完整停車場、公車路線圖)(104.6.10更新)@大口老師的走跳學堂!::痞客邦pixnet::",
    "time": "2017/07/06 17:14:29",
    "event": "slide"
  },
  {
    "category": "1",
    "app": "Chrome",
    "id": "6",
    "context": "大里夜市",
    "time": "2017/07/06 17:14:51",
    "event": "click"
  },
  {
    "category": "1",
    "app": "Chrome",
    "id": "7",
    "context": "大里夜市",
    "time": "2017/07/06 17:14:51",
    "event": "slide"
  },
  {
    "category": "1",
    "app": "Chrome",
    "id": "8",
    "context": "大里夜市",
    "time": "2017/07/06 17:15:17",
    "event": "click"
  },
  {
    "category": "1",
    "app": "Chrome",
    "id": "9",
    "context": "大里夜市",
    "time": "2017/07/06 17:15:18",
    "event": "slide"
  },
  {
    "category": "1",
    "app": "Chrome",
    "id": "10",
    "context": "大里夜市",
    "time": "2017/07/06 17:15:44",
    "event": "click"
  },
  {
    "category": "1",
    "app": "Chrome",
    "id": "11",
    "context": "大里美食",
    "time": "2017/07/06 17:15:45",
    "event": "slide"
  },
  {
    "category": "1",
    "app": "Chrome",
    "id": "12",
    "context": "大里美食",
    "time": "2017/07/06 17:15:49",
    "event": "click"
  },
  {
    "category": "1",
    "app": "Chrome",
    "id": "13",
    "context": "大里美食",
    "time": "2017/07/06 17:15:49",
    "event": "slide"
  },
  {
    "category": "1",
    "app": "Chrome",
    "id": "14",
    "context": "臺中大里美食懶人包|56家大里餐廳攻略–剎有其食",
    "time": "2017/07/06 17:16:03",
    "event": "click"
  },
  {
    "category": "1",
    "app": "Chrome",
    "id": "15",
    "context": "臺中大里美食懶人包|56家大里餐廳攻略–剎有其食",
    "time": "2017/07/06 17:16:09",
    "event": "slide"
  },
  {
    "category": "1",
    "app": "Chrome",
    "id": "17",
    "context": "臺中大里美食懶人包|56家大里餐廳攻略–剎有其食",
    "time": "2017/07/06 17:19:55",
    "event": "slide"
  },
  {
    "category": "1",
    "app": "Chrome",
    "id": "18",
    "context": "大里美食",
    "time": "2017/07/06 17:19:56",
    "event": "click"
  },
  {
    "category": "1",
    "app": "Chrome",
    "id": "19",
    "context": "大里美食",
    "time": "2017/07/06 17:19:56",
    "event": "slide"
  },
  {
    "category": "1",
    "app": "Chrome",
    "id": "20",
    "context": "大里區美食網友推薦-ipeen愛評網",
    "time": "2017/07/06 17:20:21",
    "event": "click"
  },
  {
    "category": "1",
    "app": "Chrome",
    "id": "21",
    "context": "大里區美食網友推薦-ipeen愛評網",
    "time": "2017/07/06 17:20:22",
    "event": "slide"
  },
  {
    "category": "1",
    "app": "Chrome",
    "id": "22",
    "context": "大里美食",
    "time": "2017/07/06 17:21:02",
    "event": "click"
  },
  {
    "category": "1",
    "app": "Chrome",
    "id": "23",
    "context": "大里美食",
    "time": "2017/07/06 17:21:02",
    "event": "slide"
  },
  {
    "category": "1",
    "app": "Chrome",
    "id": "24",
    "context": "(食)臺中~大里/51巷咖啡/隱藏小巷裡的家庭式咖啡/新開幕/下午茶@＊熊仔愛七桃＊::痞客邦pixnet::",
    "time": "2017/07/06 17:21:07",
    "event": "click"
  },
  {
    "category": "1",
    "app": "Chrome",
    "id": "25",
    "context": "(食)臺中~大里/51巷咖啡/隱藏小巷裡的家庭式咖啡/新開幕/下午茶@＊熊仔愛七桃＊::痞客邦pixnet::",
    "time": "2017/07/06 17:21:07",
    "event": "slide"
  },
  {
    "category": "1",
    "app": "Chrome",
    "id": "26",
    "context": "大里美食",
    "time": "2017/07/06 17:22:54",
    "event": "slide"
  },
  {
    "category": "1",
    "app": "Chrome",
    "id": "27",
    "context": "大里美食",
    "time": "2017/07/06 17:22:54",
    "event": "click"
  },
  {
    "category": "1",
    "app": "Chrome",
    "id": "28",
    "context": "大里美食",
    "time": "2017/07/06 17:22:54",
    "event": "slide"
  },
  {
    "category": "1",
    "app": "Chrome",
    "id": "29",
    "context": "【大里美食懶人包】2016更新大里美食餐廳、燒烤宵夜美食攻略@lai::痞客邦pixnet::",
    "time": "2017/07/06 17:22:58",
    "event": "click"
  },
  {
    "category": "1",
    "app": "Chrome",
    "id": "30",
    "context": "餤工業燒＊這家地理位置很好，剛好在轉角要往中興路大里橋的方向，交通很便利，櫃臺上面已經有準備好熟食，這對趕時間的客人來說是一大幫助阿，挑完立刻結帳，可是節省了不少時間，經典不敗的永和豆漿，早晚餐都有。【埔里美食】牛耳．雕之森鐵板燒餐廳~大啖極品爆卵香魚與帝王蟹【南投清境】nina巧克力工坊中秋花好月圓餤工業燒336x280https://www.facebook.com/老四川巴蜀麻辣燙營業時間：pm17:00~am11:30hambdarts阿丹的店風尚人文咖啡館-大里店2016大里美食餐廳/大里美食真的不少，本篇會不定期更新營業時間am11:00~pm02:00/pm17:00~am01:00看上一篇看下一篇地址：臺中市大里區中興路二段89-3號地址：臺中市大里區塗城路759號https://www.facebook.com/hambdarts-阿丹的店公休日：星期一＊這邊應該屬於大學生最愛，他的漢堡跟鐵板麵都是我的最愛，漢堡麵包烤得很酥；鐵板麵份量也滿多的，還有附熱狗跟荷包蛋，誇張的是每次到了傍晚都會呈現客滿的狀態。晚上竟然也能吃到早餐店的餐點，價錢也都一樣平價，難怪是大學生最愛，也太幸福了!!吃喝玩樂【臺中大里美食】新開幕工業風～貨櫃屋燒烤串燒，宵夜小酌好所在地址：臺中市大里區中興路二段362號來說，個人比較喜歡文章標籤營業時間：pm06:00~am02:00更多lai81727的營業時間 ： 11:00~02:00undefinedundefined電話：04-24180089＊位於大里中興路上，這條路上比較難停車，所以店家貼心的附停車場，而且店內空間很大，比較有放鬆的感覺。喜歡吃簡餐火鍋的人很適合來這享用，雖然沒有比較特別的餐點但營業時間比較晚，就算晚上10.11點下班，也可以來吃個簡餐.小火鍋。地址：臺中市大里區中興路二段89之1號http://www.facebook.com/bbq24820297/小綿羊鐵板燒-大里店串燒的價格算是比較平價，划算又能吃得飽飽的。這間比起pixnetad臺中市大里區中興路二段地址：臺中市大里區塗城路327-2號https://www.facebook.com/夜燒炭烤總店推薦文章埔里美食餐廳推薦之念念不忘的日高鍋物呷火鍋 ”號餤412482＊地址夜燒留言電話jkb呷咔好-塗城路： ＊”阿丹的店”是屬於連鎖店的，全省只有他們家是開晚上的!來這一定要吃個漢堡，他們漢堡的肉很大塊很厚，喜歡吃漢堡的一定要來。店內座位還滿多的，晚餐如果不知道要吃什麼其實也可以來吃看看。【彰化大村】進昌咖啡烘焙館每週六公休＊終於在大里也可以吃到麻辣鍋了，不然以前都還要跑到市區才能吃到。老四川的醬料很特別，花生粉淋上一點湯汁，就變成沾醬了。招待的川味涼粉也成了他們的特色之一，麻辣鍋辣得很過癮，麻麻辣辣的很有後勁，而且不會讓人不舒服，重點是鴨血、豆腐、白飯都可以無限暢飲，飯後還有甜點冰品唷。夜燒炭烤-大里總店跟著寶可夢南投埔里旅遊趣~(補給站景點+抓寶一日遊行程推薦)驢磨坊永和豆漿大里市大里宵夜大里美食大里餐廳懶人包地址：臺中市大里區國中路1號大里美食攻略電話：04-24820297電話：04-24835022電話：04-24863209電話：04-24865252https://www.facebook.com/風尚人文咖啡館-大里店老四川臺中大里店透過hangouts通話，雖然餤算是新開的燒烤店，餤它裡面有比較特別的螺旋藻啤酒、還有電子飛鏢機，氣氛也比較不錯。【臺中西區】くら壽司藏壽司臺中廣三sogo店地址：臺中市大里區德芳南路455號營業時間：am11:30~am01:30＊餤工業燒是最近大里新開的串燒燒烤店，燒烤與其它餐點種類還滿多樣的，招牌獨家的老醬醬汁，讓食材更顯鹹香美，而且也有這間燒烤餐廳也有賣商業午餐(ohya~有時中午想吃點烤肉也吃的到)，餐廳座位數不多建議預約，貨櫃式的吧檯很特別，還有很特別的螺旋藻(綠藻)啤酒、觸控銀幕電子飛鏢機…，餐廳附近就有大型停車場(需自費)。營業時間：~凌晨2:00【南投埔里】外拍景點之一歐莉葉荷城堡營業時間：pm17:30~am1:30臺中港式餐廳之【香港阿杜】港式個人套餐好飽足~電話：04-24931495【臺中西區】埔里來的蘇媽媽湯圓模範街營業時間：10:00~凌晨4:00 但我覺得小綿羊口味偏重偏鹹，如果喜歡重口味的人可以來嚐嚐看，半夜肚子餓也不怕沒東西吃，因為他們可是營業到凌晨4點鐘，很適合夜貓子來覓食。＊以鐵板燒來說價格算便宜，還有飲料.湯品無限暢飲，超級划算。電話：04-24962699",
    "time": "2017/07/06 17:23:23",
    "event": "click"
  },
  {
    "category": "1",
    "app": "Chrome",
    "id": "31",
    "context": "【大里美食懶人包】2016更新大里美食餐廳、燒烤宵夜美食攻略@lai::痞客邦pixnet::",
    "time": "2017/07/06 17:23:56",
    "event": "slide"
  },
  {
    "category": "1",
    "app": "Chrome",
    "id": "32",
    "context": "大里美食",
    "time": "2017/07/06 17:24:27",
    "event": "click"
  },
  {
    "category": "1",
    "app": "Chrome",
    "id": "33",
    "context": "大里美食",
    "time": "2017/07/06 17:24:27",
    "event": "slide"
  },
  {
    "category": "1",
    "app": "Chrome",
    "id": "35",
    "context": "大里美食",
    "time": "2017/07/06 17:24:38",
    "event": "slide"
  },
  {
    "category": "1",
    "app": "Chrome",
    "id": "36",
    "context": "大里美食",
    "time": "2017/07/06 17:24:38",
    "event": "click"
  },
  {
    "category": "1",
    "app": "Chrome",
    "id": "37",
    "context": "大里美食",
    "time": "2017/07/06 17:24:38",
    "event": "slide"
  },
  {
    "category": "1",
    "app": "Chrome",
    "id": "38",
    "context": "大里南門蒸餃",
    "time": "2017/07/06 17:24:46",
    "event": "click"
  },
  {
    "category": "1",
    "app": "Chrome",
    "id": "39",
    "context": "大里南門蒸餃",
    "time": "2017/07/06 17:24:46",
    "event": "click"
  },
  {
    "category": "1",
    "app": "Chrome",
    "id": "40",
    "context": "大里南門蒸餃",
    "time": "2017/07/06 17:24:47",
    "event": "slide"
  },
  {
    "category": "1",
    "app": "Chrome",
    "id": "41",
    "context": "【臺中小吃美食】南門蒸餃益民路大里區：南門橋起家傳承總鋪師老父親三十年手藝...",
    "time": "2017/07/06 17:24:57",
    "event": "click"
  },
  {
    "category": "1",
    "app": "Chrome",
    "id": "42",
    "context": "【臺中小吃美食】南門蒸餃益民路│大里區：南門橋起家傳承總鋪師老父親三十年手藝老味道～用餐時間人潮滿滿～推薦招牌蒸餃蕃茄海鮮麵豪華海鮮炒麵加麻油燉猴頭菇湯豐盛實在～老甕豬腳傳統味真功夫便宜好吃！(現在三人同行打卡就贈送綠豆鍋餅一份)-橘子狗愛吃糖オレンジ-ワンチャンwww.orange-dog.com/2016/01/nadd27.html?m=1",
    "time": "2017/07/06 17:25:00",
    "event": "slide"
  },
  {
    "category": "1",
    "app": "Chrome",
    "id": "43",
    "context": "【臺中小吃美食】南門蒸餃益民路│大里區：南門橋起家傳承總鋪師老父親三十年手藝老味道～用餐時間人潮滿滿～推薦招牌蒸餃蕃茄海鮮麵豪華海鮮炒麵加麻油燉猴頭菇湯豐盛實在～老甕豬腳傳統味真功夫便宜好吃！(現在三人同行打卡就贈送綠豆鍋餅一份)-橘子狗愛吃糖オレンジ-ワンチャン",
    "time": "2017/07/06 17:25:00",
    "event": "click"
  },
  {
    "category": "1",
    "app": "Chrome",
    "id": "44",
    "context": "【臺中小吃美食】南門蒸餃益民路│大里區：南門橋起家傳承總鋪師老父親三十年手藝老味道～用餐時間人潮滿滿～推薦招牌蒸餃蕃茄海鮮麵豪華海鮮炒麵加麻油燉猴頭菇湯豐盛實在～老甕豬腳傳統味真功夫便宜好吃！(現在三人同行打卡就贈送綠豆鍋餅一份)-橘子狗愛吃糖オレンジ-ワンチャンwww.orange-dog.com/2016/01/nadd27.html?m=1",
    "time": "2017/07/06 17:25:19",
    "event": "slide"
  },
  {
    "category": "1",
    "app": "Chrome",
    "id": "45",
    "context": "大里南門蒸餃",
    "time": "2017/07/06 17:26:42",
    "event": "click"
  },
  {
    "category": "1",
    "app": "Chrome",
    "id": "46",
    "context": "大里南門蒸餃",
    "time": "2017/07/06 17:26:42",
    "event": "slide"
  },
  {
    "category": "1",
    "app": "Chrome",
    "id": "47",
    "context": "【臺中美食小吃】大里區益民路「南門蒸餃」～新推出組合套餐讓選擇更加超值優惠-13's幸福食光行動版",
    "time": "2017/07/06 17:26:47",
    "event": "click"
  },
  {
    "category": "1",
    "app": "Chrome",
    "id": "48",
    "context": "【臺中美食小吃】大里區益民路「南門蒸餃」～新推出組合套餐讓選擇更加超值優惠-13's幸福食光行動版",
    "time": "2017/07/06 17:26:47",
    "event": "slide"
  },
  {
    "category": "1",
    "app": "Chrome",
    "id": "49",
    "context": "大里南門蒸餃",
    "time": "2017/07/06 17:28:27",
    "event": "click"
  },
  {
    "category": "1",
    "app": "Chrome",
    "id": "50",
    "context": "大里美食",
    "time": "2017/07/06 17:28:31",
    "event": "slide"
  }
]