[
  {
    "category": "1",
    "app": "Facebook",
    "id": "1",
    "context": "yahoo行動版6月有多項新制上路，包括雪隧科技執法系統啟用、菸稅調漲20元等，都攸關荷包，相關制度內容如下：...",
    "time": "2017/06/01 15:09:52",
    "event": "click"
  },
  {
    "category": "1",
    "app": "Chrome",
    "id": "2",
    "context": "yahoo行動版6月有多項新制上路，包括雪隧科技執法系統啟用、菸稅調漲20元等，都攸關荷包，相關制度內容如下：...",
    "time": "2017/06/01 15:09:53",
    "event": "slide"
  }
]