[
  {
    "category": "3",
    "app": "Facebook",
    "id": "6",
    "context": "影音-名人娛樂什麼！看了這麼多年都不知道，原來snoopy也是認養的…？「史奴比」是家喻戶曉的卡通，作者查爾斯·舒茲以自家的米格魯為靈感，創造出經典漫畫，但其實故事中也加入了以「領養代替購買」的觀念，因為史奴比就是被查理‧布朗認養來的～原來卡通中，查理‧布朗看到報紙上的認養廣告，於是就跑到農場，才會把史奴比帶回家的呢，做愛心會有好報的！sourcefrom《查理布朗認養史努比(charliebrownadoptssnoopy)中文字幕》",
    "time": "2017/06/01 15:31:21",
    "event": "click"
  },
  {
    "category": "3",
    "app": "Facebook",
    "id": "7",
    "context": "影音-名人娛樂什麼！看了這麼多年都不知道，原來snoopy也是認養的…？「史奴比」是家喻戶曉的卡通，作者查爾斯·舒茲以自家的米格魯為靈感，創造出經典漫畫，但其實故事中也加入了以「領養代替購買」的觀念，因為史奴比就是被查理‧布朗認養來的～原來卡通中，查理‧布朗看到報紙上的認養廣告，於是就跑到農場，才會把史奴比帶回家的呢，做愛心會有好報的！sourcefrom《查理布朗認養史努比(charliebrownadoptssnoopy)中文字幕》",
    "time": "2017/06/01 15:31:21",
    "event": "slide"
  }
]