[
  {
    "category": "4",
    "app": "Messenger",
    "id": "8",
    "context": "佩兒君剛從系辦出來有去讓張姐跟主任認識一下瞭然後有再問說那個大四學長姐才藝的東西～不知道你有沒有收到回覆了？？",
    "time": "2017/06/01 15:38:38",
    "event": "slide"
  },
  {
    "category": "4",
    "app": "Messenger",
    "id": "9",
    "context": "然後～畢業典禮的報帳是找……qaq忘記名字了，反正就是要去買之前要先找她一下，要告訴我們要注意的東西，不然到時候不能報帳的問題",
    "time": "2017/06/01 15:38:38",
    "event": "type"
  },
  {
    "category": "4",
    "app": "Messenger",
    "id": "11",
    "context": "佩兒君剛從系辦出來有去讓張姐跟主任認識一下瞭然後有再問說那個大四學長姐才藝的東西～不知道你有沒有收到回覆了？？然後～畢業典禮的報帳是找……qaq忘記名字了，反正就是要去買之前要先找她一下，要告訴我們要注意的東西，不然到時候不能報帳的問題",
    "time": "2017/06/01 15:38:38",
    "event": "slide"
  }
]