[
  {
    "category": "5",
    "app": "Messenger",
    "id": "10",
    "context": "傳送",
    "time": "2017/06/01 15:38:38",
    "event": "click"
  },
  {
    "category": "5",
    "app": "Messenger",
    "id": "14",
    "context": "傳送",
    "time": "2017/06/01 15:40:40",
    "event": "click"
  },
  {
    "category": "5",
    "app": "Messenger",
    "id": "18",
    "context": "傳送",
    "time": "2017/06/01 15:41:29",
    "event": "click"
  },
  {
    "category": "5",
    "app": "Line",
    "id": "21",
    "context": "傳送",
    "time": "2017/06/01 15:49:37",
    "event": "click"
  }
]