[
  {
    "category": "6",
    "app": "Messenger",
    "id": "12",
    "context": "喔喔！然後我跟他們說大概下禮拜一、二就可以跟他們說一下流程～～",
    "time": "2017/06/01 15:40:23",
    "event": "slide"
  },
  {
    "category": "6",
    "app": "Messenger",
    "id": "13",
    "context": "對瞭然後啊～張姐說之前都是聖譽在拍照，但是這次他要帶學生到蕙蓀，所以我們的分工還要加一個攝影（我們星期六討論後應該不會再修改什麼…了吧…所以我就說這樣了……然後主任說要找好一點der相機單眼最好～",
    "time": "2017/06/01 15:40:40",
    "event": "type"
  },
  {
    "category": "6",
    "app": "Messenger",
    "id": "15",
    "context": "喔喔！然後我跟他們說大概下禮拜一、二就可以跟他們說一下流程～～對瞭然後啊～張姐說之前都是聖譽在拍照，但是這次他要帶學生到蕙蓀，所以我們的分工還要加一個攝影（我們星期六討論後應該不會再修改什麼…了吧…所以我就說這樣了……然後主任說要找好一點der相機單眼最好～",
    "time": "2017/06/01 15:40:41",
    "event": "slide"
  }
]