[
  {
    "category": "7",
    "app": "Messenger",
    "id": "16",
    "context": "謝謝妳~~>_<所以是不是還是要買830那種餐卷？我再問一下因為現在人數只有42個人就是十個仁然後有兩個人免費",
    "time": "2017/06/01 15:41:29",
    "event": "slide"
  },
  {
    "category": "7",
    "app": "Messenger",
    "id": "19",
    "context": "謝謝妳~~>_<所以是不是還是要買830那種餐卷？我再問一下因為現在人數只有42個人就是十個仁然後有兩個人免費好",
    "time": "2017/06/01 15:41:29",
    "event": "slide"
  },
  {
    "category": "7",
    "app": "Messenger",
    "id": "23",
    "context": "謝謝妳~~>_<那…力衡是哪一家啊？？如果加了力衡的，總共是49人所以是不是還是要買830那種餐卷？我再問一下因為現在人數只有42個人就是十個仁然後有兩個人免費好",
    "time": "2017/06/01 15:58:35",
    "event": "slide"
  }
]