[
  {
    "category": "9",
    "app": "Line",
    "id": "20",
    "context": "大家！！今天國粹七點半在大廳正式開場囉！之後將有各種遊戲以及好吃好喝的飲料食物歡迎大家來參與！偷偷告訴大家一個小祕密有玩密室的來看開場可以更加融入這次的密室劇情哦！記得填教學意見喔喔喔",
    "time": "2017/06/01 15:49:37",
    "event": "type"
  },
  {
    "category": "9",
    "app": "Line",
    "id": "22",
    "context": "大家！！今天國粹七點半在大廳正式開場囉！之後將有各種遊戲以及好吃好喝的飲料食物歡迎大家來參與！偷偷告訴大家一個小祕密有玩密室的來看開場可以更加融入這次的密室劇情哦！記得填教學意見喔喔喔",
    "time": "2017/06/01 15:49:37",
    "event": "slide"
  }
]