[
  {
    "category": "1",
    "app": "Chrome",
    "id": "1",
    "context": "財團法人中衛發展中心工作",
    "time": "2017/05/22 16:51:40",
    "event": "type"
  },
  {
    "category": "1",
    "app": "Chrome",
    "id": "2",
    "context": "財團法人中衛發展中心工作-google搜尋",
    "time": "2017/05/22 16:51:42",
    "event": "click"
  },
  {
    "category": "1",
    "app": "Chrome",
    "id": "3",
    "context": "財團法人中衛發展中心工作-google搜尋",
    "time": "2017/05/22 16:51:42",
    "event": "slide"
  },
  {
    "category": "1",
    "app": "Chrome",
    "id": "4",
    "context": "財團法人中衛發展中心中衛發展中心為非營利財團法人之產業技術服務機構，旨在促進產業合作綜效發展，協助產業體系深耕茁壯。",
    "time": "2017/05/22 16:51:44",
    "event": "click"
  },
  {
    "category": "1",
    "app": "Chrome",
    "id": "5",
    "context": "財團法人中衛發展中心中衛發展中心為非營利財團法人之產業技術服務機構，旨在促進產業合作綜效發展，協助產業體系深耕茁壯。",
    "time": "2017/05/22 16:51:44",
    "event": "slide"
  },
  {
    "category": "1",
    "app": "Chrome",
    "id": "6",
    "context": "財團法人中衛發展中心工作-google搜尋",
    "time": "2017/05/22 16:54:03",
    "event": "slide"
  },
  {
    "category": "1",
    "app": "Chrome",
    "id": "7",
    "context": "財團法人中衛發展中心<公司簡介及所有工作機會>-104人力銀行",
    "time": "2017/05/22 16:54:07",
    "event": "click"
  },
  {
    "category": "1",
    "app": "Chrome",
    "id": "8",
    "context": "財團法人中衛發展中心<公司簡介及所有工作機會>-104人力銀行",
    "time": "2017/05/22 16:54:07",
    "event": "slide"
  },
  {
    "category": "1",
    "app": "Chrome",
    "id": "9",
    "context": "財團法人中衛發展中心<公司簡介及所有工作機會>-104人力銀行",
    "time": "2017/05/22 16:54:10",
    "event": "click"
  },
  {
    "category": "1",
    "app": "Chrome",
    "id": "10",
    "context": "財團法人中衛發展中心<公司簡介及所有工作機會>-104人力銀行",
    "time": "2017/05/22 16:54:10",
    "event": "slide"
  },
  {
    "category": "1",
    "app": "Chrome",
    "id": "11",
    "context": "財團法人中衛發展中心工作-google搜尋",
    "time": "2017/05/22 17:01:20",
    "event": "slide"
  },
  {
    "category": "1",
    "app": "Chrome",
    "id": "12",
    "context": "財團法人中衛發展中心中衛發展中心為非營利財團法人之產業技術服務機構，旨在促進產業合作綜效發展，協助產業體系深耕茁壯。",
    "time": "2017/05/22 17:01:25",
    "event": "slide"
  },
  {
    "category": "1",
    "app": "Chrome",
    "id": "13",
    "context": "財團法人中衛發展中心中衛發展中心為非營利財團法人之產業技術服務機構，旨在促進產業合作綜效發展，協助產業體系深耕茁壯。",
    "time": "2017/05/22 17:01:26",
    "event": "slide"
  },
  {
    "category": "1",
    "app": "Chrome",
    "id": "14",
    "context": "臺灣樂天市場工作",
    "time": "2017/05/22 17:02:01",
    "event": "slide"
  },
  {
    "category": "1",
    "app": "Chrome",
    "id": "15",
    "context": "臺灣樂天市場工作-google搜尋",
    "time": "2017/05/22 17:02:01",
    "event": "click"
  },
  {
    "category": "1",
    "app": "Chrome",
    "id": "16",
    "context": "臺灣樂天市場工作-google搜尋",
    "time": "2017/05/22 17:02:01",
    "event": "slide"
  },
  {
    "category": "1",
    "app": "Chrome",
    "id": "17",
    "context": "臺灣樂天市場股份有限公司<公司簡介及所有工作機會>-104人力銀行臺灣樂天市場股份有限公司係由日本最大規模的電子商務平臺－樂天株式會社於海外成立的第一家子公司。<br/>成立八多年來，成功地為臺灣電子商務市場注入新的活力，也為廣大的消費者提供種類繁多的優質商品、周到滿意的服務及創造歡樂的購物經驗。<br/>樂天極具特色的線上購物平臺及電子商務顧問，協助店家成功打造新興經營模式；也因其獨有的服務及社羣互動，培養了忠實的顧客粉絲羣及獨特購物體驗。<br/>亦將積極尋求策略合作機會，進一步打造臺灣樂天生態系（ecosystem），持續擴大並加速臺灣樂天市場的成長。",
    "time": "2017/05/22 17:02:01",
    "event": "click"
  },
  {
    "category": "1",
    "app": "Chrome",
    "id": "18",
    "context": "臺灣樂天市場股份有限公司<公司簡介及所有工作機會>-104人力銀行臺灣樂天市場股份有限公司係由日本最大規模的電子商務平臺－樂天株式會社於海外成立的第一家子公司。<br/>成立八多年來，成功地為臺灣電子商務市場注入新的活力，也為廣大的消費者提供種類繁多的優質商品、周到滿意的服務及創造歡樂的購物經驗。<br/>樂天極具特色的線上購物平臺及電子商務顧問，協助店家成功打造新興經營模式；也因其獨有的服務及社羣互動，培養了忠實的顧客粉絲羣及獨特購物體驗。<br/>亦將積極尋求策略合作機會，進一步打造臺灣樂天生態系（ecosystem），持續擴大並加速臺灣樂天市場的成長。",
    "time": "2017/05/22 17:02:01",
    "event": "slide"
  },
  {
    "category": "1",
    "app": "Chrome",
    "id": "19",
    "context": "臺灣樂天市場股份有限公司<公司簡介及所有工作機會>-104人力銀行1.臺灣樂天市場首頁與活動頁面改善,維護\r2.大型活動支援與創意互動效果實踐\r3.其他前端系統設計,開發,測試,改善,維護",
    "time": "2017/05/22 17:02:28",
    "event": "click"
  },
  {
    "category": "1",
    "app": "Chrome",
    "id": "20",
    "context": "臺灣樂天市場股份有限公司<公司簡介及所有工作機會>-104人力銀行1.臺灣樂天市場首頁與活動頁面改善,維護\r2.大型活動支援與創意互動效果實踐\r3.其他前端系統設計,開發,測試,改善,維護",
    "time": "2017/05/22 17:02:28",
    "event": "slide"
  },
  {
    "category": "1",
    "app": "Chrome",
    "id": "21",
    "context": "【日商樂天】前端網頁工程師(ux)_臺灣樂天市場股份有限公司-104人力銀行1.臺灣樂天市場首頁與活動頁面改善,維護\r2.大型活動支援與創意互動效果實踐\r3.其他前端系統設計,開發,測試,改善,維護",
    "time": "2017/05/22 17:02:29",
    "event": "click"
  },
  {
    "category": "1",
    "app": "Chrome",
    "id": "22",
    "context": "【日商樂天】前端網頁工程師(ux)_臺灣樂天市場股份有限公司-104人力銀行1.臺灣樂天市場首頁與活動頁面改善,維護\r2.大型活動支援與創意互動效果實踐\r3.其他前端系統設計,開發,測試,改善,維護",
    "time": "2017/05/22 17:02:29",
    "event": "slide"
  },
  {
    "category": "1",
    "app": "Chrome",
    "id": "23",
    "context": "【日商樂天】前端網頁工程師(ux)_臺灣樂天市場股份有限公司-104人力銀行臺灣樂天市場股份有限公司係由日本最大規模的電子商務平臺－樂天株式會社於海外成立的第一家子公司。<br/>成立八多年來，成功地為臺灣電子商務市場注入新的活力，也為廣大的消費者提供種類繁多的優質商品、周到滿意的服務及創造歡樂的購物經驗。<br/>樂天極具特色的線上購物平臺及電子商務顧問，協助店家成功打造新興經營模式；也因其獨有的服務及社羣互動，培養了忠實的顧客粉絲羣及獨特購物體驗。<br/>亦將積極尋求策略合作機會，進一步打造臺灣樂天生態系（ecosystem），持續擴大並加速臺灣樂天市場的成長。",
    "time": "2017/05/22 17:02:49",
    "event": "click"
  },
  {
    "category": "1",
    "app": "Chrome",
    "id": "24",
    "context": "【日商樂天】前端網頁工程師(ux)_臺灣樂天市場股份有限公司-104人力銀行臺灣樂天市場股份有限公司係由日本最大規模的電子商務平臺－樂天株式會社於海外成立的第一家子公司。<br/>成立八多年來，成功地為臺灣電子商務市場注入新的活力，也為廣大的消費者提供種類繁多的優質商品、周到滿意的服務及創造歡樂的購物經驗。<br/>樂天極具特色的線上購物平臺及電子商務顧問，協助店家成功打造新興經營模式；也因其獨有的服務及社羣互動，培養了忠實的顧客粉絲羣及獨特購物體驗。<br/>亦將積極尋求策略合作機會，進一步打造臺灣樂天生態系（ecosystem），持續擴大並加速臺灣樂天市場的成長。",
    "time": "2017/05/22 17:02:50",
    "event": "slide"
  },
  {
    "category": "1",
    "app": "Chrome",
    "id": "25",
    "context": "臺灣樂天市場股份有限公司<公司簡介及所有工作機會>-104人力銀行臺灣樂天市場股份有限公司係由日本最大規模的電子商務平臺－樂天株式會社於海外成立的第一家子公司。<br/>成立八多年來，成功地為臺灣電子商務市場注入新的活力，也為廣大的消費者提供種類繁多的優質商品、周到滿意的服務及創造歡樂的購物經驗。<br/>樂天極具特色的線上購物平臺及電子商務顧問，協助店家成功打造新興經營模式；也因其獨有的服務及社羣互動，培養了忠實的顧客粉絲羣及獨特購物體驗。<br/>亦將積極尋求策略合作機會，進一步打造臺灣樂天生態系（ecosystem），持續擴大並加速臺灣樂天市場的成長。",
    "time": "2017/05/22 17:03:01",
    "event": "click"
  },
  {
    "category": "1",
    "app": "Chrome",
    "id": "26",
    "context": "臺灣樂天市場股份有限公司<公司簡介及所有工作機會>-104人力銀行臺灣樂天市場股份有限公司係由日本最大規模的電子商務平臺－樂天株式會社於海外成立的第一家子公司。<br/>成立八多年來，成功地為臺灣電子商務市場注入新的活力，也為廣大的消費者提供種類繁多的優質商品、周到滿意的服務及創造歡樂的購物經驗。<br/>樂天極具特色的線上購物平臺及電子商務顧問，協助店家成功打造新興經營模式；也因其獨有的服務及社羣互動，培養了忠實的顧客粉絲羣及獨特購物體驗。<br/>亦將積極尋求策略合作機會，進一步打造臺灣樂天生態系（ecosystem），持續擴大並加速臺灣樂天市場的成長。",
    "time": "2017/05/22 17:03:01",
    "event": "slide"
  },
  {
    "category": "1",
    "app": "Chrome",
    "id": "27",
    "context": "【日商樂天】前端網頁工程師(ux)_臺灣樂天市場股份有限公司-104人力銀行1.臺灣樂天市場首頁與活動頁面改善,維護\r2.大型活動支援與創意互動效果實踐\r3.其他前端系統設計,開發,測試,改善,維護",
    "time": "2017/05/22 17:03:08",
    "event": "slide"
  }
]