[
  {
    "category": "2",
    "app": "Chrome",
    "id": "28",
    "context": "apple",
    "time": "2017/05/22 18:07:04",
    "event": "type"
  },
  {
    "category": "2",
    "app": "Chrome",
    "id": "29",
    "context": "apple",
    "time": "2017/05/22 18:07:04",
    "event": "click"
  },
  {
    "category": "2",
    "app": "Chrome",
    "id": "30",
    "context": "apple",
    "time": "2017/05/22 18:07:04",
    "event": "slide"
  },
  {
    "category": "2",
    "app": "Chrome",
    "id": "31",
    "context": "蘋果日報｜appledaily｜首頁",
    "time": "2017/05/22 18:07:04",
    "event": "click"
  },
  {
    "category": "2",
    "app": "Chrome",
    "id": "32",
    "context": "蘋果日報｜appledaily｜首頁",
    "time": "2017/05/22 18:07:04",
    "event": "slide"
  },
  {
    "category": "2",
    "app": "Chrome",
    "id": "33",
    "context": "mac-apple(臺灣)",
    "time": "2017/05/22 18:07:39",
    "event": "click"
  },
  {
    "category": "2",
    "app": "Chrome",
    "id": "34",
    "context": "mac-apple(臺灣)",
    "time": "2017/05/22 18:07:39",
    "event": "slide"
  },
  {
    "category": "2",
    "app": "Chrome",
    "id": "35",
    "context": "macbook pro-apple",
    "time": "2017/05/22 18:07:55",
    "event": "click"
  },
  {
    "category": "2",
    "app": "Chrome",
    "id": "36",
    "context": "macbook pro-apple",
    "time": "2017/05/22 18:07:55",
    "event": "slide"
  },
  {
    "category": "2",
    "app": "Chrome",
    "id": "37",
    "context": "購買macbookpro-apple",
    "time": "2017/05/22 18:08:41",
    "event": "click"
  },
  {
    "category": "2",
    "app": "Chrome",
    "id": "38",
    "context": "購買macbookpro-apple",
    "time": "2017/05/22 18:08:41",
    "event": "slide"
  },
  {
    "category": "2",
    "app": "Chrome",
    "id": "39",
    "context": "購買macbookpro-apple",
    "time": "2017/05/22 18:09:04",
    "event": "click"
  },
  {
    "category": "2",
    "app": "Chrome",
    "id": "40",
    "context": "購買macbookpro-apple",
    "time": "2017/05/22 18:09:04",
    "event": "slide"
  },
  {
    "category": "2",
    "app": "Chrome",
    "id": "41",
    "context": "購買macbookpro-apple",
    "time": "2017/05/22 18:09:13",
    "event": "click"
  },
  {
    "category": "2",
    "app": "Chrome",
    "id": "42",
    "context": "購買macbookpro-apple",
    "time": "2017/05/22 18:09:13",
    "event": "slide"
  }
]