[
  {
    "category": "1",
    "app": "Chrome",
    "id": "1",
    "context": "綠島行",
    "time": "2017/06/06 11:42:03",
    "event": "type"
  },
  {
    "category": "1",
    "app": "Chrome",
    "id": "2",
    "context": "綠島行-google搜尋",
    "time": "2017/06/06 11:42:05",
    "event": "click"
  },
  {
    "category": "1",
    "app": "Chrome",
    "id": "3",
    "context": "綠島行-google搜尋",
    "time": "2017/06/06 11:42:06",
    "event": "slide"
  },
  {
    "category": "1",
    "app": "Chrome",
    "id": "4",
    "context": "▌綠島自由行懶人包▌臺東綠島必玩景點.必吃美食.浮潛.租車.泡湯.兩天一夜.三日遊行程彙整+富岡漁港搭船前往火燒島行程規劃／親子遊／旅遊景點／住宿／交通全攻略@小潔趴趴走(臺灣旅遊)::痞客邦pixnet::",
    "time": "2017/06/06 11:42:16",
    "event": "click"
  },
  {
    "category": "1",
    "app": "Chrome",
    "id": "5",
    "context": "▌綠島自由行懶人包▌臺東綠島必玩景點.必吃美食.浮潛.租車.泡湯.兩天一夜.三日遊行程彙整+富岡漁港搭船前往火燒島行程規劃／親子遊／旅遊景點／住宿／交通全攻略@小潔趴趴走(臺灣旅遊)::痞客邦pixnet::",
    "time": "2017/06/06 11:42:16",
    "event": "slide"
  },
  {
    "category": "1",
    "app": "Chrome",
    "id": "10",
    "context": "綠島行-google搜尋",
    "time": "2017/06/06 11:43:47",
    "event": "slide"
  },
  {
    "category": "1",
    "app": "Chrome",
    "id": "11",
    "context": "綠島自由行》綠島好玩景點好吃餐廳兩天一夜行程安排color17套裝行程-冰蹦拉美食旅行｜icebonla",
    "time": "2017/06/06 11:43:57",
    "event": "click"
  },
  {
    "category": "1",
    "app": "Chrome",
    "id": "12",
    "context": "綠島自由行》綠島好玩景點好吃餐廳兩天一夜行程安排color17套裝行程-冰蹦拉美食旅行｜icebonla",
    "time": "2017/06/06 11:43:57",
    "event": "slide"
  },
  {
    "category": "1",
    "app": "Chrome",
    "id": "13",
    "context": "綠島行-google搜尋",
    "time": "2017/06/06 11:44:41",
    "event": "slide"
  },
  {
    "category": "1",
    "app": "Chrome",
    "id": "14",
    "context": "綠島三天二夜(上)@實現夢想的冒險旅程::痞客邦pixnet::",
    "time": "2017/06/06 11:44:46",
    "event": "click"
  },
  {
    "category": "1",
    "app": "Chrome",
    "id": "15",
    "context": "綠島三天二夜(上)@實現夢想的冒險旅程::痞客邦pixnet::",
    "time": "2017/06/06 11:44:46",
    "event": "slide"
  },
  {
    "category": "1",
    "app": "Chrome",
    "id": "16",
    "context": "綠島行-google搜尋",
    "time": "2017/06/06 11:45:16",
    "event": "slide"
  },
  {
    "category": "1",
    "app": "Chrome",
    "id": "17",
    "context": "綠島二日遊套裝行程～綠島民宿二天一夜自由行～",
    "time": "2017/06/06 11:45:42",
    "event": "click"
  },
  {
    "category": "1",
    "app": "Chrome",
    "id": "18",
    "context": "綠島二日遊套裝行程～綠島民宿二天一夜自由行～",
    "time": "2017/06/06 11:45:42",
    "event": "slide"
  },
  {
    "category": "1",
    "app": "Chrome",
    "id": "19",
    "context": "綠島行-google搜尋",
    "time": "2017/06/06 11:46:00",
    "event": "slide"
  },
  {
    "category": "1",
    "app": "Chrome",
    "id": "20",
    "context": "綠島民宿自由行（綠島三日遊）～住宿、早餐、機車、船票、浮潛、溫泉票、夜遊～",
    "time": "2017/06/06 11:46:31",
    "event": "click"
  },
  {
    "category": "1",
    "app": "Chrome",
    "id": "21",
    "context": "綠島民宿自由行（綠島三日遊）～住宿、早餐、機車、船票、浮潛、溫泉票、夜遊～",
    "time": "2017/06/06 11:46:31",
    "event": "slide"
  },
  {
    "category": "1",
    "app": "Chrome",
    "id": "22",
    "context": "綠島蘭嶼",
    "time": "2017/06/06 11:49:45",
    "event": "type"
  },
  {
    "category": "1",
    "app": "Chrome",
    "id": "23",
    "context": "綠島蘭嶼-google搜尋",
    "time": "2017/06/06 11:49:46",
    "event": "click"
  },
  {
    "category": "1",
    "app": "Chrome",
    "id": "24",
    "context": "綠島蘭嶼-google搜尋",
    "time": "2017/06/06 11:49:49",
    "event": "slide"
  },
  {
    "category": "1",
    "app": "Chrome",
    "id": "25",
    "context": "熱門優惠行程-綠島飛翔假期旅遊-提供綠島蘭嶼民宿住宿、綠島蘭嶼旅遊行程交通食宿規劃安排。體驗不同的島嶼風情與人文,感受來自海洋的活力。",
    "time": "2017/06/06 11:49:51",
    "event": "click"
  },
  {
    "category": "1",
    "app": "Chrome",
    "id": "26",
    "context": "熱門優惠行程-綠島飛翔假期旅遊-提供綠島蘭嶼民宿住宿、綠島蘭嶼旅遊行程交通食宿規劃安排。體驗不同的島嶼風情與人文,感受來自海洋的活力。",
    "time": "2017/06/06 11:49:51",
    "event": "slide"
  },
  {
    "category": "1",
    "app": "Chrome",
    "id": "27",
    "context": "綠島飛翔假期旅遊-提供綠島蘭嶼民宿住宿、綠島蘭嶼旅遊行程交通食宿規劃安排。體驗不同的島嶼風情與人文,感受來自海洋的活力。",
    "time": "2017/06/06 11:50:55",
    "event": "slide"
  },
  {
    "category": "1",
    "app": "Chrome",
    "id": "28",
    "context": "熱門優惠行程-綠島飛翔假期旅遊-提供綠島蘭嶼民宿住宿、綠島蘭嶼旅遊行程交通食宿規劃安排。體驗不同的島嶼風情與人文,感受來自海洋的活力。",
    "time": "2017/06/06 11:51:17",
    "event": "click"
  },
  {
    "category": "1",
    "app": "Chrome",
    "id": "29",
    "context": "熱門優惠行程-綠島飛翔假期旅遊-提供綠島蘭嶼民宿住宿、綠島蘭嶼旅遊行程交通食宿規劃安排。體驗不同的島嶼風情與人文,感受來自海洋的活力。",
    "time": "2017/06/06 11:51:17",
    "event": "slide"
  },
  {
    "category": "1",
    "app": "Chrome",
    "id": "30",
    "context": "綠島飛翔假期旅遊-提供綠島蘭嶼民宿住宿、綠島蘭嶼旅遊行程交通食宿規劃安排。體驗不同的島嶼風情與人文,感受來自海洋的活力。",
    "time": "2017/06/06 11:51:43",
    "event": "click"
  },
  {
    "category": "1",
    "app": "Chrome",
    "id": "31",
    "context": "綠島飛翔假期旅遊-提供綠島蘭嶼民宿住宿、綠島蘭嶼旅遊行程交通食宿規劃安排。體驗不同的島嶼風情與人文,感受來自海洋的活力。",
    "time": "2017/06/06 11:51:43",
    "event": "slide"
  },
  {
    "category": "1",
    "app": "Chrome",
    "id": "32",
    "context": "熱門優惠行程-綠島飛翔假期旅遊-提供綠島蘭嶼民宿住宿、綠島蘭嶼旅遊行程交通食宿規劃安排。體驗不同的島嶼風情與人文,感受來自海洋的活力。",
    "time": "2017/06/06 11:51:47",
    "event": "slide"
  },
  {
    "category": "1",
    "app": "Chrome",
    "id": "33",
    "context": "蘭嶼綠島-google搜尋",
    "time": "2017/06/06 11:53:50",
    "event": "slide"
  },
  {
    "category": "1",
    "app": "Chrome",
    "id": "34",
    "context": "蘭嶼綠島-google搜尋",
    "time": "2017/06/06 11:53:56",
    "event": "click"
  },
  {
    "category": "1",
    "app": "Chrome",
    "id": "35",
    "context": "蘭嶼綠島-google搜尋",
    "time": "2017/06/06 11:53:56",
    "event": "slide"
  },
  {
    "category": "1",
    "app": "Chrome",
    "id": "36",
    "context": "蘭嶼、綠島三天二夜套裝行程",
    "time": "2017/06/06 11:53:58",
    "event": "click"
  },
  {
    "category": "1",
    "app": "Chrome",
    "id": "37",
    "context": "蘭嶼、綠島三天二夜套裝行程",
    "time": "2017/06/06 11:53:58",
    "event": "slide"
  },
  {
    "category": "1",
    "app": "Chrome",
    "id": "38",
    "context": "蘭嶼綠島-google搜尋",
    "time": "2017/06/06 11:54:05",
    "event": "slide"
  },
  {
    "category": "1",
    "app": "Chrome",
    "id": "39",
    "context": "熱門優惠行程-綠島暢遊go~麗國旅遊網-提供綠島民宿住宿、綠島旅遊行程交通食宿規劃安排．體驗不同的島嶼風情與人文,感受來自海洋的活力。綠島民宿悠遊網綠島民宿全集",
    "time": "2017/06/06 11:54:12",
    "event": "click"
  },
  {
    "category": "1",
    "app": "Chrome",
    "id": "40",
    "context": "熱門優惠行程-綠島暢遊go~麗國旅遊網-提供綠島民宿住宿、綠島旅遊行程交通食宿規劃安排．體驗不同的島嶼風情與人文,感受來自海洋的活力。綠島民宿悠遊網綠島民宿全集",
    "time": "2017/06/06 11:54:12",
    "event": "slide"
  },
  {
    "category": "1",
    "app": "Chrome",
    "id": "41",
    "context": "蘭嶼綠島-google搜尋",
    "time": "2017/06/06 11:54:18",
    "event": "slide"
  },
  {
    "category": "1",
    "app": "Chrome",
    "id": "42",
    "context": "蘭嶼綠島建議天數",
    "time": "2017/06/06 11:54:30",
    "event": "type"
  },
  {
    "category": "1",
    "app": "Chrome",
    "id": "43",
    "context": "蘭嶼綠島建議天數-google搜尋",
    "time": "2017/06/06 11:54:31",
    "event": "click"
  },
  {
    "category": "1",
    "app": "Chrome",
    "id": "44",
    "context": "蘭嶼綠島建議天數-google搜尋",
    "time": "2017/06/06 11:54:33",
    "event": "slide"
  },
  {
    "category": "1",
    "app": "Chrome",
    "id": "45",
    "context": "臺灣離島》蘭嶼遊記－4天2夜懶人包花費預算+搭機+搭船(臺東富岡漁港-蘭嶼開元港)+浮潛+租車+當地行程景點安排一次滿足@::gina環球旅行記事/不會韓文也可以去韓國韓國自由行::::痞客邦pixnet::",
    "time": "2017/06/06 11:54:44",
    "event": "click"
  },
  {
    "category": "1",
    "app": "Chrome",
    "id": "46",
    "context": "臺灣離島》蘭嶼遊記－4天2夜懶人包花費預算+搭機+搭船(臺東富岡漁港-蘭嶼開元港)+浮潛+租車+當地行程景點安排一次滿足@::gina環球旅行記事/不會韓文也可以去韓國韓國自由行::::痞客邦pixnet::",
    "time": "2017/06/06 11:54:44",
    "event": "slide"
  },
  {
    "category": "1",
    "app": "Chrome",
    "id": "47",
    "context": "蘭嶼綠島建議天數-google搜尋",
    "time": "2017/06/06 11:56:02",
    "event": "slide"
  },
  {
    "category": "1",
    "app": "Chrome",
    "id": "48",
    "context": "綠島+蘭嶼三天二夜遊-綠島哈利旅行社--綠島旅遊玩家~提供綠島蘭嶼旅遊行程安排,綠島民宿,綠島飯店,臺東民宿住宿安排等服務!",
    "time": "2017/06/06 11:56:08",
    "event": "click"
  },
  {
    "category": "1",
    "app": "Chrome",
    "id": "49",
    "context": "綠島+蘭嶼三天二夜遊-綠島哈利旅行社--綠島旅遊玩家~提供綠島蘭嶼旅遊行程安排,綠島民宿,綠島飯店,臺東民宿住宿安排等服務!",
    "time": "2017/06/06 11:56:08",
    "event": "slide"
  },
  {
    "category": "1",
    "app": "Chrome",
    "id": "50",
    "context": "馬祖建議行程",
    "time": "2017/06/06 11:57:05",
    "event": "type"
  },
  {
    "category": "1",
    "app": "Chrome",
    "id": "51",
    "context": "馬祖建議行程-google搜尋",
    "time": "2017/06/06 11:57:06",
    "event": "click"
  },
  {
    "category": "1",
    "app": "Chrome",
    "id": "52",
    "context": "馬祖建議行程-google搜尋",
    "time": "2017/06/06 11:57:06",
    "event": "slide"
  },
  {
    "category": "1",
    "app": "Chrome",
    "id": "53",
    "context": "馬祖景點~三天兩夜遊建議行程@趁著年輕去旅行::痞客邦pixnet::",
    "time": "2017/06/06 11:57:10",
    "event": "click"
  },
  {
    "category": "1",
    "app": "Chrome",
    "id": "54",
    "context": "馬祖景點~三天兩夜遊建議行程@趁著年輕去旅行::痞客邦pixnet::",
    "time": "2017/06/06 11:57:11",
    "event": "slide"
  }
]