[
  {
    "category": "1",
    "app": "com.android.systemui",
    "id": "1",
    "context": "東森新聞  可怕！女子雨天騎西濱慘遭雷擊昏厥 醒來後直呼「手好麻」",
    "time": "2017/07/02 19:43:30",
    "event": "click"
  },
  {
    "category": "1",
    "app": "EBCNews",
    "id": "2",
    "context": "可怕！女子雨天騎西濱慘遭雷擊昏厥 醒來後直呼「手好麻」 - 東森新聞 ▲（圖／翻攝畫面）近日頻頻打雷，而昨（1）日有一名機車騎士被雷擊中了！昨晚在新北市林口有位女子在61號西濱公路騎車時，意外被雷擊中，但竟然奇蹟似的只受輕傷，沒有生命大礙。據《蘋果日報》報導，昨晚大雨滂沱，還夾伴轟轟雷聲，約6時11分，這名女子正準備騎車回到台北市北投住家，才剛經過林口火力發電廠，就突然一陣閃光，女子遭到雷擊，連人帶車的摔倒在路邊，女子馬上陷入昏厥。▼（圖／翻攝畫面）經過的車輛駕駛發現之後，趕緊報警，警消人員便馬上到場急救，發現女子左手臂有9%面積的1度燒燙傷，她稍微恢復意識後，不斷說道「我手腳好麻」，警消人員便馬上將她送醫治療，所幸沒有生命危險，是不幸中的大幸。▼（圖／翻攝畫面）據《自由時報》報導，6月底台中也有一三合院疑似遭雷擊中，隨後冒出火煙，燒掉三合院中其中一幢房屋，加上3輛機車被波及，損失多達10萬元，另外還有一名9旬老翁在滅火時不慎摔倒，幸好沒釀成重大傷亡。而葡萄牙在6月18也疑似因為雷擊，釀成森林大火，許多人在開車逃命時，中途在車中被活活燒死，這場大火最後造成61人死亡，葡萄牙全國哀悼3日。夏日雷雨不斷，在外要如何避免雷擊，新北市消防局救護大隊表示，如果不得已在打雷時需要外出，請民眾盡量不要待在空曠處，也不要接近空曠處的突出物，像是涼亭或大樹，因為這些地方很容易被雷擊中，並讓自己越貼近地面越好。而除了預防雷擊，也要注意避免被「導電」，打雷時不可攜帶金屬物品，也應避免水上活動，也不要光腳走在戶外，因為當雷打在地面時，電有可能會往身上跑。▼相關影片 ",
    "time": "2017/07/02 19:43:39",
    "event": "slide"
  },
  {
    "category": "2",
    "app": "EBCnews",
    "id": "3",
    "context": "回上一頁  ",
    "time": "2017/07/02 19:45:54",
    "event": "click"
  },
  {
    "category": "3",
    "app": "Chrome",
    "id": "4",
    "context": "Site information  ",
    "time": "2017/07/02 19:46:09",
    "event": "click"
  },
  {
    "category": "4",
    "app": "Chrome",
    "id": "5",
    "context": "台北兩天一夜",
    "time": "2017/07/02 19:46:33",
    "event": "type"
  },
  {
    "category": "4",
    "app": "Chrome",
    "id": "6",
    "context": "【台北景點】台北一日遊/台北兩天一夜/台北好吃好玩景點(私心推薦) - 冰蹦拉 ...  ",
    "time": "2017/07/02 19:48:07",
    "event": "click"
  },
  {
    "category": "5",
    "app": "Chrome",
    "id": "7",
    "context": "Close  ",
    "time": "2017/07/02 19:48:24",
    "event": "click"
  },
  {
    "category": "4",
    "app": "Chrome",
    "id": "8",
    "context": "台北兩天一夜 ",
    "time": "2017/07/02 19:48:51",
    "event": "slide"
  },
  {
    "category": "4",
    "app": "Chrome",
    "id": "9",
    "context": "【台北市區】旅行臺北．一遊未盡～台北兩天一夜怎麼玩？文青小旅行散策地圖 ...  ",
    "time": "2017/07/02 19:49:02",
    "event": "click"
  },
  {
    "category": "4",
    "app": "Chrome",
    "id": "10",
    "context": "【台北市區】旅行臺北．一遊未盡～台北兩天一夜怎麼玩？文青小旅行散策地圖。 - aiko。手感溫度．愛生活",
    "time": "2017/07/02 19:49:05",
    "event": "slide"
  },
  {
    "category": "4",
    "app": "Chrome",
    "id": "11",
    "context": "西門町推薦住宿～設計感十足的amba意舍",
    "time": "2017/07/02 19:49:07",
    "event": "click"
  },
  {
    "category": "4",
    "app": "Chrome",
    "id": "12",
    "context": "【台北萬華】西門町推薦住宿～設計感十足的amba意舍。 - aiko。手感溫度．愛生活",
    "time": "2017/07/02 19:50:10",
    "event": "slide"
  },
  {
    "category": "4",
    "app": "Chrome",
    "id": "13",
    "context": "【台北市區】旅行臺北．一遊未盡～台北兩天一夜怎麼玩？文青小旅行散策地圖。 - aiko。手感溫度．愛生活",
    "time": "2017/07/02 19:50:45",
    "event": "slide"
  },
  {
    "category": "4",
    "app": "Chrome",
    "id": "14",
    "context": "台北兩天一夜 ",
    "time": "2017/07/02 19:50:46",
    "event": "slide"
  },
  {
    "category": "4",
    "app": "Chrome",
    "id": "15",
    "context": "【台北旅遊景點】推薦行程規劃@必玩景點(台北市+新北市) - 小環妞幸福足跡  ",
    "time": "2017/07/02 19:50:55",
    "event": "click"
  },
  {
    "category": "4",
    "app": "Chrome",
    "id": "16",
    "context": "【台北旅遊景點】推薦行程規劃@必玩景點(台北市+新北市) - 小環妞 幸福足跡",
    "time": "2017/07/02 19:51:12",
    "event": "slide"
  },
  {
    "category": "4",
    "app": "Chrome",
    "id": "17",
    "context": "台北兩天一夜 ",
    "time": "2017/07/02 19:51:23",
    "event": "slide"
  },
  {
    "category": "4",
    "app": "Chrome",
    "id": "18",
    "context": "宜蘭 ",
    "time": "2017/07/02 19:51:38",
    "event": "type"
  },
  {
    "category": "4",
    "app": "Chrome",
    "id": "19",
    "context": "宜蘭",
    "time": "2017/07/02 19:51:39",
    "event": "slide"
  },
  {
    "category": "4",
    "app": "Chrome",
    "id": "20",
    "context": "宜蘭  ",
    "time": "2017/07/02 19:51:44",
    "event": "click"
  },
  {
    "category": "4",
    "app": "Chrome",
    "id": "21",
    "context": "宜蘭",
    "time": "2017/07/02 19:51:44",
    "event": "slide"
  },
  {
    "category": "4",
    "app": "Chrome",
    "id": "22",
    "context": "宜蘭 兩天一夜 沒車  ",
    "time": "2017/07/02 19:51:52",
    "event": "click"
  },
  {
    "category": "4",
    "app": "Chrome",
    "id": "23",
    "context": "宜蘭 兩天一夜 沒車  ",
    "time": "2017/07/02 19:51:52",
    "event": "slide"
  },
  {
    "category": "4",
    "app": "Chrome",
    "id": "24",
    "context": "宜蘭 兩天一夜",
    "time": "2017/07/02 19:51:55",
    "event": "type"
  },
  {
    "category": "4",
    "app": "Chrome",
    "id": "25",
    "context": "宜蘭 兩天一夜  ",
    "time": "2017/07/02 19:51:55",
    "event": "slide"
  },
  {
    "category": "4",
    "app": "Chrome",
    "id": "26",
    "context": "宜蘭10條路線景點行程超強懶人包，宜蘭一日遊、二日遊 - 小環妞幸福足跡  ",
    "time": "2017/07/02 19:52:01",
    "event": "click"
  },
  {
    "category": "4",
    "app": "Chrome",
    "id": "27",
    "context": "宜蘭10條路線景點行程超強懶人包，宜蘭一日遊、二日遊，40幾個景點、30幾樣美食、20幾間民宿推薦！ - 小環妞 幸福足跡 ",
    "time": "2017/07/02 19:52:20",
    "event": "slide"
  },
  {
    "category": "4",
    "app": "Chrome",
    "id": "28",
    "context": "宜蘭 兩天一夜 ",
    "time": "2017/07/02 19:53:03",
    "event": "slide"
  },
  {
    "category": "4",
    "app": "Chrome",
    "id": "29",
    "context": "[宜蘭景點]超級強!宜蘭11條路線行程規劃景點懶人包，安排一日遊、二日遊，二天 ...  ",
    "time": "2017/07/02 19:53:09",
    "event": "click"
  },
  {
    "category": "4",
    "app": "Chrome",
    "id": "30",
    "context": "[宜蘭景點]超級強!宜蘭11條路線行程規劃景點懶人包，安排一日遊、二日遊，二天一夜推薦路線行程 @ 蓉蓉牽手☜ㄩˇ你環遊世界 :: 痞客邦 PIXNET ::",
    "time": "2017/07/02 19:53:14",
    "event": "slide"
  },
  {
    "category": "5",
    "app": "Chrome",
    "id": "31",
    "context": "Close  ",
    "time": "2017/07/02 19:53:40",
    "event": "click"
  },
  {
    "category": "4",
    "app": "Chrome",
    "id": "32",
    "context": "宜蘭 兩天一夜  ",
    "time": "2017/07/02 19:53:41",
    "event": "slide"
  },
  {
    "category": "4",
    "app": "Chrome",
    "id": "33",
    "context": "[遊記]宜蘭兩天一夜懶人包 遠離塵囂小旅行輕鬆玩@ 凱利依法SHOPAHOLIC ...  ",
    "time": "2017/07/02 19:53:43",
    "event": "click"
  },
  {
    "category": "4",
    "app": "Chrome",
    "id": "34",
    "context": "[遊記]宜蘭兩天一夜懶人包♥遠離塵囂小旅行 輕鬆玩 @ 凱利依法SHOPAHOLIC :: 痞客邦 PIXNET :: ",
    "time": "2017/07/02 19:53:54",
    "event": "slide"
  },
  {
    "category": "6",
    "app": "Chrome",
    "id": "35",
    "context": "×  關閉  ",
    "time": "2017/07/02 19:53:57",
    "event": "click"
  },
  {
    "category": "6",
    "app": "Chrome",
    "id": "36",
    "context": "關閉視窗  ",
    "time": "2017/07/02 19:54:05",
    "event": "click"
  },
  {
    "category": "4",
    "app": "Chrome",
    "id": "37",
    "context": "[遊記]宜蘭兩天一夜懶人包♥遠離塵囂小旅行 輕鬆玩 @ 凱利依法SHOPAHOLIC :: 痞客邦 PIXNET :: ",
    "time": "2017/07/02 19:54:41",
    "event": "slide"
  },
  {
    "category": "4",
    "app": "Chrome",
    "id": "38",
    "context": "[遊記]宜蘭兩天一夜懶人包♥遠離塵囂小旅行 輕鬆玩 @ 凱利依法SHOPAHOLIC :: 痞客邦 PIXNET :: ",
    "time": "2017/07/02 19:56:49",
    "event": "slide"
  },
  {
    "category": "4",
    "app": "Chrome",
    "id": "39",
    "context": "[遊記]宜蘭兩天一夜懶人包♥遠離塵囂小旅行 輕鬆玩 @ 凱利依法SHOPAHOLIC :: 痞客邦 PIXNET :: ",
    "time": "2017/07/02 19:57:47",
    "event": "slide"
  },
  {
    "category": "4",
    "app": "Chrome",
    "id": "40",
    "context": "宜蘭 兩天一夜 ",
    "time": "2017/07/02 19:57:51",
    "event": "slide"
  },
  {
    "category": "4",
    "app": "Chrome",
    "id": "41",
    "context": "宜蘭 兩天一夜 ",
    "time": "2017/07/02 19:57:56",
    "event": "slide"
  },
  {
    "category": "4",
    "app": "Chrome",
    "id": "42",
    "context": "2017宜蘭行程路線規劃，一日遊、二日遊旅遊景點推薦、美食 ... - 兩隻小豬",
    "time": "2017/07/02 19:57:57",
    "event": "click"
  },
  {
    "category": "5",
    "app": "Chrome",
    "id": "43",
    "context": "Close  ",
    "time": "2017/07/02 19:58:00",
    "event": "click"
  },
  {
    "category": "4",
    "app": "Chrome",
    "id": "44",
    "context": "2017宜蘭行程路線規劃，一日遊、二日遊旅遊景點推薦、美食懶人包整理(2017/6月更新) @ **兩隻小豬** :: 痞客邦 PIXNET :: ",
    "time": "2017/07/02 19:59:07",
    "event": "slide"
  },
  {
    "category": "4",
    "app": "Chrome",
    "id": "45",
    "context": "宜蘭 兩天一夜 ",
    "time": "2017/07/02 20:02:17",
    "event": "slide"
  },
  {
    "category": "4",
    "app": "Chrome",
    "id": "46",
    "context": "[旅遊] 宜蘭兩日遊，那些我喜歡的地方- ...  ",
    "time": "2017/07/02 20:02:20",
    "event": "click"
  },
  {
    "category": "4",
    "app": "Chrome",
    "id": "47",
    "context": "[旅遊] 宜蘭兩日遊，那些我喜歡的地方 - 囧囧，食旅日常",
    "time": "2017/07/02 20:02:24",
    "event": "slide"
  },
  {
    "category": "4",
    "app": "Chrome",
    "id": "48",
    "context": "宜蘭 兩天一夜  ",
    "time": "2017/07/02 20:06:04",
    "event": "slide"
  },
  {
    "category": "4",
    "app": "Chrome",
    "id": "49",
    "context": "【宜蘭羅東兩天一夜遊】羅東蘇澳-南方澳/白米木屐村 ... - 旅行，履行生活的缺口。",
    "time": "2017/07/02 20:06:08",
    "event": "click"
  },
  {
    "category": "4",
    "app": "Chrome",
    "id": "50",
    "context": "【宜蘭羅東兩天一夜遊】羅東蘇澳-南方澳/白米木屐村/情人灣/武荖坑/羅東夜市/忘記回家/梅花湖/林業園區 @ 旅行，履行生活的缺口。 :: 痞客邦 PIXNET ::",
    "time": "2017/07/02 20:06:12",
    "event": "slide"
  },
  {
    "category": "4",
    "app": "Chrome",
    "id": "51",
    "context": "宜蘭 兩天一夜  ",
    "time": "2017/07/02 20:07:23",
    "event": "slide"
  },
  {
    "category": "4",
    "app": "Chrome",
    "id": "52",
    "context": "【宜蘭旅遊】夏日宜蘭兩天一夜旅行規劃@ 妮妮女王的美食後花園:: 痞客邦PIXNET ::  ",
    "time": "2017/07/02 20:07:27",
    "event": "click"
  },
  {
    "category": "4",
    "app": "Chrome",
    "id": "53",
    "context": "【宜蘭旅遊】夏日宜蘭兩天一夜旅行規劃 @ 妮妮女王的美食後花園 :: 痞客邦 PIXNET :: ",
    "time": "2017/07/02 20:07:35",
    "event": "slide"
  },
  {
    "category": "4",
    "app": "Chrome",
    "id": "54",
    "context": "羅東民宿推薦-田田圈民宿，羅東運動公園美式風格民宿  ",
    "time": "2017/07/02 20:10:07",
    "event": "click"
  },
  {
    "category": "4",
    "app": "Chrome",
    "id": "55",
    "context": "羅東民宿推薦-田田圈民宿，羅東運動公園美式風格民宿 @ 妮妮女王的美食後花園 :: 痞客邦 PIXNET :: ",
    "time": "2017/07/02 20:10:10",
    "event": "slide"
  },
  {
    "category": "7",
    "app": "Chrome",
    "id": "56",
    "context": "P2260167.JPG  ",
    "time": "2017/07/02 20:10:39",
    "event": "click"
  },
  {
    "category": "4",
    "app": "Chrome",
    "id": "57",
    "context": "羅東民宿推薦-田田圈民宿，羅東運動公園美式風格民宿 @ 妮妮女王的美食後花園 :: 痞客邦 PIXNET :: ",
    "time": "2017/07/02 20:10:39",
    "event": "slide"
  },
  {
    "category": "8",
    "app": "Chrome",
    "id": "58",
    "context": "痞客邦 PIXNET 訊息提示 :: 痞客邦 PIXNET :: ",
    "time": "2017/07/02 20:10:39",
    "event": "slide"
  },
  {
    "category": "4",
    "app": "Chrome",
    "id": "59",
    "context": "羅東民宿推薦-田田圈民宿，羅東運動公園美式風格民宿 @ 妮妮女王的美食後花園 :: 痞客邦 PIXNET ::",
    "time": "2017/07/02 20:10:43",
    "event": "slide"
  },
  {
    "category": "4",
    "app": "Chrome",
    "id": "60",
    "context": "【宜蘭旅遊】夏日宜蘭兩天一夜旅行規劃 @ 妮妮女王的美食後花園 :: 痞客邦 PIXNET :: ",
    "time": "2017/07/02 20:11:01",
    "event": "slide"
  },
  {
    "category": "4",
    "app": "Chrome",
    "id": "61",
    "context": "波卡拉渡假會館 宜蘭礁溪民宿推薦 礁溪泡湯推薦  ",
    "time": "2017/07/02 20:11:40",
    "event": "click"
  },
  {
    "category": "4",
    "app": "Chrome",
    "id": "62",
    "context": "波卡拉渡假會館 宜蘭礁溪民宿推薦 礁溪泡湯推薦 @ 妮妮女王的美食後花園 :: 痞客邦 PIXNET :: ",
    "time": "2017/07/02 20:11:41",
    "event": "slide"
  },
  {
    "category": "4",
    "app": "Chrome",
    "id": "63",
    "context": "宜蘭必吃  ",
    "time": "2017/07/02 20:12:23",
    "event": "type"
  },
  {
    "category": "4",
    "app": "Chrome",
    "id": "64",
    "context": "宜蘭必吃  ",
    "time": "2017/07/02 20:12:26",
    "event": "slide"
  },
  {
    "category": "4",
    "app": "Chrome",
    "id": "65",
    "context": "宜蘭 絕不可錯過的小吃~必吃排隊名店彙整@ JOYCEBE的理想生活:: 痞客邦 ...  ",
    "time": "2017/07/02 20:12:32",
    "event": "click"
  },
  {
    "category": "4",
    "app": "Chrome",
    "id": "66",
    "context": "▉宜蘭▉絕不可錯過的小吃~必吃排隊名店彙整 @ ♪JOYCEBE的理想生活 :: 痞客邦 PIXNET :: ",
    "time": "2017/07/02 20:14:07",
    "event": "slide"
  },
  {
    "category": "4",
    "app": "Chrome",
    "id": "67",
    "context": "宜蘭必吃 ",
    "time": "2017/07/02 20:14:58",
    "event": "slide"
  },
  {
    "category": "4",
    "app": "Chrome",
    "id": "68",
    "context": "【宜蘭美食推薦2017.5.22更新】宜蘭必吃美食-宜蘭頭城、礁溪、羅東、員山、蘇 ...  ",
    "time": "2017/07/02 20:15:04",
    "event": "click"
  },
  {
    "category": "4",
    "app": "Chrome",
    "id": "69",
    "context": "【宜蘭美食推薦2017.5.22更新】宜蘭必吃美食-宜蘭頭城、礁溪、羅東、員山、蘇澳美食推薦 @ Tiss-寫意人生 :: 痞客邦 PIXNET ::",
    "time": "2017/07/02 20:15:07",
    "event": "slide"
  },
  {
    "category": "8",
    "app": "Chrome",
    "id": "70",
    "context": "Nope  ",
    "time": "2017/07/02 20:15:25",
    "event": "click"
  },
  {
    "category": "5",
    "app": "Chrome",
    "id": "71",
    "context": "Close  ",
    "time": "2017/07/02 20:15:26",
    "event": "click"
  },
  {
    "category": "4",
    "app": "Chrome",
    "id": "72",
    "context": "【宜蘭美食推薦2017.5.22更新】宜蘭必吃美食-宜蘭頭城、礁溪、羅東、員山、蘇澳美食推薦 @ Tiss-寫意人生 :: 痞客邦 PIXNET ::",
    "time": "2017/07/02 20:15:36",
    "event": "slide"
  },
  {
    "category": "9",
    "app": "Chrome",
    "id": "73",
    "context": "1378777892-1170768178_wn  ",
    "time": "2017/07/02 20:17:37",
    "event": "click"
  },
  {
    "category": "4",
    "app": "Chrome",
    "id": "74",
    "context": "【宜蘭美食推薦2017.5.22更新】宜蘭必吃美食-宜蘭頭城、礁溪、羅東、員山、蘇澳美食推薦 @ Tiss-寫意人生 :: 痞客邦 PIXNET :: ",
    "time": "2017/07/02 20:18:12",
    "event": "slide"
  },
  {
    "category": "6",
    "app": "Chrome",
    "id": "75",
    "context": "×  關閉  ",
    "time": "2017/07/02 20:19:15",
    "event": "click"
  },
  {
    "category": "4",
    "app": "Chrome",
    "id": "76",
    "context": "【宜蘭美食推薦2017.5.22更新】宜蘭必吃美食-宜蘭頭城、礁溪、羅東、員山、蘇澳美食推薦 @ Tiss-寫意人生 :: 痞客邦 PIXNET ::",
    "time": "2017/07/02 20:19:17",
    "event": "slide"
  },
  {
    "category": "10",
    "app": "Chrome",
    "id": "77",
    "context": "展開全文閱讀  ",
    "time": "2017/07/02 20:19:59",
    "event": "click"
  },
  {
    "category": "4",
    "app": "Chrome",
    "id": "78",
    "context": "[宜蘭景點推薦2017.6.9更新]一日遊、兩日遊行程景點推薦-免費親子景點，頭城景點、礁溪景點、羅東景點、員山景點、三星景點、蘇澳景點懶人包(持續新增) @ Tiss-寫意人生 :: 痞客邦 PIXNET ::",
    "time": "2017/07/02 20:20:11",
    "event": "slide"
  },
  {
    "category": "5",
    "app": "Chrome",
    "id": "79",
    "context": "Close  ",
    "time": "2017/07/02 20:20:12",
    "event": "click"
  },
  {
    "category": "11",
    "app": "Chrome",
    "id": "80",
    "context": "Never translate Chinese (Traditional)  ",
    "time": "2017/07/02 20:20:14",
    "event": "click"
  },
  {
    "category": "6",
    "app": "Chrome",
    "id": "81",
    "context": "×  關閉  ",
    "time": "2017/07/02 20:20:16",
    "event": "click"
  },
  {
    "category": "4",
    "app": "Chrome",
    "id": "82",
    "context": "[宜蘭景點推薦2017.6.9更新]一日遊、兩日遊行程景點推薦-免費親子景點，頭城景點、礁溪景點、羅東景點、員山景點、三星景點、蘇澳景點懶人包(持續新增) @ Tiss-寫意人生 :: 痞客邦 PIXNET ::",
    "time": "2017/07/02 20:20:47",
    "event": "slide"
  },
  {
    "category": "4",
    "app": "Chrome",
    "id": "83",
    "context": "[宜蘭景點]宜蘭養蜂人家蜂采館-夏日好去處，隱藏版親子餐廳",
    "time": "2017/07/02 20:22:44",
    "event": "click"
  },
  {
    "category": "12",
    "app": "Chrome",
    "id": "84",
    "context": "Advertisement  ",
    "time": "2017/07/02 20:22:44",
    "event": "click"
  },
  {
    "category": "4",
    "app": "Chrome",
    "id": "85",
    "context": "[宜蘭景點]宜蘭養蜂人家蜂采館-夏日好去處，隱藏版親子餐廳 @ Tiss-寫意人生 :: 痞客邦 PIXNET ::",
    "time": "2017/07/02 20:22:45",
    "event": "slide"
  },
  {
    "category": "13",
    "app": "Chrome",
    "id": "86",
    "context": "中國信託商業銀行-定期定額薪主張養大財庫攻略",
    "time": "2017/07/02 20:22:46",
    "event": "slide"
  },
  {
    "category": "4",
    "app": "Chrome",
    "id": "87",
    "context": "[宜蘭景點推薦2017.6.9更新]一日遊、兩日遊行程景點推薦-免費親子景點，頭城景點、礁溪景點、羅東景點、員山景點、三星景點、蘇澳景點懶人包(持續新增) @ Tiss-寫意人生 :: 痞客邦 PIXNET :: tisshuang.tw/blog/post/455784635",
    "time": "2017/07/02 20:22:46",
    "event": "slide"
  },
  {
    "category": "4",
    "app": "Chrome",
    "id": "88",
    "context": "【宜蘭美食推薦2017.5.22更新】宜蘭必吃美食-宜蘭頭城、礁溪、羅東、員山、蘇澳美食推薦 @ Tiss-寫意人生 :: 痞客邦 PIXNET",
    "time": "2017/07/02 20:29:39",
    "event": "click"
  },
  {
    "category": "4",
    "app": "Chrome",
    "id": "89",
    "context": "【宜蘭美食推薦2017.5.22更新】宜蘭必吃美食-宜蘭頭城、礁溪、羅東、員山、蘇澳美食推薦 @ Tiss-寫意人生 :: 痞客邦 PIXNET :: ",
    "time": "2017/07/02 20:29:39",
    "event": "slide"
  },
  {
    "category": "4",
    "app": "Chrome",
    "id": "90",
    "context": "宜蘭必吃  ",
    "time": "2017/07/02 20:29:45",
    "event": "slide"
  },
  {
    "category": "4",
    "app": "Chrome",
    "id": "91",
    "context": "宜蘭伴手禮",
    "time": "2017/07/02 20:29:55",
    "event": "click"
  },
  {
    "category": "4",
    "app": "Chrome",
    "id": "92",
    "context": "宜蘭伴手禮  ",
    "time": "2017/07/02 20:29:55",
    "event": "slide"
  },
  {
    "category": "4",
    "app": "Chrome",
    "id": "93",
    "context": "【宜蘭礁溪人氣伴手禮、小吃】奕順軒、礁溪頂好蔥油餅- 奕順軒 ... - 七先生與艾小姐  ",
    "time": "2017/07/02 20:30:05",
    "event": "click"
  },
  {
    "category": "4",
    "app": "Chrome",
    "id": "94",
    "context": "【宜蘭礁溪人氣伴手禮、小吃】奕順軒、礁溪頂好蔥油餅 - 奕順軒三星蔥麵包太出色！必買！ ∣ 食記 宜蘭 礁溪 @ 七先生與艾小姐 :: 痞客邦 PIXNET :: ",
    "time": "2017/07/02 20:30:06",
    "event": "slide"
  },
  {
    "category": "5",
    "app": "Chrome",
    "id": "95",
    "context": "Close  ",
    "time": "2017/07/02 20:30:12",
    "event": "click"
  },
  {
    "category": "11",
    "app": "Chrome",
    "id": "96",
    "context": "Never translate Chinese (Traditional)  ",
    "time": "2017/07/02 20:30:13",
    "event": "click"
  },
  {
    "category": "4",
    "app": "Chrome",
    "id": "97",
    "context": "【宜蘭礁溪人氣伴手禮、小吃】奕順軒、礁溪頂好蔥油餅 - 奕順軒三星蔥麵包太出色！必買！ ∣ 食記 宜蘭 礁溪 @ 七先生與艾小姐 :: 痞客邦 PIXNET ::",
    "time": "2017/07/02 20:30:33",
    "event": "slide"
  }
]