[
  {
    "category": "1",
    "app": "Chrome",
    "id": "1",
    "context": "學英文",
    "time": "2017/05/25 11:36:19",
    "event": "type"
  },
  {
    "category": "1",
    "app": "Chrome",
    "id": "2",
    "context": "學英文",
    "time": "2017/05/25 11:36:19",
    "event": "click"
  },
  {
    "category": "1",
    "app": "Chrome",
    "id": "3",
    "context": "學英文",
    "time": "2017/05/25 11:36:19",
    "event": "slide"
  },
  {
    "category": "1",
    "app": "Chrome",
    "id": "4",
    "context": "看美劇學英文，一定要知道的四大技巧 - ETALKING 線上英語",
    "time": "2017/05/25 11:36:19",
    "event": "click"
  },
  {
    "category": "1",
    "app": "Chrome",
    "id": "5",
    "context": "看美劇學英文，一定要知道的四大技巧 - ETALKING 線上英語",
    "time": "2017/05/25 11:36:19",
    "event": "slide"
  },
  {
    "category": "1",
    "app": "Chrome",
    "id": "6",
    "context": "老師！我不會寫筆記！別擔心，今天推薦你用這些抄筆記法，背單字超實用 - VoiceTube 英文學習部落格：教你學英文的好方法",
    "time": "2017/05/25 11:37:00",
    "event": "click"
  },
  {
    "category": "1",
    "app": "Chrome",
    "id": "7",
    "context": "老師！我不會寫筆記！別擔心，今天推薦你用這些抄筆記法，背單字超實用 - VoiceTube 英文學習部落格：教你學英文的好方法",
    "time": "2017/05/25 11:37:00",
    "event": "slide"
  },
  {
    "category": "2",
    "app": "Chrome",
    "id": "8",
    "context": "台塑關係企業 招募職缺網",
    "time": "2017/05/25 11:39:01",
    "event": "type"
  },
  {
    "category": "2",
    "app": "Chrome",
    "id": "9",
    "context": "台塑關係企業 招募職缺網",
    "time": "2017/05/25 11:39:01",
    "event": "click"
  },
  {
    "category": "2",
    "app": "Chrome",
    "id": "10",
    "context": "台塑關係企業 招募職缺網",
    "time": "2017/05/25 11:39:01",
    "event": "slide"
  },
  {
    "category": "2",
    "app": "Chrome",
    "id": "11",
    "context": "台塑企業人才招募網 台塑企業招募職缺將不定期開放，竭誠的歡迎您加入台塑企業這個大家庭！",
    "time": "2017/05/25 11:39:20",
    "event": "click"
  },
  {
    "category": "2",
    "app": "Chrome",
    "id": "12",
    "context": "台塑企業人才招募網 台塑企業招募職缺將不定期開放，竭誠的歡迎您加入台塑企業這個大家庭！",
    "time": "2017/05/25 11:39:20",
    "event": "slide"
  },
  {
    "category": "2",
    "app": "Chrome",
    "id": "13",
    "context": "104人力銀行 招募職缺",
    "time": "2017/05/25 11:42:00",
    "event": "type"
  },
  {
    "category": "2",
    "app": "Chrome",
    "id": "14",
    "context": "104人力銀行 招募職缺",
    "time": "2017/05/25 11:42:00",
    "event": "click"
  },
  {
    "category": "2",
    "app": "Chrome",
    "id": "15",
    "context": "104人力銀行 招募職缺",
    "time": "2017/05/25 11:42:00",
    "event": "slide"
  },
  {
    "category": "2",
    "app": "Chrome",
    "id": "16",
    "context": "會員登入 - 104人力銀行 招募職缺",
    "time": "2017/05/25 11:42:00",
    "event": "click"
  },
  {
    "category": "2",
    "app": "Chrome",
    "id": "17",
    "context": "會員登入 - 104人力銀行 招募職缺 ",
    "time": "2017/05/25 11:42:00",
    "event": "slide"
  },
  {
    "category": "2",
    "app": "Chrome",
    "id": "18",
    "context": "104人力銀行 招募職缺 - 工作機會數領先",
    "time": "2017/05/25 11:42:17",
    "event": "slide"
  },
  {
    "category": "2",
    "app": "Chrome",
    "id": "19",
    "context": "大學生畢業找工作建議與職缺推薦 招募職缺 - 社會新鮮人專區 ",
    "time": "2017/05/25 11:42:49",
    "event": "click"
  },
  {
    "category": "2",
    "app": "Chrome",
    "id": "20",
    "context": "大學生畢業找工作建議與職缺推薦 招募職缺 - 社會新鮮人專區 ",
    "time": "2017/05/25 11:42:49",
    "event": "slide"
  },
  {
    "category": "2",
    "app": "Chrome",
    "id": "21",
    "context": "看過我的公司 - 104人力銀行 招募職缺 ",
    "time": "2017/05/25 11:43:33",
    "event": "click"
  },
  {
    "category": "2",
    "app": "Chrome",
    "id": "22",
    "context": "看過我的公司 - 104人力銀行 招募職缺 ",
    "time": "2017/05/25 11:43:33",
    "event": "slide"
  },
  {
    "category": "2",
    "app": "Chrome",
    "id": "23",
    "context": "配對工作 - 104人力銀行 招募職缺 ",
    "time": "2017/05/25 11:43:56",
    "event": "click"
  },
  {
    "category": "2",
    "app": "Chrome",
    "id": "24",
    "context": "配對工作 - 104人力銀行 招募職缺  ",
    "time": "2017/05/25 11:43:56",
    "event": "slide"
  },
  {
    "category": "3",
    "app": "Chrome",
    "id": "25",
    "context": "夾娃娃技巧",
    "time": "2017/05/25 11:50:51",
    "event": "type"
  },
  {
    "category": "3",
    "app": "Chrome",
    "id": "26",
    "context": "夾娃娃技巧",
    "time": "2017/05/25 11:50:51",
    "event": "click"
  },
  {
    "category": "3",
    "app": "Chrome",
    "id": "27",
    "context": "夾娃娃技巧",
    "time": "2017/05/25 11:50:51",
    "event": "slide"
  },
  {
    "category": "3",
    "app": "Chrome",
    "id": "28",
    "context": "高手親授：夾娃娃祕技，一試真的靈驗了 | 新唐人電視台(手機版) ",
    "time": "2017/05/25 11:51:28",
    "event": "click"
  },
  {
    "category": "3",
    "app": "Chrome",
    "id": "29",
    "context": "高手親授：夾娃娃祕技，一試真的靈驗了 | 新唐人電視台(手機版) ",
    "time": "2017/05/25 11:51:28",
    "event": "slide"
  },
  {
    "category": "3",
    "app": "Chrome",
    "id": "30",
    "context": "剪娃娃機技巧",
    "time": "2017/05/25 11:54:17",
    "event": "slide"
  },
  {
    "category": "4",
    "app": "Chrome",
    "id": "31",
    "context": "聯合新聞網",
    "time": "2017/05/25 11:54:42",
    "event": "type"
  },
  {
    "category": "4",
    "app": "Chrome",
    "id": "32",
    "context": "聯合新聞網",
    "time": "2017/05/25 11:54:45",
    "event": "click"
  },
  {
    "category": "4",
    "app": "Chrome",
    "id": "33",
    "context": "聯合新聞網",
    "time": "2017/05/25 11:54:46",
    "event": "slide"
  },
  {
    "category": "4",
    "app": "Chrome",
    "id": "34",
    "context": "聯合新聞網：觸動未來新識力",
    "time": "2017/05/25 11:54:50",
    "event": "click"
  },
  {
    "category": "4",
    "app": "Chrome",
    "id": "35",
    "context": "聯合新聞網：觸動未來新識力",
    "time": "2017/05/25 11:54:51",
    "event": "slide"
  },
  {
    "category": "5",
    "app": "Chrome",
    "id": "36",
    "context": "葉丙成／台灣，不該再漠視「人」的價值 台灣是個不尊重專業、也不重視人的價值的地方。在Google打上各行各業的名稱再加上「過勞」，你會看到一堆的文章跟報導：",
    "time": "2017/05/25 11:57:42",
    "event": "click"
  },
  {
    "category": "5",
    "app": "Chrome",
    "id": "37",
    "context": "葉丙成／台灣，不該再漠視「人」的價值 台灣是個不尊重專業、也不重視人的價值的地方。在Google打上各行各業的名稱再加上「過勞」，你會看到一堆的文章跟報導：",
    "time": "2017/05/25 11:57:42",
    "event": "slide"
  },
  {
    "category": "4",
    "app": "Chrome",
    "id": "38",
    "context": "聯合新聞網：觸動未來新識力 ",
    "time": "2017/05/25 11:58:56",
    "event": "slide"
  },
  {
    "category": "6",
    "app": "Chrome",
    "id": "39",
    "context": "陸生演講惹議 馬大留學生齊聲：以中國人為傲  陸生致詞惹議 馬大中國留學生楊舒平在全校畢業典禮的演講引起爭議，但馬大中國留學生、美國本土學生及當地華人理性看待；馬大中國留學生並於22日在校園發起「為中國自豪」(Proud of China)的集會，在尊重楊舒平表達權利的同時，也為馬大留學生「以中國人身分為傲」正名。",
    "time": "2017/05/25 11:59:17",
    "event": "click"
  },
  {
    "category": "6",
    "app": "Chrome",
    "id": "40",
    "context": "陸生演講惹議 馬大留學生齊聲：以中國人為傲  陸生致詞惹議 馬大中國留學生楊舒平在全校畢業典禮的演講引起爭議，但馬大中國留學生、美國本土學生及當地華人理性看待；馬大中國留學生並於22日在校園發起「為中國自豪」(Proud of China)的集會，在尊重楊舒平表達權利的同時，也為馬大留學生「以中國人身分為傲」正名。",
    "time": "2017/05/25 11:59:17",
    "event": "slide"
  },
  {
    "category": "6",
    "app": "Chrome",
    "id": "41",
    "context": "諷陸沒民主、空氣糟被同胞罵辱華 女留學生道歉 | 陸生致詞惹議 大陸一名在美國馬里蘭大學留學的女學生楊舒平（Shuping Yang），日前在畢業典禮致詞時讚揚，美國新鮮空氣令她感到無比自由，且欽佩人民有權在當地談論民主，暗諷大陸空氣品質惡劣、人民無法享受民主，此發言一出被陸網友罵翻，紛紛批她「諂媚美國」。",
    "time": "2017/05/25 12:01:27",
    "event": "click"
  },
  {
    "category": "6",
    "app": "Chrome",
    "id": "42",
    "context": "諷陸沒民主、空氣糟被同胞罵辱華 女留學生道歉 | 陸生致詞惹議 大陸一名在美國馬里蘭大學留學的女學生楊舒平（Shuping Yang），日前在畢業典禮致詞時讚揚，美國新鮮空氣令她感到無比自由，且欽佩人民有權在當地談論民主，暗諷大陸空氣品質惡劣、人民無法享受民主，此發言一出被陸網友罵翻，紛紛批她「諂媚美國」。",
    "time": "2017/05/25 12:01:27",
    "event": "slide"
  },
  {
    "category": "6",
    "app": "Chrome",
    "id": "43",
    "context": "陸留學生演講變調 言論自由空氣不敵民族主義口罩 | 陸生致詞惹議 一場美國大學畢業典禮，由一位來自中國的畢業生代表致詞，中國留學生本該與有榮焉；未料來自昆明的楊舒平彰顯並實踐「自由言論」的一篇坦白演講辭，卻讓這件喜事變了調。",
    "time": "2017/05/25 12:03:17",
    "event": "click"
  },
  {
    "category": "6",
    "app": "Chrome",
    "id": "44",
    "context": "陸留學生演講變調 言論自由空氣不敵民族主義口罩 | 陸生致詞惹議  一場美國大學畢業典禮，由一位來自中國的畢業生代表致詞，中國留學生本該與有榮焉；未料來自昆明的楊舒平彰顯並實踐「自由言論」的一篇坦白演講辭，卻讓這件喜事變了調。",
    "time": "2017/05/25 12:03:17",
    "event": "slide"
  },
  {
    "category": "7",
    "app": "Chrome",
    "id": "45",
    "context": "Run your way 全民奔向世大運 2017臺北世界大學運動會合作宣傳夥伴，將藉由擴大通路參與、整合企業及平臺宣傳優勢，並結合青年之創新能量及發展動能，發展整合行銷宣傳及議題活動，引介臺北魅力、提供青年國際展示舞台、擴大世大運整體宣傳、帶動實質消費，促進地方經濟之提升。",
    "time": "2017/05/25 12:05:47",
    "event": "click"
  },
  {
    "category": "7",
    "app": "Chrome",
    "id": "46",
    "context": "Run your way 全民奔向世大運 2017臺北世界大學運動會合作宣傳夥伴，將藉由擴大通路參與、整合企業及平臺宣傳優勢，並結合青年之創新能量及發展動能，發展整合行銷宣傳及議題活動，引介臺北魅力、提供青年國際展示舞台、擴大世大運整體宣傳、帶動實質消費，促進地方經濟之提升。",
    "time": "2017/05/25 12:05:47",
    "event": "slide"
  },
  {
    "category": "7",
    "app": "Chrome",
    "id": "47",
    "context": "Run your way【活動簡介】 | 2017臺北世大運 2017臺北世界大學運動會合作宣傳夥伴，將藉由擴大通路參與、整合企業及平臺宣傳優勢，並結合青年之創新能量及發展動能，發展整合行銷宣傳及議題活動，引介臺北魅力、提供青年國際展示舞台、擴大世大運整體宣傳、帶動實質消費，促進地方經濟之提升。",
    "time": "2017/05/25 12:06:07",
    "event": "click"
  },
  {
    "category": "7",
    "app": "Chrome",
    "id": "48",
    "context": "Run your way【活動簡介】 | 2017臺北世大運 2017臺北世界大學運動會合作宣傳夥伴，將藉由擴大通路參與、整合企業及平臺宣傳優勢，並結合青年之創新能量及發展動能，發展整合行銷宣傳及議題活動，引介臺北魅力、提供青年國際展示舞台、擴大世大運整體宣傳、帶動實質消費，促進地方經濟之提升。",
    "time": "2017/05/25 12:06:07",
    "event": "slide"
  },
  {
    "category": "8",
    "app": "Chrome",
    "id": "49",
    "context": "Facebook 登入 Facebook 即可開始和親朋好友及認識的人分享聯繫。",
    "time": "2017/05/25 12:06:16",
    "event": "slide"
  },
  {
    "category": "9",
    "app": "Chrome",
    "id": "50",
    "context": "米果：寫作的人，準備好去吃土了嗎？ 如果某篇文章在某網站發表過，那麼其他網站或紙媒要不就是象徵性支付幾百塊錢轉載費用，要不然就是要求免費轉載，理由不外乎「已經發表過」、「我們可以幫忙增加瀏覽數或曝光率」、「我們沒有預算」等等。但轉載文章的網站明明有賣廣告，印刷成紙本也供販售，不過這些廣告收入最終仍然會以「現階段還是慘淡經營、入不敷出」的理由作收，或是印刷成冊出售是為了推廣閱讀為理由，希望提供內容的寫作者要共體時艱。",
    "time": "2017/05/25 12:12:25",
    "event": "click"
  },
  {
    "category": "9",
    "app": "Chrome",
    "id": "51",
    "context": "米果：寫作的人，準備好去吃土了嗎？  如果某篇文章在某網站發表過，那麼其他網站或紙媒要不就是象徵性支付幾百塊錢轉載費用，要不然就是要求免費轉載，理由不外乎「已經發表過」、「我們可以幫忙增加瀏覽數或曝光率」、「我們沒有預算」等等。但轉載文章的網站明明有賣廣告，印刷成紙本也供販售，不過這些廣告收入最終仍然會以「現階段還是慘淡經營、入不敷出」的理由作收，或是印刷成冊出售是為了推廣閱讀為理由，希望提供內容的寫作者要共體時艱。",
    "time": "2017/05/25 12:12:25",
    "event": "slide"
  },
  {
    "category": "10",
    "app": "Chrome",
    "id": "52",
    "context": "4歲讓梨的孔融，長大後怎麼了？課本從來不敢講，「禮讓」神童對爸媽的真實心聲 小時候大家都背過三字經，裡面那句「融四歲，能讓梨」肯定人人朗朗上口，結果一個被神格化的幼兒，禍害千百年，成了佳話美談也罷，...",
    "time": "2017/05/25 12:15:21",
    "event": "click"
  },
  {
    "category": "10",
    "app": "Chrome",
    "id": "53",
    "context": "4歲讓梨的孔融，長大後怎麼了？課本從來不敢講，「禮讓」神童對爸媽的真實心聲  小時候大家都背過三字經，裡面那句「融四歲，能讓梨」肯定人人朗朗上口，結果一個被神格化的幼兒，禍害千百年，成了佳話美談也罷，...",
    "time": "2017/05/25 12:15:21",
    "event": "slide"
  },
  {
    "category": "11",
    "app": "Chrome",
    "id": "54",
    "context": "「孝順」二字到底害死多少台灣人？一名未婚女性的淚水，值得20年後的你我警惕… 「回來照顧老人家一個禮拜，你就會知道，什麼叫作人生……」一個人照顧尿失禁、鬧起脾氣來連飯都不願吃的年邁父親，究竟多讓人心力交瘁？一部短劇《媽媽不見了》...",
    "time": "2017/05/25 12:17:21",
    "event": "click"
  },
  {
    "category": "11",
    "app": "Chrome",
    "id": "55",
    "context": "「孝順」二字到底害死多少台灣人？一名未婚女性的淚水，值得20年後的你我警惕… 「回來照顧老人家一個禮拜，你就會知道，什麼叫作人生……」一個人照顧尿失禁、鬧起脾氣來連飯都不願吃的年邁父親，究竟多讓人心力交瘁？一部短劇《媽媽不見了》...",
    "time": "2017/05/25 12:17:21",
    "event": "slide"
  }
]