[
  {
    "category": "1",
    "app": "Chrome",
    "id": "1",
    "context": "台北 景點 捷運 ",
    "time": "2017/07/07 15:58:45",
    "event": "type"
  },
  {
    "category": "1",
    "app": "Chrome",
    "id": "2",
    "context": "台北 景點 捷運 - Google 搜尋 ",
    "time": "2017/07/07 15:58:45",
    "event": "click"
  },
  {
    "category": "1",
    "app": "Chrome",
    "id": "3",
    "context": "台北 景點 捷運 - Google 搜尋 ",
    "time": "2017/07/07 15:58:45",
    "event": "slide"
  },
  {
    "category": "1",
    "app": "Chrome",
    "id": "4",
    "context": "精選十條台北捷運路線~ 旅遊景點 - Xuite日誌 - 隨意窩 ",
    "time": "2017/07/07 15:58:50",
    "event": "click"
  },
  {
    "category": "1",
    "app": "Chrome",
    "id": "5",
    "context": "台北捷運一日遊行程規劃，精選十條台北捷運路線 ~ 旅遊景點、美食規劃、野餐郊遊全都包 @ bobowin旅行攝影生活 :: 隨意窩 Xuite日誌 ",
    "time": "2017/07/07 15:58:54",
    "event": "slide"
  },
  {
    "category": "1",
    "app": "Chrome",
    "id": "6",
    "context": "台北捷運一日遊行程規劃，精選十條台北捷運路線 ~ 旅遊景點、美食規劃、野餐郊遊全都包 @ bobowin旅行攝影生活 :: 隨意窩 Xuite日誌 ",
    "time": "2017/07/07 15:58:56",
    "event": "click"
  },
  {
    "category": "1",
    "app": "Chrome",
    "id": "7",
    "context": "台北捷運一日遊行程規劃，精選十條台北捷運路線 ~ 旅遊景點、美食規劃、野餐郊遊全都包 @ bobowin旅行攝影生活 :: 隨意窩 Xuite日誌 ",
    "time": "2017/07/07 15:58:56",
    "event": "slide"
  },
  {
    "category": "1",
    "app": "Chrome",
    "id": "8",
    "context": "[ 台北公館餐廳 ] 寶藏巖~尖蚪探索食堂 - 寶寶溫旅行親子生活 ",
    "time": "2017/07/07 15:59:24",
    "event": "click"
  },
  {
    "category": "1",
    "app": "Chrome",
    "id": "9",
    "context": "[ 台北公館餐廳 ] 寶藏巖~尖蚪探索食堂 - 寶寶溫旅行親子生活",
    "time": "2017/07/07 15:59:25",
    "event": "slide"
  },
  {
    "category": "1",
    "app": "Chrome",
    "id": "10",
    "context": "台北捷運一日遊行程規劃，精選十條台北捷運路線 ~ 旅遊景點、美食規劃、野餐郊遊全都包 @ bobowin旅行攝影生活 :: 隨意窩 Xuite日誌 ",
    "time": "2017/07/07 15:59:51",
    "event": "slide"
  },
  {
    "category": "1",
    "app": "Chrome",
    "id": "11",
    "context": "台北 景點 捷運 - Google 搜尋 ",
    "time": "2017/07/07 16:00:56",
    "event": "click"
  },
  {
    "category": "1",
    "app": "Chrome",
    "id": "12",
    "context": "台北 景點 捷運 - Google 搜尋 ",
    "time": "2017/07/07 16:00:57",
    "event": "slide"
  },
  {
    "category": "1",
    "app": "Chrome",
    "id": "13",
    "context": "台北一日遊行程安排規劃，捷運7條路線旅遊景點美食推薦！ - 小環妞 幸福足跡 ",
    "time": "2017/07/07 16:01:05",
    "event": "click"
  },
  {
    "category": "1",
    "app": "Chrome",
    "id": "14",
    "context": "台北一日遊行程安排規劃，捷運7條路線旅遊景點美食推薦！ - 小環妞 幸福足跡",
    "time": "2017/07/07 16:01:07",
    "event": "slide"
  },
  {
    "category": "1",
    "app": "Chrome",
    "id": "15",
    "context": "台北 景點 捷運 - Google 搜尋",
    "time": "2017/07/07 16:03:56",
    "event": "slide"
  },
  {
    "category": "1",
    "app": "Chrome",
    "id": "16",
    "context": "台北 景點 捷運 - Google 搜尋",
    "time": "2017/07/07 16:04:03",
    "event": "slide"
  },
  {
    "category": "1",
    "app": "Chrome",
    "id": "17",
    "context": "*台北東區餐廳推薦*Goodies Cuisine好米亞義法餐酒館~水果千層派x戰斧豬排,近仁愛圓環,內有菜單 @ 　莎莉哈小姐 :: 痞客邦 PIXNET :: ",
    "time": "2017/07/07 16:04:58",
    "event": "click"
  },
  {
    "category": "1",
    "app": "Chrome",
    "id": "18",
    "context": "*台北東區餐廳推薦*Goodies Cuisine好米亞義法餐酒館~水果千層派x戰斧豬排,近仁愛圓環,內有菜單 @ 　莎莉哈小姐 :: 痞客邦 PIXNET ::",
    "time": "2017/07/07 16:04:58",
    "event": "slide"
  },
  {
    "category": "1",
    "app": "Chrome",
    "id": "19",
    "context": "台北 景點 捷運 - Google 搜尋 ",
    "time": "2017/07/07 16:07:18",
    "event": "click"
  },
  {
    "category": "1",
    "app": "Chrome",
    "id": "20",
    "context": "台北 景點 捷運 - Google 搜尋 ",
    "time": "2017/07/07 16:07:18",
    "event": "slide"
  },
  {
    "category": "1",
    "app": "Chrome",
    "id": "21",
    "context": "台北 景點 捷運  ",
    "time": "2017/07/07 16:07:23",
    "event": "click"
  },
  {
    "category": "1",
    "app": "Chrome",
    "id": "22",
    "context": "台北 景點 捷運 - Google 搜尋",
    "time": "2017/07/07 16:07:24",
    "event": "slide"
  },
  {
    "category": "1",
    "app": "Chrome",
    "id": "23",
    "context": "台北 美食 2017",
    "time": "2017/07/07 16:07:31",
    "event": "type"
  },
  {
    "category": "1",
    "app": "Chrome",
    "id": "24",
    "context": "台北 美食 2017 - Google 搜尋 ",
    "time": "2017/07/07 16:07:32",
    "event": "click"
  },
  {
    "category": "1",
    "app": "Chrome",
    "id": "25",
    "context": "台北 美食 2017 - Google 搜尋",
    "time": "2017/07/07 16:07:32",
    "event": "slide"
  },
  {
    "category": "1",
    "app": "Chrome",
    "id": "26",
    "context": "台北 美食 2017 101 - Google 搜尋 ",
    "time": "2017/07/07 16:07:49",
    "event": "click"
  },
  {
    "category": "1",
    "app": "Chrome",
    "id": "27",
    "context": "台北 美食 2017 101 - Google 搜尋 ",
    "time": "2017/07/07 16:07:50",
    "event": "slide"
  },
  {
    "category": "1",
    "app": "Chrome",
    "id": "28",
    "context": "捷運信義線美食懶人包～台北101世貿站/東門站/信義安和站 ... - 阿一一之食意旅遊 ",
    "time": "2017/07/07 16:07:55",
    "event": "click"
  },
  {
    "category": "1",
    "app": "Chrome",
    "id": "29",
    "context": "捷運信義線美食懶人包～台北101世貿站/東門站/信義安和站/台北車站 美食旅遊一次包 - 阿一一之食意旅遊",
    "time": "2017/07/07 16:08:16",
    "event": "slide"
  },
  {
    "category": "1",
    "app": "Chrome",
    "id": "30",
    "context": "好丘貝果.南南四村.老屋餐廳.捷運台北101站美食.下午茶.信義特區page  ",
    "time": "2017/07/07 16:08:27",
    "event": "click"
  },
  {
    "category": "1",
    "app": "Chrome",
    "id": "31",
    "context": "捷運台北101站美食 玩笑亭拉麵/なんつっ亭 黑蒜香油拉麵～ATT4FUN新家，沾麵激推 - 阿一一之食意旅遊",
    "time": "2017/07/07 16:08:33",
    "event": "slide"
  },
  {
    "category": "1",
    "app": "Chrome",
    "id": "32",
    "context": "捷運台北101站美食 玩笑亭拉麵/なんつっ亭 黑蒜香油拉麵～ATT4FUN新家，沾麵激推 捷運台北101站美食 玩笑亭拉麵/なんつっ亭 黑蒜香油拉麵～ATT4FUN新家，沾麵激推 ",
    "time": "2017/07/07 16:09:09",
    "event": "click"
  },
  {
    "category": "1",
    "app": "Chrome",
    "id": "33",
    "context": "捷運信義線美食懶人包～台北101世貿站/東門站/信義安和站/台北車站 美食旅遊一次包 - 阿一一之食意旅遊",
    "time": "2017/07/07 16:09:10",
    "event": "slide"
  },
  {
    "category": "1",
    "app": "Chrome",
    "id": "34",
    "context": "Mini K 小韓坊 春川炒雞/韓式烤肉 捷運象山站美食 Neo19(含菜單)～Major K主修韓坊進攻信義/戶外空調韓式燒烤 - 阿一一之食意旅遊 ",
    "time": "2017/07/07 16:09:15",
    "event": "click"
  },
  {
    "category": "1",
    "app": "Chrome",
    "id": "35",
    "context": "Mini K 小韓坊 春川炒雞/韓式烤肉 捷運象山站美食 Neo19(含菜單)～Major K主修韓坊進攻信義/戶外空調韓式燒烤 - 阿一一之食意旅遊 ",
    "time": "2017/07/07 16:09:17",
    "event": "slide"
  },
  {
    "category": "1",
    "app": "Chrome",
    "id": "36",
    "context": "捷運台北101美食.韓式料理.春川炒雞.MiniK.小韓坊.韓式烤肉",
    "time": "2017/07/07 16:10:19",
    "event": "click"
  },
  {
    "category": "1",
    "app": "Chrome",
    "id": "37",
    "context": "Mini K 小韓坊 春川炒雞/韓式烤肉 捷運象山站美食 Neo19(含菜單)～Major K主修韓坊進攻信義/戶外空調韓式燒烤 - 阿一一之食意旅遊",
    "time": "2017/07/07 16:10:44",
    "event": "slide"
  },
  {
    "category": "1",
    "app": "Chrome",
    "id": "38",
    "context": "Mini K 小韓坊 春川炒雞/韓式烤肉 Neo19～主修韓坊戶外空調韓式燒烤 Mini K 小韓坊 春川炒雞/韓式烤肉 捷運象山站美食 Neo19(含菜單)～Major K主修韓坊進攻信義/戶外空調韓式燒烤 ",
    "time": "2017/07/07 16:11:15",
    "event": "click"
  },
  {
    "category": "1",
    "app": "Chrome",
    "id": "39",
    "context": "捷運信義線美食懶人包～台北101世貿站/東門站/信義安和站/台北車站 美食旅遊一次包 - 阿一一之食意旅遊 ",
    "time": "2017/07/07 16:11:15",
    "event": "slide"
  },
  {
    "category": "1",
    "app": "Chrome",
    "id": "40",
    "context": "幾米月亮公車 月亮忘記了 捷運台北101站信義區景點(新增夜景)～想看幾米不用去宜蘭 - 阿一一之食意旅遊 ",
    "time": "2017/07/07 16:11:32",
    "event": "click"
  },
  {
    "category": "1",
    "app": "Chrome",
    "id": "41",
    "context": "捷運信義線美食懶人包～台北101世貿站/東門站/信義安和站/台北車站 美食旅遊一次包 - 阿一一之食意旅遊 ",
    "time": "2017/07/07 16:12:00",
    "event": "slide"
  },
  {
    "category": "1",
    "app": "Chrome",
    "id": "42",
    "context": "幾米月亮公車 月亮忘記了 捷運台北101站信義區景點(新增夜景)～想看幾米不用去宜蘭 幾米月亮公車 月亮忘記了 捷運台北101站信義區景點(新增夜景)～想看幾米不用去宜蘭 ",
    "time": "2017/07/07 16:12:00",
    "event": "click"
  },
  {
    "category": "1",
    "app": "Chrome",
    "id": "43",
    "context": "捷運信義線美食懶人包～台北101世貿站/東門站/信義安和站/台北車站 美食旅遊一次包 - 阿一一之食意旅遊",
    "time": "2017/07/07 16:12:01",
    "event": "slide"
  },
  {
    "category": "1",
    "app": "Chrome",
    "id": "44",
    "context": "台北車站 胡椒廚房Pepper Lunch鐵板料理～滋滋作響好玩好好吃 - 阿一一之食意旅遊 ",
    "time": "2017/07/07 16:12:46",
    "event": "click"
  },
  {
    "category": "1",
    "app": "Chrome",
    "id": "45",
    "context": "台北車站 胡椒廚房Pepper Lunch鐵板料理～滋滋作響好玩好好吃 - 阿一一之食意旅遊",
    "time": "2017/07/07 16:13:09",
    "event": "slide"
  },
  {
    "category": "1",
    "app": "Chrome",
    "id": "46",
    "context": "台北車站 胡椒廚房Pepper Lunch鐵板料理～滋滋作響好玩好好吃 台北車站 胡椒廚房Pepper Lunch鐵板料理～滋滋作響好玩好好吃 ",
    "time": "2017/07/07 16:13:16",
    "event": "click"
  },
  {
    "category": "1",
    "app": "Chrome",
    "id": "47",
    "context": "捷運信義線美食懶人包～台北101世貿站/東門站/信義安和站/台北車站 美食旅遊一次包 - 阿一一之食意旅遊",
    "time": "2017/07/07 16:13:16",
    "event": "slide"
  },
  {
    "category": "1",
    "app": "Chrome",
    "id": "48",
    "context": "台北 天吉屋日本天丼專門店(京站店)～不用飛日本也能享新宿天丼 - 阿一一之食意旅遊 ",
    "time": "2017/07/07 16:13:24",
    "event": "click"
  },
  {
    "category": "1",
    "app": "Chrome",
    "id": "49",
    "context": "台北 天吉屋日本天丼專門店(京站店)～不用飛日本也能享新宿天丼 - 阿一一之食意旅遊",
    "time": "2017/07/07 16:13:51",
    "event": "slide"
  },
  {
    "category": "1",
    "app": "Chrome",
    "id": "50",
    "context": "[廣宣]台北中正 TEN屋(台北車站店)～熱氣蒸騰桌邊服務好吃燒 - 阿一一之食意旅遊 ",
    "time": "2017/07/07 16:16:08",
    "event": "click"
  },
  {
    "category": "1",
    "app": "Chrome",
    "id": "51",
    "context": "[廣宣]台北中正 TEN屋(台北車站店)～熱氣蒸騰桌邊服務好吃燒 - 阿一一之食意旅遊",
    "time": "2017/07/07 16:16:58",
    "event": "slide"
  },
  {
    "category": "1",
    "app": "Chrome",
    "id": "52",
    "context": "台北 TEN屋(台北車站店)～熱氣蒸騰桌邊服務好吃燒 ",
    "time": "2017/07/07 16:18:05",
    "event": "click"
  },
  {
    "category": "1",
    "app": "Chrome",
    "id": "53",
    "context": "[廣宣]台北中正 TEN屋(台北車站店)～熱氣蒸騰桌邊服務好吃燒 ",
    "time": "2017/07/07 16:18:06",
    "event": "slide"
  },
  {
    "category": "1",
    "app": "Chrome",
    "id": "54",
    "context": "京站 杜蘭朵餐廳～美味義大利麵及單點級附餐甜點  ",
    "time": "2017/07/07 16:18:11",
    "event": "click"
  },
  {
    "category": "1",
    "app": "Chrome",
    "id": "55",
    "context": "台北京站 杜蘭朵餐廳～美味義大利麵及單點級附餐甜點 - 阿一一之食意旅遊 ",
    "time": "2017/07/07 16:18:15",
    "event": "slide"
  },
  {
    "category": "1",
    "app": "Chrome",
    "id": "56",
    "context": "台北 天吉屋日本天丼專門店(京站店)～不用飛日本也能享新宿天丼 台北 天吉屋日本天丼專門店(京站店)～不用飛日本也能享新宿天丼 ",
    "time": "2017/07/07 16:18:18",
    "event": "click"
  },
  {
    "category": "1",
    "app": "Chrome",
    "id": "57",
    "context": "台北 天吉屋日本天丼專門店(京站店)～不用飛日本也能享新宿天丼 - 阿一一之食意旅遊 ",
    "time": "2017/07/07 16:18:18",
    "event": "slide"
  },
  {
    "category": "1",
    "app": "Chrome",
    "id": "58",
    "context": "捷運信義線美食懶人包～台北101世貿站/東門站/信義安和站/台北車站 美食旅遊一次包 - 阿一一之食意旅遊",
    "time": "2017/07/07 16:18:19",
    "event": "slide"
  },
  {
    "category": "1",
    "app": "Chrome",
    "id": "59",
    "context": "台北 美食 2017 101 ",
    "time": "2017/07/07 16:18:23",
    "event": "type"
  },
  {
    "category": "1",
    "app": "Chrome",
    "id": "60",
    "context": "台北 美食 2017 101 - Google 搜尋 ",
    "time": "2017/07/07 16:18:23",
    "event": "click"
  },
  {
    "category": "1",
    "app": "Chrome",
    "id": "61",
    "context": "台北 美食 2017 101 - Google 搜尋",
    "time": "2017/07/07 16:18:24",
    "event": "slide"
  },
  {
    "category": "1",
    "app": "Chrome",
    "id": "62",
    "context": "台北 美食 2017 101 台北國際，惟一",
    "time": "2017/07/07 16:18:39",
    "event": "type"
  },
  {
    "category": "1",
    "app": "Chrome",
    "id": "63",
    "context": "台北 美食 2017 台北國際，惟一 - Google 搜尋 ",
    "time": "2017/07/07 16:18:40",
    "event": "click"
  },
  {
    "category": "1",
    "app": "Chrome",
    "id": "64",
    "context": "台北 美食 2017 台北國際，惟一 - Google 搜尋",
    "time": "2017/07/07 16:18:40",
    "event": "slide"
  },
  {
    "category": "1",
    "app": "Chrome",
    "id": "65",
    "context": "台北 美食 2017 台北國際，惟一 ",
    "time": "2017/07/07 16:18:41",
    "event": "click"
  },
  {
    "category": "1",
    "app": "Chrome",
    "id": "66",
    "context": "台北 美食 2017 台北國際，惟一 - Google 搜尋",
    "time": "2017/07/07 16:18:42",
    "event": "slide"
  },
  {
    "category": "1",
    "app": "Chrome",
    "id": "67",
    "context": "台北 美食 2017 ticc",
    "time": "2017/07/07 16:18:49",
    "event": "type"
  },
  {
    "category": "1",
    "app": "Chrome",
    "id": "68",
    "context": "台北 美食 2017 ticc - Google 搜尋 ",
    "time": "2017/07/07 16:18:49",
    "event": "click"
  },
  {
    "category": "1",
    "app": "Chrome",
    "id": "69",
    "context": "台北 美食 2017 ticc - Google 搜尋",
    "time": "2017/07/07 16:18:49",
    "event": "slide"
  },
  {
    "category": "1",
    "app": "Chrome",
    "id": "70",
    "context": "『台北信義區』 捷運101世貿站美食-創意珍奶甜心口味披薩『TINO's Pizza Cafe ... ",
    "time": "2017/07/07 16:18:56",
    "event": "click"
  },
  {
    "category": "1",
    "app": "Chrome",
    "id": "71",
    "context": "『台北信義區』 捷運101世貿站美食-創意珍奶甜心口味披薩『TINO's Pizza Cafe 遇見堤諾（莊敬店）』 @ Mika-咪卡出走美食日誌 :: 痞客邦 PIXNET :: ",
    "time": "2017/07/07 16:19:18",
    "event": "slide"
  },
  {
    "category": "1",
    "app": "Chrome",
    "id": "72",
    "context": "台北 美食 2017 ticc - Google 搜尋 ",
    "time": "2017/07/07 16:19:53",
    "event": "click"
  },
  {
    "category": "1",
    "app": "Chrome",
    "id": "73",
    "context": "台北 美食 2017 ticc - Google 搜尋 ",
    "time": "2017/07/07 16:19:53",
    "event": "slide"
  },
  {
    "category": "1",
    "app": "Chrome",
    "id": "74",
    "context": "台北 美食 2017 台北國際，惟一 ",
    "time": "2017/07/07 16:19:56",
    "event": "type"
  },
  {
    "category": "1",
    "app": "Chrome",
    "id": "75",
    "context": "台北 美食 2017 台北國際，惟一 - Google 搜尋 ",
    "time": "2017/07/07 16:19:56",
    "event": "click"
  },
  {
    "category": "1",
    "app": "Chrome",
    "id": "76",
    "context": "台北 美食 2017 台北國際，惟一 - Google 搜尋",
    "time": "2017/07/07 16:19:56",
    "event": "slide"
  },
  {
    "category": "1",
    "app": "Chrome",
    "id": "77",
    "context": "台北 美食 2017 101",
    "time": "2017/07/07 16:19:57",
    "event": "type"
  },
  {
    "category": "1",
    "app": "Chrome",
    "id": "78",
    "context": "台北 美食 2017 101 - Google 搜尋 ",
    "time": "2017/07/07 16:19:57",
    "event": "click"
  },
  {
    "category": "1",
    "app": "Chrome",
    "id": "79",
    "context": "台北 美食 2017 101 - Google 搜尋 ",
    "time": "2017/07/07 16:19:57",
    "event": "slide"
  },
  {
    "category": "1",
    "app": "Chrome",
    "id": "80",
    "context": "台北信義市政府美食必吃餐廳懶人包! | 陳小沁の吃喝玩樂 ",
    "time": "2017/07/07 16:20:00",
    "event": "click"
  },
  {
    "category": "1",
    "app": "Chrome",
    "id": "81",
    "context": "台北信義市政府美食必吃餐廳懶人包! | 陳小沁の吃喝玩樂 ",
    "time": "2017/07/07 16:20:03",
    "event": "slide"
  },
  {
    "category": "1",
    "app": "Chrome",
    "id": "82",
    "context": "《市政府》邁泉豬排 號稱全東京最好吃的豬排? | 陳小沁の吃喝玩樂 ",
    "time": "2017/07/07 16:21:05",
    "event": "click"
  },
  {
    "category": "1",
    "app": "Chrome",
    "id": "83",
    "context": "《市政府》邁泉豬排 號稱全東京最好吃的豬排? | 陳小沁の吃喝玩樂 ",
    "time": "2017/07/07 16:21:05",
    "event": "slide"
  },
  {
    "category": "1",
    "app": "Chrome",
    "id": "84",
    "context": "台北信義市政府美食必吃餐廳懶人包! | 陳小沁の吃喝玩樂 ",
    "time": "2017/07/07 16:22:37",
    "event": "click"
  },
  {
    "category": "1",
    "app": "Chrome",
    "id": "85",
    "context": "台北信義市政府美食必吃餐廳懶人包! | 陳小沁の吃喝玩樂",
    "time": "2017/07/07 16:22:39",
    "event": "slide"
  },
  {
    "category": "1",
    "app": "Chrome",
    "id": "86",
    "context": "《信義》Texas Roadhouse德州客棧牛排館 松高店 | 陳小沁の吃喝玩樂 ",
    "time": "2017/07/07 16:23:54",
    "event": "click"
  },
  {
    "category": "1",
    "app": "Chrome",
    "id": "87",
    "context": "《信義》Texas Roadhouse德州客棧牛排館 松高店 | 陳小沁の吃喝玩樂 ",
    "time": "2017/07/07 16:23:54",
    "event": "slide"
  },
  {
    "category": "1",
    "app": "Chrome",
    "id": "88",
    "context": "Texas Roadhouse德州客棧牛排館 松高店 ",
    "time": "2017/07/07 16:25:23",
    "event": "click"
  },
  {
    "category": "1",
    "app": "Chrome",
    "id": "89",
    "context": "台北信義市政府美食必吃餐廳懶人包! | 陳小沁の吃喝玩樂 ",
    "time": "2017/07/07 16:25:24",
    "event": "slide"
  },
  {
    "category": "1",
    "app": "Chrome",
    "id": "90",
    "context": "《信義》勞瑞斯牛肋排餐廳 – 令人讚不絕口的精緻服務! | 陳小沁の吃喝玩樂 ",
    "time": "2017/07/07 16:25:30",
    "event": "click"
  },
  {
    "category": "1",
    "app": "Chrome",
    "id": "91",
    "context": "《信義》勞瑞斯牛肋排餐廳 – 令人讚不絕口的精緻服務! | 陳小沁の吃喝玩樂 ",
    "time": "2017/07/07 16:25:30",
    "event": "slide"
  },
  {
    "category": "1",
    "app": "Chrome",
    "id": "92",
    "context": "勞瑞斯牛肋排餐廳 – 令人讚不絕口的精緻服務! ",
    "time": "2017/07/07 16:26:03",
    "event": "click"
  },
  {
    "category": "1",
    "app": "Chrome",
    "id": "93",
    "context": "台北信義市政府美食必吃餐廳懶人包! | 陳小沁の吃喝玩樂 ",
    "time": "2017/07/07 16:26:04",
    "event": "slide"
  },
  {
    "category": "1",
    "app": "Chrome",
    "id": "94",
    "context": "《市政府》KIKI餐廳 信義誠品美食 川菜口水雞好吃! | 陳小沁の吃喝玩樂 ",
    "time": "2017/07/07 16:26:34",
    "event": "click"
  },
  {
    "category": "1",
    "app": "Chrome",
    "id": "95",
    "context": "《市政府》KIKI餐廳 信義誠品美食 川菜口水雞好吃! | 陳小沁の吃喝玩樂",
    "time": "2017/07/07 16:26:34",
    "event": "slide"
  },
  {
    "category": "1",
    "app": "Chrome",
    "id": "96",
    "context": "KIKI餐廳 信義誠品美食 川菜口水雞好吃! ",
    "time": "2017/07/07 16:28:00",
    "event": "click"
  },
  {
    "category": "1",
    "app": "Chrome",
    "id": "97",
    "context": "台北信義市政府美食必吃餐廳懶人包! | 陳小沁の吃喝玩樂",
    "time": "2017/07/07 16:28:00",
    "event": "slide"
  },
  {
    "category": "1",
    "app": "Chrome",
    "id": "98",
    "context": "《信義》宋廚菜館 正宗北平烤鴨，台北烤鴨美食! | 陳小沁の吃喝玩樂 ",
    "time": "2017/07/07 16:28:07",
    "event": "click"
  },
  {
    "category": "1",
    "app": "Chrome",
    "id": "99",
    "context": "《信義》宋廚菜館 正宗北平烤鴨，台北烤鴨美食! | 陳小沁の吃喝玩樂",
    "time": "2017/07/07 16:28:08",
    "event": "slide"
  },
  {
    "category": "1",
    "app": "Chrome",
    "id": "100",
    "context": "台北信義市政府美食必吃餐廳懶人包! | 陳小沁の吃喝玩樂 ",
    "time": "2017/07/07 16:29:55",
    "event": "click"
  },
  {
    "category": "1",
    "app": "Chrome",
    "id": "101",
    "context": "台北信義市政府美食必吃餐廳懶人包! | 陳小沁の吃喝玩樂 h",
    "time": "2017/07/07 16:29:55",
    "event": "slide"
  },
  {
    "category": "1",
    "app": "Chrome",
    "id": "102",
    "context": "台北 美食 2017 101 - Google 搜尋 ",
    "time": "2017/07/07 16:29:57",
    "event": "click"
  },
  {
    "category": "1",
    "app": "Chrome",
    "id": "103",
    "context": "台北 美食 2017 101 - Google 搜尋 ",
    "time": "2017/07/07 16:29:57",
    "event": "slide"
  },
  {
    "category": "1",
    "app": "Chrome",
    "id": "104",
    "context": "捷運信義線美食懶人包～台北101世貿站/東門站/信義安和站 ... - 阿一一之食意旅遊 ",
    "time": "2017/07/07 16:29:58",
    "event": "click"
  },
  {
    "category": "1",
    "app": "Chrome",
    "id": "105",
    "context": "捷運信義線美食懶人包～台北101世貿站/東門站/信義安和站/台北車站 美食旅遊一次包 - 阿一一之食意旅遊",
    "time": "2017/07/07 16:30:00",
    "event": "slide"
  },
  {
    "category": "1",
    "app": "Chrome",
    "id": "106",
    "context": "台北 美食 2017 101 - Google 搜尋 ",
    "time": "2017/07/07 16:30:01",
    "event": "click"
  },
  {
    "category": "1",
    "app": "Chrome",
    "id": "107",
    "context": "台北 美食 2017 101 - Google 搜尋 ",
    "time": "2017/07/07 16:30:01",
    "event": "slide"
  },
  {
    "category": "1",
    "app": "Chrome",
    "id": "108",
    "context": "台北 美食 2017 - Google 搜尋 ",
    "time": "2017/07/07 16:30:03",
    "event": "click"
  },
  {
    "category": "1",
    "app": "Chrome",
    "id": "109",
    "context": "台北 美食 2017 - Google 搜尋",
    "time": "2017/07/07 16:30:03",
    "event": "slide"
  },
  {
    "category": "1",
    "app": "Chrome",
    "id": "110",
    "context": "【台北超過100間美食餐廳推薦總整理】必吃美食/景觀餐廳/午茶懶人包2017.06.23 ... ",
    "time": "2017/07/07 16:30:08",
    "event": "click"
  },
  {
    "category": "1",
    "app": "Chrome",
    "id": "111",
    "context": "【台北超過100間美食餐廳推薦總整理】必吃美食/景觀餐廳/午茶懶人包 2017.06.23更新 - Livia's Wonderland薇笑樂園 ",
    "time": "2017/07/07 16:30:13",
    "event": "slide"
  },
  {
    "category": "1",
    "app": "Chrome",
    "id": "112",
    "context": "台北 美食 2017 - Google 搜尋 ",
    "time": "2017/07/07 16:30:29",
    "event": "click"
  },
  {
    "category": "1",
    "app": "Chrome",
    "id": "113",
    "context": "台北 美食 2017 - Google 搜尋",
    "time": "2017/07/07 16:30:30",
    "event": "slide"
  },
  {
    "category": "1",
    "app": "Chrome",
    "id": "114",
    "context": "【台北超過100間美食餐廳推薦總整理】必吃美食/景觀餐廳/午茶懶人包2017.06.23 ... ",
    "time": "2017/07/07 16:30:38",
    "event": "click"
  },
  {
    "category": "1",
    "app": "Chrome",
    "id": "115",
    "context": "【台北超過100間美食餐廳推薦總整理】必吃美食/景觀餐廳/午茶懶人包 2017.07.07更新 - Livia's Wonderland薇笑樂園",
    "time": "2017/07/07 16:30:39",
    "event": "slide"
  },
  {
    "category": "1",
    "app": "Chrome",
    "id": "116",
    "context": "台北 美食 2017 - Google 搜尋 ",
    "time": "2017/07/07 16:30:43",
    "event": "click"
  },
  {
    "category": "1",
    "app": "Chrome",
    "id": "117",
    "context": "台北 美食 2017 - Google 搜尋 ",
    "time": "2017/07/07 16:30:44",
    "event": "slide"
  },
  {
    "category": "1",
    "app": "Chrome",
    "id": "118",
    "context": "台北推薦好吃美食小吃、餐廳、旅遊景點-懶人包@ 布咕布咕美食小天地～＊ :: 痞 ... ",
    "time": "2017/07/07 16:30:48",
    "event": "click"
  },
  {
    "category": "1",
    "app": "Chrome",
    "id": "119",
    "context": "台北推薦好吃美食小吃、餐廳、旅遊景點-懶人包 @ 布咕布咕美食小天地～＊ :: 痞客邦 PIXNET ::",
    "time": "2017/07/07 16:30:51",
    "event": "slide"
  },
  {
    "category": "1",
    "app": "Chrome",
    "id": "120",
    "context": "【台北美食】劉震川日韓大食館-獨創超大份量韓式火烤二吃 @ 布咕布咕美食小天地～＊ :: 痞客邦 PIXNET :: ",
    "time": "2017/07/07 16:31:22",
    "event": "click"
  },
  {
    "category": "1",
    "app": "Chrome",
    "id": "121",
    "context": "【台北美食】劉震川日韓大食館-獨創超大份量韓式火烤二吃 @ 布咕布咕美食小天地～＊ :: 痞客邦 PIXNET ::",
    "time": "2017/07/07 16:31:23",
    "event": "slide"
  },
  {
    "category": "1",
    "app": "Chrome",
    "id": "122",
    "context": "【台北美食】劉震川日韓大食館-獨創超大份量韓式火烤二吃 ",
    "time": "2017/07/07 16:31:59",
    "event": "click"
  },
  {
    "category": "1",
    "app": "Chrome",
    "id": "123",
    "context": "【台北美食】劉震川日韓大食館-獨創超大份量韓式火烤二吃 @ 布咕布咕美食小天地～＊ :: 痞客邦 PIXNET ::",
    "time": "2017/07/07 16:31:59",
    "event": "slide"
  },
  {
    "category": "1",
    "app": "Chrome",
    "id": "124",
    "context": "【台北美食】劉震川日韓大食館-獨創超大份量韓式火烤二吃 - 【台北美食】劉震川日韓大食館-獨創超大份量韓式火烤二吃 @ 布咕布咕美食回憶錄～＊ :: 痞客邦 PIXNET :: ",
    "time": "2017/07/07 16:32:00",
    "event": "click"
  },
  {
    "category": "1",
    "app": "Chrome",
    "id": "125",
    "context": "【台北美食】劉震川日韓大食館-獨創超大份量韓式火烤二吃 - 【台北美食】劉震川日韓大食館-獨創超大份量韓式火烤二吃 @ 布咕布咕美食回憶錄～＊ :: 痞客邦 PIXNET :: ",
    "time": "2017/07/07 16:32:00",
    "event": "slide"
  },
  {
    "category": "1",
    "app": "Chrome",
    "id": "126",
    "context": "【台北美食】劉震川日韓大食館-獨創超大份量韓式火烤二吃 @ 布咕布咕美食小天地～＊ :: 痞客邦 PIXNET :: ",
    "time": "2017/07/07 16:32:03",
    "event": "click"
  },
  {
    "category": "1",
    "app": "Chrome",
    "id": "127",
    "context": "【台北美食】劉震川日韓大食館-獨創超大份量韓式火烤二吃 @ 布咕布咕美食小天地～＊ :: 痞客邦 PIXNET :: ",
    "time": "2017/07/07 16:32:16",
    "event": "slide"
  },
  {
    "category": "1",
    "app": "Chrome",
    "id": "128",
    "context": "台北推薦好吃美食小吃、餐廳、旅遊景點-懶人包 @ 布咕布咕美食小天地～＊ :: 痞客邦 PIXNET :: ",
    "time": "2017/07/07 16:32:49",
    "event": "slide"
  },
  {
    "category": "1",
    "app": "Chrome",
    "id": "129",
    "context": "【台北美食】劉震川日韓大食館-獨創超大份量韓式火烤二吃  【台北美食】劉震川日韓大食館-獨創超大份量韓式火烤二吃",
    "time": "2017/07/07 16:32:49",
    "event": "click"
  },
  {
    "category": "1",
    "app": "Chrome",
    "id": "130",
    "context": "【台北美食】劉震川日韓大食館-獨創超大份量韓式火烤二吃 - 【台北美食】劉震川日韓大食館-獨創超大份量韓式火烤二吃 @ 布咕布咕美食回憶錄～＊ :: 痞客邦 PIXNET ::",
    "time": "2017/07/07 16:32:49",
    "event": "slide"
  },
  {
    "category": "1",
    "app": "Chrome",
    "id": "131",
    "context": "台北 美食 2017 - Google 搜尋 ",
    "time": "2017/07/07 16:32:57",
    "event": "click"
  },
  {
    "category": "1",
    "app": "Chrome",
    "id": "132",
    "context": "台北 美食 2017 - Google 搜尋 ",
    "time": "2017/07/07 16:32:57",
    "event": "slide"
  },
  {
    "category": "1",
    "app": "Chrome",
    "id": "133",
    "context": "台北 景點 捷運 - Google 搜尋 ",
    "time": "2017/07/07 16:33:02",
    "event": "click"
  },
  {
    "category": "1",
    "app": "Chrome",
    "id": "134",
    "context": "台北 景點 捷運 - Google 搜尋 ",
    "time": "2017/07/07 16:33:02",
    "event": "slide"
  }
]