[
  {
    "category": "1",
    "app": "Dcard",
    "id": "1",
    "context": "筆電  ",
    "time": "2017/07/07 15:59:42",
    "event": "type"
  },
  {
    "category": "1",
    "app": "Dcard",
    "id": "2",
    "context": "#問 #筆電 #Asus 筆電推薦 最近覺得舊電腦快壞掉了，而且又很重 要一直帶上帶下，所以想說換一台電腦，需求：1.輕（1.6kg以下），2.希望是ASUS的，3.平常只是一般的文書處理偶爾看影片，預算大約20000-25000，因為覺得需要用蠻久的所以不想買太低階的  ",
    "time": "2017/07/07 16:00:16",
    "event": "click"
  },
  {
    "category": "1",
    "app": "Dcard",
    "id": "3",
    "context": "#問 #筆電 #Asus 筆電推薦 最近覺得舊電腦快壞掉了 而且又很重 要一直帶上帶下 所以想說換一台電腦  需求： 1.輕（1.6kg以下） 2.希望是ASUS的 3.平常只是一般的文書處理偶爾看影片  預算大約20000-25000 因為覺得需要用蠻久的所以不想買太低階的  上網找了一些資料 目前的目標有這些 UX305CA K401UB UX360CA UX330CA  想問問大家對於上面四台的評價 或是有無推薦的 謝謝了 ",
    "time": "2017/07/07 16:00:19",
    "event": "slide"
  },
  {
    "category": "1",
    "app": "Dcard",
    "id": "4",
    "context": "#問 賣筆電  有點衝動買了一台筆電，發現其實沒有必要用到這麼高的規格（被洗腦），想轉售 有推薦的地方嗎 以及大約可以賣多少..，有加裝128g ssd 拆dvd機，還有多買4g ram、螢幕保護貼，約30000購入 希望不要虧太多  ",
    "time": "2017/07/07 16:00:43",
    "event": "click"
  },
  {
    "category": "1",
    "app": "Dcard",
    "id": "5",
    "context": "#問 賣筆電 有點衝動買了一台筆電 發現其實沒有必要用到這麼高的規格（被洗腦） 想轉售 有推薦的地方嗎 以及大約可以賣多少.. 有加裝128g ssd 拆dvd機 還有多買4g ram、螢幕保護貼 約30000購入 希望不要虧太多 在北部? ",
    "time": "2017/07/07 16:00:46",
    "event": "slide"
  },
  {
    "category": "1",
    "app": "Dcard",
    "id": "6",
    "context": "#筆電 一直很想購入筆電 但是看超久 很猶豫到底要不要花大錢買Macbook （爬文是說很好用 一用就回不去了 ）（要買的話推哪一台啊？），還是買最近台灣大哥大有優惠的，ASUS Zenbook UX410UQ （這台自己爬文是看到滿多人說性能不錯的 但是我個人是比較不喜歡他的外觀 那紋路真的很像鍋蓋 但如果真的很好用我就還是會考慮）",
    "time": "2017/07/07 16:01:21",
    "event": "click"
  },
  {
    "category": "1",
    "app": "Dcard",
    "id": "7",
    "context": "#筆電 一直很想購入筆電 但是看超久 很猶豫到底要不要花大錢買Macbook （爬文是說很好用 一用就回不去了 ）（要買的話推哪一台啊？） 還是買最近台灣大哥大有優惠的 ASUS Zenbook UX410UQ （這台自己爬文是看到滿多人說性能不錯的 但是我個人是比較不喜歡他的外觀 那紋路真的很像鍋蓋 但如果真的很好用我就還是會考慮） 這台有人用過嗎？到底好不好用啊？  還是有推哪一台嗎？還是那個品牌嗎？ 嗯我是學生 想用來做報告 平常看看劇 其實沒有很大需求  所以一直很猶豫要不要花重金？ 買電腦有需要注意些什麼嗎？ ",
    "time": "2017/07/07 16:01:34",
    "event": "slide"
  },
  {
    "category": "1",
    "app": "Dcard",
    "id": "8",
    "context": "筆電選擇 想請問各位學長姊，如果未來因為課程需求會用到Adobe Illustrator或是會使用3D繪圖軟體，筆電的效能大概要多少？謝謝  ",
    "time": "2017/07/07 16:02:05",
    "event": "click"
  },
  {
    "category": "1",
    "app": "Dcard",
    "id": "9",
    "context": "筆電選擇 想請問各位學長姊，如果未來因為課程需求會用到Adobe Illustrator或是會使用3D繪圖軟體，筆電的效能大概要多少？謝謝? ",
    "time": "2017/07/07 16:02:06",
    "event": "slide"
  },
  {
    "category": "1",
    "app": "Dcard",
    "id": "10",
    "context": "#問 適合的筆電 最近想找一台適合我需求的筆電，我找到了兩台覺得不錯的筆電，但不確定跟我需求有沒有合適，就是這兩台，先不論價錢的部分，以我需求的部分來看的話，因為看不懂內建等等之類的數據，所以請幫我鑑定這兩台哪個適合我的需求 ",
    "time": "2017/07/07 16:02:10",
    "event": "click"
  },
  {
    "category": "1",
    "app": "Dcard",
    "id": "11",
    "context": "#問 適合的筆電 最近想找一台適合我需求的筆電 我找到了兩台覺得不錯的筆電 但不確定跟我需求有沒有合適 就是這兩台，先不論價錢的部分 以我需求的部分來看的話， 因為看不懂內建等等之類的數據， 所以請幫我鑑定這兩台哪個適合我的需求 我的需求： 1.我會使用剪輯影片（威力）、音樂（goldwave) 2.我使用相片編輯、製作海報、節目單等 3.速度要快 4.會聽音樂、看影片，所以音質、畫質要好 5.電腦容量要大  麻煩專業的大大們幫我鑑定了～謝謝！ ",
    "time": "2017/07/07 16:02:13",
    "event": "slide"
  },
  {
    "category": "1",
    "app": "Dcard",
    "id": "12",
    "context": "#筆電 選購問題  最近想要換新筆電，預算在25k內可以小爆一點，平常會 打報告 看youtube  玩點線上遊戲，目前是看到這兩台設備好像都差不多，請問哪個品牌會比較好呢？小弟是電腦白痴如果各位高手有推薦其他的筆電也可以推薦我 感謝各位大大！",
    "time": "2017/07/07 16:02:28",
    "event": "click"
  },
  {
    "category": "1",
    "app": "Dcard",
    "id": "13",
    "context": "#筆電 選購問題 最近想要換新筆電 預算在25k內可以小爆一點 平常會 打報告 看youtube  玩點線上遊戲 目前是看到這兩台設備好像都差不多  請問哪個品牌會比較好呢? 小弟是電腦白痴如果各位高手有推薦其他的筆電也可以推薦我 感謝各位大大! ",
    "time": "2017/07/07 16:02:30",
    "event": "slide"
  },
  {
    "category": "1",
    "app": "Dcard",
    "id": "14",
    "context": "#Acer#筆電 有個疑問就是為什麼我把筆電關機了，但電源登還一直亮著，但我之後按開機鍵螢幕卻沒有亮，想問這種情況是在更新嗎？還是有什麼問題 ",
    "time": "2017/07/07 16:02:43",
    "event": "click"
  },
  {
    "category": "1",
    "app": "Dcard",
    "id": "15",
    "context": "#Acer#筆電 有個疑問就是為什麼我把筆電關機了，但電源登還一直亮著，但我之後按開機鍵螢幕卻沒有亮，想問這種情況是在更新嗎？還是有什麼問題 ",
    "time": "2017/07/07 16:02:43",
    "event": "slide"
  },
  {
    "category": "1",
    "app": "Dcard",
    "id": "16",
    "context": "#筆電  選購筆電 最近去逛了資訊展，想要購買一台筆電，目前選手有這幾位~~ 麻煩各位大大給我點意見，主要用途：看影片、做報告、photoshop跟AI 還有一些製作影片的軟體，主要是希望有8G 然後預算25000以內~  ",
    "time": "2017/07/07 16:03:07",
    "event": "click"
  },
  {
    "category": "1",
    "app": "Dcard",
    "id": "17",
    "context": "#筆電  選購筆電 最近去逛了資訊展，想要購買一台筆電 目前選手有這幾位~~ 麻煩各位大大給我點意見 主要用途:看影片、做報告、photoshop跟AI 還有一些製作影片的軟體 主要是希望有8G 然後預算25000以內~ 有看到好幾台4G但功能買喜歡的 超猶豫要買8G還是4G 或是各位有沒有可以推薦的型號給我當參考 謝謝~~ 順便弱弱的問一下 筆電裡面都有包含完整的Office系統嗎? ",
    "time": "2017/07/07 16:03:08",
    "event": "slide"
  },
  {
    "category": "1",
    "app": "Dcard",
    "id": "18",
    "context": "最近在考慮要換筆電，請問板上的大家有推薦換哪個品牌或是哪一台筆電嗎？感謝，---------補----------，對不起我那時候真的忘記說了預算或是用途，然後我還真的沒有爬文，抱歉，我預算大概是30000以內可以接受，用途主要是希望玩線上遊戲或是單機遊戲可以不要很卡就好  #筆電 請問筆電哪個品牌的比較好 ",
    "time": "2017/07/07 16:04:01",
    "event": "click"
  },
  {
    "category": "1",
    "app": "Dcard",
    "id": "19",
    "context": "#筆電 請問筆電哪個品牌的比較好 最近在考慮要換筆電，請問板上的大家有推薦換哪個品牌或是哪一台筆電嗎?  感謝 ---------補---------- 對不起我那時候真的忘記說了預算或是用途 然後我還真的沒有爬文，抱歉??  我預算大概是30000以內可以接受，用途主要是希望玩線上遊戲或是單機遊戲可以不要很卡就好 然後感謝有貼上推薦筆電圖片的人 ",
    "time": "2017/07/07 16:04:01",
    "event": "slide"
  },
  {
    "category": "1",
    "app": "Dcard",
    "id": "20",
    "context": "#筆電 #顯卡 CPU差別  男同學  想問一下各位前輩，小弟最近想換掉從國中陪我到現在的桌電，買台新筆電，因為自己空閒時會玩個單機大作跟線上遊戲，例如GTAV、巫師3、PUBG之類的，特效能夠中低順跑就好，想請問一下顯卡1050-4g跟1050Ti-2g哪個好？",
    "time": "2017/07/07 16:04:10",
    "event": "click"
  },
  {
    "category": "1",
    "app": "Dcard",
    "id": "21",
    "context": "#筆電 #顯卡 CPU差別 想問一下各位前輩 小弟最近想換掉從國中陪我到現在的桌電 買台新筆電 因為自己空閒時會玩個單機大作跟線上遊戲 例如GTAV、巫師3、PUBG之類的 特效能夠中低順跑就好 想請問一下顯卡1050-4g跟1050Ti-2g哪個好？ CPU用i5就夠了還是要上到i7？ 另外只有記憶體8G會不會跑不動PUBG？ 這款遊戲蠻吃記憶體的、有需要加到16G嗎？ 對了，我不想再組一台新電腦 我知道以我的預算應該可以到R5+1060or1070 可是真的太不方便了 家裡沒有人有空寒暑假幫我把桌電搬來搬去 加上我不會開車，家人又不準我騎機車把電腦從台中帶回老家QQ 麻煩各位大大了 ",
    "time": "2017/07/07 16:04:10",
    "event": "slide"
  },
  {
    "category": "1",
    "app": "Dcard",
    "id": "22",
    "context": "筆電  ",
    "time": "2017/07/07 16:04:35",
    "event": "type"
  },
  {
    "category": "1",
    "app": "Dcard",
    "id": "23",
    "context": "#詢問#筆電推薦 大家好～之前買了台一萬多的文書機，操了兩年多變得超級盪><，今年暑假因為實習需要常攜帶電腦，會用的程式通常就word和ppt，有時候會一次開N個文件，或者用用Adobe和威力導演，預算約兩萬到三萬，請問有什麼推薦的筆電嗎？",
    "time": "2017/07/07 16:04:46",
    "event": "click"
  },
  {
    "category": "1",
    "app": "Dcard",
    "id": "24",
    "context": "#詢問#筆電推薦 大家好～ 之前買了台一萬多的文書機 操了兩年多變得超級盪>< 今年暑假因為實習需要常攜帶電腦 會用的程式通常就word和ppt 有時候會一次開N個文件 或者用用Adobe和威力導演 預算約兩萬到三萬 請問有什麼推薦的筆電嗎？ 謝謝大家(>﹏<)  目前物色到的是ux410 和macbook air ",
    "time": "2017/07/07 16:04:46",
    "event": "slide"
  },
  {
    "category": "1",
    "app": "Dcard",
    "id": "25",
    "context": "#問 #筆電推薦 內有選手 目前使用筆電只會用來文書處理、上網等，不確定未來會不會用到專業方面的軟體，也希望能夠耐用，別一兩年就出問題。昨天去看筆電時店員依照我的需求推薦了以下這兩台，也有考慮Macbook air 想請各位給個建議 感謝",
    "time": "2017/07/07 16:08:05",
    "event": "click"
  },
  {
    "category": "1",
    "app": "Dcard",
    "id": "26",
    "context": "#問 #筆電推薦 內有選手 目前使用筆電只會用來文書處理、上網等，不確定未來會不會用到專業方面的軟體，也希望能夠耐用，別一兩年就出問題。 昨天去看筆電時店員依照我的需求推薦了以下這兩台，也有考慮Macbook air 想請各位給個建議 感謝?  1號選手 2號選手 3號選手 Macbook air ",
    "time": "2017/07/07 16:08:06",
    "event": "slide"
  },
  {
    "category": "1",
    "app": "Dcard",
    "id": "27",
    "context": "筆電  ",
    "time": "2017/07/07 16:08:29",
    "event": "click"
  },
  {
    "category": "1",
    "app": "Dcard",
    "id": "28",
    "context": "筆電品牌  ",
    "time": "2017/07/07 16:08:32",
    "event": "type"
  },
  {
    "category": "1",
    "app": "Dcard",
    "id": "29",
    "context": "#問 推薦的筆電品牌 小女子想買筆電了，想請問各位有沒有推薦的筆電品牌，我比較想買ASUS 或是 Acer，這兩個品牌  大家有比較推薦哪一個呢，哪一個系列的呢，我的需求是，打報告  Wd. ppt，打遊戲，看劇，希望不要當當的",
    "time": "2017/07/07 16:08:35",
    "event": "click"
  },
  {
    "category": "1",
    "app": "Dcard",
    "id": "30",
    "context": "#問 推薦的筆電品牌 小女子想買筆電了 想請問各位有沒有推薦的筆電品牌 我比較想買ASUS 或是 Acer 這兩個品牌  大家有比較推薦哪一個呢 哪一個系列的呢  我的需求是 打報告  Wd. ppt  打遊戲 看劇 希望不要當當的 螢幕大一點 不要太小 然後 比較輕的  預算 2萬5以下     ----------長庚 王詩安---------- ",
    "time": "2017/07/07 16:08:36",
    "event": "slide"
  },
  {
    "category": "1",
    "app": "Dcard",
    "id": "31",
    "context": "#問  筆電品牌型號選擇 ㄜ  小弟我最近想買筆電 去逛過 Nova後，原本是想買ASUS GL552VW，但那邊人說那台問題很多，推薦msi的GT72，敢請問各位大大還有推薦的嗎？ 只是想打LOL而已 跑的順就好，價格三萬附  ",
    "time": "2017/07/07 16:10:54",
    "event": "click"
  },
  {
    "category": "1",
    "app": "Dcard",
    "id": "32",
    "context": "#問  筆電品牌型號選擇 ㄜ  小弟我最近想買筆電 去逛過 Nova後，原本是想買ASUS GL552VW，但那邊人說那台問題很多，推薦msi的GT72，敢請問各位大大還有推薦的嗎？ 只是想打LOL而已 跑的順就好，價格三萬附近 ",
    "time": "2017/07/07 16:10:54",
    "event": "slide"
  },
  {
    "category": "1",
    "app": "Dcard",
    "id": "33",
    "context": "筆電  ",
    "time": "2017/07/07 16:11:40",
    "event": "type"
  },
  {
    "category": "1",
    "app": "Dcard",
    "id": "34",
    "context": "#筆電 購買選擇  想請問板上各位大大，因為電腦壞了不能修，想直接買一台，基本上就是文書之類的工作，偶爾玩一點線上遊戲，想請問適合在asus校園福利社買嗎？下面兩台是我比較過後最符合需求的，請問較建議哪台？或者有其他推薦的嗎？需要再擴充嗎",
    "time": "2017/07/07 16:11:59",
    "event": "click"
  },
  {
    "category": "1",
    "app": "Dcard",
    "id": "35",
    "context": "#筆電 購買選擇 想請問板上各位大大，因為電腦壞了不能修，想直接買一台，基本上就是文書之類的工作，偶爾玩一點線上遊戲 想請問適合在asus校園福利社買嗎？ 下面兩台是我比較過後最符合需求的，請問較建議哪台？或者有其他推薦的嗎？需要再擴充嗎 先謝謝了 ",
    "time": "2017/07/07 16:11:59",
    "event": "slide"
  },
  {
    "category": "1",
    "app": "Dcard",
    "id": "36",
    "context": "問筆電選擇#autocad#3D繪圖  最近因工作需求要學習autocad，之後還會學習一些工程類的3D繪圖，工作用筆電應該會比較方便，平常就是打打lol 聽音樂看電影，一些文書機就能滿足的需求，未來\"可能\"會學習一些影片剪接製作，但又不想之後還要一直換電腦所以想說換好一點",
    "time": "2017/07/07 16:13:24",
    "event": "click"
  },
  {
    "category": "1",
    "app": "Dcard",
    "id": "37",
    "context": "問筆電選擇#autocad#3D繪圖 最近因工作需求要學習autocad  之後還會學習一些工程類的3D繪圖 工作用筆電應該會比較方便 平常就是打打lol 聽音樂看電影 一些文書機就能滿足的需求 未來\"可能\"會學習一些影片剪接製作 但又不想之後還要一直換電腦所以想說換好一點 預算30000左右 超過一些無妨 有什麼cp值高的筆電推薦嗎?? ",
    "time": "2017/07/07 16:13:26",
    "event": "slide"
  },
  {
    "category": "1",
    "app": "Dcard",
    "id": "38",
    "context": "問#筆電  個人對電腦無知，最近想要購入筆電，預算大概30000內，大概能夠順暢跑暴雪的，其他功能應該不用擔心，不知道有沒有推薦！，求解 拜託 ",
    "time": "2017/07/07 16:13:45",
    "event": "click"
  },
  {
    "category": "1",
    "app": "Dcard",
    "id": "39",
    "context": "#問 #ASUS筆電 開機後出問題  今天下午因為電腦越跑越慢，一個火大就把他弄回原廠的樣子，把該裝的東西裝回去，裝到學校授權的office的時候，因為要重開機才能啟動，結果開機後就一直維持在這個畫面不動，游標是可以移動的，可是卻不能點任何東西  ",
    "time": "2017/07/07 16:13:48",
    "event": "click"
  },
  {
    "category": "1",
    "app": "Dcard",
    "id": "40",
    "context": "#問 #ASUS筆電 開機後出問題 今天下午因為電腦越跑越慢 一個火大就把他弄回原廠的樣子  把該裝的東西裝回去 裝到學校授權的office的時候 因為要重開機才能啟動  結果開機後就一直維持在這個畫面不動 游標是可以移動的 可是卻不能點任何東西 想按開始 關機都無法 維持這樣三個多小時了  強制關機回來還是這樣... 求神人救救民女... ",
    "time": "2017/07/07 16:13:49",
    "event": "slide"
  },
  {
    "category": "1",
    "app": "Dcard",
    "id": "41",
    "context": "#問 筆電打字會亂跳 如題，我的筆電在打字的時候，不管英文還是中文，打一個或兩個字時，打字那一橫都會跳到最前面去，例如：今天禮拜一，就會變成，一拜禮今天，但是內建小鍵盤就不會有這樣的問題，是我鍵盤壞了嗎？而且有時候我在瀏覽頁面  ",
    "time": "2017/07/07 16:14:05",
    "event": "click"
  },
  {
    "category": "1",
    "app": "Dcard",
    "id": "42",
    "context": "#問 筆電打字會亂跳 如題 我的筆電在打字的時候 不管英文還是中文 打一個或兩個字時 打字那一橫都會跳到最前面去 例如：今天禮拜一 就會變成 一拜禮今天 但是內建小鍵盤就不會有這樣的問題 是我鍵盤壞了嗎？ 而且有時候我在瀏覽頁面 他會自動跳到最上面 不管怎麼拉就是會回到最上面 不過只會短暫的發生 打字的問題比較困擾我 不曉得各位有沒有方法可以提供我解決這個問題 感謝感謝 ",
    "time": "2017/07/07 16:14:06",
    "event": "slide"
  },
  {
    "category": "1",
    "app": "Dcard",
    "id": "43",
    "context": "帶著筆電到教學七樓佔電腦位置？ = =，真的很無言，學校有冷氣的公共空間這麼多，為何還要帶著筆電到自由上機教室佔位置，有刷卡佔位子也就算了，沒刷卡還佔位子就真的很讓人生氣= = ",
    "time": "2017/07/07 16:15:03",
    "event": "click"
  },
  {
    "category": "1",
    "app": "Dcard",
    "id": "44",
    "context": "帶著筆電到教學七樓佔電腦位置？ = = 真的很無言 學校有冷氣的公共空間這麼多 為何還要帶著筆電到自由上機教室佔位置 有刷卡佔位子也就算了 沒刷卡還佔位子就真的很讓人生氣= = ",
    "time": "2017/07/07 16:15:05",
    "event": "slide"
  },
  {
    "category": "1",
    "app": "Dcard",
    "id": "45",
    "context": "#問#筆電#推薦 請問價格28000上下，有什麼推薦的筆電？！，蘋果的不要，感謝。原因會用不習慣。喜傑獅、acer、Asus、Sony等廠牌都可以，需求要跑得動DJ軟體、線上遊戲、打報告、瀏覽網頁、等，不用像鬥陣或LOL效能全開。",
    "time": "2017/07/07 16:15:11",
    "event": "click"
  },
  {
    "category": "1",
    "app": "Dcard",
    "id": "46",
    "context": "#問#筆電#推薦 請問價格28000上下，有什麼推薦的筆電？！ 蘋果的不要，感謝。 原因會用不習慣。 喜傑獅、acer、Asus、Sony等廠牌都可以 需求要跑得動DJ軟體、線上遊戲、打報告、瀏覽網頁、等，不用像鬥陣或LOL效能全開。 ",
    "time": "2017/07/07 16:15:11",
    "event": "slide"
  },
  {
    "category": "1",
    "app": "Dcard",
    "id": "47",
    "context": "#筆電#推薦  版上經常都有讓人推薦筆電的文，讓我突然有想法發一篇主動推薦筆電的文，廢話不多說，讓主角上場。今天要推薦的就是Spectre x360-13（第三代），推薦的理由主要是以下幾點啦。1、很多人上來求推薦都是上網、做報告（含輕度剪片）還有玩點不太大型的遊戲（LOL之類的），這台的效能絕對夠用。而且一些周邊的規格也是給好給滿，例如AC8265無線網卡，一流的觸控板、不錯的鍵盤等等。",
    "time": "2017/07/07 16:15:20",
    "event": "click"
  },
  {
    "category": "1",
    "app": "Dcard",
    "id": "48",
    "context": "#筆電#推薦 版上經常都有讓人推薦筆電的文，讓我突然有想法發一篇主動推薦筆電的文，廢話不多說，讓主角上場。 今天要推薦的就是Spectre x360-13(第三代)，推薦的理由主要是以下幾點啦。  1、很多人上來求推薦都是上網、做報告（含輕度剪片）還有玩點不太大型的遊戲（LOL之類的），這台的效能絕對夠用。而且一些周邊的規格也是給好給滿，例如AC8265無線網卡，一流的觸控板、不錯的鍵盤等等。  2、既然買筆電，便攜性也很重要，1.27kg的重量、360度轉軸、超過9小時的WiFi瀏覽時間，便攜性上乘。  3、相對均衡的接口設計，直接上圖。 4、適中的價格，圖上的剛好就是高、低規格各一台。 高規：7500U+16G+1T PM961 NTD57900 低規：7200U+8G+512G PM961 NTD45900  5、顏值極高……不過不是圖上那個顏色。因為各種原因沒買到顏值高的那個配色我也是覺得遺憾。 ",
    "time": "2017/07/07 16:15:21",
    "event": "slide"
  },
  {
    "category": "1",
    "app": "Dcard",
    "id": "49",
    "context": "筆電  ",
    "time": "2017/07/07 16:16:08",
    "event": "click"
  },
  {
    "category": "1",
    "app": "Dcard",
    "id": "50",
    "context": "20k筆電  ",
    "time": "2017/07/07 16:16:20",
    "event": "type"
  },
  {
    "category": "1",
    "app": "Dcard",
    "id": "51",
    "context": "#問 求20k筆電推薦  各位好，因為之前在steam買了死亡復甦，想換一台能跑得動3D遊戲的筆電，爬文之後目前有三台在考慮 希望各位大大能夠給一些建議或提供一些更好的選項><  1. ACER E5-574G  2. ASU",
    "time": "2017/07/07 16:16:23",
    "event": "click"
  },
  {
    "category": "1",
    "app": "Dcard",
    "id": "52",
    "context": "#問 求20k筆電推薦 各位好，因為之前在steam買了死亡復甦，想換一台能跑得動3D遊戲的筆電，爬文之後目前有三台在考慮 希望各位大大能夠給一些建議或提供一些更好的選項><  1. ACER E5-574G  2. ASUS X556UR 3. ACER K50-20-575N  處理器跟顯卡好像都是Intel Core i5-6200U跟NVIDIA 940M 2G獨顯，只是asus是930M 規格都差不多，所以不知道哪台比較好@@ 不過爬完文好像都說acer的散熱差  平常用途就是文書處理打打報告，看影片，跟打打爐石，也不常玩，所以目前是不考慮20k以上的筆電，不過小爆一兩千還可以接受  (有看到推v5-591 有點心動><)  先謝謝各位大大了!!! ",
    "time": "2017/07/07 16:16:33",
    "event": "slide"
  },
  {
    "category": "1",
    "app": "Chrome",
    "id": "53",
    "context": "20k筆電  ",
    "time": "2017/07/07 16:18:32",
    "event": "type"
  },
  {
    "category": "1",
    "app": "Chrome",
    "id": "54",
    "context": "20k筆電推薦  ",
    "time": "2017/07/07 16:18:33",
    "event": "click"
  },
  {
    "category": "1",
    "app": "Chrome",
    "id": "55",
    "context": "20k筆電推薦 - Google 搜尋 ",
    "time": "2017/07/07 16:18:33",
    "event": "click"
  },
  {
    "category": "1",
    "app": "Chrome",
    "id": "56",
    "context": "[選購] 15-20k筆電高cp推薦- 看板nb-shopping - 批踢踢實業坊 ",
    "time": "2017/07/07 16:18:36",
    "event": "click"
  },
  {
    "category": "1",
    "app": "Chrome",
    "id": "57",
    "context": "[選購] 15-20k筆電高cp推薦 - 看板 nb-shopping - 批踢踢實業坊",
    "time": "2017/07/07 16:19:07",
    "event": "slide"
  },
  {
    "category": "1",
    "app": "Chrome",
    "id": "58",
    "context": "20k筆電推薦 - Google 搜尋 ",
    "time": "2017/07/07 16:19:21",
    "event": "click"
  },
  {
    "category": "1",
    "app": "Chrome",
    "id": "59",
    "context": "20k筆電推薦 - Google 搜尋 ",
    "time": "2017/07/07 16:19:22",
    "event": "slide"
  },
  {
    "category": "1",
    "app": "Chrome",
    "id": "60",
    "context": "[選購] 預算20K左右筆電推薦- 看板nb-shopping - 批踢踢實業坊 ",
    "time": "2017/07/07 16:19:23",
    "event": "click"
  },
  {
    "category": "1",
    "app": "Chrome",
    "id": "61",
    "context": "[選購] 預算20K左右筆電推薦 - 看板 nb-shopping - 批踢踢實業坊",
    "time": "2017/07/07 16:19:35",
    "event": "slide"
  },
  {
    "category": "1",
    "app": "Chrome",
    "id": "62",
    "context": "20k筆電推薦 - Google 搜尋 ",
    "time": "2017/07/07 16:21:30",
    "event": "click"
  },
  {
    "category": "1",
    "app": "Chrome",
    "id": "63",
    "context": "20k筆電推薦 - Google 搜尋",
    "time": "2017/07/07 16:21:30",
    "event": "slide"
  },
  {
    "category": "1",
    "app": "Chrome",
    "id": "64",
    "context": "筆電消費經驗分享 - 求20k筆電推薦，希望能跑3D遊戲(求順就好) - 筆電討論區 - Mobile01行動版 ",
    "time": "2017/07/07 16:21:39",
    "event": "click"
  },
  {
    "category": "1",
    "app": "Chrome",
    "id": "65",
    "context": "筆電消費經驗分享 - 求20k筆電推薦，希望能跑3D遊戲(求順就好) - 筆電討論區 - Mobile01行動版 ",
    "time": "2017/07/07 16:21:43",
    "event": "slide"
  },
  {
    "category": "1",
    "app": "Chrome",
    "id": "66",
    "context": "20k筆電推薦 - Google 搜尋 ",
    "time": "2017/07/07 16:21:44",
    "event": "click"
  },
  {
    "category": "1",
    "app": "Chrome",
    "id": "67",
    "context": "20k筆電推薦 - Google 搜尋 ",
    "time": "2017/07/07 16:21:44",
    "event": "slide"
  },
  {
    "category": "1",
    "app": "Chrome",
    "id": "68",
    "context": "【選購】 20k筆電推薦 - 筆電買賣 - WEB批踢踢 - webptt.com ",
    "time": "2017/07/07 16:21:54",
    "event": "click"
  },
  {
    "category": "1",
    "app": "Chrome",
    "id": "69",
    "context": "想請大家推薦20K以內的筆電 - 欣亞數位 - ... ",
    "time": "2017/07/07 16:22:47",
    "event": "click"
  },
  {
    "category": "1",
    "app": "Chrome",
    "id": "70",
    "context": "想請大家推薦20K以內的筆電~ - 筆電詢價分享 - 欣亞數位電腦 欣亞排排購 - 手機版 - Powered by Discuz!",
    "time": "2017/07/07 16:22:48",
    "event": "slide"
  },
  {
    "category": "1",
    "app": "Chrome",
    "id": "71",
    "context": "20k筆電推薦 - Google 搜尋 ",
    "time": "2017/07/07 16:23:13",
    "event": "click"
  },
  {
    "category": "1",
    "app": "Chrome",
    "id": "72",
    "context": "20k筆電推薦 - Google 搜尋 ",
    "time": "2017/07/07 16:23:13",
    "event": "slide"
  },
  {
    "category": "1",
    "app": "Chrome",
    "id": "73",
    "context": "20k筆電推薦 ",
    "time": "2017/07/07 16:23:16",
    "event": "click"
  },
  {
    "category": "1",
    "app": "Chrome",
    "id": "74",
    "context": "20k筆電推薦 - Google 搜尋 ",
    "time": "2017/07/07 16:23:17",
    "event": "slide"
  },
  {
    "category": "1",
    "app": "Chrome",
    "id": "75",
    "context": "2017 20k筆電推薦 - Google 搜尋 ",
    "time": "2017/07/07 16:23:22",
    "event": "click"
  },
  {
    "category": "1",
    "app": "Chrome",
    "id": "76",
    "context": "2017 20k筆電推薦 - Google 搜尋 ",
    "time": "2017/07/07 16:23:22",
    "event": "slide"
  },
  {
    "category": "1",
    "app": "Chrome",
    "id": "77",
    "context": "筆電消費經驗分享- 20k筆電推薦購買請益- 筆電討論區- Mobile01 ",
    "time": "2017/07/07 16:23:29",
    "event": "click"
  },
  {
    "category": "1",
    "app": "Chrome",
    "id": "78",
    "context": "筆電消費經驗分享 - 20k筆電推薦購買請益 - 筆電討論區 - Mobile01行動版",
    "time": "2017/07/07 16:23:31",
    "event": "slide"
  },
  {
    "category": "1",
    "app": "Chrome",
    "id": "79",
    "context": "2017 20k筆電推薦 - Google 搜尋 ",
    "time": "2017/07/07 16:23:57",
    "event": "click"
  },
  {
    "category": "1",
    "app": "Chrome",
    "id": "80",
    "context": "2017 20k筆電推薦 - Google 搜尋",
    "time": "2017/07/07 16:23:57",
    "event": "slide"
  },
  {
    "category": "1",
    "app": "Chrome",
    "id": "81",
    "context": "[比較] 20k左右筆電推薦IkariD PTT批踢踢實業坊 ",
    "time": "2017/07/07 16:24:02",
    "event": "click"
  },
  {
    "category": "1",
    "app": "Chrome",
    "id": "82",
    "context": "[比較] 20k左右筆電推薦 IkariD PTT批踢踢實業坊",
    "time": "2017/07/07 16:24:05",
    "event": "slide"
  },
  {
    "category": "1",
    "app": "Chrome",
    "id": "83",
    "context": "2017 20k筆電推薦 - Google 搜尋 ",
    "time": "2017/07/07 16:24:16",
    "event": "click"
  },
  {
    "category": "1",
    "app": "Chrome",
    "id": "84",
    "context": "2017 20k筆電推薦 - Google 搜尋 ",
    "time": "2017/07/07 16:24:17",
    "event": "slide"
  },
  {
    "category": "1",
    "app": "Chrome",
    "id": "85",
    "context": "原價屋@酷！PC • 檢視主題- 15-20K筆電推薦",
    "time": "2017/07/07 16:24:22",
    "event": "click"
  },
  {
    "category": "1",
    "app": "Chrome",
    "id": "86",
    "context": "原價屋@酷！PC • 檢視主題 - 15-20K筆電推薦 ",
    "time": "2017/07/07 16:24:42",
    "event": "slide"
  },
  {
    "category": "1",
    "app": "Chrome",
    "id": "87",
    "context": "2017 20k筆電推薦 - Google 搜尋 ",
    "time": "2017/07/07 16:24:42",
    "event": "click"
  },
  {
    "category": "1",
    "app": "Chrome",
    "id": "88",
    "context": "2017 20k筆電推薦 - Google 搜尋 ",
    "time": "2017/07/07 16:24:43",
    "event": "slide"
  },
  {
    "category": "1",
    "app": "Chrome",
    "id": "89",
    "context": "[選購] 推薦20k以下大學生用筆電- 筆電買賣- PTT - pttman.com ",
    "time": "2017/07/07 16:24:53",
    "event": "click"
  },
  {
    "category": "1",
    "app": "Chrome",
    "id": "90",
    "context": "[選購] 推薦20k以下大學生用筆電- 筆電買賣- PTT - pttman.com  ",
    "time": "2017/07/07 16:24:53",
    "event": "slide"
  },
  {
    "category": "1",
    "app": "Chrome",
    "id": "91",
    "context": "[選購] 預算20K左右筆電推薦| PTT Web ",
    "time": "2017/07/07 16:27:47",
    "event": "click"
  },
  {
    "category": "1",
    "app": "Chrome",
    "id": "92",
    "context": "[選購] 預算20K左右筆電推薦| PTT Web  ",
    "time": "2017/07/07 16:27:47",
    "event": "slide"
  },
  {
    "category": "1",
    "app": "Chrome",
    "id": "93",
    "context": "2017 20k筆電推薦 - Google 搜尋 ",
    "time": "2017/07/07 16:27:57",
    "event": "click"
  },
  {
    "category": "1",
    "app": "Chrome",
    "id": "94",
    "context": "2017 20k筆電推薦 - Google 搜尋 ",
    "time": "2017/07/07 16:27:57",
    "event": "slide"
  },
  {
    "category": "1",
    "app": "Chrome",
    "id": "95",
    "context": "下一頁 ",
    "time": "2017/07/07 16:28:03",
    "event": "click"
  },
  {
    "category": "1",
    "app": "Chrome",
    "id": "96",
    "context": "2017 20k筆電推薦 - Google 搜尋 ",
    "time": "2017/07/07 16:28:03",
    "event": "slide"
  },
  {
    "category": "1",
    "app": "Chrome",
    "id": "97",
    "context": "2017 20k筆電推薦 - Google 搜尋 ",
    "time": "2017/07/07 16:28:03",
    "event": "click"
  },
  {
    "category": "1",
    "app": "Chrome",
    "id": "98",
    "context": "2017 20k筆電推薦 - Google 搜尋 ",
    "time": "2017/07/07 16:28:03",
    "event": "slide"
  },
  {
    "category": "1",
    "app": "Chrome",
    "id": "99",
    "context": "輕薄1.6KG↓ - PChome 24h購物 ",
    "time": "2017/07/07 16:28:05",
    "event": "click"
  },
  {
    "category": "1",
    "app": "Chrome",
    "id": "100",
    "context": "筆電 輕 薄 1.6KG↓ - PChome 24h購物 ",
    "time": "2017/07/07 16:28:08",
    "event": "slide"
  },
  {
    "category": "1",
    "app": "Chrome",
    "id": "101",
    "context": "2017 20k筆電推薦 - Google 搜尋 ",
    "time": "2017/07/07 16:28:53",
    "event": "click"
  },
  {
    "category": "1",
    "app": "Chrome",
    "id": "102",
    "context": "2017 20k筆電推薦 - Google 搜尋 ",
    "time": "2017/07/07 16:28:53",
    "event": "slide"
  },
  {
    "category": "1",
    "app": "Chrome",
    "id": "103",
    "context": "如何選購適合自己的筆記型電腦？筆電推薦與比較@ 電癮院:: 痞客邦PIXNET :: ",
    "time": "2017/07/07 16:28:58",
    "event": "click"
  },
  {
    "category": "1",
    "app": "Chrome",
    "id": "104",
    "context": "如何選購適合自己的筆記型電腦？筆電推薦與比較 @ 電癮院 :: 痞客邦 PIXNET ::",
    "time": "2017/07/07 16:28:59",
    "event": "slide"
  },
  {
    "category": "1",
    "app": "Chrome",
    "id": "105",
    "context": "2017 20k筆電推薦 - Google 搜尋 ",
    "time": "2017/07/07 16:29:42",
    "event": "slide"
  },
  {
    "category": "1",
    "app": "Chrome",
    "id": "106",
    "context": "2017 20k筆電推薦 - Google 搜尋 ",
    "time": "2017/07/07 16:29:42",
    "event": "click"
  },
  {
    "category": "1",
    "app": "Chrome",
    "id": "107",
    "context": "2017 20k筆電推薦 - Google 搜尋",
    "time": "2017/07/07 16:29:42",
    "event": "slide"
  },
  {
    "category": "1",
    "app": "Chrome",
    "id": "108",
    "context": "下一頁 ",
    "time": "2017/07/07 16:29:44",
    "event": "click"
  },
  {
    "category": "1",
    "app": "Chrome",
    "id": "109",
    "context": "2017 20k筆電推薦 - Google 搜尋 ",
    "time": "2017/07/07 16:29:44",
    "event": "click"
  },
  {
    "category": "1",
    "app": "Chrome",
    "id": "110",
    "context": "[選購] 推薦20k以下大學生用筆電- nb-shopping - web ptt 批踢踢網頁版 ",
    "time": "2017/07/07 16:29:50",
    "event": "click"
  },
  {
    "category": "1",
    "app": "Chrome",
    "id": "111",
    "context": "[選購] 推薦20k以下大學生用筆電 - nb-shopping - web ptt 批踢踢 網頁版 ",
    "time": "2017/07/07 16:29:53",
    "event": "slide"
  },
  {
    "category": "1",
    "app": "Chrome",
    "id": "112",
    "context": "2017 20k筆電推薦 - Google 搜尋",
    "time": "2017/07/07 16:29:58",
    "event": "slide"
  },
  {
    "category": "1",
    "app": "Chrome",
    "id": "113",
    "context": "2017 20k筆電推薦 - Google 搜尋 ",
    "time": "2017/07/07 16:29:58",
    "event": "click"
  },
  {
    "category": "1",
    "app": "Chrome",
    "id": "114",
    "context": "2017 20k筆電推薦 - Google 搜尋",
    "time": "2017/07/07 16:29:58",
    "event": "slide"
  },
  {
    "category": "1",
    "app": "Chrome",
    "id": "115",
    "context": "[選購] 求推薦15K~20K影音文書筆電 | PTT 鄉民日報 ",
    "time": "2017/07/07 16:30:04",
    "event": "click"
  },
  {
    "category": "1",
    "app": "Chrome",
    "id": "116",
    "context": "[選購] 求推薦15K~20K影音文書筆電 | PTT 鄉民日報 ",
    "time": "2017/07/07 16:30:59",
    "event": "slide"
  },
  {
    "category": "1",
    "app": "Chrome",
    "id": "117",
    "context": "2017 20k筆電推薦 - Google 搜尋",
    "time": "2017/07/07 16:31:07",
    "event": "slide"
  },
  {
    "category": "1",
    "app": "Chrome",
    "id": "118",
    "context": "2017 20k筆電推薦 - Google 搜尋 ",
    "time": "2017/07/07 16:31:07",
    "event": "click"
  },
  {
    "category": "1",
    "app": "Chrome",
    "id": "119",
    "context": "2017 20k筆電推薦 - Google 搜尋 ",
    "time": "2017/07/07 16:31:07",
    "event": "slide"
  },
  {
    "category": "1",
    "app": "Chrome",
    "id": "120",
    "context": "Re: 【選購】 預算20K左右筆電推薦 - 筆電買賣 - WEB批踢踢 - webptt.com ",
    "time": "2017/07/07 16:31:14",
    "event": "click"
  },
  {
    "category": "1",
    "app": "Chrome",
    "id": "121",
    "context": "2017 20k筆電推薦 - Google 搜尋 ",
    "time": "2017/07/07 16:32:34",
    "event": "click"
  },
  {
    "category": "1",
    "app": "Chrome",
    "id": "122",
    "context": "20k 左右筆電 - 筆電詢價分享 - 欣亞數位電腦 欣亞排排購 - Powered by Discuz! Archiver ",
    "time": "2017/07/07 16:32:39",
    "event": "click"
  },
  {
    "category": "1",
    "app": "Chrome",
    "id": "123",
    "context": "20k 左右筆電 - 筆電詢價分享 - 欣亞數位電腦 欣亞排排購 - Powered by Discuz! Archiver ",
    "time": "2017/07/07 16:32:39",
    "event": "slide"
  },
  {
    "category": "1",
    "app": "Chrome",
    "id": "124",
    "context": "2017 20k筆電推薦 - Google 搜尋 ",
    "time": "2017/07/07 16:32:51",
    "event": "click"
  },
  {
    "category": "1",
    "app": "Chrome",
    "id": "125",
    "context": "2017 20k筆電推薦 - Google 搜尋 ",
    "time": "2017/07/07 16:32:51",
    "event": "slide"
  },
  {
    "category": "1",
    "app": "Chrome",
    "id": "126",
    "context": "下一頁 ",
    "time": "2017/07/07 16:32:58",
    "event": "click"
  },
  {
    "category": "1",
    "app": "Chrome",
    "id": "127",
    "context": "2017 20k筆電推薦 - Google 搜尋 ",
    "time": "2017/07/07 16:32:58",
    "event": "slide"
  },
  {
    "category": "1",
    "app": "Chrome",
    "id": "128",
    "context": "2017 20k筆電推薦 - Google 搜尋 ",
    "time": "2017/07/07 16:32:58",
    "event": "click"
  },
  {
    "category": "1",
    "app": "Chrome",
    "id": "129",
    "context": "2017 20k筆電推薦 - Google 搜尋",
    "time": "2017/07/07 16:32:58",
    "event": "slide"
  },
  {
    "category": "1",
    "app": "Chrome",
    "id": "130",
    "context": "2017 20k筆電推薦 - Google 搜尋 ",
    "time": "2017/07/07 16:33:15",
    "event": "click"
  },
  {
    "category": "1",
    "app": "Chrome",
    "id": "131",
    "context": "2017 20k筆電推薦 - Google 搜尋",
    "time": "2017/07/07 16:33:15",
    "event": "slide"
  },
  {
    "category": "1",
    "app": "Chrome",
    "id": "132",
    "context": "2017 20k筆電推薦 - Google 搜尋 ",
    "time": "2017/07/07 16:33:16",
    "event": "click"
  },
  {
    "category": "1",
    "app": "Chrome",
    "id": "133",
    "context": "2017 20k筆電推薦 - Google 搜尋 ",
    "time": "2017/07/07 16:33:16",
    "event": "slide"
  },
  {
    "category": "1",
    "app": "Chrome",
    "id": "134",
    "context": "20k筆電推薦 - Google 搜尋 ",
    "time": "2017/07/07 16:33:17",
    "event": "click"
  },
  {
    "category": "1",
    "app": "Chrome",
    "id": "135",
    "context": "20k筆電推薦 - Google 搜尋",
    "time": "2017/07/07 16:33:17",
    "event": "slide"
  }
]