[
  {
    "category": "1",
    "app": "Chrome",
    "id": "1",
    "context": "amsung s8 手機評測 ",
    "time": "2017/06/29 16:58:22",
    "event": "type"
  },
  {
    "category": "1",
    "app": "Chrome",
    "id": "2",
    "context": "amsung s8 手機評測 ",
    "time": "2017/06/29 16:58:28",
    "event": "slide"
  },
  {
    "category": "1",
    "app": "Chrome",
    "id": "3",
    "context": "三星Galaxy S8 / S8+ 手機評測：王者歸位 - Engadget 中文版 ",
    "time": "2017/06/29 16:58:31",
    "event": "click"
  },
  {
    "category": "1",
    "app": "Chrome",
    "id": "4",
    "context": "三星 Galaxy S8 / S8+ 手機評測：王者歸位 ",
    "time": "2017/06/29 16:58:32",
    "event": "slide"
  },
  {
    "category": "1",
    "app": "Chrome",
    "id": "5",
    "context": "amsung s8 評測  ",
    "time": "2017/06/29 16:58:53",
    "event": "slide"
  },
  {
    "category": "1",
    "app": "MoPTT",
    "id": "6",
    "context": "s8 手機",
    "time": "2017/06/29 16:59:40",
    "event": "type"
  },
  {
    "category": "1",
    "app": "MoPTT",
    "id": "7",
    "context": "sony XZs 跟samsung S8選哪隻手機? 如題，舊手機因為家裡淹水泡水送修居然要5000塊QQ 只好換新手機，試用後覺得遠傳網速在我這較好，所以打算辦遠傳， 上官網看到這兩隻辦吃到飽 有送家電+抽日本新幹線周遊卷 蠻划算的，這兩個品牌我都沒用過，想問大家會選哪隻?  -- ※ 發信站: 批踢踢實業坊(ptt.cc), 來自: 49.218.69.142 ※ 瀏覽網頁版 ※ ",
    "time": "2017/06/29 16:59:54",
    "event": "slide"
  },
  {
    "category": "1",
    "app": "MoPTT",
    "id": "8",
    "context": "手機U11.S8+該如何抉擇",
    "time": "2017/06/29 17:00:32",
    "event": "click"
  },
  {
    "category": "1",
    "app": "MoPTT",
    "id": "9",
    "context": "手機U11.S8+該如何抉擇 合約八月份要到了原本想等i8但我的z3似乎是等不到i8了，而且i8的價格好像也要信仰技能點的夠高才能用......想請問版上各位大大幾點問題！  1.相機話素部分：這我爬過文章也去現場看過實體機S8+>U11，相機部分我其實覺得只要能拍的清楚就好了只是宅宅沒必要說到很好  2.音質喇叭部分：我喜歡大聲一點清晰一點的音質我蠻喜歡用手機聽歌跟看uto的想選音質跟聲音大不知道該選哪支比較好  3.系統順暢：我兩支滑起來覺得都差不多但居然是說U11滑起來會比S8+順暢這我倒是沒感覺，我不是不玩手遊但因為公作我就都沒玩了但如果要玩遊戲的話哪支比較順暢？  是不排除換i7+那綜合以上三點各位會推我換哪支呢？希望版上各位大大能給個建議  手機排版傷眼抱歉  -- ※ 發信站: 批踢踢實業坊(ptt.cc), 來自: 27.52.160.113 ※ 瀏覽網頁版 ※ ",
    "time": "2017/06/29 17:00:34",
    "event": "slide"
  },
  {
    "category": "1",
    "app": "MoPTT",
    "id": "10",
    "context": "[情報] 三星手機發表 Galaxy S8+ 瑰蜜粉，7 月正式開",
    "time": "2017/06/29 17:02:18",
    "event": "click"
  },
  {
    "category": "1",
    "app": "MoPTT",
    "id": "11",
    "context": "三星發表 Galaxy S8+ 瑰蜜粉，7 月正式開 來源： https://goo.gl/HSnbPP 標題：三星發表 Galaxy S8+ 瑰蜜粉，7 月正式開賣、預購送原廠背蓋 原文： 繼先前 Samsung Galaxy S8 冰湖藍推出後，大尺寸的 Galaxy S8+ 瑰蜜粉新色也即將於 2017 年 7 月開賣。  Samsung Galaxy S8 在台灣已經推出「薰紫灰」及「流沙金」與「冰湖藍」三色， Galaxy S8+ 則是「薰紫灰」、「流沙金」及「晶墨黑」三色搭配，加上即將登場的「 瑰蜜粉」，共計有 4 種顏色可以選擇。  Galaxy S8+「瑰蜜粉」預計自 7 月初於各大電信通路、三星智慧館、各大經銷通路以 及網路平台同步販售，單機建議售價 27,900 元，即日起至 6 月 30 日止，凡於三星 智慧館、網路平台 、神腦線上預購 Galaxy S8+「瑰蜜粉」，可獲得價值 1,690 元的原廠粉色 Alcantara 義大利麂皮背蓋。  另外，自 7 月 1 日至 8 月 31 日止，凡購買 Galaxy S8 / S8+ 隨貨贈送隨拍限定組 ，含市價 1,980 元的原廠藍牙自拍腳架與市價 1,290 元的外掛鏡頭。  同時，三星加碼登錄週週抽市價 4,990 元的新一代 Gear VR 虛擬實境眼鏡（含遙控器） 與市價 7,990 元的 Gear 360（2017）全景相機。  心得： 昨天才傳出 Samsung 要推 Galaxy S8 粉色， 沒想到今天就正式發表了， 而且原廠用瑰蜜（閨蜜）粉這名字感覺還不錯； 從銷售數據來看， Galaxy S8+ 銷售量很明顯優於 Galaxy S8 不少， 不知道這新色推出後， 會不會再加大兩者之間的差距， 只是還是覺得有點可惜， 喜歡大支的買不到藍色， 喜歡小支的買不到粉紅色跟黑色， 為什麼不乾脆全部顏色一起推呢（汗）  -- ※ 發信站: 批踢踢實業坊(ptt.cc), 來自: 175.180.67.170 ※ 瀏覽網頁版 ※ ",
    "time": "2017/06/29 17:02:19",
    "event": "slide"
  },
  {
    "category": "1",
    "app": "MoPTT",
    "id": "12",
    "context": "[問題] iPhone7/s8/U11手機選擇",
    "time": "2017/06/29 17:03:04",
    "event": "click"
  },
  {
    "category": "1",
    "app": "MoPTT",
    "id": "13",
    "context": "iPhone7/s8/U11手機選擇 最近要買新手機了  打算從這三支選  U11我是喜歡他的照相還有擠壓功能  缺點是沒3.5mm, 手機比較大  我還滿在意單手操作的  前一支是Z3C   s8螢幕超美  不過看一些網路上影片真的有偏紅  照相也不錯  不過看了一些實拍照片我覺得是輸U11  U11細節部份保留比較好  另外指紋辨識放背後感覺很怪  感覺放home鍵會比較好按吧?  另外很多人都說三星會有slag   iPhone7是現在暫時在用的公司手機  還行  不過也沒特別喜歡  UI動畫好看  但是切換程式或開程式的時候也不是沒頓過  所以順暢度來說不是特別讓人驚豔  另外就是我Android用很久了  iOS很多操作都不是很習慣  尺寸是三隻裡面最小的 加分  也有在想是不是要等iPhone 8呢   大概就這樣  平常不玩遊戲  比較在意的是照相 續航 單手操作  -- ※ 發信站: 批踢踢實業坊(ptt.cc), 來自: 73.189.240.160 ※ 瀏覽網頁版 ※ ",
    "time": "2017/06/29 17:03:05",
    "event": "slide"
  },
  {
    "category": "1",
    "app": "Chrome",
    "id": "14",
    "context": "中華電信 s8 手機 搭門號 ",
    "time": "2017/06/29 17:08:06",
    "event": "type"
  },
  {
    "category": "1",
    "app": "Chrome",
    "id": "15",
    "context": "中華電信 s8 手機 搭門號  ",
    "time": "2017/06/29 17:08:11",
    "event": "slide"
  },
  {
    "category": "1",
    "app": "Chrome",
    "id": "16",
    "context": "無邊際螢幕手機Samsung Galaxy S8/S8 ... ",
    "time": "2017/06/29 17:08:37",
    "event": "click"
  },
  {
    "category": "1",
    "app": "Chrome",
    "id": "17",
    "context": "無邊際螢幕手機Samsung Galaxy S8/S8+ | 台灣大哥大 ",
    "time": "2017/06/29 17:08:40",
    "event": "slide"
  },
  {
    "category": "1",
    "app": "Chrome",
    "id": "18",
    "context": "台哥大 s8 手機 搭門號",
    "time": "2017/06/29 17:09:41",
    "event": "type"
  },
  {
    "category": "1",
    "app": "Chrome",
    "id": "19",
    "context": "台哥大 s8 手機 搭門號 ",
    "time": "2017/06/29 17:09:41",
    "event": "slide"
  },
  {
    "category": "1",
    "app": "Chrome",
    "id": "20",
    "context": "emome 行動生活一摸就迷> 三星S8手機＋晶墨黑中華獨家！地表最狂組合搭配金讚獨享震撼豪禮 - 中華電信emome  ",
    "time": "2017/06/29 19:24:59",
    "event": "click"
  },
  {
    "category": "1",
    "app": "Chrome",
    "id": "21",
    "context": "emome 行動生活一摸就迷 > 三星S8手機＋晶墨黑中華獨家！地表最狂組合搭配金讚獨享震撼豪禮！",
    "time": "2017/06/29 19:25:02",
    "event": "slide"
  }
]