[
  {
    "category": "1",
    "app": "MoPTT",
    "id": "1",
    "context": "airpods 耳機",
    "time": "2017/06/29 17:10:15",
    "event": "type"
  },
  {
    "category": "1",
    "app": "MoPTT",
    "id": "2",
    "context": "R: Airpods 耳機 適合運動嗎?",
    "time": "2017/06/29 17:12:35",
    "event": "click"
  },
  {
    "category": "1",
    "app": "MoPTT",
    "id": "3",
    "context": "R: Airpods 耳機 適合運動嗎? 就我個人心得小回ㄧ下～ 也是3月初訂，4月中拿到 買之前在板上爬了不少文 本想7天試用期試試就退掉 （真的爆貴 -.-） 但ㄧ試就回不去了...直接收編使用 再鼓吹親友跟進 XD  http://i.imgur.com/LRqkXs4.jpg http://i.imgur.com/jaHU2Ey.jpg 以上是剛收到時的開箱～  決定收編後在淘寶買了一堆配件 XD http://i.imgur.com/jHeUczP.jpg  騎車怕安全帽卡著多少有掉的風險 故還是買了掛繩，但還沒認真用過  貼紙是想跟別人不一樣 XD  保護套是不想刮傷case 但我有另外拿小束口袋裝， 保護套其實有點多餘...  ※ 引述《urmp (是郁非玉)》之銘言： : 我是3月初訂，4月中到貨 : 有上網查過一些使用心得，但不多，且不少心得都寫不會掉 : 所以簡單的配戴earpods，測試確認甩頭也不會掉之後就下訂了 : 但結果不如預期 : 可能因為耳朵不是通用型(?)又屬於油性的關係，左耳配戴聽音樂約40分鐘後會鬆脫 : 這時只要搖頭 airpods 耳機就會掉下來;右耳更慘，戴上去就鬆掉...  感覺這跟耳型很有關係 我跟我弟戴原廠有線本來就也穩穩 拿到 airpods 耳機 後戴上頭亂甩亂晃也都沒掉 試過戴整天待機邊做事也都穩穩  想購入的人還是建議耳型跟原有線耳機合的再考慮  : 最後是買鯊魚鰭耳套，情況才有所好轉，但配戴時不能吃東西跟跑步就是了 : 還好當初買他的目的本來就不是為了跑步 : 是為了能開車時接電話，所以還算能接受 (但不太能吃東西 好傷心) : 音色這部份我是木耳 聽不出來，所以也不在意  我也木耳～ 但本來就覺得原廠音質ok 反而不愛入耳式耳機  : 自動耳朵偵測的這個功能還蠻不錯，但 使用耳套之後→ 此功能無用化 : 電話接聽部份 : 如果正好有戴著 airpods 耳機接聽上沒有什麼問題 : 但 電話來時沒戴著 airpods 耳機，但想使用 airpods 耳機講電話會有問題 : 電話來時如果把 airpods 耳機從盒子中拿出來，藍芽的圖案會亮起來之後再消失 : →無法使用 airpods 耳機接聽電話 : 經過幾次的測試後，試出在這樣的情況下想使用 airpods 耳機講電話 : 電話響起→把 airpods 耳機拿出時，蓋子不能直接蓋上，要等一段時間 : 這樣才能使用 airpods 耳機講電話 : 這是我比較苦惱的一點 : 因為我買 airpods 耳機最主要的目的就是為了方便快速的接電話... : 所以不是很滿意  這部份...我用起來反而順手欸 我很常講電話講一半，懶的再用手拿手機 就直接從case裡拿ㄧ耳出來戴上耳朵 大概3秒內就會自動連結， 也會自動幫我把正在通話的聲音轉進耳機 手機就可以放下了～ 講完再直接把耳機放回case （我都只拿單耳講電話 聽音樂才2隻ㄧ起）  耳機這部份不需開機 關機 能隨時連線的功能 是我決定收編的最大理由  另我把耳機設定敲2下放音樂 （因跟Siri 不熟 XD） 這功能也超方便啊   : 唯一滿意的優點是 : 續航力這部份很滿意，之前有看過類似的藍芽耳機 : 相同續航力下，要價差不多要一萬台幣  我整天待機通話最久大概戴了7 8小時 才沒電 但丟回case裡騎實ㄧ下子又充飽飽 續航力真沒話說  : 再來希望apple能新增的一個功能是，能用 airpods 耳機拍照!!! : (不考慮一下用盒子上的按鍵新增自拍功能嗎) : 大概就是這樣，希望對你有幫助。  以上是我個人下手後真心大推～ 是很貴 但跟iPhone配合起來真的是方便的我嫑嫑  別噓我騎車開車戴耳機通話 每個人工作的業務需求不同 至少用了 airpods 耳機 比拿著手機通話安全多了  感謝收看",
    "time": "2017/06/29 17:12:35",
    "event": "slide"
  },
  {
    "category": "1",
    "app": "MoPTT",
    "id": "4",
    "context": "R: airpods 耳機通話品質如何？ ",
    "time": "2017/06/29 17:17:21",
    "event": "click"
  },
  {
    "category": "1",
    "app": "MoPTT",
    "id": "5",
    "context": "R: airpods 耳機通話品質如何？ 看了一下 大家針對通話品質都是在描述使用者的角色 我本人常常會騎單車運動 比較想要知道的是 在跟我講電話的對方 會不會聽到很大聲的風切聲 導致聽不清楚我說的內容？  另外也想請問 好像都沒有二代的消息 會不會針對使用著方式做改進 譬如在 airpods 耳機 上面就可以直接做音量調整 前後首切換 接聽電話等 有專業人士知道嗎 感謝  -- ※ 發信站: 批踢踢實業坊(ptt.cc), 來自: 220.141.163.48 ※ 瀏覽網頁版 ※ ",
    "time": "2017/06/29 17:17:22",
    "event": "slide"
  },
  {
    "category": "1",
    "app": "MoPTT",
    "id": "6",
    "context": "[情報] 調查：高達98%用戶滿意AirPods耳機，滿意度",
    "time": "2017/06/29 17:33:31",
    "event": "click"
  },
  {
    "category": "1",
    "app": "MoPTT",
    "id": "7",
    "context": "[情報] 調查：高達98%用戶滿意airpods 耳機，滿意度凌駕iPhone、iPad等產品  蘋果去年發表iPhone 7時一同亮相的無線耳機airpods 耳機，儘管剛發表時各界的褒貶不一，但一份調查顯示高達98%的用戶對airpods 耳機感到滿意，甚至超過過去iPhone、iPad上市時的滿意度。  市場研究機構Creative Strategies與Experian針對942名蘋果無線耳機airpods用戶進行調查之後發現， 這些使用者對airpods耳機的滿意度高達98%， 凌駕iPhone、iPad與Apple Watch用戶當初對相關產品的滿意度。  ",
    "time": "2017/06/29 17:33:32",
    "event": "click"
  },
  {
    "category": "1",
    "app": "MoPTT",
    "id": "8",
    "context": "[問題] airpods 藍芽耳機名稱改名",
    "time": "2017/06/29 17:35:26",
    "event": "click"
  },
  {
    "category": "1",
    "app": "MoPTT",
    "id": "9",
    "context": "[問題] airpods 藍芽耳機名稱改名 因為我蘋果還是舊版本，所以我的手機會自動默認 airpods 耳機,但是有天我耳機借我朋友使用，拿回來時就變成 XXX的airpods耳機 ,有沒有可以把名字改回來的解法？不喜歡用別人的名字......先謝謝各位了  -- ※ 發信站: 批踢踢實業坊(ptt.cc), 來自: 39.8.64.61 ",
    "time": "2017/06/29 17:35:26",
    "event": "slide"
  },
  {
    "category": "1",
    "app": "MoPTT",
    "id": "10",
    "context": "[討論]airpods耳機 for kkbox 切換歌曲",
    "time": "2017/06/29 19:19:53",
    "event": "click"
  },
  {
    "category": "1",
    "app": "MoPTT",
    "id": "11",
    "context": "請問各位大大 小弟有幸購入airpods 耳機 今天使用的時候有爬文敲打siri 可以切換kkbox切換曲目 不過似乎僅止於解鎖 是否鎖定情況下無法切換上下首歌曲呢 有請各位大大幫忙解惑",
    "time": "2017/06/29 19:19:53",
    "event": "slide"
  },
  {
    "category": "1",
    "app": "MoPTT",
    "id": "12",
    "context": "[問題]AirPods耳機或藍芽裝置的通知聲音量的困擾",
    "time": "2017/06/29 19:19:58",
    "event": "click"
  },
  {
    "category": "1",
    "app": "MoPTT",
    "id": "13",
    "context": "[問題]AirPods耳機或藍芽裝置的通知聲音量的困擾 AirPods耳機 很不錯用沒錯 但最近通知聲音量很困擾我 大聲到嚇死人 就例如聽音樂時是一半的音量 突然來個通知時通知聲是最大級別的 請問手機通知聲音量能否分別調降？（有連接藍芽和沒連接藍芽的時候） 需要的是：外放時通知聲是最大聲 接藍芽耳機時一般音量大小就可以了",
    "time": "2017/06/29 19:19:58",
    "event": "slide"
  },
  {
    "category": "1",
    "app": "MoPTT",
    "id": "14",
    "context": "[問題]AirPods耳機充電盒電量顯示 ",
    "time": "2017/06/29 19:20:23",
    "event": "click"
  },
  {
    "category": "1",
    "app": "MoPTT",
    "id": "15",
    "context": "[問題]AirPods耳機充電盒電量顯示 今天剛入手了AirPods耳機超興奮的 可是充電盒一直停留在72% 是為什麼 有人也發生過這種問題嗎?",
    "time": "2017/06/29 19:20:23",
    "event": "slide"
  },
  {
    "category": "1",
    "app": "MoPTT",
    "id": "16",
    "context": "[問題] 最近想購入AirPods耳機但....  ",
    "time": "2017/06/29 19:20:32",
    "event": "click"
  },
  {
    "category": "1",
    "app": "MoPTT",
    "id": "17",
    "context": "[問題] 最近想購入AirPods耳機但.... 各位前輩早安 因為用了五年的原廠耳機最近快壞了 所以最近想購入AirPods耳機 但因為個人耳型關係，若直接戴上原廠耳機會很容易脫落 後來發現了一個小技巧： 在原廠耳機上套上一個耳機套（如圖，截自網路） http://i.imgur.com/8KCbVva.jpg 即可因為增加厚度及摩擦力，使耳機不容易脫落 那麼問題來了 AirPods耳機是使用無線藍芽 若套上耳機套會不會影響到使用體驗呢？ 有沒有已購入AirPods耳機的前輩能幫我試試看 手機型號是iPhone 5 iOS 10.3.1 謝謝大家！ ",
    "time": "2017/06/29 19:20:32",
    "event": "slide"
  },
  {
    "category": "1",
    "app": "MoPTT",
    "id": "18",
    "context": "[問題] 日本airpods耳機 保固",
    "time": "2017/06/29 19:20:39",
    "event": "click"
  },
  {
    "category": "1",
    "app": "MoPTT",
    "id": "19",
    "context": "[問題] 日本airpods耳機 保固 不想等六個禮拜了，剛好友人下週去日本。想說有現貨就請她帶一隻了，有爬文到手錶只能回日本修，想問一下在日本買airpods耳機帶回台灣的人，請問如果有問題，台灣apple能提供保固嗎？ 謝謝各位 ----- Sent from JPTT on my iPhone  -- ※ 發信站: 批踢踢實業坊(ptt.cc), 來自: 49.214.192.227 ※ 瀏覽網頁版 ※   ",
    "time": "2017/06/29 19:20:39",
    "event": "slide"
  },
  {
    "category": "1",
    "app": "MoPTT",
    "id": "20",
    "context": "[新聞]健忘救星！iOS 10.3將新增尋找我的AirPods耳機",
    "time": "2017/06/29 19:20:53",
    "event": "click"
  },
  {
    "category": "1",
    "app": "MoPTT",
    "id": "21",
    "context": "[新聞]健忘救星！iOS 10.3將新增尋找我的AirPods耳機 Mobile01 健忘救星！iOS 10.3將新增尋找我的AirPods耳機功能  https://goo.gl/x9o6en  今天凌晨蘋果發佈了iOS 10.3的beta版，供開發者先行下載測試，在這個版本裡，跟使用者比較有關係的更新是，新增了用「尋找我的iPhone」找AirPods耳機的功能，找到之後， AirPods耳機會發出----聲音提醒你，相信對AirPods耳機的使用者來說，會是個實用的更新，畢竟AirPods耳機是個很容易隨手就不知道放在哪的小東西。  尋找iPhone這功能，可以搜尋所有登入同一個Apple ID，且開機中的裝置，更新到iOS 10.3後，打開尋找我的iPhone，可以發現多了一個AirPods耳機的圖示，顯示AirPods耳機的位置（ 如果AirPods耳機還有電的話），為了讓定位更準確，可以的話iPhone最好連接著Wi-Fi。。   在地圖上看到AirPods耳機的位置後，可以進一步讓AirPods耳機發出聲音讓你找到，這聲音也會越來越大（聲音有點像蟋蟀叫）。 而且在畫面上看到可以選擇一耳靜音，這是當你只有一耳不見時使用的。   不過只有在AirPods耳機和iPhone正連線中時，才會發出聲音，如果耳機正放在盒子充電中， 或離太遠，超過連線範圍，和iPhone間斷線了，就無法發出聲音讓你聽音辨位，那怎辦？這時後就是靠地圖上顯示的位置，努力回憶一下了XD，尤其又顯示正在同一個地方時.... 網頁上也可以執行「尋找我的iPhone」，如果不幸連手機都不知道放哪去時，在電腦上打 開網頁進入 http://www.icloud.com ，還是可以找到登入裝置的位置，還是可以找到登入 裝置的位置。  目前還是beta版，之後發出正式版後，有AirPods耳機的記得更新了～  影片操作會更清楚。  https://youtu.be/VTBNIWy0658  -------  AirPods耳機裡面又沒搭載AGPS，不知道用什麼方法來尋找??  ---------  -- ※ 發信站: 批踢踢實業坊(ptt.cc), 來自: 140.112.225.178 ※ 瀏覽網頁版 ※ 我想也是 可能是定位在最後斷線的地理位址 harry3875 編輯 140.112.225.178 01/25 15:04 大概的意思就是此功能只能給你一個遺失範圍，並在你最靠近時連線到耳機並開始放送鳴聲 harry3875 編輯 140.112.225.178 01/25 15:27 ",
    "time": "2017/06/29 19:20:53",
    "event": "slide"
  },
  {
    "category": "1",
    "app": "MoPTT",
    "id": "22",
    "context": "Re: [心得] AirPods耳機開箱&簡單使用心得",
    "time": "2017/06/29 19:21:13",
    "event": "click"
  },
  {
    "category": "1",
    "app": "MoPTT",
    "id": "23",
    "context": "Re: [心得] AirPods耳機開箱&簡單使用心得 借題發表一下感想 本人已經有一副Bragi the dash耳機，對不知道這副耳機的人稍微說一下 Bragi也是『真』無線耳機，定價299美金，台灣無代理 自己想辦法搞來台灣一定要破萬，還沒保固 一副Bragi可以買兩副AirPods耳機沒問題，所以AirPods耳機很貴？ 科科 進入主題，我是覺得要比較的話就拿同樣性質的耳機來比較 所以我就拿我手上有的Bragi跟AirPods耳機比吧 首先是大部分人最有疑問的音質 直接說，如果是音質擺第一，真的不需要花五千多買AirPods耳機 也不需要花299美金以上買Bragi 這類產品絕對不是音質掛帥，以音質角度來看cp值超低 音質的價值頂多是賣價的一半左右不到，想要音質你有其它更好的選擇 但是網路上很少人酸Bragi音質 阿～反正它又不是蘋果出的 who cares.. 再來說操作 Bragi可以透過觸控耳機表面方式直接換首、調整音量、暫停/開始和叫出siri 只是手勢有點多，剛開始使用時還要稍微想一下，習慣之後非常方便 這一點AirPods耳機只能叫出siri或者暫停/開始真的是完敗，輸到脫褲 以Apple這麼注重使用者體驗的公司來說，真的是很不應該 再來說配戴感 我覺得Bragi有點偏大，塞在耳朵裡面真的算不上舒適 甚至帶久一點還有點痛，但也可能只是我的個案，畢竟每個人的耳型不同 可是真的很牢固，完全不怕會飛出去 AirPods耳機基本上就跟EarPod差不多，不過稍微再肥一點點 戴起來確實有感覺一點點不一樣 雖然好像不牢固的樣子，但實際上我怎麼搖頭晃腦就是不會掉，自己先暈吧 所以除非受外力影響，不然走一走就掉出來的情形是不太可能發生的 這一方面我覺得AirPods耳機贏，畢竟戴久耳朵會痛的耳機，應該沒多少人會接受 再來說外型 我是覺得Bragi還滿有科技感的，所以當初同類型的耳機裡我才選了Bragi 就因為我覺得它最好看 至於AirPods耳機，一個字，醜！跟Apple出的充電保護殼一樣 實在不敢相信是Apple設計出來的東西，可以並稱Apple雙醜了 我真心覺得醜，所以我只會在家裡跟公司用，外出我還是會帶Bragi 縱然它讓我耳朵有點痛... 再來說穩定性 藍牙耳機最重要的一點就是穩定性 Bragi真的很差，FB專頁上很多nice的歪果人說訊號很差 常常斷掉，嚴重的甚至手機放到褲子後面口袋就收不到 我自己是沒這麼嚴重，但偶爾莫名其妙斷訊還是會 至於AirPods耳機，目前使用兩天，真的非常穩，沒斷過 測試隔了兩個房間才會有斷訊的情況，Bragi隔一個就會了 其他的功能上，Bragi有防水可以戴著游泳 AirPods耳機沒標榜防水，但有人測試丟到洗衣機30分鐘沖洗都沒事！ Bragi可以偵測心跳，但是誤差有點大，我完全不用它 還內建4GB記憶體可以放歌，這樣出門跑步不用帶手機聽音樂 AirPods耳機想出門不帶手機聽音樂，只能跟apple watch配合了吧（不過我也有啦） 然而AirPods耳機最重要的一個功能，也是我當初會決定想要買的原因 就是因為它跟蘋果裝置整合得很好，可以在手機、平板、電腦間無痛轉移 不像其它的藍牙耳機轉移一次就重新連線一次，煩死了 光這點我就買單了，因為我有兩支iPhone，三台iPad跟一台Mac 實在很需要這個功能阿XD 阿，補充一下，雖然官網說要iOS10以上 但沒有也可以用，只是就當成一般的藍牙耳機，沒有其他功能了 以上，簡略的比較心得",
    "time": "2017/06/29 19:21:13",
    "event": "slide"
  }
]