[
  {
    "category": "1",
    "app": "Chrome",
    "id": "1",
    "context": "宜蘭礁溪老爺  ",
    "time": "2017/07/02 20:31:57",
    "event": "type"
  },
  {
    "category": "1",
    "app": "Chrome",
    "id": "2",
    "context": "宜蘭礁溪老爺 ",
    "time": "2017/07/02 20:31:59",
    "event": "slide"
  },
  {
    "category": "1",
    "app": "Chrome",
    "id": "3",
    "context": "礁溪老爺酒店 - 老爺酒店集團",
    "time": "2017/07/02 20:32:09",
    "event": "click"
  },
  {
    "category": "1",
    "app": "Chrome",
    "id": "4",
    "context": "礁溪老爺酒店",
    "time": "2017/07/02 20:32:15",
    "event": "slide"
  },
  {
    "category": "1",
    "app": "Chrome",
    "id": "5",
    "context": "礁溪老爺酒店 房型一覽",
    "time": "2017/07/02 20:32:20",
    "event": "click"
  },
  {
    "category": "1",
    "app": "Chrome",
    "id": "6",
    "context": "礁溪老爺酒店 房型一覽",
    "time": "2017/07/02 20:32:21",
    "event": "slide"
  },
  {
    "category": "1",
    "app": "Chrome",
    "id": "7",
    "context": "房型一覽 豪華樓中樓套房 NT$6,950/人 4  ",
    "time": "2017/07/02 20:32:36",
    "event": "click"
  },
  {
    "category": "1",
    "app": "Chrome",
    "id": "8",
    "context": "礁溪老爺酒店 豪華樓中樓套房",
    "time": "2017/07/02 20:32:37",
    "event": "slide"
  },
  {
    "category": "1",
    "app": "Chrome",
    "id": "9",
    "context": "礁溪老爺酒店 房型一覽",
    "time": "2017/07/02 20:32:47",
    "event": "slide"
  },
  {
    "category": "1",
    "app": "Chrome",
    "id": "10",
    "context": "礁溪老爺酒店 客房介紹  ",
    "time": "2017/07/02 20:32:50",
    "event": "click"
  },
  {
    "category": "1",
    "app": "Chrome",
    "id": "11",
    "context": "礁溪老爺酒店 客房介紹  ",
    "time": "2017/07/02 20:32:50",
    "event": "slide"
  },
  {
    "category": "1",
    "app": "Chrome",
    "id": "12",
    "context": "礁溪老爺酒店 洋式蘭陽景觀套房",
    "time": "2017/07/02 20:32:59",
    "event": "click"
  },
  {
    "category": "1",
    "app": "Chrome",
    "id": "13",
    "context": "礁溪老爺酒店 洋式蘭陽景觀套房",
    "time": "2017/07/02 20:33:22",
    "event": "slide"
  },
  {
    "category": "1",
    "app": "Chrome",
    "id": "14",
    "context": "礁溪老爺酒店 客房介紹",
    "time": "2017/07/02 20:33:30",
    "event": "slide"
  },
  {
    "category": "1",
    "app": "Chrome",
    "id": "15",
    "context": "宜蘭礁溪老爺 ",
    "time": "2017/07/02 20:33:41",
    "event": "slide"
  },
  {
    "category": "1",
    "app": "Chrome",
    "id": "16",
    "context": "宜蘭礁溪 老爺 - 宜蘭飯店訂房超值優惠 - agoda.com‎ 廣告www.agoda.com/飯店/訂房折扣‎  ",
    "time": "2017/07/02 20:33:54",
    "event": "click"
  },
  {
    "category": "1",
    "app": "Chrome",
    "id": "17",
    "context": "宜蘭縣礁溪老爺酒店 (Hotel Royal Chiao Hsi)真實住客評鑑＆超殺特惠 ",
    "time": "2017/07/02 20:36:31",
    "event": "slide"
  },
  {
    "category": "1",
    "app": "Chrome",
    "id": "18",
    "context": "宜蘭縣蘭城晶英酒店 (Silks Place Yilan Hotel)真實住客評鑑＆超殺特惠 ",
    "time": "2017/07/02 20:37:07",
    "event": "click"
  },
  {
    "category": "1",
    "app": "Chrome",
    "id": "19",
    "context": "宜蘭縣蘭城晶英酒店 (Silks Place Yilan Hotel)真實住客評鑑＆超殺特惠 ",
    "time": "2017/07/02 20:37:08",
    "event": "slide"
  },
  {
    "category": "1",
    "app": "Chrome",
    "id": "20",
    "context": "宜蘭縣長榮鳳凰酒店 - 礁溪 (Evergreen Resort Hotel Jiaosi)真實住客評鑑＆超殺特惠",
    "time": "2017/07/02 20:37:56",
    "event": "click"
  },
  {
    "category": "1",
    "app": "Chrome",
    "id": "21",
    "context": "宜蘭縣長榮鳳凰酒店 - 礁溪 (Evergreen Resort Hotel Jiaosi)真實住客評鑑＆超殺特惠",
    "time": "2017/07/02 20:37:57",
    "event": "slide"
  },
  {
    "category": "1",
    "app": "Chrome",
    "id": "22",
    "context": "宜蘭縣蘭城晶英酒店 (Silks Place Yilan Hotel)真實住客評鑑＆超殺特惠",
    "time": "2017/07/02 20:38:39",
    "event": "click"
  },
  {
    "category": "1",
    "app": "Chrome",
    "id": "23",
    "context": "宜蘭縣蘭城晶英酒店 (Silks Place Yilan Hotel)真實住客評鑑＆超殺特惠",
    "time": "2017/07/02 20:38:40",
    "event": "slide"
  },
  {
    "category": "1",
    "app": "Chrome",
    "id": "24",
    "context": "宜蘭縣礁溪老爺酒店 (Hotel Royal Chiao Hsi)真實住客評鑑＆超殺特惠",
    "time": "2017/07/02 20:38:52",
    "event": "click"
  },
  {
    "category": "1",
    "app": "Chrome",
    "id": "25",
    "context": "宜蘭縣礁溪老爺酒店 (Hotel Royal Chiao Hsi)真實住客評鑑＆超殺特惠",
    "time": "2017/07/02 20:38:53",
    "event": "slide"
  },
  {
    "category": "1",
    "app": "Chrome",
    "id": "26",
    "context": "宜蘭縣煙波大飯店蘇澳四季雙泉館 (Lakeshore Hotel Suao)線上訂房｜Agoda.com",
    "time": "2017/07/02 20:39:16",
    "event": "click"
  },
  {
    "category": "1",
    "app": "Chrome",
    "id": "27",
    "context": "宜蘭縣煙波大飯店蘇澳四季雙泉館 (Lakeshore Hotel Suao)線上訂房｜Agoda.com",
    "time": "2017/07/02 20:39:17",
    "event": "slide"
  },
  {
    "category": "1",
    "app": "Chrome",
    "id": "28",
    "context": "宜蘭縣礁溪老爺酒店 (Hotel Royal Chiao Hsi)真實住客評鑑＆超殺特惠 ",
    "time": "2017/07/02 20:39:50",
    "event": "click"
  },
  {
    "category": "1",
    "app": "Chrome",
    "id": "29",
    "context": "宜蘭縣礁溪老爺酒店 (Hotel Royal Chiao Hsi)真實住客評鑑＆超殺特惠 ",
    "time": "2017/07/02 20:39:50",
    "event": "slide"
  },
  {
    "category": "1",
    "app": "Chrome",
    "id": "30",
    "context": "宜蘭縣晶泉丰旅 (Wellspring by Silks)真實住客評鑑＆超殺特惠",
    "time": "2017/07/02 20:40:48",
    "event": "click"
  },
  {
    "category": "1",
    "app": "Chrome",
    "id": "31",
    "context": "宜蘭縣晶泉丰旅 (Wellspring by Silks)真實住客評鑑＆超殺特惠",
    "time": "2017/07/02 20:40:49",
    "event": "slide"
  }
]