[
  {
    "category": "1",
    "app": "Line",
    "id": "1",
    "context": "嗨！ 忙啊，要一起吃飯嗎 什麼時候，， 裝忙哦？ 晚點聊，，哈哈，休息結束了 晚上比較有一點時間 ",
    "time": "2017/05/24 17:28:00",
    "event": "slide"
  },
  {
    "category": "2",
    "app": "Line",
    "id": "2",
    "context": "下班了",
    "time": "2017/05/24 17:28:04",
    "event": "type"
  },
  {
    "category": "3",
    "app": "Line",
    "id": "3",
    "context": "傳送",
    "time": "2017/05/24 17:28:05",
    "event": "click"
  },
  {
    "category": "1",
    "app": "Line",
    "id": "4",
    "context": "嗨！ 忙啊，要一起吃飯嗎 什麼時候，， 裝忙哦？ 晚點聊，，哈哈，休息結束了 晚上比較有一點時間 下班了",
    "time": "2017/05/24 17:28:05",
    "event": "slide"
  },
  {
    "category": "4",
    "app": "Line",
    "id": "5",
    "context": "對啊你都知道不止 哈哈哈 我是要拼100的人 我要去工作 去吧！ 港女還在等我的假表 哈哈 哈哈要休假出去玩？",
    "time": "2017/05/24 17:28:18",
    "event": "slide"
  },
  {
    "category": "5",
    "app": "Line",
    "id": "6",
    "context": "沒有啊 等我放假那天她才要搭飛機來啊 ",
    "time": "2017/05/24 17:28:24",
    "event": "type"
  },
  {
    "category": "3",
    "app": "Line",
    "id": "7",
    "context": "傳送",
    "time": "2017/05/24 17:28:25",
    "event": "type"
  },
  {
    "category": "4",
    "app": "Line",
    "id": "8",
    "context": "對啊你都知道不止 哈哈哈 我是要拼100的人 我要去工作 去吧！ 港女還在等我的假表 哈哈 哈哈要休假出去玩？ 沒有啊 等我放假那天她才要搭飛機來啊 ",
    "time": "2017/05/24 17:28:25",
    "event": "slide"
  },
  {
    "category": "6",
    "app": "Chrome",
    "id": "9",
    "context": "HTC U11手機",
    "time": "2017/05/24 18:22:14",
    "event": "type"
  },
  {
    "category": "6",
    "app": "Chrome",
    "id": "10",
    "context": "HTC U11手機 - Google 搜尋",
    "time": "2017/05/24 18:22:14",
    "event": "click"
  },
  {
    "category": "6",
    "app": "Chrome",
    "id": "11",
    "context": "HTC U11手機 - Google 搜尋",
    "time": "2017/05/24 18:22:14",
    "event": "slide"
  },
  {
    "category": "6",
    "app": "Chrome",
    "id": "12",
    "context": "HTC U11資費方案公布 6月四大電信開賣- SOGI手機王 SOGI手機王為全國最大手機、平板電腦資訊與行動通訊社群網站，提供智慧型手機、平板電腦、穿戴裝置等規格介紹、產品比價及評測報告、電信資費、軟體教學、配件與討論",
    "time": "2017/05/24 18:22:14",
    "event": "click"
  },
  {
    "category": "6",
    "app": "Chrome",
    "id": "13",
    "context": "HTC U11資費方案公布 6月四大電信開賣- SOGI手機王 SOGI手機王為全國最大手機、平板電腦資訊與行動通訊社群網站，提供智慧型手機、平板電腦、穿戴裝置等規格介紹、產品比價及評測報告、電信資費、軟體教學、配件與討論",
    "time": "2017/05/24 18:22:15",
    "event": "slide"
  },
  {
    "category": "6",
    "app": "Chrome",
    "id": "14",
    "context": "HTC U11手機 - Google 搜尋",
    "time": "2017/05/24 18:26:11",
    "event": "click"
  },
  {
    "category": "6",
    "app": "Chrome",
    "id": "15",
    "context": "HTC U11手機 - Google 搜尋",
    "time": "2017/05/24 18:26:12",
    "event": "slide"
  },
  {
    "category": "6",
    "app": "Chrome",
    "id": "16",
    "context": "【預購】HTC U11手機 128GB 遠傳電信 4G 攜碼 / 月繳698 / 30個月 - 手機王購物 手機王首創電信資費購機合約申辦到府服務，提供中華、遠傳、台灣大、亞太等電信業者新辦、續約、攜帶的手機購機優惠方案，無須出門由專人於您指定時間及地點前往服務，替您把關電信資費合約內容，還有更多的平板電腦、手機配件、3C連網裝置及智慧家電產品，讓您買得安心又划算!",
    "time": "2017/05/24 18:26:24",
    "event": "click"
  },
  {
    "category": "6",
    "app": "Chrome",
    "id": "17",
    "context": "【預購】HTC U11手機 128GB 遠傳電信 4G 攜碼 / 月繳698 / 30個月 - 手機王購物 手機王首創電信資費購機合約申辦到府服務，提供中華、遠傳、台灣大、亞太等電信業者新辦、續約、攜帶的手機購機優惠方案，無須出門由專人於您指定時間及地點前往服務，替您把關電信資費合約內容，還有更多的平板電腦、手機配件、3C連網裝置及智慧家電產品，讓您買得安心又划算!",
    "time": "2017/05/24 18:26:25",
    "event": "slide"
  },
  {
    "category": "6",
    "app": "Chrome",
    "id": "18",
    "context": "HTC U11手機 - Google 搜尋",
    "time": "2017/05/24 18:26:31",
    "event": "click"
  },
  {
    "category": "6",
    "app": "Chrome",
    "id": "19",
    "context": "HTC U11手機 - Google 搜尋",
    "time": "2017/05/24 18:26:32",
    "event": "slide"
  },
  {
    "category": "6",
    "app": "Chrome",
    "id": "20",
    "context": "HTC U11手機資費方案公布 6月四大電信開賣- SOGI手機王 SOGI手機王為全國最大手機、平板電腦資訊與行動通訊社群網站，提供智慧型手機、平板電腦、穿戴裝置等規格介紹、產品比價及評測報告、電信資費、軟體教學、配件與討論",
    "time": "2017/05/24 18:27:22",
    "event": "click"
  },
  {
    "category": "6",
    "app": "Chrome",
    "id": "21",
    "context": "HTC U11手機資費方案公布 6月四大電信開賣- SOGI手機王 SOGI手機王為全國最大手機、平板電腦資訊與行動通訊社群網站，提供智慧型手機、平板電腦、穿戴裝置等規格介紹、產品比價及評測報告、電信資費、軟體教學、配件與討論",
    "time": "2017/05/24 18:27:23",
    "event": "slide"
  },
  {
    "category": "6",
    "app": "Chrome",
    "id": "22",
    "context": "HTC U11手機 - Google 搜尋",
    "time": "2017/05/24 18:28:04",
    "event": "click"
  },
  {
    "category": "6",
    "app": "Chrome",
    "id": "23",
    "context": "HTC U11手機 - Google 搜尋",
    "time": "2017/05/24 18:28:05",
    "event": "slide"
  },
  {
    "category": "6",
    "app": "Chrome",
    "id": "24",
    "context": "【預購】HTC U11 128GB 手機 台灣之星 4G 攜碼 / 月繳599 / 30個月 - 手機王購物 手機王首創電信資費購機合約申辦到府服務，提供中華、遠傳、台灣大、亞太等電信業者新辦、續約、攜帶的手機購機優惠方案，無須出門由專人於您指定時間及地點前往服務，替您把關電信資費合約內容，還有更多的平板電腦、手機配件、3C連網裝置及智慧家電產品，讓您買得安心又划算!",
    "time": "2017/05/24 18:28:08",
    "event": "click"
  },
  {
    "category": "6",
    "app": "Chrome",
    "id": "25",
    "context": "【預購】HTC U11 128GB 手機 台灣之星 4G 攜碼 / 月繳599 / 30個月 - 手機王購物 手機王首創電信資費購機合約申辦到府服務，提供中華、遠傳、台灣大、亞太等電信業者新辦、續約、攜帶的手機購機優惠方案，無須出門由專人於您指定時間及地點前往服務，替您把關電信資費合約內容，還有更多的平板電腦、手機配件、3C連網裝置及智慧家電產品，讓您買得安心又划算!",
    "time": "2017/05/24 18:28:09",
    "event": "slide"
  },
  {
    "category": "6",
    "app": "Chrome",
    "id": "26",
    "context": "HTC U11手機 - Google 搜尋",
    "time": "2017/05/24 18:32:25",
    "event": "click"
  },
  {
    "category": "6",
    "app": "Chrome",
    "id": "27",
    "context": "HTC U11手機 - Google 搜尋",
    "time": "2017/05/24 18:32:26",
    "event": "slide"
  },
  {
    "category": "6",
    "app": "Chrome",
    "id": "28",
    "context": "【閒聊】HTC U11 手機 台灣之星388方案...是這樣算嗎? - 巴哈姆特手機版 今天下午才到地X 辦理NP到台星388(綁30個月) 折扣4500,預繳3600 預繳的$3600,每個月帳單只會自動扣$200($3600/12個月=幫你扣18個月) 等於說自己每個月,還是得繳$188(200+188=388) 我單純NP沒選手機,剩下的$900 等卡片開通,再憑收據去領錢 重點來了:合約期間內,不能提高費率(框起來的降轉資費) 等於說你辦了388這21M限速方案 沒辦法再往上升什麼688.788無限",
    "time": "2017/05/24 18:32:32",
    "event": "click"
  },
  {
    "category": "6",
    "app": "Chrome",
    "id": "29",
    "context": "【閒聊】HTC U11 手機 台灣之星388方案...是這樣算嗎? - 巴哈姆特手機版 今天下午才到地X 辦理NP到台星388(綁30個月) 折扣4500,預繳3600 預繳的$3600,每個月帳單只會自動扣$200($3600/12個月=幫你扣18個月) 等於說自己每個月,還是得繳$188(200+188=388) 我單純NP沒選手機,剩下的$900 等卡片開通,再憑收據去領錢 重點來了:合約期間內,不能提高費率(框起來的降轉資費) 等於說你辦了388這21M限速方案 沒辦法再往上升什麼688.788無限",
    "time": "2017/05/24 18:32:34",
    "event": "slide"
  },
  {
    "category": "6",
    "app": "Chrome",
    "id": "30",
    "context": "HTC U11手機 - Google 搜尋",
    "time": "2017/05/24 18:36:42",
    "event": "click"
  },
  {
    "category": "6",
    "app": "Chrome",
    "id": "31",
    "context": "HTC U11手機 - Google 搜尋",
    "time": "2017/05/24 18:36:43",
    "event": "slide"
  },
  {
    "category": "6",
    "app": "Chrome",
    "id": "32",
    "context": "手機HTC U11電信三雄6月開賣 資費看這裡 | 即時 | 聯合財經網 （中央社記者吳家豪台北24日電）中華電信、台灣大哥大、遠傳電信宣布將於6月1日開賣HTC U11手機，搭配月付新台幣1399元資費，64GB購機價5990元，另有老客戶、攜碼及舊換新優惠。 | 財經",
    "time": "2017/05/24 18:36:51",
    "event": "click"
  },
  {
    "category": "6",
    "app": "Chrome",
    "id": "33",
    "context": "手機HTC U11電信三雄6月開賣 資費看這裡 | 即時 | 聯合財經網 （中央社記者吳家豪台北24日電）中華電信、台灣大哥大、遠傳電信宣布將於6月1日開賣HTC U11手機，搭配月付新台幣1399元資費，64GB購機價5990元，另有老客戶、攜碼及舊換新優惠。 | 財經",
    "time": "2017/05/24 18:36:52",
    "event": "slide"
  },
  {
    "category": "6",
    "app": "Chrome",
    "id": "34",
    "context": "HTC U11手機 - Google 搜尋",
    "time": "2017/05/24 18:37:37",
    "event": "click"
  },
  {
    "category": "6",
    "app": "Chrome",
    "id": "35",
    "context": "HTC U11手機 - Google 搜尋",
    "time": "2017/05/24 18:37:38",
    "event": "slide"
  },
  {
    "category": "6",
    "app": "Chrome",
    "id": "36",
    "context": "HTC (Android) - 中華電信+ HTC U11 手機 - 手機討論區 - Mobile01行動版 什麼時候 中華電信 會有搭 HTC U11 的方案？？...",
    "time": "2017/05/24 18:37:47",
    "event": "click"
  },
  {
    "category": "6",
    "app": "Chrome",
    "id": "37",
    "context": "HTC (Android) - 中華電信+ HTC U11 手機 - 手機討論區 - Mobile01行動版 什麼時候 中華電信 會有搭 HTC U11 的方案？？...",
    "time": "2017/05/24 18:37:47",
    "event": "slide"
  },
  {
    "category": "6",
    "app": "Chrome",
    "id": "38",
    "context": "HTC U11手機 - Google 搜尋",
    "time": "2017/05/24 18:36:42",
    "event": "click"
  },
  {
    "category": "6",
    "app": "Chrome",
    "id": "39",
    "context": "HTC U11手機 - Google 搜尋",
    "time": "2017/05/24 18:36:43",
    "event": "slide"
  },
  {
    "category": "6",
    "app": "Chrome",
    "id": "40",
    "context": "HTC 手機 官網",
    "time": "2017/05/24 18:38:42",
    "event": "type"
  },
  {
    "category": "6",
    "app": "Chrome",
    "id": "41",
    "context": "HTC 手機 官網 - Google 搜尋",
    "time": "2017/05/24 18:38:43",
    "event": "click"
  },
  {
    "category": "6",
    "app": "Chrome",
    "id": "42",
    "context": "HTC 手機 官網 - Google 搜尋",
    "time": "2017/05/24 18:38:43",
    "event": "slide"
  },
  {
    "category": "6",
    "app": "Chrome",
    "id": "43",
    "context": "HTC 台灣 智慧型手機 Smartphones | HTC 台灣",
    "time": "2017/05/24 18:38:49",
    "event": "click"
  },
  {
    "category": "6",
    "app": "Chrome",
    "id": "44",
    "context": "HTC 台灣 智慧型手機 Smartphones | HTC 台灣",
    "time": "2017/05/24 18:38:49",
    "event": "slide"
  },
  {
    "category": "6",
    "app": "Chrome",
    "id": "45",
    "context": "HTC U11手機 資費方案",
    "time": "2017/05/24 18:40:59",
    "event": "type"
  },
  {
    "category": "6",
    "app": "Chrome",
    "id": "46",
    "context": "HTC U11手機 資費方案 - Google 搜尋",
    "time": "2017/05/24 18:41:01",
    "event": "click"
  },
  {
    "category": "6",
    "app": "Chrome",
    "id": "47",
    "context": "HTC U11手機 資費方案 - Google 搜尋",
    "time": "2017/05/24 18:41:02",
    "event": "slide"
  },
  {
    "category": "6",
    "app": "Chrome",
    "id": "48",
    "context": "HTC U11手機電信通路6/1開賣，資費方案總彙整（陸續更新） (124613) - 癮科技 電信通路的HTC U11將在6/1開賣，現在中華跟遠傳已經公布資費方案，有興趣的朋友可以看過來。 各大電電信即日起陸續公布 HTC U11 資費方案。凡於 7/2 前至中華電信申辦「大 4G 金讚」指...(124613)",
    "time": "2017/05/24 18:41:03",
    "event": "click"
  },
  {
    "category": "6",
    "app": "Chrome",
    "id": "49",
    "context": "HTC U11手機電信通路6/1開賣，資費方案總彙整（陸續更新） (124613) - 癮科技 電信通路的HTC U11將在6/1開賣，現在中華跟遠傳已經公布資費方案，有興趣的朋友可以看過來。 各大電電信即日起陸續公布 HTC U11 資費方案。凡於 7/2 前至中華電信申辦「大 4G 金讚」指...(124613)",
    "time": "2017/05/24 18:41:04",
    "event": "slide"
  },
  {
    "category": "6",
    "app": "Chrome",
    "id": "50",
    "context": "HTC U11手機 資費方案 - Google 搜尋",
    "time": "2017/05/24 18:41:44",
    "event": "click"
  },
  {
    "category": "6",
    "app": "Chrome",
    "id": "51",
    "context": "HTC U11手機 資費方案 - Google 搜尋",
    "time": "2017/05/24 18:41:45",
    "event": "slide"
  },
  {
    "category": "6",
    "app": "Chrome",
    "id": "52",
    "context": "指定方案 0 元起，HTC U11 手機電信資費彙整 - 第1頁 - HTC討論區 - ePrice 行動版 5/26 內容更新：新增台灣之星的 HTC U11 手機資費方案雖然部分款式的 HTC U11 日前已經開始出貨，不過官方表定的正式開賣日期是 5 月 26 日，至於電信通路上架的日期則是 6 月 1 日。而在 6 月 1 日之前，包含中華電信、台灣大哥大以及遠傳電信都已經分別公布了 HTC U11 的資費方案。雖然 HTC U11 本身的售價已經很有競爭力，但若你的電信合約即將約滿，想要搭配電信方案",
    "time": "2017/05/24 18:41:47",
    "event": "click"
  },
  {
    "category": "6",
    "app": "Chrome",
    "id": "53",
    "context": "指定方案 0 元起，HTC U11 手機電信資費彙整 - 第1頁 - HTC討論區 - ePrice 行動版 5/26 內容更新：新增台灣之星的 HTC U11 手機資費方案雖然部分款式的 HTC U11 日前已經開始出貨，不過官方表定的正式開賣日期是 5 月 26 日，至於電信通路上架的日期則是 6 月 1 日。而在 6 月 1 日之前，包含中華電信、台灣大哥大以及遠傳電信都已經分別公布了 HTC U11 的資費方案。雖然 HTC U11 本身的售價已經很有競爭力，但若你的電信合約即將約滿，想要搭配電信方案",
    "time": "2017/05/24 18:41:47",
    "event": "slide"
  },
  {
    "category": "7",
    "app": "Line",
    "id": "54",
    "context": "那你先休息吧！ 不。 我要堅強的爬起來 去醫院看醫生 =-= 好哦！ 心疼了。。 乖老公等我回來！ 我去打針啦",
    "time": "2017/05/24 18:51:28",
    "event": "slide"
  },
  {
    "category": "8",
    "app": "Line",
    "id": "55",
    "context": "好哦 去吧",
    "time": "2017/05/24 18:51:28",
    "event": "type"
  },
  {
    "category": "3",
    "app": "Line",
    "id": "56",
    "context": "傳送",
    "time": "2017/05/24 18:51:29",
    "event": "click"
  },
  {
    "category": "7",
    "app": "Line",
    "id": "57",
    "context": "那你先休息吧！ 不。 我要堅強的爬起來 去醫院看醫生 =-= 好哦！ 心疼了。。 乖老公等我回來！ 我去打針啦 好哦 去吧",
    "time": "2017/05/24 18:51:29",
    "event": "slide"
  },
  {
    "category": "9",
    "app": "Line",
    "id": "58",
    "context": "嗯啊 哈哈 別緊張 嚇到我了 哈哈 掰  滾 昨天改的那台   有隻 some sensor 要換....",
    "time": "2017/05/24 18:51:36",
    "event": "slide"
  },
  {
    "category": "10",
    "app": "Line",
    "id": "59",
    "context": "厄 好 ",
    "time": "2017/05/24 18:51:40",
    "event": "type"
  },
  {
    "category": "3",
    "app": "Line",
    "id": "60",
    "context": "傳送",
    "time": "2017/05/24 18:51:41",
    "event": "click"
  },
  {
    "category": "9",
    "app": "Line",
    "id": "61",
    "context": "嗯啊 哈哈 別緊張 嚇到我了 哈哈 掰  滾 昨天改的那台   有隻 some sensor 要換.... 厄 好 ",
    "time": "2017/05/24 18:51:41",
    "event": "slide"
  },
  {
    "category": "6",
    "app": "Line",
    "id": "62",
    "context": "等到htc U11手機了 哈哈",
    "time": "2017/05/24 18:51:42",
    "event": "type"
  },
  {
    "category": "3",
    "app": "Line",
    "id": "63",
    "context": "傳送",
    "time": "2017/05/24 18:51:43",
    "event": "click"
  },
  {
    "category": "6",
    "app": "Line",
    "id": "64",
    "context": "嗯啊 哈哈 別緊張 嚇到我了 哈哈 掰  滾 昨天改的那台   有隻 some sensor 要換.... 厄 好 等到htc U11手機了 哈哈",
    "time": "2017/05/24 18:51:43",
    "event": "slide"
  },
  {
    "category": "11",
    "app": "Line",
    "id": "65",
    "context": "哈喽   今天天气特别的晴朗，愿今天你的心情也与这天气一样晴朗哦 。。 嗨，今天天氣好奇怪，下雨又出太陽的，你覺得是麼 還好 算正常 嗯 下班啦，今天一直下雨 你是那位??? 那你有沒有被雨淋到啊 沒有啊，下班沒下雨，， ?? 我叫美琴，是大陸廣西的，現在在廈門一家臺企上班，是加客戶賴加錯了就跟你打招呼了，你會介意麼",
    "time": "2017/05/24 18:53:37",
    "event": "slide"
  },
  {
    "category": "12",
    "app": "Line",
    "id": "66",
    "context": "不會啊",
    "time": "2017/05/24 18:53:37",
    "event": "type"
  },
  {
    "category": "3",
    "app": "Line",
    "id": "67",
    "context": "傳送",
    "time": "2017/05/24 18:53:38",
    "event": "click"
  },
  {
    "category": "11",
    "app": "Line",
    "id": "68",
    "context": "哈喽   今天天气特别的晴朗，愿今天你的心情也与这天气一样晴朗哦 。。 嗨，今天天氣好奇怪，下雨又出太陽的，你覺得是麼 還好 算正常 嗯 下班啦，今天一直下雨 你是那位??? 那你有沒有被雨淋到啊 沒有啊，下班沒下雨，， ?? 我叫美琴，是大陸廣西的，現在在廈門一家臺企上班，是加客戶賴加錯了就跟你打招呼了，你會介意麼 真的麼？ 不會啊 ",
    "time": "2017/05/24 18:53:38",
    "event": "slide"
  },
  {
    "category": "11",
    "app": "Line",
    "id": "69",
    "context": "哈喽   今天天气特别的晴朗，愿今天你的心情也与这天气一样晴朗哦 。。 嗨，今天天氣好奇怪，下雨又出太陽的，你覺得是麼 還好 算正常 嗯 下班啦，今天一直下雨 你是那位??? 那你有沒有被雨淋到啊 沒有啊，下班沒下雨，， ?? 我叫美琴，是大陸廣西的，現在在廈門一家臺企上班，是加客戶賴加錯了就跟你打招呼了，你會介意麼 真的麼？ 不會啊 謝謝你 嗯嗯",
    "time": "2017/05/24 18:53:37",
    "event": "slide"
  },
  {
    "category": "6",
    "app": "Line",
    "id": "70",
    "context": "你也太早了吧 。。 騎太快呀 沒事 看錯時間 。。。 要不要換台灣之星好猶豫哦 哈哈 換呀 很不錯呀 是哦，真假 我手機網路也會借電腦用 會玩遊戲 你用會頓嗎？ 有時候看影片會 但是還可以接受 是哦 可以去門市申請試用一個月 會給你sim卡 申請會很麻煩嗎？ 遠傳太不親民了 不會呀 如果999我還可以接受 現在都要1399 才能吃到飽 填個資料 好扯 唉~ 重點是他們家很爛 還好 速度我可以接受 我想買HTCU11 哈哈 網點很少呀 哈哈 用贏來的錢 XD 感覺很棒 好爽 還有總冠軍還沒出來 現在只有2萬多而已",
    "time": "2017/05/24 19:06:33",
    "event": "slide"
  },
  {
    "category": "6",
    "app": "Line",
    "id": "71",
    "context": "上次再網路門市 看到699的 辦理了 結果想搭配手機哈哈",
    "time": "2017/05/24 19:06:40",
    "event": "type"
  },
  {
    "category": "3",
    "app": "Line",
    "id": "72",
    "context": "傳送",
    "time": "2017/05/24 19:06:41",
    "event": "click"
  },
  {
    "category": "6",
    "app": "Line",
    "id": "73",
    "context": "你也太早了吧 。。 騎太快呀 沒事 看錯時間 。。。 要不要換台灣之星好猶豫哦 哈哈 換呀 很不錯呀 是哦，真假 我手機網路也會借電腦用 會玩遊戲 你用會頓嗎？ 有時候看影片會 但是還可以接受 是哦 可以去門市申請試用一個月 會給你sim卡 申請會很麻煩嗎？ 遠傳太不親民了 不會呀 如果999我還可以接受 現在都要1399 才能吃到飽 填個資料 好扯 唉~ 重點是他們家很爛 還好 速度我可以接受 我想買HTCU11 哈哈 網點很少呀 哈哈 用贏來的錢 XD 感覺很棒 好爽 還有總冠軍還沒出來 現在只有2萬多而已 上次再網路門市 看到699的 辦理了 結果想搭配手機哈哈",
    "time": "2017/05/24 19:06:41",
    "event": "slide"
  }
]