[
  {
    "category": "1",
    "app": "Chrome",
    "id": "1",
    "context": "台北旅遊 ",
    "time": "2017/07/07 17:25:12",
    "event": "type"
  },
  {
    "category": "1",
    "app": "Chrome",
    "id": "2",
    "context": "台北旅遊 - Google 搜尋 ",
    "time": "2017/07/07 17:25:20",
    "event": "click"
  },
  {
    "category": "1",
    "app": "Chrome",
    "id": "3",
    "context": "台北旅遊 - Google 搜尋",
    "time": "2017/07/07 17:25:29",
    "event": "slide"
  },
  {
    "category": "1",
    "app": "Chrome",
    "id": "4",
    "context": "｜台北旅遊指南｜2017必去台北景點、美食及台北住宿攻略｜AsiaYo - AsiaYo.com",
    "time": "2017/07/07 17:25:32",
    "event": "click"
  },
  {
    "category": "1",
    "app": "Chrome",
    "id": "5",
    "context": "｜台北旅遊指南｜2017必去台北景點、美食及台北住宿攻略｜AsiaYo",
    "time": "2017/07/07 17:25:34",
    "event": "slide"
  },
  {
    "category": "1",
    "app": "Chrome",
    "id": "6",
    "context": "【台北市立動物園】台北木柵動物園貓熊～團團圓圓熊貓一日遊",
    "time": "2017/07/07 17:25:53",
    "event": "click"
  },
  {
    "category": "1",
    "app": "Chrome",
    "id": "7",
    "context": "【台北市立動物園】台北木柵動物園貓熊～團團圓圓熊貓一日遊-Via's旅行札記 行動版",
    "time": "2017/07/07 17:25:54",
    "event": "slide"
  },
  {
    "category": "1",
    "app": "Chrome",
    "id": "8",
    "context": "台北 饒河  ",
    "time": "2017/07/07 17:26:51",
    "event": "type"
  },
  {
    "category": "1",
    "app": "Chrome",
    "id": "9",
    "context": "台北 饒河夜市 - Google 搜尋",
    "time": "2017/07/07 17:26:55",
    "event": "slide"
  },
  {
    "category": "1",
    "app": "Chrome",
    "id": "10",
    "context": "【台北】松山饒河夜市美食攻略正常鮮肉小籠湯包、口袋吐司、爆漿芋、日式大阪燒 ... ",
    "time": "2017/07/07 17:27:04",
    "event": "click"
  },
  {
    "category": "1",
    "app": "Chrome",
    "id": "11",
    "context": "【台北】松山饒河夜市美食攻略正常鮮肉小籠湯包、口袋吐司、爆漿芋、日式大阪燒 ...  ",
    "time": "2017/07/07 17:27:04",
    "event": "slide"
  },
  {
    "category": "1",
    "app": "Chrome",
    "id": "12",
    "context": "台北 饒河夜市 - Google 搜尋 ",
    "time": "2017/07/07 17:27:15",
    "event": "slide"
  },
  {
    "category": "1",
    "app": "Chrome",
    "id": "13",
    "context": "【台北】松山饒河夜市美食攻略正常鮮肉小籠湯包、口袋 ... - YOYO      愛生活",
    "time": "2017/07/07 17:27:20",
    "event": "click"
  },
  {
    "category": "1",
    "app": "Chrome",
    "id": "14",
    "context": "【台北】松山 饒河夜市美食攻略 正常鮮肉小籠湯包、口袋吐司、爆漿芋、日式大阪燒、甘泉豆花‧人氣必吃推薦♥♥♥ @ YOYO♥♥♥愛生活 :: 痞客邦 PIXNET :: ",
    "time": "2017/07/07 17:27:21",
    "event": "slide"
  },
  {
    "category": "1",
    "app": "Chrome",
    "id": "15",
    "context": "台北 饒河夜市 - Google 搜尋 ",
    "time": "2017/07/07 17:31:36",
    "event": "slide"
  },
  {
    "category": "1",
    "app": "Chrome",
    "id": "16",
    "context": "【台北松山】饒河夜市懶人包攻略‧邊走邊吃邊逛30家美味整理!福州世祖胡椒餅 ... ",
    "time": "2017/07/07 17:31:39",
    "event": "click"
  },
  {
    "category": "1",
    "app": "Chrome",
    "id": "17",
    "context": "【台北松山】饒河夜市懶人包攻略‧邊走邊吃邊逛30家美味整理!福州世祖胡椒餅、火焰骰子牛、日本福島屋圓圓燒、加賀魷魚大王、陳董藥燉排骨、金林三兄弟藥燉排骨、老芋仔芋頭酥、下港名彭臭豆腐、東發號蚵仔麵線、韓式起司炸雞、阿爸ㄟ蒜香雞、廟口豬血糕、口袋吐司等美食一次吃透透!@大口~－iPeen 愛評網",
    "time": "2017/07/07 17:31:39",
    "event": "slide"
  },
  {
    "category": "1",
    "app": "Chrome",
    "id": "18",
    "context": "台北 饒河夜市 - Google 搜尋 ",
    "time": "2017/07/07 17:31:42",
    "event": "slide"
  },
  {
    "category": "1",
    "app": "Chrome",
    "id": "19",
    "context": "【台北松山】饒河夜市懶人包攻略‧邊走邊吃邊逛30家美味整理!福州世祖胡椒餅、火焰骰子牛、日本福島屋圓圓燒、加賀魷魚大王、陳董藥燉排骨、金林三兄弟藥燉排骨、老芋仔芋頭酥、下港名彭臭豆腐、東發號蚵仔麵線、韓式起司炸雞、阿爸ㄟ蒜香雞、廟口豬血糕、口袋吐司等美食一次吃透透! @ 大口老師的走跳學堂! :: 痞客邦 PIXNET ::",
    "time": "2017/07/07 17:31:43",
    "event": "click"
  },
  {
    "category": "1",
    "app": "Chrome",
    "id": "20",
    "context": "【台北松山】饒河夜市懶人包攻略‧邊走邊吃邊逛30家美味整理!福州世祖胡椒餅、火焰骰子牛、日本福島屋圓圓燒、加賀魷魚大王、陳董藥燉排骨、金林三兄弟藥燉排骨、老芋仔芋頭酥、下港名彭臭豆腐、東發號蚵仔麵線、韓式起司炸雞、阿爸ㄟ蒜香雞、廟口豬血糕、口袋吐司等美食一次吃透透! @ 大口老師的走跳學堂! :: 痞客邦 PIXNET ::",
    "time": "2017/07/07 17:31:45",
    "event": "slide"
  },
  {
    "category": "1",
    "app": "Chrome",
    "id": "21",
    "context": "台北 士林",
    "time": "2017/07/07 17:32:01",
    "event": "type"
  },
  {
    "category": "1",
    "app": "Chrome",
    "id": "22",
    "context": "台北 士林 - Google 搜尋 ",
    "time": "2017/07/07 17:32:01",
    "event": "click"
  },
  {
    "category": "1",
    "app": "Chrome",
    "id": "23",
    "context": "台北 士林 - Google 搜尋 ",
    "time": "2017/07/07 17:32:02",
    "event": "slide"
  },
  {
    "category": "1",
    "app": "Chrome",
    "id": "24",
    "context": "【士林夜市必吃美食地圖攻略。台北士林】精選14家非吃不可懶人包！ - Livia's Wonderland薇笑樂園 ",
    "time": "2017/07/07 17:32:11",
    "event": "click"
  },
  {
    "category": "1",
    "app": "Chrome",
    "id": "25",
    "context": "【士林夜市必吃美食地圖攻略。台北士林】精選14家非吃不可懶人包！ - Livia's Wonderland薇笑樂園 www.liviatravel.com",
    "time": "2017/07/07 17:32:54",
    "event": "slide"
  },
  {
    "category": "1",
    "app": "Chrome",
    "id": "26",
    "context": "台北 士林夜市",
    "time": "2017/07/07 17:34:08",
    "event": "type"
  },
  {
    "category": "1",
    "app": "Chrome",
    "id": "27",
    "context": "台北 士林夜市 - Google",
    "time": "2017/07/07 17:34:08",
    "event": "click"
  },
  {
    "category": "1",
    "app": "Chrome",
    "id": "28",
    "context": "台北 士林夜市 - Google 搜尋",
    "time": "2017/07/07 17:34:08",
    "event": "slide"
  },
  {
    "category": "1",
    "app": "Chrome",
    "id": "29",
    "context": "銅板價夜市隱藏美食大特搜！士林夜市錯過這5攤絕對會搥心肝... - 自由電子報iStyle時尚美妝頻道",
    "time": "2017/07/07 17:34:9",
    "event": "click"
  },
  {
    "category": "1",
    "app": "Chrome",
    "id": "30",
    "context": "銅板價夜市隱藏美食大特搜！士林夜市錯過這5攤絕對會搥心肝... - 自由電子報iStyle時尚美妝頻道",
    "time": "2017/07/07 17:34:10",
    "event": "slide"
  },
  {
    "category": "1",
    "app": "Chrome",
    "id": "31",
    "context": "台北 松山",
    "time": "2017/07/07 17:34:17",
    "event": "type"
  },
  {
    "category": "1",
    "app": "Chrome",
    "id": "32",
    "context": "台北 松山- Google 搜尋",
    "time": "2017/07/07 17:34:19",
    "event": "click"
  },
  {
    "category": "1",
    "app": "Chrome",
    "id": "33",
    "context": "台北 松山- Google 搜尋",
    "time": "2017/07/07 17:34:19",
    "event": "slide"
  },
  {
    "category": "1",
    "app": "Chrome",
    "id": "34",
    "context": "松山文創園區 ",
    "time": "2017/07/07 17:34:26",
    "event": "click"
  },
  {
    "category": "1",
    "app": "Chrome",
    "id": "35",
    "context": "松山文創園區",
    "time": "2017/07/07 17:34:26",
    "event": "slide"
  },
  {
    "category": "1",
    "app": "Chrome",
    "id": "36",
    "context": "台北 華山",
    "time": "2017/07/07 17:36:50",
    "event": "type"
  },
  {
    "category": "1",
    "app": "Chrome",
    "id": "37",
    "context": "台北 華山 - Google 搜尋",
    "time": "2017/07/07 17:36:53",
    "event": "slide"
  },
  {
    "category": "2",
    "app": "Chrome",
    "id": "38",
    "context": "顯示星期五熱門時段的直方圖 ",
    "time": "2017/07/07 17:36:56",
    "event": "click"
  },
  {
    "category": "1",
    "app": "Chrome",
    "id": "39",
    "context": "表演與展覽 - 台北華山1914文化創意產業園區 ",
    "time": "2017/07/07 17:36:59",
    "event": "click"
  },
  {
    "category": "1",
    "app": "Chrome",
    "id": "40",
    "context": ":: 台北華山1914文化創意產業園區 :: ",
    "time": "2017/07/07 17:37:00",
    "event": "slide"
  },
  {
    "category": "1",
    "app": "Chrome",
    "id": "41",
    "context": "台北 西門町  ",
    "time": "2017/07/07 17:37:11",
    "event": "type"
  },
  {
    "category": "1",
    "app": "Chrome",
    "id": "42",
    "context": "台北 西門町 - Google 搜尋",
    "time": "2017/07/07 17:37:12",
    "event": "slide"
  },
  {
    "category": "1",
    "app": "Chrome",
    "id": "43",
    "context": "【揪是要食西門町】在地人推薦！西門町必吃TOP 10必吃美食+甜點 - 啾啾瘋旅行 - 痞客邦PIXNET ",
    "time": "2017/07/07 17:37:15",
    "event": "click"
  },
  {
    "category": "1",
    "app": "Chrome",
    "id": "44",
    "context": "【揪是要食西門町】在地人推薦！西門町必吃TOP 10必吃美食+甜點 @ 啾啾の旅行紀錄 :: 痞客邦 PIXNET :: ",
    "time": "2017/07/07 17:37:18",
    "event": "slide"
  },
  {
    "category": "1",
    "app": "Chrome",
    "id": "45",
    "context": "台北101  ",
    "time": "2017/07/07 17:37:35",
    "event": "type"
  },
  {
    "category": "1",
    "app": "Chrome",
    "id": "46",
    "context": "台北101 - Google 搜尋 ",
    "time": "2017/07/07 17:37:38",
    "event": "slide"
  },
  {
    "category": "1",
    "app": "Chrome",
    "id": "47",
    "context": "台北101官方網站 ",
    "time": "2017/07/07 17:37:40",
    "event": "click"
  },
  {
    "category": "1",
    "app": "Chrome",
    "id": "48",
    "context": "101 Taipei Financial Center Corp. 台北101官方網站 ",
    "time": "2017/07/07 17:37:42",
    "event": "slide"
  },
  {
    "category": "1",
    "app": "Chrome",
    "id": "49",
    "context": "台北 東區  ",
    "time": "2017/07/07 17:38:19",
    "event": "type"
  },
  {
    "category": "1",
    "app": "Chrome",
    "id": "50",
    "context": "東區 - Google 搜尋 ",
    "time": "2017/07/07 17:38:23",
    "event": "slide"
  },
  {
    "category": "1",
    "app": "Chrome",
    "id": "51",
    "context": "臺北東區- 维基百科，自由的百科全书 - 維基百科 ",
    "time": "2017/07/07 17:38:24",
    "event": "click"
  },
  {
    "category": "1",
    "app": "Chrome",
    "id": "52",
    "context": "臺北東區 - 維基百科，自由的百科全書",
    "time": "2017/07/07 17:38:28",
    "event": "slide"
  },
  {
    "category": "1",
    "app": "Chrome",
    "id": "53",
    "context": "台北 兒童新樂園  ",
    "time": "2017/07/07 17:38:42",
    "event": "type"
  },
  {
    "category": "1",
    "app": "Chrome",
    "id": "54",
    "context": "台北 兒童新樂園 - Google 搜尋 ",
    "time": "2017/07/07 17:38:44",
    "event": "slide"
  },
  {
    "category": "1",
    "app": "Chrome",
    "id": "55",
    "context": "兒童新樂園 遊樂設施  ",
    "time": "2017/07/07 17:38:48",
    "event": "click"
  },
  {
    "category": "1",
    "app": "Chrome",
    "id": "56",
    "context": "兒童新樂園 ─ 遊園資訊",
    "time": "2017/07/07 17:38:50",
    "event": "slide"
  },
  {
    "category": "1",
    "app": "Chrome",
    "id": "57",
    "context": "台北 淡水  ",
    "time": "2017/07/07 17:39:28",
    "event": "type"
  },
  {
    "category": "1",
    "app": "Chrome",
    "id": "58",
    "context": "[懶人包] 淡水旅遊：古蹟、景點與美食完全攻略(2017) 1394 @ 貓大爺部落格:: 隨意窩Xuite日誌 ",
    "time": "2017/07/07 17:39:35",
    "event": "click"
  },
  {
    "category": "1",
    "app": "Chrome",
    "id": "59",
    "context": "[懶人包] 淡水旅遊：古蹟、景點與美食完全攻略 (2017) 1394 @ 貓大爺部落格 :: 隨意窩 Xuite日誌",
    "time": "2017/07/07 17:39:38",
    "event": "slide"
  },
  {
    "category": "1",
    "app": "Chrome",
    "id": "60",
    "context": "淡水 紅毛城 ",
    "time": "2017/07/07 17:39:54",
    "event": "click"
  },
  {
    "category": "1",
    "app": "Chrome",
    "id": "61",
    "context": "[淡水旅遊] 淡水紅毛城：殖民時代的紅色歐風城堡 (國定古蹟) 1196 @ 貓大爺部落格 :: 隨意窩 Xuite日誌",
    "time": "2017/07/07 17:40:17",
    "event": "slide"
  },
  {
    "category": "1",
    "app": "Chrome",
    "id": "62",
    "context": "台北車站  ",
    "time": "2017/07/07 17:40:50",
    "event": "type"
  },
  {
    "category": "1",
    "app": "Chrome",
    "id": "63",
    "context": "台北車站 - 臺灣鐵路管理局 ",
    "time": "2017/07/07 17:41:20",
    "event": "click"
  },
  {
    "category": "1",
    "app": "Chrome",
    "id": "64",
    "context": "歡迎光臨交通部台灣鐵路管理局",
    "time": "2017/07/07 17:41:21",
    "event": "slide"
  },
  {
    "category": "1",
    "app": "Chrome",
    "id": "65",
    "context": "台北車站",
    "time": "2017/07/07 17:41:27",
    "event": "slide"
  },
  {
    "category": "1",
    "app": "Chrome",
    "id": "66",
    "context": "臺北站介紹   》 臺北站介紹 ",
    "time": "2017/07/07 17:41:32",
    "event": "click"
  },
  {
    "category": "1",
    "app": "Chrome",
    "id": "67",
    "context": "台北車站",
    "time": "2017/07/07 17:41:33",
    "event": "slide"
  },
  {
    "category": "1",
    "app": "Chrome",
    "id": "68",
    "context": "台北 象山  ",
    "time": "2017/07/07 17:41:46",
    "event": "type"
  },
  {
    "category": "1",
    "app": "Chrome",
    "id": "69",
    "context": "台北 象山 - Google 搜尋",
    "time": "2017/07/07 17:41:47",
    "event": "slide"
  },
  {
    "category": "1",
    "app": "Chrome",
    "id": "70",
    "context": "台北 木柵  ",
    "time": "2017/07/07 17:41:51",
    "event": "type"
  },
  {
    "category": "1",
    "app": "Chrome",
    "id": "71",
    "context": "台北 木柵 - Google 搜尋",
    "time": "2017/07/07 17:41:56",
    "event": "slide"
  },
  {
    "category": "1",
    "app": "Chrome",
    "id": "72",
    "context": "臺北市立動物園 ",
    "time": "2017/07/07 17:41:59",
    "event": "click"
  },
  {
    "category": "1",
    "app": "Chrome",
    "id": "73",
    "context": "臺北市立動物園 ",
    "time": "2017/07/07 17:42:00",
    "event": "slide"
  },
  {
    "category": "1",
    "app": "Chrome",
    "id": "74",
    "context": "台北101  ",
    "time": "2017/07/07 17:42:29",
    "event": "type"
  },
  {
    "category": "1",
    "app": "Chrome",
    "id": "75",
    "context": "台北101 - Google 搜尋",
    "time": "2017/07/07 17:42:30",
    "event": "slide"
  },
  {
    "category": "1",
    "app": "Chrome",
    "id": "76",
    "context": "更多台北101的相關資訊  ",
    "time": "2017/07/07 17:42:33",
    "event": "click"
  },
  {
    "category": "1",
    "app": "Chrome",
    "id": "77",
    "context": "台北101官方網站 ",
    "time": "2017/07/07 17:42:35",
    "event": "click"
  },
  {
    "category": "1",
    "app": "Chrome",
    "id": "78",
    "context": "101 Taipei Financial Center Corp. 台北101官方網站 ",
    "time": "2017/07/07 17:42:37",
    "event": "slide"
  },
  {
    "category": "1",
    "app": "Chrome",
    "id": "79",
    "context": "台北 華山  ",
    "time": "2017/07/07 17:43:06",
    "event": "type"
  },
  {
    "category": "1",
    "app": "Chrome",
    "id": "80",
    "context": "台北 華山文創園區 - Google 搜尋",
    "time": "2017/07/07 17:43:09",
    "event": "slide"
  },
  {
    "category": "1",
    "app": "Chrome",
    "id": "81",
    "context": "華山1914文化創意產業園區 ",
    "time": "2017/07/07 17:43:16",
    "event": "click"
  },
  {
    "category": "1",
    "app": "Chrome",
    "id": "82",
    "context": ":: 華山1914文化創意產業園區 :: ",
    "time": "2017/07/07 17:43:17",
    "event": "slide"
  },
  {
    "category": "1",
    "app": "Chrome",
    "id": "83",
    "context": "華山文創園區 - Google 搜尋 ",
    "time": "2017/07/07 17:43:21",
    "event": "slide"
  },
  {
    "category": "1",
    "app": "Chrome",
    "id": "84",
    "context": "[ 台北好玩] 華山1914文化創意園區@ bobowin旅行攝影生活:: 隨意窩Xuite日誌 ",
    "time": "2017/07/07 17:43:23",
    "event": "click"
  },
  {
    "category": "1",
    "app": "Chrome",
    "id": "85",
    "context": "[ 台北好玩 ] 華山1914文化創意園區 @ bobowin旅行攝影生活 :: 隨意窩 Xuite日誌",
    "time": "2017/07/07 17:43:25",
    "event": "slide"
  },
  {
    "category": "1",
    "app": "Chrome",
    "id": "86",
    "context": "華山文創園區 - Google 搜尋 ",
    "time": "2017/07/07 17:43:46",
    "event": "slide"
  },
  {
    "category": "1",
    "app": "Chrome",
    "id": "87",
    "context": "台北 饒河夜市  ",
    "time": "2017/07/07 17:44:14",
    "event": "type"
  },
  {
    "category": "1",
    "app": "Chrome",
    "id": "88",
    "context": "台北  饒河夜市 - Google 搜尋 ",
    "time": "2017/07/07 17:44:15",
    "event": "slide"
  },
  {
    "category": "1",
    "app": "Chrome",
    "id": "89",
    "context": "[懶人包] 貓大爺饒河街夜市美食攻略(18篇) 1258 @ 貓大爺部落格:: 隨意窩 ... ",
    "time": "2017/07/07 17:44:20",
    "event": "click"
  },
  {
    "category": "1",
    "app": "Chrome",
    "id": "90",
    "context": "[懶人包] 貓大爺饒河街夜市美食攻略 (18篇) 1258 @ 貓大爺部落格 :: 隨意窩 Xuite日誌 ",
    "time": "2017/07/07 17:44:21",
    "event": "slide"
  },
  {
    "category": "3",
    "app": "Facebook",
    "id": "91",
    "context": "【反骨有嘻哈】你今天有FREE STYLE嗎… 查看更多 ",
    "time": "2017/07/07 17:45:15",
    "event": "slide"
  },
  {
    "category": "4",
    "app": "Facebook",
    "id": "92",
    "context": "EXO醬  ",
    "time": "2017/07/07 17:48:13",
    "event": "type"
  },
  {
    "category": "1",
    "app": "com.android.systemui",
    "id": "93",
    "context": "[懶人包] 貓大爺饒河街夜市美食攻略 (18篇) 1258 @ 貓大爺部落格 :: 隨意窩 Xuite日誌  ",
    "time": "2017/07/07 17:50:03",
    "event": "click"
  },
  {
    "category": "1",
    "app": "com.android.systemui",
    "id": "94",
    "context": "[懶人包] 貓大爺饒河街夜市美食攻略 (18篇) 1258 @ 貓大爺部落格 :: 隨意窩 Xuite日誌  關閉「[懶人包] 貓大爺饒河街夜市美食攻略 (18篇) 1258 @ 貓大爺部落格 :: 隨意窩 Xuite日誌」。  ",
    "time": "2017/07/07 17:50:15",
    "event": "click"
  },
  {
    "category": "1",
    "app": "Chrome",
    "id": "95",
    "context": "[懶人包] 貓大爺饒河街夜市美食攻略 (18篇) 1258 @ 貓大爺部落格 :: 隨意窩 Xuite日誌",
    "time": "2017/07/07 17:50:17",
    "event": "slide"
  },
  {
    "category": "1",
    "app": "com.android.systemui",
    "id": "96",
    "context": "｜台北旅遊指南｜2017必去台北景點、美食及台北住宿攻略｜AsiaYo  ",
    "time": "2017/07/07 17:50:20",
    "event": "click"
  },
  {
    "category": "1",
    "app": "Chrome",
    "id": "97",
    "context": "｜台北旅遊指南｜2017必去台北景點、美食及台北住宿攻略｜AsiaYo ",
    "time": "2017/07/07 17:50:26",
    "event": "slide"
  }
]