[
  {
    "category": "1",
    "app": "Chrome",
    "id": "1",
    "context": "鵪鶉",
    "time": "2017/06/07 13:05:20",
    "event": "type"
  },
  {
    "category": "1",
    "app": "Chrome",
    "id": "2",
    "context": "鵪鶉 - Google 搜尋",
    "time": "2017/06/07 13:05:21",
    "event": "click"
  },
  {
    "category": "1",
    "app": "Chrome",
    "id": "3",
    "context": "鵪鶉 - Google 搜尋",
    "time": "2017/06/07 13:05:23",
    "event": "slide"
  },
  {
    "category": "1",
    "app": "Chrome",
    "id": "4",
    "context": "鵪鶉-產業現況- 產業現況- 台灣畜產- 財團法人中央畜產會 ",
    "time": "2017/06/07 13:04:42",
    "event": "click"
  },
  {
    "category": "1",
    "app": "Chrome",
    "id": "5",
    "context": "鵪鶉-產業現況- 產業現況- 台灣畜產- 財團法人中央畜產會 ",
    "time": "2017/06/07 13:04:42",
    "event": "slide"
  },
  {
    "category": "1",
    "app": "Chrome",
    "id": "6",
    "context": "鵪鶉 - Google 搜尋",
    "time": "2017/06/07 13:05:23",
    "event": "slide"
  },
  {
    "category": "1",
    "app": "Chrome",
    "id": "7",
    "context": "【更新】明明買蛋回家　結果得到一隻鵪鶉│即時新聞│20150120│蘋果日報",
    "time": "2017/06/07 13:05:29",
    "event": "click"
  },
  {
    "category": "1",
    "app": "Chrome",
    "id": "8",
    "context": "【更新】明明買蛋回家　結果得到一隻鵪鶉│即時新聞│20150120│蘋果日報",
    "time": "2017/06/07 13:05:29",
    "event": "slide"
  },
  {
    "category": "1",
    "app": "Chrome",
    "id": "9",
    "context": "鵪鶉 - Google 搜尋",
    "time": "2017/06/07 13:06:48",
    "event": "slide"
  },
  {
    "category": "1",
    "app": "Chrome",
    "id": "10",
    "context": "鵪鶉 - 海「線」的「西」有特產 ~ 鵪鶉 ",
    "time": "2017/06/07 13:07:05",
    "event": "click"
  },
  {
    "category": "1",
    "app": "Chrome",
    "id": "11",
    "context": "鵪鶉 - 海「線」的「西」有特產 ~ 鵪鶉 ",
    "time": "2017/06/07 13:07:05",
    "event": "slide"
  },
  {
    "category": "1",
    "app": "Chrome",
    "id": "12",
    "context": "鵪鶉 - Google 搜尋",
    "time": "2017/06/07 13:07:44",
    "event": "slide"
  },
  {
    "category": "2",
    "app": "Chrome",
    "id": "13",
    "context": "106學年度中興羽球排名賽",
    "time": "2017/06/07 13:07:52",
    "event": "type"
  },
  {
    "category": "2",
    "app": "Chrome",
    "id": "14",
    "context": "106學年度中興羽球排名賽 - Google 搜尋",
    "time": "2017/06/07 13:07:52",
    "event": "click"
  },
  {
    "category": "2",
    "app": "Chrome",
    "id": "15",
    "context": "106學年度中興羽球排名賽 - Google 搜尋",
    "time": "2017/06/07 13:07:52",
    "event": "slide"
  },
  {
    "category": "2",
    "app": "Chrome",
    "id": "16",
    "context": "106學年度中興羽球排名賽- 首頁| Facebook",
    "time": "2017/06/07 13:07:57",
    "event": "click"
  },
  {
    "category": "2",
    "app": "Chrome",
    "id": "17",
    "context": "106學年度中興羽球排名賽 - 首頁",
    "time": "2017/06/07 13:07:57",
    "event": "slide"
  },
  {
    "category": "2",
    "app": "Chrome",
    "id": "18",
    "context": "羽球筆記 羽球筆記提供您簡易舉辦羽球賽事，輕鬆查詢羽球比賽資訊，依球技分組的全國羽球分級賽事等您來挑戰喔",
    "time": "2017/06/07 13:08:28",
    "event": "click"
  },
  {
    "category": "2",
    "app": "Chrome",
    "id": "19",
    "context": "羽球筆記 羽球筆記提供您簡易舉辦羽球賽事，輕鬆查詢羽球比賽資訊，依球技分組的全國羽球分級賽事等您來挑戰喔",
    "time": "2017/06/07 13:08:28",
    "event": "slide"
  },
  {
    "category": "3",
    "app": "Chrome",
    "id": "20",
    "context": "水保大家庭之水保大家 ",
    "time": "2017/06/07 13:10:10",
    "event": "click"
  },
  {
    "category": "3",
    "app": "Chrome",
    "id": "21",
    "context": "水保大家庭之水保大家 ",
    "time": "2017/06/07 13:10:10",
    "event": "slide"
  },
  {
    "category": "4",
    "app": "Chrome",
    "id": "22",
    "context": "興大商品市集 ",
    "time": "2017/06/07 13:10:43",
    "event": "click"
  },
  {
    "category": "4",
    "app": "Chrome",
    "id": "23",
    "context": "興大商品市集 ",
    "time": "2017/06/07 13:10:43",
    "event": "slide"
  },
  {
    "category": "3",
    "app": "Chrome",
    "id": "24",
    "context": "水保大家庭之水保大家",
    "time": "2017/06/07 13:11:36",
    "event": "click"
  },
  {
    "category": "3",
    "app": "Chrome",
    "id": "25",
    "context": "水保大家庭之水保大家",
    "time": "2017/06/07 13:11:36",
    "event": "slide"
  },
  {
    "category": "2",
    "app": "Chrome",
    "id": "26",
    "context": "106中興校內排名賽 賽程圖表",
    "time": "2017/06/07 13:12:20",
    "event": "click"
  },
  {
    "category": "2",
    "app": "Chrome",
    "id": "27",
    "context": "106中興校內排名賽 賽程圖表.pdf - Google 雲端硬碟",
    "time": "2017/06/07 13:12:20",
    "event": "slide"
  },
  {
    "category": "1",
    "app": "Chrome",
    "id": "28",
    "context": "養鳥",
    "time": "2017/06/07 13:13:58",
    "event": "type"
  },
  {
    "category": "1",
    "app": "Chrome",
    "id": "29",
    "context": "養鳥 - Google 搜尋 ",
    "time": "2017/06/07 13:13:58",
    "event": "click"
  },
  {
    "category": "1",
    "app": "Chrome",
    "id": "30",
    "context": "養鳥 - Google 搜尋 ",
    "time": "2017/06/07 13:13:58",
    "event": "slide"
  },
  {
    "category": "1",
    "app": "Chrome",
    "id": "31",
    "context": "養雞常見的三個方法，想養雞的朋友快來收藏 - 每日頭條",
    "time": "2017/06/07 13:14:10",
    "event": "slide"
  },
  {
    "category": "1",
    "app": "Chrome",
    "id": "32",
    "context": "養雞",
    "time": "2017/06/07 13:15:03",
    "event": "slide"
  },
  {
    "category": "1",
    "app": "Chrome",
    "id": "33",
    "context": "養雞 - Google 搜尋 ",
    "time": "2017/06/07 13:15:03",
    "event": "click"
  },
  {
    "category": "1",
    "app": "Chrome",
    "id": "34",
    "context": "養雞 - Google 搜尋 ",
    "time": "2017/06/07 13:15:03",
    "event": "slide"
  },
  {
    "category": "1",
    "app": "Chrome",
    "id": "35",
    "context": "雞舍diy",
    "time": "2017/06/07 13:15:26",
    "event": "type"
  },
  {
    "category": "1",
    "app": "Chrome",
    "id": "36",
    "context": "雞舍diy - Google 搜尋",
    "time": "2017/06/07 13:15:26",
    "event": "click"
  },
  {
    "category": "1",
    "app": "Chrome",
    "id": "37",
    "context": "雞舍diy - Google 搜尋",
    "time": "2017/06/07 13:15:26",
    "event": "slide"
  },
  {
    "category": "1",
    "app": "Chrome",
    "id": "38",
    "context": "10個新奇有趣的雞舍",
    "time": "2017/06/07 13:15:41",
    "event": "click"
  },
  {
    "category": "1",
    "app": "Chrome",
    "id": "39",
    "context": "10個新奇有趣的雞舍",
    "time": "2017/06/07 13:15:41",
    "event": "slide"
  },
  {
    "category": "1",
    "app": "Chrome",
    "id": "40",
    "context": "雞舍diy - Google 搜尋 ",
    "time": "2017/06/07 13:16:05",
    "event": "slide"
  },
  {
    "category": "1",
    "app": "Chrome",
    "id": "41",
    "context": "雞生蛋 蛋生雞",
    "time": "2017/06/07 13:16:29",
    "event": "type"
  },
  {
    "category": "1",
    "app": "Chrome",
    "id": "42",
    "context": "雞生蛋 蛋生雞 - Google 搜尋 ",
    "time": "2017/06/07 13:16:29",
    "event": "click"
  },
  {
    "category": "1",
    "app": "Chrome",
    "id": "43",
    "context": "雞生蛋 蛋生雞 - Google 搜尋 ",
    "time": "2017/06/07 13:16:29",
    "event": "slide"
  },
  {
    "category": "1",
    "app": "Chrome",
    "id": "44",
    "context": "先有雞才有蛋？！　英科學家破解謎題 | | NOWnews今日新聞 ",
    "time": "2017/06/07 13:16:37",
    "event": "click"
  },
  {
    "category": "1",
    "app": "Chrome",
    "id": "45",
    "context": "先有雞才有蛋？！　英科學家破解謎題 | | NOWnews今日新聞 ",
    "time": "2017/06/07 13:16:37",
    "event": "slide"
  },
  {
    "category": "4",
    "app": "Chrome",
    "id": "46",
    "context": "麥田圈",
    "time": "2017/06/07 13:19:18",
    "event": "type"
  },
  {
    "category": "4",
    "app": "Chrome",
    "id": "47",
    "context": "麥田圈 ",
    "time": "2017/06/07 13:19:18",
    "event": "click"
  },
  {
    "category": "4",
    "app": "Chrome",
    "id": "48",
    "context": "麥田圈 ",
    "time": "2017/06/07 13:19:18",
    "event": "slide"
  },
  {
    "category": "4",
    "app": "Chrome",
    "id": "49",
    "context": "麥田圈有進化論　從平面粗糙變3Ｄ圖案 |  | NOWnews今日新聞　英科學家破解謎題 ",
    "time": "2017/06/07 13:17:23",
    "event": "click"
  },
  {
    "category": "4",
    "app": "Chrome",
    "id": "50",
    "context": "麥田圈有進化論　從平面粗糙變3Ｄ圖案 |  | NOWnews今日新聞　英科學家破解謎題 ",
    "time": "2017/06/07 13:17:23",
    "event": "slide"
  },
  {
    "category": "4",
    "app": "Chrome",
    "id": "51",
    "context": "麥田圈",
    "time": "2017/06/07 13:19:18",
    "event": "slide"
  },
  {
    "category": "4",
    "app": "Chrome",
    "id": "52",
    "context": "人類到底能不能做麥田圈？結果讓人跌破眼鏡 - 中時電子報 ",
    "time": "2017/06/07 13:19:29",
    "event": "click"
  },
  {
    "category": "4",
    "app": "Chrome",
    "id": "53",
    "context": "人類到底能不能做麥田圈？結果讓人跌破眼鏡 - 中時電子報 ",
    "time": "2017/06/07 13:19:29",
    "event": "slide"
  },
  {
    "category": "4",
    "app": "Chrome",
    "id": "54",
    "context": "麥田圈",
    "time": "2017/06/07 13:21:23",
    "event": "slide"
  },
  {
    "category": "4",
    "app": "Chrome",
    "id": "55",
    "context": "義大利麥田圈解碼了！訊息駭人，給人類明顯警告！ | 新唐人電視台(手機版) ",
    "time": "2017/06/07 13:21:36",
    "event": "click"
  },
  {
    "category": "4",
    "app": "Chrome",
    "id": "56",
    "context": "義大利麥田圈解碼了！訊息駭人，給人類明顯警告！ | 新唐人電視台(手機版) ",
    "time": "2017/06/07 13:21:36",
    "event": "slide"
  },
  {
    "category": "4",
    "app": "Chrome",
    "id": "57",
    "context": "麥田圈",
    "time": "2017/06/07 13:24:09",
    "event": "slide"
  },
  {
    "category": "5",
    "app": "Chrome",
    "id": "58",
    "context": "世界謎案",
    "time": "2017/06/07 13:25:15",
    "event": "type"
  },
  {
    "category": "5",
    "app": "Chrome",
    "id": "59",
    "context": "世界謎案",
    "time": "2017/06/07 13:25:15",
    "event": "click"
  },
  {
    "category": "5",
    "app": "Chrome",
    "id": "60",
    "context": "世界謎案",
    "time": "2017/06/07 13:25:15",
    "event": "slide"
  },
  {
    "category": "5",
    "app": "Chrome",
    "id": "61",
    "context": "世界十大謎案---「殺人魔王傑克」 ",
    "time": "2017/06/07 13:25:19",
    "event": "click"
  },
  {
    "category": "5",
    "app": "Chrome",
    "id": "62",
    "context": "世界十大謎案---「殺人魔王傑克」 ",
    "time": "2017/06/07 13:25:19",
    "event": "slide"
  },
  {
    "category": "5",
    "app": "Chrome",
    "id": "63",
    "context": "世界謎案",
    "time": "2017/06/07 13:44:17",
    "event": "slide"
  },
  {
    "category": "5",
    "app": "Chrome",
    "id": "64",
    "context": "15個歷史上不管怎麼樣都解不開的離奇謎案",
    "time": "2017/06/07 13:44:24",
    "event": "click"
  },
  {
    "category": "5",
    "app": "Chrome",
    "id": "65",
    "context": "15個歷史上不管怎麼樣都解不開的離奇謎案",
    "time": "2017/06/07 13:44:24",
    "event": "slide"
  }
]