[
  {
    "category": "1",
    "app": "Chrome",
    "id": "1",
    "context": "美麗華",
    "time": "2017/07/07 17:50:35",
    "event": "type"
  },
  {
    "category": "1",
    "app": "Chrome",
    "id": "2",
    "context": "美麗華 - Google 搜尋 ",
    "time": "2017/07/07 17:50:37",
    "event": "slide"
  },
  {
    "category": "1",
    "app": "Chrome",
    "id": "3",
    "context": "美麗華影城 ",
    "time": "2017/07/07 17:50:46",
    "event": "click"
  },
  {
    "category": "1",
    "app": "Chrome",
    "id": "4",
    "context": "美麗華影城",
    "time": "2017/07/07 17:50:48",
    "event": "slide"
  },
  {
    "category": "1",
    "app": "Chrome",
    "id": "5",
    "context": "美麗華 - Google 搜尋 ",
    "time": "2017/07/07 17:51:35",
    "event": "slide"
  },
  {
    "category": "2",
    "app": "Chrome",
    "id": "6",
    "context": "下一頁 ",
    "time": "2017/07/07 17:51:46",
    "event": "click"
  },
  {
    "category": "1",
    "app": "Chrome",
    "id": "7",
    "context": "美麗華 - Google 搜尋",
    "time": "2017/07/07 17:51:47",
    "event": "slide"
  },
  {
    "category": "1",
    "app": "Chrome",
    "id": "8",
    "context": "美麗華 ",
    "time": "2017/07/07 17:51:55",
    "event": "click"
  },
  {
    "category": "1",
    "app": "Chrome",
    "id": "9",
    "context": "美麗華 鬼屋",
    "time": "2017/07/07 17:51:55",
    "event": "click"
  },
  {
    "category": "1",
    "app": "Chrome",
    "id": "10",
    "context": "美麗華 鬼屋 - Google 搜尋 ",
    "time": "2017/07/07 17:52:02",
    "event": "slide"
  },
  {
    "category": "1",
    "app": "Chrome",
    "id": "11",
    "context": "美麗華 鬼屋  ",
    "time": "2017/07/07 17:52:06",
    "event": "click"
  },
  {
    "category": "1",
    "app": "Chrome",
    "id": "12",
    "context": "美麗華 鬼故事 - Google 搜尋 ",
    "time": "2017/07/07 17:52:11",
    "event": "slide"
  },
  {
    "category": "1",
    "app": "Chrome",
    "id": "13",
    "context": "美麗華 鬼故事 ",
    "time": "2017/07/07 17:52:17",
    "event": "click"
  },
  {
    "category": "1",
    "app": "Chrome",
    "id": "14",
    "context": "美麗華 鬼故事 - Google 搜尋",
    "time": "2017/07/07 17:52:17",
    "event": "slide"
  },
  {
    "category": "1",
    "app": "Chrome",
    "id": "15",
    "context": "美麗華 影城 ",
    "time": "2017/07/07 17:52:24",
    "event": "click"
  },
  {
    "category": "1",
    "app": "Chrome",
    "id": "16",
    "context": "美麗華 影城 - Google 搜尋",
    "time": "2017/07/07 17:52:24",
    "event": "slide"
  },
  {
    "category": "1",
    "app": "Chrome",
    "id": "17",
    "context": "美麗華 影城 ",
    "time": "2017/07/07 17:52:29",
    "event": "click"
  },
  {
    "category": "1",
    "app": "Chrome",
    "id": "18",
    "context": "美麗華 影城 - Google 搜尋",
    "time": "2017/07/07 17:52:30",
    "event": "slide"
  }
]