[
  {
    "category": "1",
    "app": "Chrome",
    "id": "1",
    "context": "史上最大偷拍計畫 ",
    "time": "2017/07/05 16:19:45",
    "event": "click"
  },
  {
    "category": "1",
    "app": "Chrome",
    "id": "2",
    "context": "史上最大偷拍計畫",
    "time": "2017/07/05 16:19:46",
    "event": "slide"
  },
  {
    "category": "2",
    "app": "Chrome",
    "id": "3",
    "context": "天氣預報",
    "time": "2017/07/05 16:20:20",
    "event": "type"
  },
  {
    "category": "2",
    "app": "Chrome",
    "id": "4",
    "context": "天氣預報",
    "time": "2017/07/05 16:20:20",
    "event": "slide"
  },
  {
    "category": "2",
    "app": "Chrome",
    "id": "5",
    "context": "天氣預報 - 中央氣象局 ",
    "time": "2017/07/05 16:20:36",
    "event": "click"
  },
  {
    "category": "2",
    "app": "Chrome",
    "id": "6",
    "context": "天氣預報",
    "time": "2017/07/05 16:20:39",
    "event": "slide"
  },
  {
    "category": "2",
    "app": "Chrome",
    "id": "7",
    "context": "天氣預報 ",
    "time": "2017/07/05 16:20:40",
    "event": "click"
  },
  {
    "category": "2",
    "app": "Chrome",
    "id": "8",
    "context": "天氣預報",
    "time": "2017/07/05 16:20:42",
    "event": "slide"
  },
  {
    "category": "2",
    "app": "Chrome",
    "id": "9",
    "context": "臺中市 天氣預報",
    "time": "2017/07/05 16:20:51",
    "event": "click"
  },
  {
    "category": "2",
    "app": "Chrome",
    "id": "10",
    "context": "臺中市 天氣預報",
    "time": "2017/07/05 16:20:51",
    "event": "slide"
  },
  {
    "category": "2",
    "app": "Chrome",
    "id": "11",
    "context": "天氣預報 ",
    "time": "2017/07/05 16:20:52",
    "event": "click"
  },
  {
    "category": "2",
    "app": "Chrome",
    "id": "12",
    "context": "天氣預報",
    "time": "2017/07/05 16:20:54",
    "event": "slide"
  },
  {
    "category": "2",
    "app": "Chrome",
    "id": "13",
    "context": "縣市天氣預報 ",
    "time": "2017/07/05 16:22:10",
    "event": "click"
  },
  {
    "category": "2",
    "app": "Chrome",
    "id": "14",
    "context": "縣市天氣預報",
    "time": "2017/07/05 16:22:11",
    "event": "slide"
  },
  {
    "category": "2",
    "app": "Chrome",
    "id": "15",
    "context": "天氣預報",
    "time": "2017/07/05 16:22:12",
    "event": "type"
  },
  {
    "category": "2",
    "app": "Chrome",
    "id": "16",
    "context": "天氣預報",
    "time": "2017/07/05 16:22:12",
    "event": "slide"
  },
  {
    "category": "2",
    "app": "Chrome",
    "id": "17",
    "context": "天氣預報 ",
    "time": "2017/07/05 16:22:19",
    "event": "click"
  },
  {
    "category": "2",
    "app": "Chrome",
    "id": "18",
    "context": "天氣預報",
    "time": "2017/07/05 16:22:19",
    "event": "slide"
  },
  {
    "category": "3",
    "app": "Dcard",
    "id": "19",
    "context": "上個月，我經歷一場八點檔的婚禮  上個月去參加我一個高中死黨的婚禮...，但那場婚禮大概是我人生一輩子都忘不了的回憶...，因為夠扯，但也看出來人心險惡，我曾有一個女朋友，她是我大一時認識的學姊，她對我很好，也很照顧我，當然大一上結束後，我就積極地跟她告白。就這樣我們再一起了五年多，雖然最後兩年她畢業去念其他校的研究所。  ",
    "time": "2017/07/05 16:22:53",
    "event": "click"
  },
  {
    "category": "4",
    "app": "Dcard",
    "id": "20",
    "context": "打開功能表  ",
    "time": "2017/07/05 16:26:33",
    "event": "click"
  },
  {
    "category": "3",
    "app": "Dcard",
    "id": "21",
    "context": "你有Dcard嗎？ 最近跟一個女生聊天聊得感覺不錯，昨天想說問她有沒有Dcard，如果有的話以後還有個共同話題，我們都是講電話不打字的，因為我們都懶，而且用講的肯定比用打的多，所以我昨天問她說你有Dcard嗎，她竟然回我 ",
    "time": "2017/07/05 16:26:36",
    "event": "click"
  },
  {
    "category": "3",
    "app": "Dcard",
    "id": "22",
    "context": "你有Dcard嗎？ 最近跟一個女生聊天聊得感覺不錯，昨天想說問她有沒有Dcard，如果有的話以後還有個共同話題，我們都是講電話不打字的，因為我們都懶，而且用講的肯定比用打的多，所以我昨天問她說你有Dcard嗎，她竟然回我 ..... 我只有C cup......",
    "time": "2017/07/05 16:26:38",
    "event": "click"
  },
  {
    "category": "4",
    "app": "Dcard",
    "id": "23",
    "context": "#更 真的是童言童語嗎？ 發錯版告知一下，會刪謝謝，/，早上睡過頭和朋友約臺北碰面，很匆忙的出門但還是錯過一班車，想說去附近的便利商店買點東西吃，看了一下app下班車大約15分鐘，就抓了牛奶和涼麵結帳，本身不吃辣所以就拿了大滿足涼麵（麻醬）  ",
    "time": "2017/07/05 16:26:55",
    "event": "click"
  },
  {
    "category": "4",
    "app": "Dcard",
    "id": "24",
    "context": "#更 真的是童言童語嗎？ 發錯版告知一下，會刪謝謝 因為猶豫很久不確定到底該發哪裡 所以依照怒火中燒的心情而發心情版  /  1這非創作文 2我今天早上有遇到那個弟弟！ 他是和我同社區不同棟的鄰居 難怪世界這麼小剛好在超商遇到 他知不知道他錯在那或有沒有改我不清楚 但我知道他今天有和店員說謝謝 然後閃我閃超遠的😂 3補充一下那來的勇氣 因為我也是建築科系的 工人被批評的時候我已經心裡火在燒了！ 他們是真的真的很辛苦的！ 然後最後一根稻草真的是阿嬤！ 我才升大四叫我阿嬤是不是真的很想死👿 這真的讓前面幾分鐘的內心話壓不住了！ 就坐回位置講完自己想說的趕緊搭車去 4千萬不要叫一個女孩阿嬤 5感謝卡友的讚賞和回應 之後不在臺灣就很難回覆大家了 需要解答的可能要等幾個月後了😶  /  早上睡過頭和朋友約臺北碰面 很匆忙的出門但還是錯過一班車 想說去附近的便利商店買點東西吃 看了一下app下班車大約15分鐘 就抓了牛奶和涼麵結帳 本身不吃辣所以就拿了大滿足涼麵(麻醬) 在座位區開始享用  這時來了一個弟弟 口中唸著沒位置沒位置就大聲的喊他媽媽 我想說我等個車而已4人座很浪費 (2人座的都滿了) 就招手和那個媽媽說可以坐我對面  媽媽來之後也沒說謝謝就算了 弟弟開始吃著冰批評周遭的人 EX: 那些叔叔怎麼那麼邋遢 (那是附近建案的工人) 喝一杯飲料為什麼要坐位置 那個姐姐腳好長好噁心 (那個女生至少170超正的被你說成這樣) 那個阿姨妝好濃好奇怪 (這個女生我沒看到因為坐在我正後方) 就是各種評語 頂多吐出一兩句能聽的 但都是稱讚他媽媽……  此時此刻我只覺得傻眼 他媽媽也不管也不阻止 就任由他兒子大聲批評  app的提醒跳出表示車子五分鐘後進站 我只好速速把剩下2/3的麵塞進肚子裡 一站起來……小腹凸出來了😭😭😭 我丟完垃圾要走出去等車時 那個弟弟說話了！  那個姐姐肚子很凸很醜像阿嬤！ 那個姐姐肚子很凸很醜像阿嬤！ 那個姐姐肚子很凸很醜像阿嬤！  整個臉一陣青一陣白 他媽媽還笑出來！ 顧不得等車了！走過去說 “弟弟，你這樣講話很不好！” 弟弟還回我說我只是小孩！ 一瞬間聽到理智斷裂的聲音 “弟弟，你仗著你是小孩說話不負責，不代表我就應該要原諒你，你這叫故意的不是叫童言無忌，換句話說叫白目！” 我也沒讓媽媽反駁的機會她一開口我就馬上接話 “這位阿姨，好心讓位也不懂的說聲謝謝！任由小孩在這肆意批評，你覺得人家叫你阿嬤你開心嗎？工人休息有錯嗎？你的房子誰蓋的？不懂的尊重他人還不教導小孩何謂尊重，真的是我看過最沒家教的小孩！” 他媽媽馬上回我說小孩子童言童語幹嘛計較 心眼很小之類的  真的是怒火直接爆炸和他說😡 “童言無忌不是用在沒有家教沒有教養的家庭裡！” 然後我就走出去等車了！ 短短幾分鐘的對話讓我超憤怒的！ 車快到時工人們也剛好走出來 還和我說謝謝😊 怎麼會有這樣的媽教出這樣的小孩 這真的是童言童語嗎？  好歹小時候我媽還會威脅我閉嘴 然後和人家說小孩子不懂事😂",
    "time": "2017/07/05 16:26:55",
    "event": "click"
  },
  {
    "category": "6",
    "app": "com.android.systemui",
    "id": "25",
    "context": "Chrome  ",
    "time": "2017/07/05 16:28:34",
    "event": "click"
  },
  {
    "category": "7",
    "app": "Chrome",
    "id": "26",
    "context": "衣櫥收納  ",
    "time": "2017/07/05 16:28:47",
    "event": "type"
  },
  {
    "category": "7",
    "app": "Chrome",
    "id": "27",
    "context": "衣櫥收納 - Google 搜尋",
    "time": "2017/07/05 16:28:48",
    "event": "slide"
  },
  {
    "category": "7",
    "app": "Chrome",
    "id": "28",
    "context": "收納櫃衣櫥",
    "time": "2017/07/05 16:28:52",
    "event": "click"
  },
  {
    "category": "7",
    "app": "Chrome",
    "id": "29",
    "context": "收納櫃衣櫥 - 生活市集 ",
    "time": "2017/07/05 16:28:54",
    "event": "slide"
  },
  {
    "category": "7",
    "app": "Chrome",
    "id": "30",
    "context": "收納櫃衣櫥 - 生活市集 | 你的腦叫你一直買 ",
    "time": "2017/07/05 16:28:55",
    "event": "click"
  },
  {
    "category": "7",
    "app": "Chrome",
    "id": "31",
    "context": "衣櫥收納 - Google 搜尋 ",
    "time": "2017/07/05 16:30:11",
    "event": "click"
  },
  {
    "category": "7",
    "app": "Chrome",
    "id": "32",
    "context": "衣櫥收納 ",
    "time": "2017/07/05 16:30:13",
    "event": "click"
  },
  {
    "category": "7",
    "app": "Chrome",
    "id": "33",
    "context": "衣櫥收納 - Google 搜尋",
    "time": "2017/07/05 16:30:14",
    "event": "slide"
  },
  {
    "category": "7",
    "app": "Chrome",
    "id": "34",
    "context": "組合櫃",
    "time": "2017/07/05 16:30:29",
    "event": "type"
  },
  {
    "category": "7",
    "app": "Chrome",
    "id": "35",
    "context": "組合櫃 - Google 搜尋 ",
    "time": "2017/07/05 16:30:31",
    "event": "slide"
  },
  {
    "category": "7",
    "app": "Chrome",
    "id": "36",
    "context": "組合式收納櫃- PChome 購物中心 ",
    "time": "2017/07/05 16:30:41",
    "event": "click"
  },
  {
    "category": "7",
    "app": "Chrome",
    "id": "37",
    "context": "組合櫃 - Google 搜尋",
    "time": "2017/07/05 16:30:42",
    "event": "slide"
  },
  {
    "category": "7",
    "app": "Chrome",
    "id": "38",
    "context": "組合式收納櫃 - PChome 購物中心 ",
    "time": "2017/07/05 16:30:44",
    "event": "click"
  },
  {
    "category": "7",
    "app": "Chrome",
    "id": "39",
    "context": "組合式收納櫃 - PChome 購物中心",
    "time": "2017/07/05 16:31:35",
    "event": "slide"
  },
  {
    "category": "7",
    "app": "Chrome",
    "id": "40",
    "context": "組合收納櫃  ",
    "time": "2017/07/05 16:31:57",
    "event": "type"
  },
  {
    "category": "8",
    "app": "Chrome",
    "id": "41",
    "context": "找商品  ",
    "time": "2017/07/05 16:31:57",
    "event": "click"
  },
  {
    "category": "7",
    "app": "Chrome",
    "id": "42",
    "context": "組合式收納櫃 - PChome 購物中心",
    "time": "2017/07/05 16:31:59",
    "event": "slide"
  },
  {
    "category": "7",
    "app": "Chrome",
    "id": "43",
    "context": "搜尋結果：組合收納櫃 - PChome線上購物 ",
    "time": "2017/07/05 16:31:59",
    "event": "click"
  },
  {
    "category": "7",
    "app": "Chrome",
    "id": "44",
    "context": "搜尋結果：組合收納櫃 - PChome線上購物 ",
    "time": "2017/07/05 16:32:00",
    "event": "slide"
  },
  {
    "category": "7",
    "app": "Chrome",
    "id": "45",
    "context": "搜尋結果：組合收納櫃 - PChome線上購物 ",
    "time": "2017/07/05 16:32:37",
    "event": "click"
  },
  {
    "category": "7",
    "app": "Chrome",
    "id": "46",
    "context": "搜尋結果：組合收納櫃 - PChome線上購物",
    "time": "2017/07/05 16:32:47",
    "event": "slide"
  },
  {
    "category": "7",
    "app": "Chrome",
    "id": "47",
    "context": "▼組合收納櫃任選2件$998 - PChome 購物中心 ",
    "time": "2017/07/05 16:33:59",
    "event": "click"
  },
  {
    "category": "7",
    "app": "Chrome",
    "id": "48",
    "context": "▼組合收納櫃任選2件$998 - PChome 購物中心",
    "time": "2017/07/05 16:33:59",
    "event": "slide"
  },
  {
    "category": "7",
    "app": "Chrome",
    "id": "49",
    "context": "╠ 廚房衛浴 ",
    "time": "2017/07/05 16:34:44",
    "event": "click"
  },
  {
    "category": "7",
    "app": "Chrome",
    "id": "50",
    "context": "╠ 廚房衛浴 - PChome 購物中心",
    "time": "2017/07/05 16:34:45",
    "event": "slide"
  },
  {
    "category": "7",
    "app": "Chrome",
    "id": "51",
    "context": "╠ 衣架/曬衣架 ",
    "time": "2017/07/05 16:35:37",
    "event": "click"
  },
  {
    "category": "7",
    "app": "Chrome",
    "id": "52",
    "context": "鐵架王層架↘53折up - PChome 購物中心",
    "time": "2017/07/05 16:35:38",
    "event": "slide"
  },
  {
    "category": "7",
    "app": "Chrome",
    "id": "53",
    "context": "momo 衣櫃  ",
    "time": "2017/07/05 16:36:53",
    "event": "type"
  },
  {
    "category": "7",
    "app": "Chrome",
    "id": "54",
    "context": "momo 衣櫃 - Google 搜尋 ",
    "time": "2017/07/05 16:36:54",
    "event": "click"
  },
  {
    "category": "7",
    "app": "Chrome",
    "id": "55",
    "context": "momo 衣櫃 - Google 搜尋 ",
    "time": "2017/07/05 16:36:55",
    "event": "slide"
  },
  {
    "category": "7",
    "app": "Chrome",
    "id": "56",
    "context": "Momoshop.com.tw - momo購物網-衣櫃‎ 廣告www.momoshop.com.tw/‎ ",
    "time": "2017/07/05 16:37:02",
    "event": "click"
  },
  {
    "category": "7",
    "app": "Chrome",
    "id": "57",
    "context": "拉門式衣櫥,衣櫃/衣架,層架/櫥櫃/屏風,傢俱寢飾 - momo購物網行動版 ",
    "time": "2017/07/05 16:37:05",
    "event": "click"
  },
  {
    "category": "9",
    "app": "Chrome",
    "id": "58",
    "context": "篩選  ",
    "time": "2017/07/05 16:37:34",
    "event": "click"
  },
  {
    "category": "10",
    "app": "Chrome",
    "id": "59",
    "context": "最高價 ",
    "time": "2017/07/05 16:37:35",
    "event": "click"
  },
  {
    "category": "11",
    "app": "Chrome",
    "id": "60",
    "context": "800  ",
    "time": "2017/07/05 16:37:42",
    "event": "type"
  },
  {
    "category": "7",
    "app": "Chrome",
    "id": "61",
    "context": "拉門式衣櫥,衣櫃/衣架,層架/櫥櫃/屏風,傢俱寢飾 - momo購物網行動版 ",
    "time": "2017/07/05 16:37:44",
    "event": "click"
  },
  {
    "category": "7",
    "app": "Chrome",
    "id": "62",
    "context": "拉門式衣櫥,衣櫃/衣架,層架/櫥櫃/屏風,傢俱寢飾 - momo購物網行動版 ",
    "time": "2017/07/05 16:37:45",
    "event": "slide"
  },
  {
    "category": "12",
    "app": "Chrome",
    "id": "63",
    "context": "momo購物網行動版 ",
    "time": "2017/07/05 16:37:46",
    "event": "click"
  },
  {
    "category": "9",
    "app": "Chrome",
    "id": "64",
    "context": "篩選  ",
    "time": "2017/07/05 16:37:52",
    "event": "click"
  },
  {
    "category": "11",
    "app": "Chrome",
    "id": "65",
    "context": "800 ",
    "time": "2017/07/05 16:37:53",
    "event": "click"
  },
  {
    "category": "10",
    "app": "Chrome",
    "id": "66",
    "context": "最高價  ",
    "time": "2017/07/05 16:37:56",
    "event": "type"
  },
  {
    "category": "12",
    "app": "Chrome",
    "id": "67",
    "context": "momo購物網行動版 ",
    "time": "2017/07/05 16:38:00",
    "event": "click"
  },
  {
    "category": "7",
    "app": "Chrome",
    "id": "68",
    "context": "拉門式衣櫥,衣櫃/衣架,層架/櫥櫃/屏風,傢俱寢飾 - momo購物網行動版 ",
    "time": "2017/07/05 16:38:03",
    "event": "click"
  },
  {
    "category": "7",
    "app": "Chrome",
    "id": "69",
    "context": "拉門式衣櫥,衣櫃/衣架,層架/櫥櫃/屏風,傢俱寢飾 - momo購物網行動版 ",
    "time": "2017/07/05 16:38:04",
    "event": "slide"
  },
  {
    "category": "9",
    "app": "Chrome",
    "id": "70",
    "context": "篩選  ",
    "time": "2017/07/05 16:38:05",
    "event": "click"
  },
  {
    "category": "7",
    "app": "Chrome",
    "id": "71",
    "context": "拉門式衣櫥,衣櫃/衣架,層架/櫥櫃/屏風,傢俱寢飾 - momo購物網行動版 ",
    "time": "2017/07/05 16:38:16",
    "event": "slide"
  },
  {
    "category": "7",
    "app": "Chrome",
    "id": "72",
    "context": "拉門式衣櫥,衣櫃/衣架,層架/櫥櫃/屏風,傢俱寢飾 - momo購物網行動版 ",
    "time": "2017/07/05 16:38:20",
    "event": "click"
  },
  {
    "category": "7",
    "app": "Chrome",
    "id": "73",
    "context": "拉門式衣櫥,衣櫃/衣架,層架/櫥櫃/屏風,傢俱寢飾 - momo購物網行動版",
    "time": "2017/07/05 16:38:20",
    "event": "slide"
  },
  {
    "category": "7",
    "app": "Chrome",
    "id": "74",
    "context": "衣櫃/衣架 ",
    "time": "2017/07/05 16:38:34",
    "event": "click"
  },
  {
    "category": "7",
    "app": "Chrome",
    "id": "75",
    "context": "衣櫃/衣架,層架/櫥櫃/屏風,傢俱寢飾 - momo購物網行動版 ",
    "time": "2017/07/05 16:38:37",
    "event": "click"
  },
  {
    "category": "7",
    "app": "Chrome",
    "id": "76",
    "context": "衣櫃/衣架,層架/櫥櫃/屏風,傢俱寢飾 - momo購物網行動版",
    "time": "2017/07/05 16:38:40",
    "event": "slide"
  },
  {
    "category": "7",
    "app": "Chrome",
    "id": "77",
    "context": "伸縮衣櫥 伸縮衣櫥 ",
    "time": "2017/07/05 16:38:50",
    "event": "click"
  },
  {
    "category": "7",
    "app": "Chrome",
    "id": "78",
    "context": "伸縮衣櫥,衣櫃/衣架,層架/櫥櫃/屏風,傢俱寢飾 - momo購物網行動版 ",
    "time": "2017/07/05 16:38:53",
    "event": "click"
  },
  {
    "category": "7",
    "app": "Chrome",
    "id": "79",
    "context": "伸縮衣櫥,衣櫃/衣架,層架/櫥櫃/屏風,傢俱寢飾 - momo購物網行動版 ",
    "time": "2017/07/05 16:38:54",
    "event": "slide"
  },
  {
    "category": "7",
    "app": "Chrome",
    "id": "80",
    "context": "衣櫃/衣架,層架/櫥櫃/屏風,傢俱寢飾 - momo購物網行動版 ",
    "time": "2017/07/05 16:39:00",
    "event": "click"
  },
  {
    "category": "7",
    "app": "Chrome",
    "id": "81",
    "context": "衣櫃/衣架,層架/櫥櫃/屏風,傢俱寢飾 - momo購物網行動版",
    "time": "2017/07/05 16:39:03",
    "event": "slide"
  },
  {
    "category": "7",
    "app": "Chrome",
    "id": "82",
    "context": "衣櫃/衣架,層架/櫥櫃/屏風,傢俱寢飾 - momo購物網行動版 ",
    "time": "2017/07/05 16:39:12",
    "event": "click"
  },
  {
    "category": "7",
    "app": "Chrome",
    "id": "83",
    "context": "衣櫃/衣架,層架/櫥櫃/屏風,傢俱寢飾 - momo購物網行動版",
    "time": "2017/07/05 16:40:56",
    "event": "slide"
  },
  {
    "category": "7",
    "app": "Chrome",
    "id": "84",
    "context": "衣櫃/衣架,層架/櫥櫃/屏風,傢俱寢飾 - momo購物網行動版 ",
    "time": "2017/07/05 16:40:58",
    "event": "click"
  },
  {
    "category": "7",
    "app": "Chrome",
    "id": "85",
    "context": "衣櫃/衣架,層架/櫥櫃/屏風,傢俱寢飾 - momo購物網行動版 ",
    "time": "2017/07/05 16:41:36",
    "event": "slide"
  },
  {
    "category": "7",
    "app": "Chrome",
    "id": "86",
    "context": "衣櫃/衣架,層架/櫥櫃/屏風,傢俱寢飾 - momo購物網行動版 ",
    "time": "2017/07/05 16:41:39",
    "event": "click"
  },
  {
    "category": "7",
    "app": "Chrome",
    "id": "87",
    "context": "衣櫃/衣架,層架/櫥櫃/屏風,傢俱寢飾 - momo購物網行動版 ",
    "time": "2017/07/05 16:41:40",
    "event": "slide"
  },
  {
    "category": "7",
    "app": "Chrome",
    "id": "88",
    "context": "衣櫃/衣架,層架/櫥櫃/屏風,傢俱寢飾 - momo購物網行動版",
    "time": "2017/07/05 16:41:59",
    "event": "slide"
  },
  {
    "category": "7",
    "app": "Chrome",
    "id": "89",
    "context": "衣櫃/衣架,層架/櫥櫃/屏風,傢俱寢飾 - momo購物網行動版 ",
    "time": "2017/07/05 16:42:00",
    "event": "click"
  },
  {
    "category": "7",
    "app": "Chrome",
    "id": "90",
    "context": "衣櫃/衣架,層架/櫥櫃/屏風,傢俱寢飾 - momo購物網行動版 ",
    "time": "2017/07/05 16:42:41",
    "event": "slide"
  },
  {
    "category": "7",
    "app": "Chrome",
    "id": "91",
    "context": "衣櫃/衣架,層架/櫥櫃/屏風,傢俱寢飾 - momo購物網行動版 ",
    "time": "2017/07/05 16:42:44",
    "event": "click"
  },
  {
    "category": "7",
    "app": "Chrome",
    "id": "92",
    "context": "衣櫃/衣架,層架/櫥櫃/屏風,傢俱寢飾 - momo購物網行動版 ",
    "time": "2017/07/05 16:42:45",
    "event": "slide"
  },
  {
    "category": "7",
    "app": "Chrome",
    "id": "93",
    "context": "衣櫃/衣架,層架/櫥櫃/屏風,傢俱寢飾 - momo購物網行動版 ",
    "time": "2017/07/05 16:43:04",
    "event": "slide"
  },
  {
    "category": "7",
    "app": "Chrome",
    "id": "94",
    "context": "衣櫃/衣架,層架/櫥櫃/屏風,傢俱寢飾 - momo購物網行動版 ",
    "time": "2017/07/05 16:43:07",
    "event": "click"
  },
  {
    "category": "7",
    "app": "Chrome",
    "id": "95",
    "context": "衣櫃/衣架,層架/櫥櫃/屏風,傢俱寢飾 - momo購物網行動版",
    "time": "2017/07/05 16:43:23",
    "event": "slide"
  },
  {
    "category": "7",
    "app": "Chrome",
    "id": "96",
    "context": "衣櫃/衣架,層架/櫥櫃/屏風,傢俱寢飾 - momo購物網行動版 ",
    "time": "2017/07/05 16:43:26",
    "event": "click"
  },
  {
    "category": "7",
    "app": "Chrome",
    "id": "97",
    "context": "衣櫃/衣架,層架/櫥櫃/屏風,傢俱寢飾 - momo購物網行動版 ",
    "time": "2017/07/05 16:43:27",
    "event": "slide"
  },
  {
    "category": "7",
    "app": "Chrome",
    "id": "98",
    "context": "搜尋結果：組合收納櫃 - PChome線上購物",
    "time": "2017/07/05 16:44:54",
    "event": "slide"
  },
  {
    "category": "7",
    "app": "Chrome",
    "id": "99",
    "context": "【ikloo】6格收納櫃/組合櫃 ",
    "time": "2017/07/05 16:44:56",
    "event": "click"
  },
  {
    "category": "7",
    "app": "Chrome",
    "id": "100",
    "context": "搜尋結果：組合收納櫃 - PChome線上購物",
    "time": "2017/07/05 16:44:56",
    "event": "slide"
  },
  {
    "category": "7",
    "app": "Chrome",
    "id": "101",
    "context": "搜尋結果：組合收納櫃 - PChome線上購物 ",
    "time": "2017/07/05 16:44:57",
    "event": "click"
  },
  {
    "category": "7",
    "app": "Chrome",
    "id": "102",
    "context": "搜尋結果：組合收納櫃 - PChome線上購物",
    "time": "2017/07/05 16:44:58",
    "event": "slide"
  },
  {
    "category": "7",
    "app": "Chrome",
    "id": "103",
    "context": "組合櫃",
    "time": "2017/07/05 16:45:00",
    "event": "type"
  },
  {
    "category": "7",
    "app": "Chrome",
    "id": "104",
    "context": "組合櫃 - Google 搜尋 ",
    "time": "2017/07/05 16:45:01",
    "event": "click"
  },
  {
    "category": "7",
    "app": "Chrome",
    "id": "105",
    "context": "組合櫃 - Google 搜尋 https://www.google.com.tw/search?client=ms-android-htc-rev&ei=maNcWb7oCoTL0AS4p4SwCw&q=組合櫃&oq=組合櫃&gs_l=mobile-gws-serp.12..0l5.6560.14192.0.15516.14.10.3.0.0.0.234.1543.0j6j3.9.0....0...1.1j4.64.mobile-gws-serp..2.11.1551.3..35i39k1j0i131k1j0i10k1.5Xxcxuxzfbc#xxri=0",
    "time": "2017/07/05 16:45:01",
    "event": "slide"
  },
  {
    "category": "3",
    "app": "Dcard",
    "id": "106",
    "context": "渣男出沒 請小心（文長）特徵：高X海X科技大學 海X環X工X系 今年畢業 住在台北 摩羯男 名字只有兩個字 我今年二月中的時候和前男友分手 我因爲前男友得了憂鬱症 我媽看我過得很痛苦 要我多認識一些男生 說我也不年輕了😂 我跟我媽說 身邊沒什麼認識男生的機會 她說上網認識也好 她不介意 我當下其實沒有把這句話放在心上 開學之後依舊頹廢過日子  三月底的一個週末 我因爲在宿舍太無聊 腦中突然閃過我媽的那句話 而且想想我也該往前走了 載了拍拖來玩 大約玩了四天 遇到了他 聊的愉快後來交換了賴 聊得也越來越曖昧 幾乎每天都會傳這樣的訊息 我慢慢暈船了 其實我那時候為了前男友還是很常心情不好 他都會一直打電話要跟我聊天 一聊就是到半夜兩三點 漸漸我也開始依賴他 到了清明連假 我買了最後一班的高鐵票要回台中 他剛好在高鐵站旁邊打工 我問他要不要來陪我等車 第一次見面 其實滿尷尬的 但我回家的那幾天 他一樣會打電話跟我聊天到一兩點 回高雄那天 他來高鐵站載我去看夜景 過程中一直表現的非常曖昧 他會一直藉著打鬧抱著我 載我回學校的路上 他直接抓著我的手去抱他 從那天起 我確定我愛上他了 再聊個幾天 他突然問我 要不要去吃宵夜 因為我們學校的關係 去的話 我就沒有辦法回宿舍了 他要我住他那 那天晚上 我自己騎了大概一個小時的車程 到他家 一到他家 他就把我壓著親了上來 還好那晚什麼也沒發生 我們就這樣在一起了 我們就像一般的情侶一樣 到處晃晃 約會看電影 直到有一次我po文放閃在ig上標記他 他看到就立刻把我的標記刪掉 他給我的解釋是 他覺得我們很不穩定 所以現在放閃可是很快又分手的話這樣很不好看 我思考後也覺得沒錯 但還是覺得怪怪的  後來我們去台南玩 我就沒有標記他但他也沒按讚 也沒對我po這張照片表示什麼   端午連假他要回台北 我得留在高雄打工 我特地從小港騎車到楠梓載他去客運站搭車 再騎車回小港 那天下著大雨 他回台北之後就以網路流量用完的名義跟我說沒辦法回我了 但他回台北有參加純喫茶的三對三比賽 在ig上有po文 有個女生在下面回：謝謝你今天特地陪我 我一看到就覺得怪怪的 但那女生的ig是鎖起來的 我也不知道那女生是誰  他回高雄後一樣是我去載他 隔天早上我趁他在洗澡的時候偷翻了他手機 發現那女生有po他們的合照 還有像是情侶才有的hashtag 我打開賴 發現他們的對話有點曖昧 但似乎又不像情侶 打開手機相簿 有他和那女孩的合照 但沒有我們的 我把放在他家的東西收一收準備離開 離開前問了他 你是不是原本就有女朋友 他只回了我 她不是我女朋友 就什麼話都不說 我出了門 他沒找我 一通電話 一則賴都沒有 到了隔天 我才傳了一大段訊息給他 他還跟我說 如果他真的有心要劈腿 他不會笨到讓我找到證據 衝著他這句話 我信了  我一次我要趕報告 把電腦帶去他家 但我出門太趕 沒有帶到充電線 電腦整個沒電 他借我用他的電腦 我很好奇他是不是真的把我的照片放在電腦裡 我找到放照片的資料夾 裡面有五個資料夾 有我 他前女友 ig上那女孩 另外兩個女生的 前面那三個資料夾的照片沒什麼 那兩個我沒看過的女生 其中有一個親著他的臉頰拍照 另外一個資料夾裏還有床照 後來他給我的解釋是那是之前曖昧對象 後來都沒聯絡了 也要我之後尊重他的隱私 6/17他畢業那天 其實我早就排休要去參加了 但我沒跟他說 那天一樣下著大雨 我買了花趕到他們學校 竟然遇到ig上那女孩 當下我一直有想去跟她說 不要再纏著我男朋友的衝動 但我不想搞得那麼難堪 送完花匆匆回到學校 po了文 標記依舊被刪掉 畢業典禮那天 他就回台北了 我留在高雄繼續忙著期末考 我們幾乎沒有聯絡 他說那個截圖是他朋友傳給他的 接著他就跟我提分手 我後來直接找那個帳號 想了解狀況 因為他很想知道這隻帳號是誰的 我就賴他 接著再找到另外一個女生M想了解她的狀況 約出來後 才知道原來他們今年過年的時候用低卡認識 曖昧的手法完全一樣 但又突然對M很冷淡 我後來約了M出來談談才知道 他跟我在一起的時候 都一直在騙M M也不知道我這個女朋友的存在 而且M因為他也有一點精神狀況 我從M那邊知道其他女生的訊息 一個已經不打算繼續跟他聊了 另一個應該是已經暈船不理我們 7/1 我從高雄上台北 跟他聊了很久 可能我講話太酸吧 之後M賴他 他跟M抱怨我 把我講的有點難聽 其實我們的對話內容我有錄音 但我不打算公開 我只是錄給M聽的  親愛的你 其實那個當下我不是不難過 只是在你面前 我得堅強起來 我才不會再被欺負 這幾天 我一直在台北亂晃 很多跟你的回憶都跑了出來 這段話是給你的 你把我的ig跟臉書都封鎖了 希望你看得到 今天的台北依舊陰天 其實你很幸運你知道嗎 有個女孩願意為你十一點下班後再騎一個小時的車就是為了那短暫的相處時間 看你平常都吃的不好 買了一堆食材到你家做菜給你 分手後翹班連制服都來不及換下 踩著高跟鞋從台灣的南端趕上了北端 你應該忘了 如果沒分手 這女孩是特地上來陪你的 現在卻變成女孩的療傷之旅 一個人在信義亂晃 奢求能巧遇你 另一個女孩 趕上基隆看你比賽 就算只跟你講到兩句話也值得 為了你熬夜做卡片趕下高雄 無助的只能尋求另一個女孩的援助 我走不進你的世界 如果能早點遇到曾經開朗的你 我們會很不一樣吧  給我曾經愛過的你",
    "time": "2017/07/05 16:45:57",
    "event": "click"
  },
  {
    "category": "3",
    "app": "Dcard",
    "id": "107",
    "context": "渣男出沒 請小心（文長）特徵：高X海X科技大學 海X環X工X系 今年畢業 住在台北 摩羯男 名字只有兩個字 我今年二月中的時候和前男友分手 我因爲前男友得了憂鬱症 我媽看我過得很痛苦 要我多認識一些男生 說我也不年輕了😂 我跟我媽說 身邊沒什麼認識男生的機會 她說上網認識也好 她不介意 我當下其實沒有把這句話放在心上 開學之後依舊頹廢過日子  三月底的一個週末 我因爲在宿舍太無聊 腦中突然閃過我媽的那句話 而且想想我也該往前走了 載了拍拖來玩 大約玩了四天 遇到了他 聊的愉快後來交換了賴 聊得也越來越曖昧 幾乎每天都會傳這樣的訊息 我慢慢暈船了 其實我那時候為了前男友還是很常心情不好 他都會一直打電話要跟我聊天 一聊就是到半夜兩三點 漸漸我也開始依賴他 到了清明連假 我買了最後一班的高鐵票要回台中 他剛好在高鐵站旁邊打工 我問他要不要來陪我等車 第一次見面 其實滿尷尬的 但我回家的那幾天 他一樣會打電話跟我聊天到一兩點 回高雄那天 他來高鐵站載我去看夜景 過程中一直表現的非常曖昧 他會一直藉著打鬧抱著我 載我回學校的路上 他直接抓著我的手去抱他 從那天起 我確定我愛上他了 再聊個幾天 他突然問我 要不要去吃宵夜 因為我們學校的關係 去的話 我就沒有辦法回宿舍了 他要我住他那 那天晚上 我自己騎了大概一個小時的車程 到他家 一到他家 他就把我壓著親了上來 還好那晚什麼也沒發生 我們就這樣在一起了 我們就像一般的情侶一樣 到處晃晃 約會看電影 直到有一次我po文放閃在ig上標記他 他看到就立刻把我的標記刪掉 他給我的解釋是 他覺得我們很不穩定 所以現在放閃可是很快又分手的話這樣很不好看 我思考後也覺得沒錯 但還是覺得怪怪的  後來我們去台南玩 我就沒有標記他但他也沒按讚 也沒對我po這張照片表示什麼   端午連假他要回台北 我得留在高雄打工 我特地從小港騎車到楠梓載他去客運站搭車 再騎車回小港 那天下著大雨 他回台北之後就以網路流量用完的名義跟我說沒辦法回我了 但他回台北有參加純喫茶的三對三比賽 在ig上有po文 有個女生在下面回：謝謝你今天特地陪我 我一看到就覺得怪怪的 但那女生的ig是鎖起來的 我也不知道那女生是誰  他回高雄後一樣是我去載他 隔天早上我趁他在洗澡的時候偷翻了他手機 發現那女生有po他們的合照 還有像是情侶才有的hashtag 我打開賴 發現他們的對話有點曖昧 但似乎又不像情侶 打開手機相簿 有他和那女孩的合照 但沒有我們的 我把放在他家的東西收一收準備離開 離開前問了他 你是不是原本就有女朋友 他只回了我 她不是我女朋友 就什麼話都不說 我出了門 他沒找我 一通電話 一則賴都沒有 到了隔天 我才傳了一大段訊息給他 他還跟我說 如果他真的有心要劈腿 他不會笨到讓我找到證據 衝著他這句話 我信了  我一次我要趕報告 把電腦帶去他家 但我出門太趕 沒有帶到充電線 電腦整個沒電 他借我用他的電腦 我很好奇他是不是真的把我的照片放在電腦裡 我找到放照片的資料夾 裡面有五個資料夾 有我 他前女友 ig上那女孩 另外兩個女生的 前面那三個資料夾的照片沒什麼 那兩個我沒看過的女生 其中有一個親著他的臉頰拍照 另外一個資料夾裏還有床照 後來他給我的解釋是那是之前曖昧對象 後來都沒聯絡了 也要我之後尊重他的隱私 6/17他畢業那天 其實我早就排休要去參加了 但我沒跟他說 那天一樣下著大雨 我買了花趕到他們學校 竟然遇到ig上那女孩 當下我一直有想去跟她說 不要再纏著我男朋友的衝動 但我不想搞得那麼難堪 送完花匆匆回到學校 po了文 標記依舊被刪掉 畢業典禮那天 他就回台北了 我留在高雄繼續忙著期末考 我們幾乎沒有聯絡 他說那個截圖是他朋友傳給他的 接著他就跟我提分手 我後來直接找那個帳號 想了解狀況 因為他很想知道這隻帳號是誰的 我就賴他 接著再找到另外一個女生M想了解她的狀況 約出來後 才知道原來他們今年過年的時候用低卡認識 曖昧的手法完全一樣 但又突然對M很冷淡 我後來約了M出來談談才知道 他跟我在一起的時候 都一直在騙M M也不知道我這個女朋友的存在 而且M因為他也有一點精神狀況 我從M那邊知道其他女生的訊息 一個已經不打算繼續跟他聊了 另一個應該是已經暈船不理我們 7/1 我從高雄上台北 跟他聊了很久 可能我講話太酸吧 之後M賴他 他跟M抱怨我 把我講的有點難聽 其實我們的對話內容我有錄音 但我不打算公開 我只是錄給M聽的  親愛的你 其實那個當下我不是不難過 只是在你面前 我得堅強起來 我才不會再被欺負 這幾天 我一直在台北亂晃 很多跟你的回憶都跑了出來 這段話是給你的 你把我的ig跟臉書都封鎖了 希望你看得到 今天的台北依舊陰天 其實你很幸運你知道嗎 有個女孩願意為你十一點下班後再騎一個小時的車就是為了那短暫的相處時間 看你平常都吃的不好 買了一堆食材到你家做菜給你 分手後翹班連制服都來不及換下 踩著高跟鞋從台灣的南端趕上了北端 你應該忘了 如果沒分手 這女孩是特地上來陪你的 現在卻變成女孩的療傷之旅 一個人在信義亂晃 奢求能巧遇你 另一個女孩 趕上基隆看你比賽 就算只跟你講到兩句話也值得 為了你熬夜做卡片趕下高雄 無助的只能尋求另一個女孩的援助 我走不進你的世界 如果能早點遇到曾經開朗的你 我們會很不一樣吧  給我曾經愛過的你",
    "time": "2017/07/05 16:45:58",
    "event": "slide"
  }
]