[
  {
    "category": "1",
    "app": "Chrome",
    "id": "1",
    "context": "鵪鶉",
    "time": "2017/06/07 13:27:40",
    "event": "type"
  },
  {
    "category": "1",
    "app": "Chrome",
    "id": "2",
    "context": "鵪鶉 - Google 搜尋",
    "time": "2017/06/07 13:27:41",
    "event": "click"
  },
  {
    "category": "1",
    "app": "Chrome",
    "id": "3",
    "context": "鵪鶉 - Google 搜尋",
    "time": "2017/06/07 13:27:41",
    "event": "slide"
  },
  {
    "category": "1",
    "app": "Chrome",
    "id": "4",
    "context": "[送養] 台北 公的白鵪鶉 要送養鳥種: 鵪鶉 寶貝名字: 未取 寶貝照片: http://i.imgur.com/aApIIQF.jpg 地點: 台北 大安/內湖/新店",
    "time": "2017/06/07 13:27:50",
    "event": "click"
  },
  {
    "category": "1",
    "app": "Chrome",
    "id": "5",
    "context": "[送養] 台北 公的白鵪鶉 要送養鳥種: 鵪鶉 寶貝名字: 未取 寶貝照片: http://i.imgur.com/aApIIQF.jpg 地點: 台北 大安/內湖/新店",
    "time": "2017/06/07 13:27:50",
    "event": "slide"
  },
  {
    "category": "2",
    "app": "Line",
    "id": "6",
    "context": "老婆 你早點休息吧 我也差不多了 晚安 晚安老公~ 愛你 ",
    "time": "2017/06/07 13:28:15",
    "event": "slide"
  },
  {
    "category": "2",
    "app": "Line",
    "id": "7",
    "context": "寶貝好點了嗎？ 我今天5:20下班哦！，哈哈",
    "time": "2017/06/07 13:28:41",
    "event": "type"
  },
  {
    "category": "3",
    "app": "Line",
    "id": "8",
    "context": "傳送",
    "time": "2017/06/07 13:28:41",
    "event": "click"
  },
  {
    "category": "2",
    "app": "Line",
    "id": "9",
    "context": "老婆 你早點休息吧 我也差不多了 晚安 晚安老公~ 愛你 寶貝好點了嗎？ 我今天5:20下班哦！，哈哈",
    "time": "2017/06/07 13:28:42",
    "event": "slide"
  },
  {
    "category": "1",
    "app": "Chrome",
    "id": "10",
    "context": "鳥類 禽流感",
    "time": "2017/06/07 13:35:12",
    "event": "type"
  },
  {
    "category": "1",
    "app": "Chrome",
    "id": "11",
    "context": "鳥類 禽流感 - Google 搜尋 ",
    "time": "2017/06/07 13:35:12",
    "event": "click"
  },
  {
    "category": "1",
    "app": "Chrome",
    "id": "12",
    "context": "鳥類 禽流感 - Google 搜尋 ",
    "time": "2017/06/07 13:35:13",
    "event": "slide"
  },
  {
    "category": "1",
    "app": "Chrome",
    "id": "13",
    "context": "鳥類 禽流感症狀 - Google 搜尋 ",
    "time": "2017/06/07 13:35:21",
    "event": "click"
  },
  {
    "category": "1",
    "app": "Chrome",
    "id": "14",
    "context": "鳥類 禽流感症狀 - Google 搜尋 ",
    "time": "2017/06/07 13:35:21",
    "event": "slide"
  },
  {
    "category": "1",
    "app": "Chrome",
    "id": "15",
    "context": "鵪鶉得禽流感",
    "time": "2017/06/07 13:35:39",
    "event": "type"
  },
  {
    "category": "1",
    "app": "Chrome",
    "id": "16",
    "context": "鵪鶉得禽流感 - Google 搜尋 ",
    "time": "2017/06/07 13:35:40",
    "event": "click"
  },
  {
    "category": "1",
    "app": "Chrome",
    "id": "17",
    "context": "鵪鶉得禽流感 - Google 搜尋 ",
    "time": "2017/06/07 13:35:40",
    "event": "slide"
  },
  {
    "category": "1",
    "app": "Chrome",
    "id": "18",
    "context": "鹌鹑鸡瘟禽流感能治好吗？？？？ 鹌鹑鸡瘟禽流感能治好吗？？？？禽流感是由A型流感病毒引起的以禽类传染发病为主的剧烈传染病。该病毒不仅血清型多，而且自然界中带毒动物多、毒株易变异，这为禽流感病的防治增加了难度。家禽发生高致病性禽流感具",
    "time": "2017/06/07 13:35:44",
    "event": "click"
  },
  {
    "category": "1",
    "app": "Chrome",
    "id": "19",
    "context": "鹌鹑鸡瘟禽流感能治好吗？？？？ 鹌鹑鸡瘟禽流感能治好吗？？？？禽流感是由A型流感病毒引起的以禽类传染发病为主的剧烈传染病。该病毒不仅血清型多，而且自然界中带毒动物多、毒株易变异，这为禽流感病的防治增加了难度。家禽发生高致病性禽流感具",
    "time": "2017/06/07 13:35:44",
    "event": "slide"
  },
  {
    "category": "1",
    "app": "Chrome",
    "id": "20",
    "context": "鵪鶉得禽流感 - Google 搜尋",
    "time": "2017/06/07 13:35:51",
    "event": "slide"
  },
  {
    "category": "1",
    "app": "Chrome",
    "id": "21",
    "context": "【兩分鐘了解禽流感】禽流感就是一種鳥感冒，但有時候鳥生病死不了，人被傳染死得比鳥還快？！ - The News Lens 關鍵評論網 禽流感在台灣大爆發，用兩分半鐘的影片告訴你禽流感到底是什麼。 標籤: H5N2禽流感, H5N3, H5N8, 台北野鳥學會, 禽流感, 農委會",
    "time": "2017/06/07 13:38:13",
    "event": "click"
  },
  {
    "category": "1",
    "app": "Chrome",
    "id": "22",
    "context": "【兩分鐘了解禽流感】禽流感就是一種鳥感冒，但有時候鳥生病死不了，人被傳染死得比鳥還快？！ - The News Lens 關鍵評論網 禽流感在台灣大爆發，用兩分半鐘的影片告訴你禽流感到底是什麼。 標籤: H5N2禽流感, H5N3, H5N8, 台北野鳥學會, 禽流感, 農委會",
    "time": "2017/06/07 13:38:13",
    "event": "slide"
  },
  {
    "category": "1",
    "app": "Chrome",
    "id": "23",
    "context": "鳥類得禽流感 - Google 搜尋 ",
    "time": "2017/06/07 13:42:18",
    "event": "slide"
  },
  {
    "category": "1",
    "app": "Chrome",
    "id": "24",
    "context": "養鳥會得禽流感嗎 可能感染H7N9禽流感病毒 - 壹讀 養鳥會得禽流感嗎，鳥是很多人都愛做的事情，畢竟寵物鳥作為一種寵物，就需要了解養鳥的諸多知識，比如有的人養鳥也會擔心感染上禽流感，大家也知道禽流感一般是經常接觸禽類，就很容易感染這樣的疾病，養鳥會得禽流感嗎，小編就詳細了解一下",
    "time": "2017/06/07 13:42:22",
    "event": "click"
  },
  {
    "category": "1",
    "app": "Chrome",
    "id": "25",
    "context": "養鳥會得禽流感嗎 可能感染H7N9禽流感病毒 - 壹讀 養鳥會得禽流感嗎，鳥是很多人都愛做的事情，畢竟寵物鳥作為一種寵物，就需要了解養鳥的諸多知識，比如有的人養鳥也會擔心感染上禽流感，大家也知道禽流感一般是經常接觸禽類，就很容易感染這樣的疾病，養鳥會得禽流感嗎，小編就詳細了解一下",
    "time": "2017/06/07 13:42:22",
    "event": "slide"
  },
  {
    "category": "1",
    "app": "Chrome",
    "id": "26",
    "context": "鳥類得禽流感 - Google 搜尋",
    "time": "2017/06/07 13:47:03",
    "event": "slide"
  },
  {
    "category": "1",
    "app": "Chrome",
    "id": "27",
    "context": "小雞",
    "time": "2017/06/07 13:47:25",
    "event": "type"
  },
  {
    "category": "1",
    "app": "Chrome",
    "id": "28",
    "context": "小雞 - Google 搜尋",
    "time": "2017/06/07 13:47:26",
    "event": "click"
  },
  {
    "category": "1",
    "app": "Chrome",
    "id": "29",
    "context": "小雞 - Google 搜尋",
    "time": "2017/06/07 13:47:26",
    "event": "slide"
  },
  {
    "category": "1",
    "app": "Chrome",
    "id": "30",
    "context": "小鵪鶉",
    "time": "2017/06/07 13:48:05",
    "event": "type"
  },
  {
    "category": "1",
    "app": "Chrome",
    "id": "31",
    "context": "小鵪鶉 - Google 搜尋",
    "time": "2017/06/07 13:48:06",
    "event": "click"
  },
  {
    "category": "1",
    "app": "Chrome",
    "id": "32",
    "context": "小鵪鶉 - Google 搜尋",
    "time": "2017/06/07 13:48:06",
    "event": "slide"
  },
  {
    "category": "4",
    "app": "Chrome",
    "id": "33",
    "context": "勞動部 歷屆試題",
    "time": "2017/06/07 13:53:04",
    "event": "type"
  },
  {
    "category": "4",
    "app": "Chrome",
    "id": "34",
    "context": "勞動部 歷屆試題",
    "time": "2017/06/07 13:53:04",
    "event": "click"
  },
  {
    "category": "4",
    "app": "Chrome",
    "id": "35",
    "context": "勞動部 歷屆試題 ",
    "time": "2017/06/07 13:53:04",
    "event": "slide"
  },
  {
    "category": "4",
    "app": "Chrome",
    "id": "36",
    "context": "歷屆試題 勞動部勞動力發展署技能檢定中心",
    "time": "2017/06/07 13:53:10",
    "event": "click"
  },
  {
    "category": "4",
    "app": "Chrome",
    "id": "37",
    "context": "歷屆試題 勞動部勞動力發展署技能檢定中心",
    "time": "2017/06/07 13:53:11",
    "event": "slide"
  }
]