[
  {
    "category": "1",
    "app": "Facebook",
    "id": "1",
    "context": "Yahoo行動版 6月有多項新制上路，包括雪隧科技執法系統啟用、菸稅調漲20元等，都攸關荷包，相關制度內容如下：...",
    "time": "2017/06/01 15:09:52",
    "event": "click"
  },
  {
    "category": "1",
    "app": "Chrome",
    "id": "2",
    "context": "Yahoo行動版 6月有多項新制上路，包括雪隧科技執法系統啟用、菸稅調漲20元等，都攸關荷包，相關制度內容如下：...",
    "time": "2017/06/01 15:09:53",
    "event": "slide"
  },
  {
    "category": "2",
    "app": "Chrome",
    "id": "3",
    "context": "中興大學遊學",
    "time": "2017/06/01 15:26:46",
    "event": "slide"
  },
  {
    "category": "2",
    "app": "Chrome",
    "id": "4",
    "context": "中興大學遊學 - Google 搜尋",
    "time": "2017/06/01 15:26:46",
    "event": "click"
  },
  {
    "category": "2",
    "app": "Chrome",
    "id": "5",
    "context": "中興大學遊學 - Google 搜尋",
    "time": "2017/06/01 15:26:46",
    "event": "slide"
  },
  {
    "category": "3",
    "app": "Facebook",
    "id": "6",
    "context": "影音-名人娛樂 什麼！看了這麼多年都不知道，原來SNOOPY也是認養的…？ 「史奴比」是家喻戶曉的卡通，作者查爾斯·舒茲以自家的米格魯為靈感，創造出經典漫畫，但其實故事中也加入了以「領養代替購買」的觀念，因為史奴比就是被查理‧布朗認養來的～ 原來卡通中，查理‧布朗看到報紙上的認養廣告，於是就跑到農場，才會把史奴比帶回家的呢，做愛心會有好報的！ Source from《查理布朗認養史努比 (Charlie Brown adopts Snoopy) 中文字幕》 ",
    "time": "2017/06/01 15:31:21",
    "event": "click"
  },
  {
    "category": "3",
    "app": "Facebook",
    "id": "7",
    "context": "影音-名人娛樂 什麼！看了這麼多年都不知道，原來SNOOPY也是認養的…？ 「史奴比」是家喻戶曉的卡通，作者查爾斯·舒茲以自家的米格魯為靈感，創造出經典漫畫，但其實故事中也加入了以「領養代替購買」的觀念，因為史奴比就是被查理‧布朗認養來的～ 原來卡通中，查理‧布朗看到報紙上的認養廣告，於是就跑到農場，才會把史奴比帶回家的呢，做愛心會有好報的！ Source from《查理布朗認養史努比 (Charlie Brown adopts Snoopy) 中文字幕》 ",
    "time": "2017/06/01 15:31:21",
    "event": "slide"
  },
  {
    "category": "4",
    "app": "Messenger",
    "id": "8",
    "context": "佩兒君 剛從系辦出來 有去讓張姐跟主任認識一下了 然後有再問說那個大四學長姐才藝的東西～ 不知道你有沒有收到回覆了？？",
    "time": "2017/06/01 15:38:38",
    "event": "slide"
  },
  {
    "category": "4",
    "app": "Messenger",
    "id": "9",
    "context": "然後～畢業典禮的報帳是找……QAQ忘記名字了，反正就是要去買之前要先找她一下，要告訴我們要注意的東西，不然到時候不能報帳的問題",
    "time": "2017/06/01 15:38:38",
    "event": "type"
  },
  {
    "category": "5",
    "app": "Messenger",
    "id": "10",
    "context": "傳送",
    "time": "2017/06/01 15:38:38",
    "event": "click"
  },
  {
    "category": "4",
    "app": "Messenger",
    "id": "11",
    "context": "佩兒君 剛從系辦出來 有去讓張姐跟主任認識一下了 然後有再問說那個大四學長姐才藝的東西～ 不知道你有沒有收到回覆了？？ 然後～畢業典禮的報帳是找……QAQ忘記名字了，反正就是要去買之前要先找她一下，要告訴我們要注意的東西，不然到時候不能報帳的問題",
    "time": "2017/06/01 15:38:38",
    "event": "slide"
  },
  {
    "category": "6",
    "app": "Messenger",
    "id": "12",
    "context": "喔喔！然後我跟他們說大概下禮拜一、二就可以跟他們說一下流程～～ ",
    "time": "2017/06/01 15:40:23",
    "event": "slide"
  },
  {
    "category": "6",
    "app": "Messenger",
    "id": "13",
    "context": "對了 然後啊～張姐說之前都是聖譽在拍照，但是這次他要帶學生到蕙蓀，所以我們的分工還要加一個攝影 （我們星期六討論後應該不會再修改什麼…了吧…所以我就說這樣了…… 然後主任說要找好一點der相機 單眼最好～",
    "time": "2017/06/01 15:40:40",
    "event": "type"
  },
  {
    "category": "5",
    "app": "Messenger",
    "id": "14",
    "context": "傳送",
    "time": "2017/06/01 15:40:40",
    "event": "click"
  },
  {
    "category": "6",
    "app": "Messenger",
    "id": "15",
    "context": "喔喔！然後我跟他們說大概下禮拜一、二就可以跟他們說一下流程～～ 對了 然後啊～張姐說之前都是聖譽在拍照，但是這次他要帶學生到蕙蓀，所以我們的分工還要加一個攝影 （我們星期六討論後應該不會再修改什麼…了吧…所以我就說這樣了…… 然後主任說要找好一點der相機 單眼最好～",
    "time": "2017/06/01 15:40:41",
    "event": "slide"
  },
  {
    "category": "7",
    "app": "Messenger",
    "id": "16",
    "context": "謝謝妳~~>_< 所以是不是還是要買830那種餐卷？ 我再問一下 因為現在人數只有42個人 就是十個仁 然後有兩個人免費",
    "time": "2017/06/01 15:41:29",
    "event": "slide"
  },
  {
    "category": "8",
    "app": "Messenger",
    "id": "17",
    "context": "好",
    "time": "2017/06/01 15:41:29",
    "event": "type"
  },
  {
    "category": "5",
    "app": "Messenger",
    "id": "18",
    "context": "傳送",
    "time": "2017/06/01 15:41:29",
    "event": "click"
  },
  {
    "category": "7",
    "app": "Messenger",
    "id": "19",
    "context": "謝謝妳~~>_< 所以是不是還是要買830那種餐卷？ 我再問一下 因為現在人數只有42個人 就是十個仁 然後有兩個人免費 好",
    "time": "2017/06/01 15:41:29",
    "event": "slide"
  },
  {
    "category": "9",
    "app": "Line",
    "id": "20",
    "context": "大家！！今天 國粹七點半在大廳正式開場囉！之後將有各種遊戲 以及好吃好喝的飲料食物  歡迎大家來參與！ 偷偷告訴大家一個小秘密 有玩密室的來看開場可以更加融入這次的密室劇情哦！ 記得填教學意見喔喔喔",
    "time": "2017/06/01 15:49:37",
    "event": "type"
  },
  {
    "category": "5",
    "app": "Line",
    "id": "21",
    "context": "傳送",
    "time": "2017/06/01 15:49:37",
    "event": "click"
  },
  {
    "category": "9",
    "app": "Line",
    "id": "22",
    "context": "大家！！今天 國粹七點半在大廳正式開場囉！之後將有各種遊戲 以及好吃好喝的飲料食物  歡迎大家來參與！ 偷偷告訴大家一個小秘密 有玩密室的來看開場可以更加融入這次的密室劇情哦！ 記得填教學意見喔喔喔",
    "time": "2017/06/01 15:49:37",
    "event": "slide"
  },
  {
    "category": "7",
    "app": "Messenger",
    "id": "23",
    "context": "謝謝妳~~>_< 那…力衡是哪一家啊？？ 如果加了力衡的，總共是49人 所以是不是還是要買830那種餐卷？ 我再問一下 因為現在人數只有42個人 就是十個仁 然後有兩個人免費 好",
    "time": "2017/06/01 15:58:35",
    "event": "slide"
  },
  {
    "category": "2",
    "app": "Chrome",
    "id": "24",
    "context": "中興大學遊學 - Google 搜尋",
    "time": "2017/06/01 16:01:03",
    "event": "slide"
  },
  {
    "category": "2",
    "app": "Chrome",
    "id": "25",
    "context": "國立中興大學學生事務處-生涯發展中心",
    "time": "2017/06/01 16:01:09",
    "event": "click"
  },
  {
    "category": "2",
    "app": "Chrome",
    "id": "26",
    "context": "國立中興大學學生事務處-生涯發展中心",
    "time": "2017/06/01 16:01:09",
    "event": "slide"
  },
  {
    "category": "2",
    "app": "Chrome",
    "id": "27",
    "context": "..::國立中興大學全球資訊網::..",
    "time": "2017/06/01 16:01:28",
    "event": "click"
  },
  {
    "category": "2",
    "app": "Chrome",
    "id": "28",
    "context": "..::國立中興大學全球資訊網::..",
    "time": "2017/06/01 16:01:28",
    "event": "slide"
  },
  {
    "category": "2",
    "app": "Chrome",
    "id": "29",
    "context": "中興大學 自主學習護照",
    "time": "2017/06/01 16:03:25",
    "event": "click"
  },
  {
    "category": "2",
    "app": "Chrome",
    "id": "30",
    "context": "中興大學 自主學習護照",
    "time": "2017/06/01 16:03:25",
    "event": "slide"
  },
  {
    "category": "10",
    "app": "Chrome",
    "id": "31",
    "context": "電子商務的工作",
    "time": "2017/06/01 16:05:24",
    "event": "type"
  },
  {
    "category": "10",
    "app": "Chrome",
    "id": "32",
    "context": "電子商務的工作",
    "time": "2017/06/01 16:05:24",
    "event": "click"
  },
  {
    "category": "10",
    "app": "Chrome",
    "id": "33",
    "context": "電子商務的工作",
    "time": "2017/06/01 16:05:24",
    "event": "slide"
  },
  {
    "category": "10",
    "app": "Chrome",
    "id": "34",
    "context": "[問題] 電子商務薪水範圍 - 看板 Salary - 批踢踢實業坊",
    "time": "2017/06/01 16:05:34",
    "event": "click"
  },
  {
    "category": "10",
    "app": "Chrome",
    "id": "35",
    "context": "[問題] 電子商務薪水範圍 - 看板 Salary - 批踢踢實業坊",
    "time": "2017/06/01 16:05:34",
    "event": "slide"
  },
  {
    "category": "10",
    "app": "Chrome",
    "id": "36",
    "context": "電子商務的工作",
    "time": "2017/06/01 16:06:46",
    "event": "slide"
  },
  {
    "category": "10",
    "app": "Chrome",
    "id": "37",
    "context": "《數位之牆》想加入電子商務企業工作嗎？你該避開的陷阱",
    "time": "2017/06/01 16:06:51",
    "event": "click"
  },
  {
    "category": "10",
    "app": "Chrome",
    "id": "38",
    "context": "《數位之牆》想加入電子商務企業工作嗎？你該避開的陷阱",
    "time": "2017/06/01 16:06:51",
    "event": "slide"
  }
]