[
  {
    "category": "1",
    "app": "Chrome",
    "id": "1",
    "context": "藍眼淚",
    "time": "2017/06/06 11:57:05",
    "event": "type"
  },
  {
    "category": "1",
    "app": "Chrome",
    "id": "2",
    "context": "藍眼淚 - Google 搜尋",
    "time": "2017/06/06 11:57:07",
    "event": "click"
  },
  {
    "category": "1",
    "app": "Chrome",
    "id": "3",
    "context": "藍眼淚 - Google 搜尋",
    "time": "2017/06/06 11:57:10",
    "event": "slide"
  },
  {
    "category": "1",
    "app": "Chrome",
    "id": "4",
    "context": "藍眼淚,馬祖,芹壁村,八八坑道,北海坑道 - 樂活旅人",
    "time": "2017/06/06 11:57:10",
    "event": "click"
  },
  {
    "category": "1",
    "app": "Chrome",
    "id": "5",
    "context": "藍眼淚,馬祖,芹壁村,八八坑道,北海坑道 - 樂活旅人",
    "time": "2017/06/06 11:57:10",
    "event": "slide"
  },
  {
    "category": "1",
    "app": "Chrome",
    "id": "6",
    "context": "樂活旅人 - 台東鹿野高台熱氣球嘉年華",
    "time": "2017/06/06 11:58:18",
    "event": "click"
  },
  {
    "category": "1",
    "app": "Chrome",
    "id": "7",
    "context": "樂活旅人 - 台東鹿野高台熱氣球嘉年華",
    "time": "2017/06/06 11:58:18",
    "event": "slide"
  },
  {
    "category": "1",
    "app": "Chrome",
    "id": "8",
    "context": "藍眼淚,馬祖,芹壁村,八八坑道,北海坑道 - 樂活旅人",
    "time": "2017/06/06 11:58:27",
    "event": "slide"
  },
  {
    "category": "1",
    "app": "Chrome",
    "id": "9",
    "context": "樂活旅人 - 日月潭萬人泳渡嘉年華,橫渡,游泳",
    "time": "2017/06/06 11:58:32",
    "event": "click"
  },
  {
    "category": "1",
    "app": "Chrome",
    "id": "10",
    "context": "樂活旅人 - 日月潭萬人泳渡嘉年華,橫渡,游泳",
    "time": "2017/06/06 11:58:32",
    "event": "slide"
  },
  {
    "category": "1",
    "app": "Chrome",
    "id": "11",
    "context": "藍眼淚,馬祖,芹壁村,八八坑道,北海坑道 - 樂活旅人",
    "time": "2017/06/06 11:58:40",
    "event": "slide"
  },
  {
    "category": "1",
    "app": "Chrome",
    "id": "12",
    "context": "藍眼淚 - Google 搜尋",
    "time": "2017/06/06 11:59:00",
    "event": "slide"
  },
  {
    "category": "1",
    "app": "Chrome",
    "id": "13",
    "context": "藍眼淚 行程",
    "time": "2017/06/06 11:59:05",
    "event": "type"
  },
  {
    "category": "1",
    "app": "Chrome",
    "id": "14",
    "context": "藍眼淚 行程 - Google 搜尋",
    "time": "2017/06/06 11:59:06",
    "event": "click"
  },
  {
    "category": "1",
    "app": "Chrome",
    "id": "15",
    "context": "藍眼淚 行程 - Google 搜尋",
    "time": "2017/06/06 11:59:07",
    "event": "slide"
  },
  {
    "category": "1",
    "app": "Chrome",
    "id": "16",
    "context": "五福旅遊｜離島風情：馬祖 ",
    "time": "2017/06/06 11:59:10",
    "event": "click"
  },
  {
    "category": "1",
    "app": "Chrome",
    "id": "17",
    "context": "五福旅遊｜離島風情：馬祖 ",
    "time": "2017/06/06 11:59:10",
    "event": "slide"
  },
  {
    "category": "1",
    "app": "Chrome",
    "id": "18",
    "context": "神秘藍眼淚。馬祖南北竿。北海搖櫓３日／2017年5-9月 – 五福旅遊",
    "time": "2017/06/06 11:59:20",
    "event": "click"
  },
  {
    "category": "1",
    "app": "Chrome",
    "id": "19",
    "context": "神秘藍眼淚。馬祖南北竿。北海搖櫓３日／2017年5-9月 – 五福旅遊",
    "time": "2017/06/06 11:59:20",
    "event": "slide"
  },
  {
    "category": "1",
    "app": "Chrome",
    "id": "20",
    "context": "藍眼淚 行程 - Google 搜尋",
    "time": "2017/06/06 11:59:32",
    "event": "slide"
  },
  {
    "category": "1",
    "app": "Chrome",
    "id": "21",
    "context": "藍眼淚 套裝 行程",
    "time": "2017/06/06 11:59:43",
    "event": "type"
  },
  {
    "category": "1",
    "app": "Chrome",
    "id": "22",
    "context": "藍眼淚 套裝 行程 - Google 搜尋",
    "time": "2017/06/06 11:59:45",
    "event": "click"
  },
  {
    "category": "1",
    "app": "Chrome",
    "id": "23",
    "context": "藍眼淚 套裝 行程 - Google 搜尋",
    "time": "2017/06/06 11:59:48",
    "event": "slide"
  },
  {
    "category": "1",
    "app": "Chrome",
    "id": "24",
    "context": "連江縣國內旅遊 【可樂旅遊-康福旅行社】",
    "time": "2017/06/06 11:59:54",
    "event": "click"
  },
  {
    "category": "1",
    "app": "Chrome",
    "id": "25",
    "context": "連江縣國內旅遊 【可樂旅遊-康福旅行社】",
    "time": "2017/06/06 11:59:54",
    "event": "slide"
  },
  {
    "category": "1",
    "app": "Chrome",
    "id": "26",
    "context": "藍眼淚 套裝 行程 - Google 搜尋",
    "time": "2017/06/06 12:00:17",
    "event": "slide"
  },
  {
    "category": "1",
    "app": "Chrome",
    "id": "27",
    "context": "No.Six B&B花蓮六號民宿 – 花蓮平價民宿",
    "time": "2017/06/06 12:00:49",
    "event": "click"
  },
  {
    "category": "1",
    "app": "Chrome",
    "id": "28",
    "context": "No.Six B&B花蓮六號民宿 – 花蓮平價民宿",
    "time": "2017/06/06 12:00:49",
    "event": "slide"
  },
  {
    "category": "1",
    "app": "Chrome",
    "id": "29",
    "context": "2017首部曲，就要你玩不一樣~ – No.Six B&B花蓮六號民宿",
    "time": "2017/06/06 12:01:02",
    "event": "click"
  },
  {
    "category": "1",
    "app": "Chrome",
    "id": "30",
    "context": "2017首部曲，就要你玩不一樣~ – No.Six B&B花蓮六號民宿",
    "time": "2017/06/06 12:01:02",
    "event": "slide"
  },
  {
    "category": "1",
    "app": "Chrome",
    "id": "31",
    "context": "No.Six B&B花蓮六號民宿 – 花蓮平價民宿",
    "time": "2017/06/06 12:01:14",
    "event": "click"
  },
  {
    "category": "1",
    "app": "Chrome",
    "id": "32",
    "context": "No.Six B&B花蓮六號民宿 – 花蓮平價民宿",
    "time": "2017/06/06 12:01:14",
    "event": "slide"
  },
  {
    "category": "1",
    "app": "Chrome",
    "id": "33",
    "context": "藍眼淚 套裝 行程 - Google 搜尋",
    "time": "2017/06/06 12:01:16",
    "event": "slide"
  },
  {
    "category": "1",
    "app": "Chrome",
    "id": "34",
    "context": "和興旅行社股份有限公司-旅遊網站",
    "time": "2017/06/06 12:01:28",
    "event": "click"
  },
  {
    "category": "1",
    "app": "Chrome",
    "id": "35",
    "context": "和興旅行社股份有限公司-旅遊網站",
    "time": "2017/06/06 12:01:28",
    "event": "slide"
  },
  {
    "category": "1",
    "app": "Chrome",
    "id": "36",
    "context": "藍眼淚 套裝 行程 - Google 搜尋",
    "time": "2017/06/06 12:02:01",
    "event": "slide"
  },
  {
    "category": "1",
    "app": "Chrome",
    "id": "37",
    "context": "馬祖旅遊規劃 、優質馬祖旅遊《龍福旅行社》",
    "time": "2017/06/06 12:02:05",
    "event": "click"
  },
  {
    "category": "1",
    "app": "Chrome",
    "id": "38",
    "context": "馬祖旅遊規劃 、優質馬祖旅遊《龍福旅行社》",
    "time": "2017/06/06 12:02:05",
    "event": "slide"
  },
  {
    "category": "1",
    "app": "Chrome",
    "id": "39",
    "context": "藍眼淚 套裝 行程 - Google 搜尋",
    "time": "2017/06/06 12:02:09",
    "event": "slide"
  },
  {
    "category": "1",
    "app": "Chrome",
    "id": "40",
    "context": "台灣特色旅遊 - 跟著董事長遊台灣 Taiwan VIP Travel",
    "time": "2017/06/06 12:02:18",
    "event": "click"
  },
  {
    "category": "1",
    "app": "Chrome",
    "id": "41",
    "context": "台灣特色旅遊 - 跟著董事長遊台灣 Taiwan VIP Travel",
    "time": "2017/06/06 12:02:18",
    "event": "slide"
  },
  {
    "category": "1",
    "app": "Chrome",
    "id": "42",
    "context": "馬祖藍眼淚、賞鷗、賞梅花鹿 南竿、北竿4天3夜（船去船回） - 跟著董事長遊台灣 Taiwan VIP Travel",
    "time": "2017/06/06 12:02:28",
    "event": "click"
  },
  {
    "category": "1",
    "app": "Chrome",
    "id": "43",
    "context": "馬祖藍眼淚、賞鷗、賞梅花鹿 南竿、北竿4天3夜（船去船回） - 跟著董事長遊台灣 Taiwan VIP Travel",
    "time": "2017/06/06 12:02:28",
    "event": "slide"
  },
  {
    "category": "1",
    "app": "Chrome",
    "id": "44",
    "context": "台灣特色旅遊 - 跟著董事長遊台灣 Taiwan VIP Travel",
    "time": "2017/06/06 12:02:40",
    "event": "slide"
  },
  {
    "category": "1",
    "app": "Chrome",
    "id": "45",
    "context": "武陵、福壽山農場、梨山賓館，商務豪華之旅2天1夜 - 跟著董事長遊台灣 Taiwan VIP Travel",
    "time": "2017/06/06 12:03:05",
    "event": "click"
  },
  {
    "category": "1",
    "app": "Chrome",
    "id": "46",
    "context": "武陵、福壽山農場、梨山賓館，商務豪華之旅2天1夜 - 跟著董事長遊台灣 Taiwan VIP Travel",
    "time": "2017/06/06 12:03:05",
    "event": "slide"
  },
  {
    "category": "1",
    "app": "Chrome",
    "id": "47",
    "context": "藍眼淚 套裝 行程 - Google 搜尋",
    "time": "2017/06/06 12:03:11",
    "event": "slide"
  },
  {
    "category": "1",
    "app": "Chrome",
    "id": "48",
    "context": "【立榮假期‧直奔美麗境地】ezfly 易飛網．帶你飛向全世界",
    "time": "2017/06/06 12:03:14",
    "event": "click"
  },
  {
    "category": "1",
    "app": "Chrome",
    "id": "49",
    "context": "【立榮假期‧直奔美麗境地】ezfly 易飛網．帶你飛向全世界",
    "time": "2017/06/06 12:03:14",
    "event": "slide"
  },
  {
    "category": "1",
    "app": "Chrome",
    "id": "50",
    "context": "易飛網國內自由行 - 【立榮假期】馬祖芹壁村25號民宿自由行(北竿進出)",
    "time": "2017/06/06 12:03:25",
    "event": "click"
  },
  {
    "category": "1",
    "app": "Chrome",
    "id": "51",
    "context": "易飛網國內自由行 - 【立榮假期】馬祖芹壁村25號民宿自由行(北竿進出)",
    "time": "2017/06/06 12:03:25",
    "event": "slide"
  },
  {
    "category": "1",
    "app": "Chrome",
    "id": "52",
    "context": "易飛網國內自由行 - 選擇飛機班次",
    "time": "2017/06/06 12:04:33",
    "event": "slide"
  },
  {
    "category": "1",
    "app": "Chrome",
    "id": "53",
    "context": "易飛網國內自由行 - 選擇飯店房型",
    "time": "2017/06/06 12:04:46",
    "event": "slide"
  },
  {
    "category": "1",
    "app": "Chrome",
    "id": "54",
    "context": "易飛網國內自由行 - 我的行程表",
    "time": "2017/06/06 12:04:58",
    "event": "slide"
  },
  {
    "category": "1",
    "app": "Chrome",
    "id": "55",
    "context": "易飛網國內自由行 - 【立榮假期】馬祖芹壁村25號民宿自由行(北竿進出)",
    "time": "2017/06/06 12:05:05",
    "event": "slide"
  },
  {
    "category": "1",
    "app": "Chrome",
    "id": "56",
    "context": "易飛網國內自由行 - 選擇飛機班次",
    "time": "2017/06/06 12:06:27",
    "event": "slide"
  },
  {
    "category": "1",
    "app": "Chrome",
    "id": "57",
    "context": "易飛網國內自由行 - 選擇飯店房型",
    "time": "2017/06/06 12:06:45",
    "event": "slide"
  },
  {
    "category": "1",
    "app": "Chrome",
    "id": "58",
    "context": "易飛網國內自由行 - 我的行程表",
    "time": "2017/06/06 12:06:49",
    "event": "slide"
  },
  {
    "category": "1",
    "app": "Chrome",
    "id": "59",
    "context": "易飛網國內自由行 - 選擇飯店房型",
    "time": "2017/06/06 12:06:54",
    "event": "slide"
  },
  {
    "category": "1",
    "app": "Chrome",
    "id": "60",
    "context": "易飛網國內自由行 - 選擇飛機班次",
    "time": "2017/06/06 12:07:36",
    "event": "slide"
  },
  {
    "category": "1",
    "app": "Chrome",
    "id": "61",
    "context": "易飛網國內自由行 - 【立榮假期】馬祖芹壁村25號民宿自由行(北竿進出)",
    "time": "2017/06/06 12:07:38",
    "event": "slide"
  },
  {
    "category": "1",
    "app": "Chrome",
    "id": "62",
    "context": "易飛網國內自由行 - 選擇飛機班次",
    "time": "2017/06/06 12:08:18",
    "event": "slide"
  },
  {
    "category": "1",
    "app": "Chrome",
    "id": "63",
    "context": "易飛網國內自由行 - 選擇飯店房型",
    "time": "2017/06/06 12:08:52",
    "event": "slide"
  },
  {
    "category": "1",
    "app": "Chrome",
    "id": "64",
    "context": "易飛網國內自由行 - 我的行程表",
    "time": "2017/06/06 12:09:05",
    "event": "slide"
  },
  {
    "category": "1",
    "app": "Chrome",
    "id": "65",
    "context": "易飛網國內自由行 - 續住飯店選擇",
    "time": "2017/06/06 12:09:16",
    "event": "slide"
  },
  {
    "category": "1",
    "app": "Chrome",
    "id": "66",
    "context": "易飛網國內自由行 - 我的行程表",
    "time": "2017/06/06 12:09:20",
    "event": "slide"
  },
  {
    "category": "1",
    "app": "Chrome",
    "id": "67",
    "context": "易飛網國內自由行 - 續住飯店選擇",
    "time": "2017/06/06 12:09:26",
    "event": "slide"
  },
  {
    "category": "1",
    "app": "Chrome",
    "id": "68",
    "context": "易飛網國內自由行 - 我的行程表",
    "time": "2017/06/06 12:09:27",
    "event": "slide"
  },
  {
    "category": "1",
    "app": "Chrome",
    "id": "69",
    "context": "易飛網國內自由行 - 選擇飯店房型",
    "time": "2017/06/06 12:09:28",
    "event": "slide"
  },
  {
    "category": "1",
    "app": "Chrome",
    "id": "70",
    "context": "易飛網國內自由行 - 選擇飛機班次",
    "time": "2017/06/06 12:09:30",
    "event": "slide"
  },
  {
    "category": "1",
    "app": "Chrome",
    "id": "71",
    "context": "易飛網國內自由行 - 【立榮假期】馬祖芹壁村25號民宿自由行(北竿進出)",
    "time": "2017/06/06 12:09:32",
    "event": "slide"
  },
  {
    "category": "1",
    "app": "Chrome",
    "id": "72",
    "context": "【立榮假期‧直奔美麗境地】ezfly 易飛網．帶你飛向全世界",
    "time": "2017/06/06 12:09:35",
    "event": "slide"
  },
  {
    "category": "1",
    "app": "Chrome",
    "id": "73",
    "context": "藍眼淚 套裝 行程 - Google 搜尋",
    "time": "2017/06/06 12:09:38",
    "event": "slide"
  },
  {
    "category": "1",
    "app": "Chrome",
    "id": "74",
    "context": "馬祖藍眼淚｜尋找馬祖藍眼淚一生必遊的景點–燦星旅遊 馬祖藍眼淚｜提供馬祖藍眼淚行程住宿，每年4-5月時馬祖島嶼海域，海面上會產生冷光面板一樣的藍光，人們稱之為藍眼淚，來一趟尋找美麗又夢幻的馬祖藍眼淚之旅吧!–燦星旅遊。",
    "time": "2017/06/06 12:09:41",
    "event": "click"
  },
  {
    "category": "1",
    "app": "Chrome",
    "id": "75",
    "context": "馬祖藍眼淚｜尋找馬祖藍眼淚一生必遊的景點–燦星旅遊 馬祖藍眼淚｜提供馬祖藍眼淚行程住宿，每年4-5月時馬祖島嶼海域，海面上會產生冷光面板一樣的藍光，人們稱之為藍眼淚，來一趟尋找美麗又夢幻的馬祖藍眼淚之旅吧!–燦星旅遊。",
    "time": "2017/06/06 12:09:41",
    "event": "slide"
  },
  {
    "category": "1",
    "app": "Chrome",
    "id": "76",
    "context": "藍眼淚 套裝 行程 - Google 搜尋",
    "time": "2017/06/06 12:09:49",
    "event": "slide"
  },
  {
    "category": "1",
    "app": "Chrome",
    "id": "77",
    "context": "藍眼淚 套裝 行程 - Google 搜尋",
    "time": "2017/06/06 12:09:53",
    "event": "slide"
  },
  {
    "category": "1",
    "app": "Chrome",
    "id": "78",
    "context": "馬祖旅遊玩家",
    "time": "2017/06/06 12:09:55",
    "event": "click"
  },
  {
    "category": "1",
    "app": "Chrome",
    "id": "79",
    "context": "馬祖旅遊玩家",
    "time": "2017/06/06 12:09:55",
    "event": "slide"
  },
  {
    "category": "1",
    "app": "Chrome",
    "id": "80",
    "context": "藍眼淚 套裝 行程 - Google 搜尋",
    "time": "2017/06/06 12:10:12",
    "event": "slide"
  },
  {
    "category": "1",
    "app": "Chrome",
    "id": "81",
    "context": "藍眼淚 套裝 行程 - Google 搜尋 ",
    "time": "2017/06/06 12:10:17",
    "event": "slide"
  },
  {
    "category": "1",
    "app": "Chrome",
    "id": "82",
    "context": "船去船回～馬祖夢幻藍眼淚～南北竿４天３夜／2017年6月 – 五福旅遊",
    "time": "2017/06/06 12:10:40",
    "event": "click"
  },
  {
    "category": "1",
    "app": "Chrome",
    "id": "83",
    "context": "船去船回～馬祖夢幻藍眼淚～南北竿４天３夜／2017年6月 – 五福旅遊",
    "time": "2017/06/06 12:10:40",
    "event": "slide"
  },
  {
    "category": "1",
    "app": "Chrome",
    "id": "84",
    "context": "馬祖藍眼淚2017",
    "time": "2017/06/06 12:10:52",
    "event": "type"
  },
  {
    "category": "1",
    "app": "Chrome",
    "id": "85",
    "context": "馬祖藍眼淚2017 - Google 搜尋",
    "time": "2017/06/06 12:10:54",
    "event": "click"
  },
  {
    "category": "1",
    "app": "Chrome",
    "id": "86",
    "context": "馬祖藍眼淚2017 - Google 搜尋",
    "time": "2017/06/06 12:10:54",
    "event": "slide"
  },
  {
    "category": "1",
    "app": "Chrome",
    "id": "87",
    "context": "【馬祖卡蹓】一生必看的世界美景，馬祖藍眼淚的大補帖來了",
    "time": "2017/06/06 12:11:07",
    "event": "click"
  },
  {
    "category": "1",
    "app": "Chrome",
    "id": "88",
    "context": "【馬祖卡蹓】一生必看的世界美景，馬祖藍眼淚的大補帖來了",
    "time": "2017/06/06 12:11:07",
    "event": "slide"
  },
  {
    "category": "1",
    "app": "Chrome",
    "id": "89",
    "context": "馬祖藍眼淚2017 - Google 搜尋",
    "time": "2017/06/06 12:11:09",
    "event": "slide"
  },
  {
    "category": "1",
    "app": "Chrome",
    "id": "90",
    "context": "【4月~6月】藍眼淚在馬祖(南、北竿)三日遊(機來機回) - 雄獅旅遊 著名的藍眼淚，是一種生存在海中的非寄生甲藻，能進行生物發光因此有藍眼淚的海域，人們就能在海中看見夜光藻發出的光芒，有時會隨著海浪浮動，像是海上幽靈一般的存在而馬祖的「藍眼淚」奇景通常是在4月~8月這段期間出現但想遇到藍眼淚，還是需要水溫、海流以及潮汐的條件共同配合之下",
    "time": "2017/06/06 12:11:13",
    "event": "click"
  },
  {
    "category": "1",
    "app": "Chrome",
    "id": "91",
    "context": "【4月~6月】藍眼淚在馬祖(南、北竿)三日遊(機來機回) - 雄獅旅遊 著名的藍眼淚，是一種生存在海中的非寄生甲藻，能進行生物發光因此有藍眼淚的海域，人們就能在海中看見夜光藻發出的光芒，有時會隨著海浪浮動，像是海上幽靈一般的存在而馬祖的「藍眼淚」奇景通常是在4月~8月這段期間出現但想遇到藍眼淚，還是需要水溫、海流以及潮汐的條件共同配合之下",
    "time": "2017/06/06 12:11:13",
    "event": "slide"
  },
  {
    "category": "1",
    "app": "Chrome",
    "id": "92",
    "context": "馬祖藍眼淚2017 - Google 搜尋",
    "time": "2017/06/06 12:11:21",
    "event": "slide"
  },
  {
    "category": "1",
    "app": "Chrome",
    "id": "93",
    "context": "南竿北海坑道夜賞藍眼淚 - 馬祖國家風景區全球資訊網",
    "time": "2017/06/06 12:12:33",
    "event": "click"
  },
  {
    "category": "1",
    "app": "Chrome",
    "id": "94",
    "context": "南竿北海坑道夜賞藍眼淚 - 馬祖國家風景區全球資訊網",
    "time": "2017/06/06 12:12:33",
    "event": "slide"
  },
  {
    "category": "1",
    "app": "Chrome",
    "id": "95",
    "context": "馬祖藍眼淚2017 - Google 搜尋",
    "time": "2017/06/06 12:12:37",
    "event": "slide"
  },
  {
    "category": "3",
    "app": "Messenger",
    "id": "96",
    "context": "你這周會去畢典嗎?去惠蓀堂嗎?",
    "time": "2017/06/06 12:12:42",
    "event": "slide"
  },
  {
    "category": "3",
    "app": "Messenger",
    "id": "97",
    "context": "嗯不會耶！ 怎麼了嗎～ 我想說去年參加過了，今年都不同屆學生 ",
    "time": "2017/06/06 12:12:42",
    "event": "slide"
  },
  {
    "category": "4",
    "app": "Messenger",
    "id": "98",
    "context": "傳送",
    "time": "2017/06/06 12:12:42",
    "event": "slide"
  },
  {
    "category": "3",
    "app": "Messenger",
    "id": "99",
    "context": "你這周會去畢典嗎?去惠蓀堂嗎? 嗯不會耶！ 怎麼了嗎～ 我想說去年參加過了，今年都不同屆學生 ",
    "time": "2017/06/06 12:12:42",
    "event": "slide"
  },
  {
    "category": "1",
    "app": "Chrome",
    "id": "100",
    "context": "馬祖藍眼淚現蹤報到，季節限定的特別景色，2017馬祖追淚地點整理 | SHOTRIP",
    "time": "2017/06/06 12:14:31",
    "event": "click"
  },
  {
    "category": "1",
    "app": "Chrome",
    "id": "101",
    "context": "馬祖藍眼淚現蹤報到，季節限定的特別景色，2017馬祖追淚地點整理 | SHOTRIP",
    "time": "2017/06/06 12:14:31",
    "event": "slide"
  }
]