[
  {
    "category": "2",
    "app": "Messenger",
    "id": "6",
    "context": "你們幾點到啊啊啊馬上要開會語萱可以把照片傳line給我嗎正在傳喔可以傳到羣組",
    "time": "2017/06/06 11:43:42",
    "event": "slide"
  },
  {
    "category": "2",
    "app": "Messenger",
    "id": "7",
    "context": "剛剛忘記在大門的玻璃門口拍我覺得那裡很美下次有空再拍，還有櫃檯",
    "time": "2017/06/06 11:43:42",
    "event": "type"
  },
  {
    "category": "2",
    "app": "Messenger",
    "id": "9",
    "context": "你們幾點到啊啊啊馬上要開會語萱可以把照片傳line給我嗎正在傳喔可以傳到羣組剛剛忘記在大門的玻璃門口拍我覺得那裡很美下次有空再拍，還有櫃檯",
    "time": "2017/06/06 11:43:42",
    "event": "slide"
  }
]