[
  {
    "category": "1",
    "app": "Facebook",
    "id": "1",
    "context": "被遺忘的工程師歷史：二戰時的彈道計算全靠一羣女性，最後卻沒人記得她們【我們為什麼挑選這篇文章】50年前，電腦程式設計曾經被認為是非常女性化的職業，但1980年代，女性程式設計師的佔比陡然下滑並一直延續到今天。是什麼原因和歷史背景，導致如此大的轉折？50年前，又有哪些無名的女性英雄呢？（責任編輯：曾宜婷）作者/紀雲你腦中的電腦程式員是什麼樣？是男性，年輕的男性嗎？你是對的，因為事實如此。數一數每天出現在科技媒體上的人名：比爾·蓋茨、史蒂夫·約伯斯、伊隆·馬斯克、馬克·祖克柏、拉里·佩奇、馬化騰……都是男性。在科技公司裡，從事程式設計和技術性工作的女性比例低得可憐。蘋果、google、facebook等幾大互聯網公司裡的技術部門裡男性員工佔80%以上。我沒有找到中國互聯網公司這方面的直接資料，但想起此前看到的一個新聞。去年阿里巴巴發佈一則招聘「程式設計師鼓勵師」的廣告，性別為女性，特地強調要求「顏值高」。隨便在求職網站拉勾網上一搜，眾多科技公司都在招聘程式設計師的廣告中單獨列一條在工作場所「大波單身妹子出沒」描述。在求職網站100offer的一份男女程式設計師求職報告中顯示，每五個找工作的程式設計師中只有一位女性。在「程式設計師」幾乎等於「男性程式設計師」的同時，對女性程式設計師的一個普遍認知是，近些年女性從事程式設計的人數才漸漸多起來。回頭翻電腦歷史，我發現一個完全相反的事實。七十年前，電腦程式設計曾經被認為是非常女性化的職業，在隨後的三四十年裡女性是這個領域的領軍人物。轉折發生在80年代，女程式設計師的增長陡然經歷下滑，一直持續到今天。下面是一項美國的權威調查，反應了從1965年至2015年女性在高校不同專業人數的變化。不像女性人數在醫學院、法學院或物理學院中一直增長，電腦科學學院裡的女性數量從80年代後期開始一路持續下降。這是怎麼發生的？世界上第一位程式設計師是名女性她叫阿達·愛絲（adalovelace）。2012年，在她194歲誕辰時出現在googledoodle上。科技作者沃爾特·以撒森（walterisaacson）在他關於科技互聯網歷史的新書《創新者》裡便從她的故事講起。阿達·愛絲的父親是英國大詩人拜倫，在她出生一個月後拜倫離開母女，並於四個月後永遠地離開英國，最終在愛絲八歲時死於疾病。其母不希望她變成父親那樣的浪漫詩人，於是幾乎只讓她接觸和學習數學。少年時，她的數學天賦讓她與當時的英國數學家，同時也是「電腦之父」查理斯·巴貝奇（charlesbabbage）建立持久的工作關係和友誼。愛絲17歲時，巴貝奇給她展示了自己關於能自動解答繁瑣數學問題電腦的想法。愛絲在之後的一篇文章裡表達了自己對這個機器的看法，她認為其能做的不僅是計算。她預見到，「電腦能做任何通過邏輯表述的事情」。包括句子、圖像、音樂，不僅是數位。伊薩克森在書裡寫道，「她理解輸入一個指令到機器裡這件事，她甚至編寫了伯努利數作為例子，這是一個驚人複雜的數字序列。」她與巴貝奇的合作持續一生，期間她翻譯了一位元義大利工程師關於電腦的書，翻譯中她作了研究和大量筆記，與原作整合在一起。巴貝奇的機器從未被造出，但他的設計和愛絲的筆記得到出版，並於1953年再版，激發後人造出第一臺電腦。巴貝奇設想的機器被認為是最早的電腦模型，愛絲的筆記是對電腦和軟體的最早描述。給第一臺電子電腦程式設計的也是女性，這臺電腦大名鼎鼎，出現在各大歷史課本中，叫eniac，但幾乎沒有歷史書提到給它程式設計的六名女性。我不知你能否想像eniac對我們所有人來說有多興奮，我們不談論社交或其他任何事情，都是它，我們無時無刻不在討論這臺電腦。——簡·傑寧斯（jeanjennings），eniac程式設計師二戰催生眾多科技成果，電腦是其中之一。二戰也讓男性上戰場，女性被應徵到各個工作崗位。那些學數學的女性被帶到佔據了一間房的機器前，她們的工作是計算資料，讓士兵能瞄準目標，説明科學家開發原子彈。簡·傑寧斯是其中之一。1924年12月27日，傑寧斯出生在密蘇裏的一個農場裡。她有兄弟姐妹七人，家裡很窮，但父母很重視教育，把七個孩子都送進學校。傑甯斯進入密蘇裏西北師範學院（今密蘇裏西北大學）讀新聞學，但她討厭輔導員，所以轉到數學，這一下簡直愛死了。1945年結業後，數學老師給傑甯斯看了一份軍隊的招聘啟事，這麼寫的：招聘：有數學學位的女性。這裡有科學和工程學工作提供給女性，此前只招男性。現在是時候考慮進入科學和工程學領域工作了。你會發現這裡的口號將和其他地方一樣：需要女性！風格如下：工作地點在賓州大學。傑寧斯報了名，不久後收到讓她去面試的通知書，當天晚上她便乘上往東去的午夜列車，在40個小時後出現在賓州。傑寧斯渴望冒險。這是1945年3月，20歲的傑寧斯第一次來到故鄉之外的地方，她發現已經有70多位女性在這裡工作。她先坐在桌前計算了幾個月的彈道。當時很多學數學的女性都從事這份工作，這被認為是「女人的工作」。它要求耐心仔細，不需要太有創意。一個人要能坐那一整天，填表、處理數位。總之，沒那麼有趣。",
    "time": "2017/06/01 17:05:12",
    "event": "click"
  },
  {
    "category": "1",
    "app": "Facebook",
    "id": "2",
    "context": "被遺忘的工程師歷史：二戰時的彈道計算全靠一羣女性，最後卻沒人記得她們【我們為什麼挑選這篇文章】50年前，電腦程式設計曾經被認為是非常女性化的職業，但1980年代，女性程式設計師的佔比陡然下滑並一直延續到今天。是什麼原因和歷史背景，導致如此大的轉折？50年前，又有哪些無名的女性英雄呢？（責任編輯：曾宜婷）作者/紀雲你腦中的電腦程式員是什麼樣？是男性，年輕的男性嗎？你是對的，因為事實如此。數一數每天出現在科技媒體上的人名：比爾·蓋茨、史蒂夫·約伯斯、伊隆·馬斯克、馬克·祖克柏、拉里·佩奇、馬化騰……都是男性。在科技公司裡，從事程式設計和技術性工作的女性比例低得可憐。蘋果、google、facebook等幾大互聯網公司裡的技術部門裡男性員工佔80%以上。我沒有找到中國互聯網公司這方面的直接資料，但想起此前看到的一個新聞。去年阿里巴巴發佈一則招聘「程式設計師鼓勵師」的廣告，性別為女性，特地強調要求「顏值高」。隨便在求職網站拉勾網上一搜，眾多科技公司都在招聘程式設計師的廣告中單獨列一條在工作場所「大波單身妹子出沒」描述。在求職網站100offer的一份男女程式設計師求職報告中顯示，每五個找工作的程式設計師中只有一位女性。在「程式設計師」幾乎等於「男性程式設計師」的同時，對女性程式設計師的一個普遍認知是，近些年女性從事程式設計的人數才漸漸多起來。回頭翻電腦歷史，我發現一個完全相反的事實。七十年前，電腦程式設計曾經被認為是非常女性化的職業，在隨後的三四十年裡女性是這個領域的領軍人物。轉折發生在80年代，女程式設計師的增長陡然經歷下滑，一直持續到今天。下面是一項美國的權威調查，反應了從1965年至2015年女性在高校不同專業人數的變化。不像女性人數在醫學院、法學院或物理學院中一直增長，電腦科學學院裡的女性數量從80年代後期開始一路持續下降。這是怎麼發生的？世界上第一位程式設計師是名女性她叫阿達·愛絲（adalovelace）。2012年，在她194歲誕辰時出現在googledoodle上。科技作者沃爾特·以撒森（walterisaacson）在他關於科技互聯網歷史的新書《創新者》裡便從她的故事講起。阿達·愛絲的父親是英國大詩人拜倫，在她出生一個月後拜倫離開母女，並於四個月後永遠地離開英國，最終在愛絲八歲時死於疾病。其母不希望她變成父親那樣的浪漫詩人，於是幾乎只讓她接觸和學習數學。少年時，她的數學天賦讓她與當時的英國數學家，同時也是「電腦之父」查理斯·巴貝奇（charlesbabbage）建立持久的工作關係和友誼。愛絲17歲時，巴貝奇給她展示了自己關於能自動解答繁瑣數學問題電腦的想法。愛絲在之後的一篇文章裡表達了自己對這個機器的看法，她認為其能做的不僅是計算。她預見到，「電腦能做任何通過邏輯表述的事情」。包括句子、圖像、音樂，不僅是數位。伊薩克森在書裡寫道，「她理解輸入一個指令到機器裡這件事，她甚至編寫了伯努利數作為例子，這是一個驚人複雜的數字序列。」她與巴貝奇的合作持續一生，期間她翻譯了一位元義大利工程師關於電腦的書，翻譯中她作了研究和大量筆記，與原作整合在一起。巴貝奇的機器從未被造出，但他的設計和愛絲的筆記得到出版，並於1953年再版，激發後人造出第一臺電腦。巴貝奇設想的機器被認為是最早的電腦模型，愛絲的筆記是對電腦和軟體的最早描述。給第一臺電子電腦程式設計的也是女性，這臺電腦大名鼎鼎，出現在各大歷史課本中，叫eniac，但幾乎沒有歷史書提到給它程式設計的六名女性。我不知你能否想像eniac對我們所有人來說有多興奮，我們不談論社交或其他任何事情，都是它，我們無時無刻不在討論這臺電腦。——簡·傑寧斯（jeanjennings），eniac程式設計師二戰催生眾多科技成果，電腦是其中之一。二戰也讓男性上戰場，女性被應徵到各個工作崗位。那些學數學的女性被帶到佔據了一間房的機器前，她們的工作是計算資料，讓士兵能瞄準目標，説明科學家開發原子彈。簡·傑寧斯是其中之一。1924年12月27日，傑寧斯出生在密蘇裏的一個農場裡。她有兄弟姐妹七人，家裡很窮，但父母很重視教育，把七個孩子都送進學校。傑甯斯進入密蘇裏西北師範學院（今密蘇裏西北大學）讀新聞學，但她討厭輔導員，所以轉到數學，這一下簡直愛死了。1945年結業後，數學老師給傑甯斯看了一份軍隊的招聘啟事，這麼寫的：招聘：有數學學位的女性。這裡有科學和工程學工作提供給女性，此前只招男性。現在是時候考慮進入科學和工程學領域工作了。你會發現這裡的口號將和其他地方一樣：需要女性！風格如下：工作地點在賓州大學。傑寧斯報了名，不久後收到讓她去面試的通知書，當天晚上她便乘上往東去的午夜列車，在40個小時後出現在賓州。傑寧斯渴望冒險。這是1945年3月，20歲的傑寧斯第一次來到故鄉之外的地方，她發現已經有70多位女性在這裡工作。她先坐在桌前計算了幾個月的彈道。當時很多學數學的女性都從事這份工作，這被認為是「女人的工作」。它要求耐心仔細，不需要太有創意。一個人要能坐那一整天，填表、處理數位。總之，沒那麼有趣。",
    "time": "2017/06/01 17:05:12",
    "event": "slide"
  },
  {
    "category": "1",
    "app": "Facebook",
    "id": "5",
    "context": "被遺忘的工程師歷史：二戰時的彈道計算全靠一羣女性，最後卻沒人記得她們【我們為什麼挑選這篇文章】50年前，電腦程式設計曾經被認為是非常女性化的職業，但1980年代，女性程式設計師的佔比陡然下滑並一直延續到今天。是什麼原因和歷史背景，導致如此大的轉折？50年前，又有哪些無名的女性英雄呢？（責任編輯：曾宜婷）作者/紀雲你腦中的電腦程式員是什麼樣？是男性，年輕的男性嗎？你是對的，因為事實如此。數一數每天出現在科技媒體上的人名：比爾·蓋茨、史蒂夫·約伯斯、伊隆·馬斯克、馬克·祖克柏、拉里·佩奇、馬化騰……都是男性。在科技公司裡，從事程式設計和技術性工作的女性比例低得可憐。蘋果、google、facebook等幾大互聯網公司裡的技術部門裡男性員工佔80%以上。我沒有找到中國互聯網公司這方面的直接資料，但想起此前看到的一個新聞。去年阿里巴巴發佈一則招聘「程式設計師鼓勵師」的廣告，性別為女性，特地強調要求「顏值高」。隨便在求職網站拉勾網上一搜，眾多科技公司都在招聘程式設計師的廣告中單獨列一條在工作場所「大波單身妹子出沒」描述。在求職網站100offer的一份男女程式設計師求職報告中顯示，每五個找工作的程式設計師中只有一位女性。在「程式設計師」幾乎等於「男性程式設計師」的同時，對女性程式設計師的一個普遍認知是，近些年女性從事程式設計的人數才漸漸多起來。回頭翻電腦歷史，我發現一個完全相反的事實。七十年前，電腦程式設計曾經被認為是非常女性化的職業，在隨後的三四十年裡女性是這個領域的領軍人物。轉折發生在80年代，女程式設計師的增長陡然經歷下滑，一直持續到今天。下面是一項美國的權威調查，反應了從1965年至2015年女性在高校不同專業人數的變化。不像女性人數在醫學院、法學院或物理學院中一直增長，電腦科學學院裡的女性數量從80年代後期開始一路持續下降。這是怎麼發生的？世界上第一位程式設計師是名女性她叫阿達·愛絲（adalovelace）。2012年，在她194歲誕辰時出現在googledoodle上。科技作者沃爾特·以撒森（walterisaacson）在他關於科技互聯網歷史的新書《創新者》裡便從她的故事講起。阿達·愛絲的父親是英國大詩人拜倫，在她出生一個月後拜倫離開母女，並於四個月後永遠地離開英國，最終在愛絲八歲時死於疾病。其母不希望她變成父親那樣的浪漫詩人，於是幾乎只讓她接觸和學習數學。少年時，她的數學天賦讓她與當時的英國數學家，同時也是「電腦之父」查理斯·巴貝奇（charlesbabbage）建立持久的工作關係和友誼。愛絲17歲時，巴貝奇給她展示了自己關於能自動解答繁瑣數學問題電腦的想法。愛絲在之後的一篇文章裡表達了自己對這個機器的看法，她認為其能做的不僅是計算。她預見到，「電腦能做任何通過邏輯表述的事情」。包括句子、圖像、音樂，不僅是數位。伊薩克森在書裡寫道，「她理解輸入一個指令到機器裡這件事，她甚至編寫了伯努利數作為例子，這是一個驚人複雜的數字序列。」她與巴貝奇的合作持續一生，期間她翻譯了一位元義大利工程師關於電腦的書，翻譯中她作了研究和大量筆記，與原作整合在一起。巴貝奇的機器從未被造出，但他的設計和愛絲的筆記得到出版，並於1953年再版，激發後人造出第一臺電腦。巴貝奇設想的機器被認為是最早的電腦模型，愛絲的筆記是對電腦和軟體的最早描述。給第一臺電子電腦程式設計的也是女性，這臺電腦大名鼎鼎，出現在各大歷史課本中，叫eniac，但幾乎沒有歷史書提到給它程式設計的六名女性。我不知你能否想像eniac對我們所有人來說有多興奮，我們不談論社交或其他任何事情，都是它，我們無時無刻不在討論這臺電腦。——簡·傑寧斯（jeanjennings），eniac程式設計師二戰催生眾多科技成果，電腦是其中之一。二戰也讓男性上戰場，女性被應徵到各個工作崗位。那些學數學的女性被帶到佔據了一間房的機器前，她們的工作是計算資料，讓士兵能瞄準目標，説明科學家開發原子彈。簡·傑寧斯是其中之一。1924年12月27日，傑寧斯出生在密蘇裏的一個農場裡。她有兄弟姐妹七人，家裡很窮，但父母很重視教育，把七個孩子都送進學校。傑甯斯進入密蘇裏西北師範學院（今密蘇裏西北大學）讀新聞學，但她討厭輔導員，所以轉到數學，這一下簡直愛死了。1945年結業後，數學老師給傑甯斯看了一份軍隊的招聘啟事，這麼寫的：招聘：有數學學位的女性。這裡有科學和工程學工作提供給女性，此前只招男性。現在是時候考慮進入科學和工程學領域工作了。你會發現這裡的口號將和其他地方一樣：需要女性！風格如下：工作地點在賓州大學。傑寧斯報了名，不久後收到讓她去面試的通知書，當天晚上她便乘上往東去的午夜列車，在40個小時後出現在賓州。傑寧斯渴望冒險。這是1945年3月，20歲的傑寧斯第一次來到故鄉之外的地方，她發現已經有70多位女性在這裡工作。她先坐在桌前計算了幾個月的彈道。當時很多學數學的女性都從事這份工作，這被認為是「女人的工作」。它要求耐心仔細，不需要太有創意。一個人要能坐那一整天，填表、處理數位。總之，沒那麼有趣。",
    "time": "2017/06/01 17:05:14",
    "event": "click"
  },
  {
    "category": "1",
    "app": "Facebook",
    "id": "6",
    "context": "被遺忘的工程師歷史：二戰時的彈道計算全靠一羣女性，最後卻沒人記得她們【我們為什麼挑選這篇文章】50年前，電腦程式設計曾經被認為是非常女性化的職業，但1980年代，女性程式設計師的佔比陡然下滑並一直延續到今天。是什麼原因和歷史背景，導致如此大的轉折？50年前，又有哪些無名的女性英雄呢？（責任編輯：曾宜婷）作者/紀雲你腦中的電腦程式員是什麼樣？是男性，年輕的男性嗎？你是對的，因為事實如此。數一數每天出現在科技媒體上的人名：比爾·蓋茨、史蒂夫·約伯斯、伊隆·馬斯克、馬克·祖克柏、拉里·佩奇、馬化騰……都是男性。在科技公司裡，從事程式設計和技術性工作的女性比例低得可憐。蘋果、google、facebook等幾大互聯網公司裡的技術部門裡男性員工佔80%以上。我沒有找到中國互聯網公司這方面的直接資料，但想起此前看到的一個新聞。去年阿里巴巴發佈一則招聘「程式設計師鼓勵師」的廣告，性別為女性，特地強調要求「顏值高」。隨便在求職網站拉勾網上一搜，眾多科技公司都在招聘程式設計師的廣告中單獨列一條在工作場所「大波單身妹子出沒」描述。在求職網站100offer的一份男女程式設計師求職報告中顯示，每五個找工作的程式設計師中只有一位女性。在「程式設計師」幾乎等於「男性程式設計師」的同時，對女性程式設計師的一個普遍認知是，近些年女性從事程式設計的人數才漸漸多起來。回頭翻電腦歷史，我發現一個完全相反的事實。七十年前，電腦程式設計曾經被認為是非常女性化的職業，在隨後的三四十年裡女性是這個領域的領軍人物。轉折發生在80年代，女程式設計師的增長陡然經歷下滑，一直持續到今天。下面是一項美國的權威調查，反應了從1965年至2015年女性在高校不同專業人數的變化。不像女性人數在醫學院、法學院或物理學院中一直增長，電腦科學學院裡的女性數量從80年代後期開始一路持續下降。這是怎麼發生的？世界上第一位程式設計師是名女性她叫阿達·愛絲（adalovelace）。2012年，在她194歲誕辰時出現在googledoodle上。科技作者沃爾特·以撒森（walterisaacson）在他關於科技互聯網歷史的新書《創新者》裡便從她的故事講起。阿達·愛絲的父親是英國大詩人拜倫，在她出生一個月後拜倫離開母女，並於四個月後永遠地離開英國，最終在愛絲八歲時死於疾病。其母不希望她變成父親那樣的浪漫詩人，於是幾乎只讓她接觸和學習數學。少年時，她的數學天賦讓她與當時的英國數學家，同時也是「電腦之父」查理斯·巴貝奇（charlesbabbage）建立持久的工作關係和友誼。愛絲17歲時，巴貝奇給她展示了自己關於能自動解答繁瑣數學問題電腦的想法。愛絲在之後的一篇文章裡表達了自己對這個機器的看法，她認為其能做的不僅是計算。她預見到，「電腦能做任何通過邏輯表述的事情」。包括句子、圖像、音樂，不僅是數位。伊薩克森在書裡寫道，「她理解輸入一個指令到機器裡這件事，她甚至編寫了伯努利數作為例子，這是一個驚人複雜的數字序列。」她與巴貝奇的合作持續一生，期間她翻譯了一位元義大利工程師關於電腦的書，翻譯中她作了研究和大量筆記，與原作整合在一起。巴貝奇的機器從未被造出，但他的設計和愛絲的筆記得到出版，並於1953年再版，激發後人造出第一臺電腦。巴貝奇設想的機器被認為是最早的電腦模型，愛絲的筆記是對電腦和軟體的最早描述。給第一臺電子電腦程式設計的也是女性，這臺電腦大名鼎鼎，出現在各大歷史課本中，叫eniac，但幾乎沒有歷史書提到給它程式設計的六名女性。我不知你能否想像eniac對我們所有人來說有多興奮，我們不談論社交或其他任何事情，都是它，我們無時無刻不在討論這臺電腦。——簡·傑寧斯（jeanjennings），eniac程式設計師二戰催生眾多科技成果，電腦是其中之一。二戰也讓男性上戰場，女性被應徵到各個工作崗位。那些學數學的女性被帶到佔據了一間房的機器前，她們的工作是計算資料，讓士兵能瞄準目標，説明科學家開發原子彈。簡·傑寧斯是其中之一。1924年12月27日，傑寧斯出生在密蘇裏的一個農場裡。她有兄弟姐妹七人，家裡很窮，但父母很重視教育，把七個孩子都送進學校。傑甯斯進入密蘇裏西北師範學院（今密蘇裏西北大學）讀新聞學，但她討厭輔導員，所以轉到數學，這一下簡直愛死了。1945年結業後，數學老師給傑甯斯看了一份軍隊的招聘啟事，這麼寫的：招聘：有數學學位的女性。這裡有科學和工程學工作提供給女性，此前只招男性。現在是時候考慮進入科學和工程學領域工作了。你會發現這裡的口號將和其他地方一樣：需要女性！風格如下：工作地點在賓州大學。傑寧斯報了名，不久後收到讓她去面試的通知書，當天晚上她便乘上往東去的午夜列車，在40個小時後出現在賓州。傑寧斯渴望冒險。這是1945年3月，20歲的傑寧斯第一次來到故鄉之外的地方，她發現已經有70多位女性在這裡工作。她先坐在桌前計算了幾個月的彈道。當時很多學數學的女性都從事這份工作，這被認為是「女人的工作」。它要求耐心仔細，不需要太有創意。一個人要能坐那一整天，填表、處理數位。總之，沒那麼有趣。",
    "time": "2017/06/01 17:05:14",
    "event": "slide"
  },
  {
    "category": "1",
    "app": "Facebook",
    "id": "7",
    "context": "有天傑寧斯聽說一個神祕項目在招聘女性。她對這個專案毫不知情，可以確定的是，如果得到這份工作，她將不用計算彈道，她將從頭開始學新東西，激動的東西。傑寧斯和其他五位女性一起進入eniac項目。她們先接受六週訓練，然後人手一份表格和圖表，負責的男性說，「現在你們去弄明白這臺機器如何運作，以及怎麼給它程式設計。」在當時，男性更傾向於做跟硬體相關的工作，像程式設計和處理表格這些事情被留給女性。如果當時男性意識到程式設計將變得何等重要，也許就不會把這個工作交給女人們了。eniac是軍方保密項目，初衷也是計算彈道，因為純粹通過人來計算太慢了。這幾位女性邊做邊學，她們分析不同等式，決定讓哪條電線連在哪個正確電路上。她們開始理解這臺機器能做什麼，不能做什麼，出現問題時可以診斷到每個獨立真空管的地步。事實上，在診斷問題時，她們跟男性工程師一樣好。這些工程師很喜歡這點，漸漸把調式工作都交給這六個女人。直到1946年2月軍方纔決定公開這個專案，並且決定在發佈會上做彈道計算演示。提前兩週，負責人找到傑甯斯和另一位女性貝蒂·辛徳，問她們能否給eniac編這個程式。傑寧斯覺得很興奮，回答說當然可以。男人們知道現在演示成功與否取決於這兩位女性了。專案負責人，之後被認為是eniac設計者的約翰·莫卡利，他在星期六晚上拎著一瓶杏仁味的白蘭地去看望日以繼夜工作的傑甯斯和辛徳。幾天後，工程學院院長又拎著一袋子威士卡來探望。儘管這兩位女性都不太喝酒，但這些舉動讓她們意識到自己工作的重要性。最終的演示很成功。eniac只用15秒就能計算一組彈道，此前這要花費好幾週的人力。《紐約時報》在頭版作了報導，美聯社將它稱為「開創了用數學給每個人帶來更好生活的先河」。不過無論是發佈會，還是之後的慶功會，都沒有這幾位女性的身影。她們被交給一個從未被實現過的任務，她們累得像條狗一樣完成這個任務，然後就被遺忘了。為了記錄這段歷史，佛吉尼亞大學教授傑內特·阿貝（janetabbate）採訪了當時這些女性，並寫作《記錄性別》（recordinggender）一書，揭開當年那些女性在電腦科學中的探索，和從中獲得的樂趣。這些男人做程式設計師真讓我吃驚，因為我以為這是女人的工作！——艾爾斯·沙特（elsieshutt），1953年，軟體公司compinc創始人馬塞諸塞州人艾爾斯·沙特也是在二戰期間接觸電腦，同樣因為她的數學出身。戰爭結束後，她繼續在這個領域工作，先後在raytheon、霍尼韋爾做程式設計師。期間，程式設計師這個行業出現兩個大變化。首先，男性回來工作了，沙特覺得很吃驚，因為此前程式設計的都是女人。同時，電腦快速反覆運算更新。從最初的eniac到比它更先進的univac，再到ibm的大型機。機器性能越好，對軟體程式的需求越大。1957年，沙特在第一個孩子出生後辭去工作。這在當時很常見，照顧孩子是女性本職，回歸家庭理所當然。但沙特很享受程式設計時的樂趣，這些年在行業裡的積累讓她看到兼職工作的可能性。剛好當時另外兩位她熟識的女程式設計師也生了孩子，原來的公司拒絕繼續僱傭她們。沙特決定成立一家僱傭自由職業者的軟體公司。這家公司成立於1958年，從事軟體外包工作，員工全部是女性。這些女人在白天照顧小孩，晚上找電腦寫程式。當時還沒有個人電腦，有時候聘請她們的公司有電腦，便開車去那裡工作，當時還有很多公司在晚上閒置時間將電腦租出去，她們也用這種方式。沙特記得有一次開車到附近的鎮子上租計算機工作，回來的路上汽車爆胎，那是淩晨一點鐘。這種專門的軟體公司在美國還是頭一家。幾乎同一時間，在英國另一位叫迪那·韓（dinavaughan）的女性也創立了一家類似的軟體公司。在全職女性不被接受的年代，這些女程式設計師兼職工作的一大動力是能跟上行業發展，待孩子長大後能再回到職場。儘管如此，在之後的二十幾年裡，女性程式設計師還是一個很普遍的存在。1967年，《時尚cosmo》雜誌寫了一篇叫《電腦女孩》的文章，裡面說：「現在耀眼的大電腦來了，一起到來的還有女性的新職業：程式設計。」先後為沙特工作過的50多名工作女性很多都成功回到程式設計行業，從事自己喜歡的工作。",
    "time": "2017/06/01 17:07:10",
    "event": "click"
  },
  {
    "category": "1",
    "app": "Facebook",
    "id": "8",
    "context": "有天傑寧斯聽說一個神祕項目在招聘女性。她對這個專案毫不知情，可以確定的是，如果得到這份工作，她將不用計算彈道，她將從頭開始學新東西，激動的東西。傑寧斯和其他五位女性一起進入eniac項目。她們先接受六週訓練，然後人手一份表格和圖表，負責的男性說，「現在你們去弄明白這臺機器如何運作，以及怎麼給它程式設計。」在當時，男性更傾向於做跟硬體相關的工作，像程式設計和處理表格這些事情被留給女性。如果當時男性意識到程式設計將變得何等重要，也許就不會把這個工作交給女人們了。eniac是軍方保密項目，初衷也是計算彈道，因為純粹通過人來計算太慢了。這幾位女性邊做邊學，她們分析不同等式，決定讓哪條電線連在哪個正確電路上。她們開始理解這臺機器能做什麼，不能做什麼，出現問題時可以診斷到每個獨立真空管的地步。事實上，在診斷問題時，她們跟男性工程師一樣好。這些工程師很喜歡這點，漸漸把調式工作都交給這六個女人。直到1946年2月軍方纔決定公開這個專案，並且決定在發佈會上做彈道計算演示。提前兩週，負責人找到傑甯斯和另一位女性貝蒂·辛徳，問她們能否給eniac編這個程式。傑寧斯覺得很興奮，回答說當然可以。男人們知道現在演示成功與否取決於這兩位女性了。專案負責人，之後被認為是eniac設計者的約翰·莫卡利，他在星期六晚上拎著一瓶杏仁味的白蘭地去看望日以繼夜工作的傑甯斯和辛徳。幾天後，工程學院院長又拎著一袋子威士卡來探望。儘管這兩位女性都不太喝酒，但這些舉動讓她們意識到自己工作的重要性。最終的演示很成功。eniac只用15秒就能計算一組彈道，此前這要花費好幾週的人力。《紐約時報》在頭版作了報導，美聯社將它稱為「開創了用數學給每個人帶來更好生活的先河」。不過無論是發佈會，還是之後的慶功會，都沒有這幾位女性的身影。她們被交給一個從未被實現過的任務，她們累得像條狗一樣完成這個任務，然後就被遺忘了。為了記錄這段歷史，佛吉尼亞大學教授傑內特·阿貝（janetabbate）採訪了當時這些女性，並寫作《記錄性別》（recordinggender）一書，揭開當年那些女性在電腦科學中的探索，和從中獲得的樂趣。這些男人做程式設計師真讓我吃驚，因為我以為這是女人的工作！——艾爾斯·沙特（elsieshutt），1953年，軟體公司compinc創始人馬塞諸塞州人艾爾斯·沙特也是在二戰期間接觸電腦，同樣因為她的數學出身。戰爭結束後，她繼續在這個領域工作，先後在raytheon、霍尼韋爾做程式設計師。期間，程式設計師這個行業出現兩個大變化。首先，男性回來工作了，沙特覺得很吃驚，因為此前程式設計的都是女人。同時，電腦快速反覆運算更新。從最初的eniac到比它更先進的univac，再到ibm的大型機。機器性能越好，對軟體程式的需求越大。1957年，沙特在第一個孩子出生後辭去工作。這在當時很常見，照顧孩子是女性本職，回歸家庭理所當然。但沙特很享受程式設計時的樂趣，這些年在行業裡的積累讓她看到兼職工作的可能性。剛好當時另外兩位她熟識的女程式設計師也生了孩子，原來的公司拒絕繼續僱傭她們。沙特決定成立一家僱傭自由職業者的軟體公司。這家公司成立於1958年，從事軟體外包工作，員工全部是女性。這些女人在白天照顧小孩，晚上找電腦寫程式。當時還沒有個人電腦，有時候聘請她們的公司有電腦，便開車去那裡工作，當時還有很多公司在晚上閒置時間將電腦租出去，她們也用這種方式。沙特記得有一次開車到附近的鎮子上租計算機工作，回來的路上汽車爆胎，那是淩晨一點鐘。這種專門的軟體公司在美國還是頭一家。幾乎同一時間，在英國另一位叫迪那·韓（dinavaughan）的女性也創立了一家類似的軟體公司。在全職女性不被接受的年代，這些女程式設計師兼職工作的一大動力是能跟上行業發展，待孩子長大後能再回到職場。儘管如此，在之後的二十幾年裡，女性程式設計師還是一個很普遍的存在。1967年，《時尚cosmo》雜誌寫了一篇叫《電腦女孩》的文章，裡面說：「現在耀眼的大電腦來了，一起到來的還有女性的新職業：程式設計。」先後為沙特工作過的50多名工作女性很多都成功回到程式設計行業，從事自己喜歡的工作。",
    "time": "2017/06/01 17:07:10",
    "event": "slide"
  },
  {
    "category": "1",
    "app": "Facebook",
    "id": "9",
    "context": "然而這些先驅們的工作並為持續下去，此後有志於從事程式設計的女性面臨一個完全不同的挑戰。數學天才的退學1984年，約翰·霍普金斯大學的微型電腦課程中坐了一位女學生，帕蒂·爾單尼亞斯。跟那些從事程式設計的女性前輩一樣，她很擅長數學。從小學到中學，帕蒂的數學老師都覺得她在數學上很有天分，總給她額外作業，並跟其他幾位男生一起補課。高中時她被稱為數學天才，上大學時自然進入電腦科學專業。她對自己很自信，可第一堂課就讓她徹底沒了信心。在這堂課上，她記得自己提了一個問題，教授對她看一眼，說：你早該知道這個了。她感覺糟透，對自己說，「我永遠不會在這裡表現出眾。」相對地，在她眼裡班上的男孩們簡直跟天才無異，他們永遠都在玩電腦，似乎什麼都知道。她開始懷疑自己的能力，以至於最終換了專業，曾經的高中數學天纔去學了外國語。帕蒂不是唯一一個放棄電腦專業的女性，卡內基·梅隆大學發現其電腦專業的女學生一半都輟學了。為找出原因，加州洛杉磯大學分校研究員簡·瑪格麗絲（janemargolis）在1992年採訪和觀察這所學校電腦科學專業的所有學生，並最終發表為《解鎖俱樂部：電腦科學中的女性》一書。（unlockingtheclubhouse:womenincomputing）她採訪的很多女學生都經歷過跟帕蒂一樣的感受，這些坐在電腦科學課堂中的女性漸漸相信男性在電腦上比她們更優秀，並常常感到強烈的挫敗感。七十年代，簡在大學畢業後嘗試了高空電工作業，它被認為是男人的工作。但是簡很喜歡，她學會使用工具，在工作中感到自己從未設想過的征服感。這份工作她做了十年，直到決定回歸教育行業，她在哈佛研究生院學習教育，研究性別、種族和教育中的不平等。自身經歷讓她意識到，學習機會、偏見、榜樣和期待能給我們帶來多大影響。她想，如果它影響了電工工作，在其他領域又怎麼樣？為什麼女孩不學電腦科學？男孩的玩具簡在課堂上感到挫敗的那一年，蘋果公司推出載入史冊的麥金託什個人電腦廣告。也是這一年，女性程式設計師的數量從巔峯的37%開始一路下滑，2011年這個數字是12%。「個人電腦」是80年代的主題之一。這個詞最初出現在1962年《紐約時報》的一篇文章中，此前負責eniac專案的約翰·麥卡裡預見了未來電腦的樣子，他說，「沒有理由不相信每個男孩，或女孩都能成為個人電腦大師。」",
    "time": "2017/06/01 17:07:31",
    "event": "click"
  },
  {
    "category": "1",
    "app": "Facebook",
    "id": "10",
    "context": "然而這些先驅們的工作並為持續下去，此後有志於從事程式設計的女性面臨一個完全不同的挑戰。數學天才的退學1984年，約翰·霍普金斯大學的微型電腦課程中坐了一位女學生，帕蒂·爾單尼亞斯。跟那些從事程式設計的女性前輩一樣，她很擅長數學。從小學到中學，帕蒂的數學老師都覺得她在數學上很有天分，總給她額外作業，並跟其他幾位男生一起補課。高中時她被稱為數學天才，上大學時自然進入電腦科學專業。她對自己很自信，可第一堂課就讓她徹底沒了信心。在這堂課上，她記得自己提了一個問題，教授對她看一眼，說：你早該知道這個了。她感覺糟透，對自己說，「我永遠不會在這裡表現出眾。」相對地，在她眼裡班上的男孩們簡直跟天才無異，他們永遠都在玩電腦，似乎什麼都知道。她開始懷疑自己的能力，以至於最終換了專業，曾經的高中數學天纔去學了外國語。帕蒂不是唯一一個放棄電腦專業的女性，卡內基·梅隆大學發現其電腦專業的女學生一半都輟學了。為找出原因，加州洛杉磯大學分校研究員簡·瑪格麗絲（janemargolis）在1992年採訪和觀察這所學校電腦科學專業的所有學生，並最終發表為《解鎖俱樂部：電腦科學中的女性》一書。（unlockingtheclubhouse:womenincomputing）她採訪的很多女學生都經歷過跟帕蒂一樣的感受，這些坐在電腦科學課堂中的女性漸漸相信男性在電腦上比她們更優秀，並常常感到強烈的挫敗感。七十年代，簡在大學畢業後嘗試了高空電工作業，它被認為是男人的工作。但是簡很喜歡，她學會使用工具，在工作中感到自己從未設想過的征服感。這份工作她做了十年，直到決定回歸教育行業，她在哈佛研究生院學習教育，研究性別、種族和教育中的不平等。自身經歷讓她意識到，學習機會、偏見、榜樣和期待能給我們帶來多大影響。她想，如果它影響了電工工作，在其他領域又怎麼樣？為什麼女孩不學電腦科學？男孩的玩具簡在課堂上感到挫敗的那一年，蘋果公司推出載入史冊的麥金託什個人電腦廣告。也是這一年，女性程式設計師的數量從巔峯的37%開始一路下滑，2011年這個數字是12%。「個人電腦」是80年代的主題之一。這個詞最初出現在1962年《紐約時報》的一篇文章中，此前負責eniac專案的約翰·麥卡裡預見了未來電腦的樣子，他說，「沒有理由不相信每個男孩，或女孩都能成為個人電腦大師。」",
    "time": "2017/06/01 17:07:31",
    "event": "click"
  },
  {
    "category": "1",
    "app": "Facebook",
    "id": "11",
    "context": "然而這些先驅們的工作並為持續下去，此後有志於從事程式設計的女性面臨一個完全不同的挑戰。數學天才的退學1984年，約翰·霍普金斯大學的微型電腦課程中坐了一位女學生，帕蒂·爾單尼亞斯。跟那些從事程式設計的女性前輩一樣，她很擅長數學。從小學到中學，帕蒂的數學老師都覺得她在數學上很有天分，總給她額外作業，並跟其他幾位男生一起補課。高中時她被稱為數學天才，上大學時自然進入電腦科學專業。她對自己很自信，可第一堂課就讓她徹底沒了信心。在這堂課上，她記得自己提了一個問題，教授對她看一眼，說：你早該知道這個了。她感覺糟透，對自己說，「我永遠不會在這裡表現出眾。」相對地，在她眼裡班上的男孩們簡直跟天才無異，他們永遠都在玩電腦，似乎什麼都知道。她開始懷疑自己的能力，以至於最終換了專業，曾經的高中數學天纔去學了外國語。帕蒂不是唯一一個放棄電腦專業的女性，卡內基·梅隆大學發現其電腦專業的女學生一半都輟學了。為找出原因，加州洛杉磯大學分校研究員簡·瑪格麗絲（janemargolis）在1992年採訪和觀察這所學校電腦科學專業的所有學生，並最終發表為《解鎖俱樂部：電腦科學中的女性》一書。（unlockingtheclubhouse:womenincomputing）她採訪的很多女學生都經歷過跟帕蒂一樣的感受，這些坐在電腦科學課堂中的女性漸漸相信男性在電腦上比她們更優秀，並常常感到強烈的挫敗感。七十年代，簡在大學畢業後嘗試了高空電工作業，它被認為是男人的工作。但是簡很喜歡，她學會使用工具，在工作中感到自己從未設想過的征服感。這份工作她做了十年，直到決定回歸教育行業，她在哈佛研究生院學習教育，研究性別、種族和教育中的不平等。自身經歷讓她意識到，學習機會、偏見、榜樣和期待能給我們帶來多大影響。她想，如果它影響了電工工作，在其他領域又怎麼樣？為什麼女孩不學電腦科學？男孩的玩具簡在課堂上感到挫敗的那一年，蘋果公司推出載入史冊的麥金託什個人電腦廣告。也是這一年，女性程式設計師的數量從巔峯的37%開始一路下滑，2011年這個數字是12%。「個人電腦」是80年代的主題之一。這個詞最初出現在1962年《紐約時報》的一篇文章中，此前負責eniac專案的約翰·麥卡裡預見了未來電腦的樣子，他說，「沒有理由不相信每個男孩，或女孩都能成為個人電腦大師。」",
    "time": "2017/06/01 17:07:31",
    "event": "slide"
  },
  {
    "category": "1",
    "app": "Facebook",
    "id": "12",
    "context": "他的預見很快成為現實。八十年代，除蘋果公司外，radioshack和commodore是最大個人電腦生產商，它們在美國賣出50萬臺個人電腦。麥卡裡沒想到的是，女孩並未被包括在這個未來裡。這些早期個人電腦記憶體很小，功能簡單，商家的一大賣點是遊戲，如著名的《太空大戰》（spacewar!）便誕生於此時。正因此，它被商家定位為「男孩的玩具」。在一則八十年代的radioshack彩色電腦廣告中，清一色男孩從校車上下來，回到家後立馬坐在長得像電視機一樣的個人電腦前，玩遊戲。我看了很多那個時期的電腦廣告，裡面幾乎都是男孩和男人，只有一位女性出現在這種廣告中，她穿著比基尼跳到游泳池裡。當電腦進入家庭時，它以玩具的身份。商業廣告以洗腦的頻率一遍又一遍將玩具打上性別烙印：電腦，男孩的玩具；娃娃，女孩的玩具。瑪格麗絲採訪的電腦科學專業女學生深受這種性別設定的影響。一位女學生告訴她，每次想用電腦都得問哥哥要鑰匙，因為個人電腦，「自然地」被放在家中男孩的房間。當帕蒂覺得班上男生都是電腦天才時，其實只是因為他們從小就接觸電腦。這種性別傾向不僅出現在廣告中，大眾文化也參與進來。「呆子」的形象開始出現，電影《菜鳥大反攻》（revengeofthenerds，1984）、《摩登保姆》（weirdscience，1985）等電影無一例外地塑造了男性電腦呆子形象，跟你今天腦子裡的形象差別不大——戴個眼鏡，不事著裝，在現實生活中內向不受歡迎，在電腦世界裡叱吒風雲。也是那一年，我們都熟知的科技作者史蒂夫·列維出版了《駭客》一書。這本天真而激昂的著作塑造了新一代電腦英雄，他們剛巧都是白人、男性。與史蒂夫·約伯斯一起創辦蘋果公司的史蒂夫·沃茲尼亞克在這本書裡，除他外列維還寫了其他幾十個人，沒有一名女性。此時史蒂夫·約伯斯和比爾·蓋茨開始出現在公眾視線中，電腦領域男性主導的時代開始了。",
    "time": "2017/06/01 17:07:35",
    "event": "click"
  },
  {
    "category": "1",
    "app": "Facebook",
    "id": "13",
    "context": "他的預見很快成為現實。八十年代，除蘋果公司外，radioshack和commodore是最大個人電腦生產商，它們在美國賣出50萬臺個人電腦。麥卡裡沒想到的是，女孩並未被包括在這個未來裡。這些早期個人電腦記憶體很小，功能簡單，商家的一大賣點是遊戲，如著名的《太空大戰》（spacewar!）便誕生於此時。正因此，它被商家定位為「男孩的玩具」。在一則八十年代的radioshack彩色電腦廣告中，清一色男孩從校車上下來，回到家後立馬坐在長得像電視機一樣的個人電腦前，玩遊戲。我看了很多那個時期的電腦廣告，裡面幾乎都是男孩和男人，只有一位女性出現在這種廣告中，她穿著比基尼跳到游泳池裡。當電腦進入家庭時，它以玩具的身份。商業廣告以洗腦的頻率一遍又一遍將玩具打上性別烙印：電腦，男孩的玩具；娃娃，女孩的玩具。瑪格麗絲採訪的電腦科學專業女學生深受這種性別設定的影響。一位女學生告訴她，每次想用電腦都得問哥哥要鑰匙，因為個人電腦，「自然地」被放在家中男孩的房間。當帕蒂覺得班上男生都是電腦天才時，其實只是因為他們從小就接觸電腦。這種性別傾向不僅出現在廣告中，大眾文化也參與進來。「呆子」的形象開始出現，電影《菜鳥大反攻》（revengeofthenerds，1984）、《摩登保姆》（weirdscience，1985）等電影無一例外地塑造了男性電腦呆子形象，跟你今天腦子裡的形象差別不大——戴個眼鏡，不事著裝，在現實生活中內向不受歡迎，在電腦世界裡叱吒風雲。也是那一年，我們都熟知的科技作者史蒂夫·列維出版了《駭客》一書。這本天真而激昂的著作塑造了新一代電腦英雄，他們剛巧都是白人、男性。與史蒂夫·約伯斯一起創辦蘋果公司的史蒂夫·沃茲尼亞克在這本書裡，除他外列維還寫了其他幾十個人，沒有一名女性。此時史蒂夫·約伯斯和比爾·蓋茨開始出現在公眾視線中，電腦領域男性主導的時代開始了。",
    "time": "2017/06/01 17:07:35",
    "event": "slide"
  },
  {
    "category": "1",
    "app": "Facebook",
    "id": "14",
    "context": "如簡·瑪格麗絲所總結的四點：學習機會、偏見、榜樣和期待。在知道原因後，想要打破電腦科學中的性別怪圈並非不可能。打破怪圈沃爾特·以撒森解釋自己為何在《創新者》這本書裡講述了大量女性的故事。「當她們不在歷史敘事中時，你就沒有這些偉大的榜樣，」他在接受採訪時說，「但如果你知道這些女性後……比如我的女兒，她上高中時讀了這些人的故事，成為一個數學和電腦科學極客。」如簡·瑪格麗絲所總結的四點：學習機會、偏見、榜樣和期待。在知道原因後，想要打破電腦科學中的性別怪圈並非不可能。九十年代與她一起從事那項研究的還有卡內基·梅隆大學教授阿蘭·費舍（alanfisher），找出原因後他在電腦科學專業中加入電腦入門課程，讓此前因為種種原因沒有機會接觸電腦的學生能補上那堂課。僅僅五年後的2000年，該校電腦科學專業裡40%是女性，男女輟學率相差無幾。世界也不是個人電腦時代了，至少智慧手機和其他智慧終端機沒被打上明顯的性別烙印，從接觸機會這個角度看，電腦科學中的兩種性別正趨於平等。更難打破的恐怕是「偏見和期待」，它來自他人，固化為女性自己腦中的一道鐵門。讓我感到樂觀的是，無論國內外，這方面議題越來越多，各大科技公司都表示希望提高女性程式設計師比例。在國內，像科技貓這樣為女性程式設計師服務的組織開始出現。可以肯定的是，變化正在發生。延伸閱讀為什麼女性科學家始終比男生少？微軟研究：女孩15歲開始不愛數學【女力時代】女性創業不孤單，shemeansbusiness當妳的靠山課本裡不會有她們的名字！六位在歷史中被忽略的女性科學家，你認得幾個？（本文經原作者極客公園授權轉載，並同意techorange編寫導讀與修訂標題，原文標題為〈1984：女性是如何一步步停止編程的？〉。首圖來源：pixabay，cclicensed）",
    "time": "2017/06/01 17:07:39",
    "event": "click"
  },
  {
    "category": "1",
    "app": "Facebook",
    "id": "15",
    "context": "如簡·瑪格麗絲所總結的四點：學習機會、偏見、榜樣和期待。在知道原因後，想要打破電腦科學中的性別怪圈並非不可能。打破怪圈沃爾特·以撒森解釋自己為何在《創新者》這本書裡講述了大量女性的故事。「當她們不在歷史敘事中時，你就沒有這些偉大的榜樣，」他在接受採訪時說，「但如果你知道這些女性後……比如我的女兒，她上高中時讀了這些人的故事，成為一個數學和電腦科學極客。」如簡·瑪格麗絲所總結的四點：學習機會、偏見、榜樣和期待。在知道原因後，想要打破電腦科學中的性別怪圈並非不可能。九十年代與她一起從事那項研究的還有卡內基·梅隆大學教授阿蘭·費舍（alanfisher），找出原因後他在電腦科學專業中加入電腦入門課程，讓此前因為種種原因沒有機會接觸電腦的學生能補上那堂課。僅僅五年後的2000年，該校電腦科學專業裡40%是女性，男女輟學率相差無幾。世界也不是個人電腦時代了，至少智慧手機和其他智慧終端機沒被打上明顯的性別烙印，從接觸機會這個角度看，電腦科學中的兩種性別正趨於平等。更難打破的恐怕是「偏見和期待」，它來自他人，固化為女性自己腦中的一道鐵門。讓我感到樂觀的是，無論國內外，這方面議題越來越多，各大科技公司都表示希望提高女性程式設計師比例。在國內，像科技貓這樣為女性程式設計師服務的組織開始出現。可以肯定的是，變化正在發生。延伸閱讀為什麼女性科學家始終比男生少？微軟研究：女孩15歲開始不愛數學【女力時代】女性創業不孤單，shemeansbusiness當妳的靠山課本裡不會有她們的名字！六位在歷史中被忽略的女性科學家，你認得幾個？（本文經原作者極客公園授權轉載，並同意techorange編寫導讀與修訂標題，原文標題為〈1984：女性是如何一步步停止編程的？〉。首圖來源：pixabay，cclicensed）",
    "time": "2017/06/01 17:07:39",
    "event": "slide"
  }
]