[
  {
    "category": "10",
    "app": "Facebook",
    "id": "18",
    "context": "110億打造智慧城．納吉：賽城2019年華麗轉身（雪蘭莪．賽城31日訊）首相拿督斯里納吉宣佈，總值110億令吉，",
    "time": "2017/06/01 17:36:06",
    "event": "click"
  },
  {
    "category": "10",
    "app": "Facebook",
    "id": "19",
    "context": "110億打造智慧城．納吉：賽城2019年華麗轉身（雪蘭莪．賽城31日訊）首相拿督斯里納吉宣佈，總值110億令吉，提供1gbps光速寬頻網絡，並將成爲國際外包數據諮詢服務公司集中地的“賽城城中城”智慧城，一旦首期工程在2019年建竣落成，不僅是大馬首座智慧城，也爲成立20年的賽城“華麗轉身”，帶來全新面貌。無現金交易提供1gbps網絡納吉說，這座智慧城的精彩之處，包括將會是一座“無現金交易城”，目前只供公司集團使用的1gbps光速寬頻網絡也將進一步擴大至住家用戶，未來讓所有居住在賽城的高科技分子都能享有1gbps網絡。他說，cyberview有限公司也將與中國百靈頓集團及北京豐瑞祥資訊公司合作，在未來5年成立區域金融科技樞杻，提供各式簡易付費服務，如智慧形銀行交易、風險管理及大資訊分析服務等。“這個金融科技樞杻的總投資客約6000萬令吉，並將爲賽城提供300個高革新技術的職位，預料在成立5年後將有1000萬名用戶達致32億宗交易，交易總額近800億令吉。”設賽城未來革新基金納吉也是財政部長。他今日爲賽城主持落成20週年慶之際，宣佈落實以“革新驅動智慧城轉型計劃”爲主題的“賽城城中城”智慧城計劃時，也宣佈成立總值1億令吉的“賽城未來革新基金”（ciff），鼓勵本地商家、創業者、甚至是本地或國際中小型企業申請，讓他們投入與賽城相關的智慧產權的研發工作。“我也要很高興的宣佈，賽城將興建一座醫院，就建在賽城的多媒體區域裏，一旦落成將聯同布城與沙登醫院，一併完善了本區域醫療服務，接納這一帶的病患併爲他們提供優質醫療服務。”",
    "time": "2017/06/01 17:36:06",
    "event": "slide"
  }
]