[
  {
    "category": "11",
    "app": "Facebook",
    "id": "20",
    "context": "出席者包括城市和諧、房屋及地方政府部長丹斯里諾奧馬、財政部副部長拿督奧斯曼阿茲、祕書長丹斯里莫哈末依爾旺、cyberview有限公司董事經理拿督法立斯雅耶、馬資源（mrcb）董事經理丹斯里莫哈末沙林、主席拿督斯里祖丁、高級副總裁士林依克巴等。“20年前，原本是一片油棕園的賽城，在多媒體超級走廊（msc）下發展成爲大馬高科技中心，迄今不僅是世界各資訊工藝公司重要的投資地點，也讓大馬憑着‘共享服務”成爲世界第三大外包公司中心，僅次於中國及印度，60%在大馬落戶的外包諮詢公司，都選擇在賽城設立資訊中心。”成最密集科技專才居住地“如今，賽城成了逾800家科技公司的中心，其中48家是有mnc地位的公司；賽城居民超過10萬人，其中40%是知識分子，是全國最密集的科技專才居住地。”",
    "time": "2017/06/01 17:36:14",
    "event": "click"
  },
  {
    "category": "11",
    "app": "Facebook",
    "id": "21",
    "context": "出席者包括城市和諧、房屋及地方政府部長丹斯里諾奧馬、財政部副部長拿督奧斯曼阿茲、祕書長丹斯里莫哈末依爾旺、cyberview有限公司董事經理拿督法立斯雅耶、馬資源（mrcb）董事經理丹斯里莫哈末沙林、主席拿督斯里祖丁、高級副總裁士林依克巴等。“20年前，原本是一片油棕園的賽城，在多媒體超級走廊（msc）下發展成爲大馬高科技中心，迄今不僅是世界各資訊工藝公司重要的投資地點，也讓大馬憑着‘共享服務”成爲世界第三大外包公司中心，僅次於中國及印度，60%在大馬落戶的外包諮詢公司，都選擇在賽城設立資訊中心。”成最密集科技專才居住地“如今，賽城成了逾800家科技公司的中心，其中48家是有mnc地位的公司；賽城居民超過10萬人，其中40%是知識分子，是全國最密集的科技專才居住地。”",
    "time": "2017/06/01 17:36:14",
    "event": "slide"
  }
]