[
  {
    "category": "2",
    "app": "Facebook",
    "id": "3",
    "context": "10週年代表作就是猛！iphone8規格影片曝光：超美螢幕、玻璃機身，好想快拿到啊！【為什麼我們要選這篇文章】iphone8的開箱影片疑似意外曝光！正如外界猜測，iphone8包括4.7吋和5.5吋採用tft-lcd螢幕的2款新品、以及5.8吋採用有機發光二極體（oled）螢幕的新品。今年適逢蘋果推出iphone十週年，市場預期今年新款iphone搭配oled面板與全平面螢幕、玻璃機殼、處理效能更高的a11處理器、取消實體主按鍵、3d感測以及無線充電等6大功能。",
    "time": "2017/06/01 17:05:12",
    "event": "click"
  },
  {
    "category": "2",
    "app": "Facebook",
    "id": "4",
    "context": "10週年代表作就是猛！iphone8規格影片曝光：超美螢幕、玻璃機身，好想快拿到啊！【為什麼我們要選這篇文章】iphone8的開箱影片疑似意外曝光！正如外界猜測，iphone8包括4.7吋和5.5吋採用tft-lcd螢幕的2款新品、以及5.8吋採用有機發光二極體（oled）螢幕的新品。今年適逢蘋果推出iphone十週年，市場預期今年新款iphone搭配oled面板與全平面螢幕、玻璃機殼、處理效能更高的a11處理器、取消實體主按鍵、3d感測以及無線充電等6大功能。",
    "time": "2017/06/01 17:05:12",
    "event": "slide"
  }
]