[
  {
    "category": "3",
    "app": "Facebook",
    "id": "16",
    "context": "techorange科技報橘的人氣文章",
    "time": "2017/06/01 17:07:41",
    "event": "click"
  },
  {
    "category": "3",
    "app": "Facebook",
    "id": "17",
    "context": "techorange科技報橘的人氣文章",
    "time": "2017/06/01 17:07:41",
    "event": "slide"
  },
  {
    "category": "3",
    "app": "Facebook",
    "id": "22",
    "context": "馬來西亞星洲日報malaysiasinchewdaily的人氣文章",
    "time": "2017/06/01 17:36:16",
    "event": "slide"
  }
]