[
  {
    "category": "4",
    "app": "Facebook",
    "id": "27",
    "context": "（馬六甲31日訊）吉里望“多福城”（fortunecity）綜合旅遊度假勝地，昨日高調迎來2萬名中國“勝威家人”投資者實地考察，引起州政府關注，甲州首長拿督斯里依德利斯哈倫指示甲歷史城市政廳對該項目進行調查，以查明是否有金錢遊戲（gaming）性質。他今日在州行政議會新聞發佈會上，針對多福城項目作出上述簡短宣佈。根據報道，該項目發展商勝威國際集糰子公司威世地產，被指投下28億令吉發展吉里望填海區30英畝地段。另外，依德利斯宣佈，目前在吉里望一馬廣場營業的巴士餐廳業者，必須在今年10月31日後搬走，以讓路給當地將進行的施工建設。",
    "time": "2017/06/01 17:46:21",
    "event": "click"
  },
  {
    "category": "4",
    "app": "Facebook",
    "id": "28",
    "context": "（馬六甲31日訊）吉里望“多福城”（fortunecity）綜合旅遊度假勝地，昨日高調迎來2萬名中國“勝威家人”投資者實地考察，引起州政府關注，甲州首長拿督斯里依德利斯哈倫指示甲歷史城市政廳對該項目進行調查，以查明是否有金錢遊戲（gaming）性質。他今日在州行政議會新聞發佈會上，針對多福城項目作出上述簡短宣佈。根據報道，該項目發展商勝威國際集糰子公司威世地產，被指投下28億令吉發展吉里望填海區30英畝地段。另外，依德利斯宣佈，目前在吉里望一馬廣場營業的巴士餐廳業者，必須在今年10月31日後搬走，以讓路給當地將進行的施工建設。",
    "time": "2017/06/01 17:46:21",
    "event": "slide"
  }
]