[
  {
    "category": "5",
    "app": "Facebook",
    "id": "29",
    "context": "州會動議重整宗教學校依德利斯披露，將於下月6至8日舉行的州議會，將在首日由州政府提呈和辯論一項制度化及重整甲州背誦可蘭經學校（sekolahtahfiz）動議，以確保州內未註冊的私人學校，能遵照首相署伊斯蘭發展局（jakim）關於背誦可蘭經學校的準則。他坦言，目前有家長傾向把孩子送往背誦可蘭經學校的趨勢，甲州有超過40所，而且設立有關學校不難，只要有數名相關教師、家長也有意願，加上適合的地點，便很容易開辦學校，州政府已要求地方和社區領袖關注任何新起的背誦可蘭經學校。他表示，將確保所有政府部門機構開設的背誦可蘭經學校，須依據伊斯蘭發展局規劃的準則，而私立的也應如此。依德利斯透露，州議會在首日的辯論環節，將由3名國陣議員、伊黨、行動黨和獨立議員各一人參與，由他於次日進行總結。“我也邀請甲州的私立背誦可蘭經學校經營者，到州議會瞭解代議士提呈有關動議。州政府會有這項意願，並非要阻撓，而是要改進和提升目前的背誦可蘭經學校機制和日常管理。”他也對目前在甲州開始活躍的伊斯蘭什葉派和瓦哈比教義深表關注，指示甲州宗教司局進行調查和監督，尤其是從外國來到宣教和進行宗教座談的宗教司。7月7開齋節門戶開放依德利斯披露，甲州政府的開齋節門戶開放慶典，將於7月7日進行，屆時甲州元首敦莫哈末卡里耶谷和州祕書都會出席。到歐促銷甲旅遊奏效依德利斯指示甲州國際貿易、交通及工程復甦事務行政議員拿督林萬鋒，須在一個月內完成亞航將登陸馬六甲峇株安南機場，以展開馬六甲—廣州和馬六甲—雅加達往返航線的報告。對於英國《每日電訊報》將馬六甲列入全球十大最具潮流（trendy）城市的第五名，依德利斯形容，這是歐洲國家對馬六甲的認可，他近來發現到有許多歐洲遊客涌入甲州觀光，證明甲州旅遊局和相關機構到歐洲進行旅遊促銷的努力奏效。",
    "time": "2017/06/01 17:46:38",
    "event": "click"
  },
  {
    "category": "5",
    "app": "Facebook",
    "id": "30",
    "context": "州會動議重整宗教學校依德利斯披露，將於下月6至8日舉行的州議會，將在首日由州政府提呈和辯論一項制度化及重整甲州背誦可蘭經學校（sekolahtahfiz）動議，以確保州內未註冊的私人學校，能遵照首相署伊斯蘭發展局（jakim）關於背誦可蘭經學校的準則。他坦言，目前有家長傾向把孩子送往背誦可蘭經學校的趨勢，甲州有超過40所，而且設立有關學校不難，只要有數名相關教師、家長也有意願，加上適合的地點，便很容易開辦學校，州政府已要求地方和社區領袖關注任何新起的背誦可蘭經學校。他表示，將確保所有政府部門機構開設的背誦可蘭經學校，須依據伊斯蘭發展局規劃的準則，而私立的也應如此。依德利斯透露，州議會在首日的辯論環節，將由3名國陣議員、伊黨、行動黨和獨立議員各一人參與，由他於次日進行總結。“我也邀請甲州的私立背誦可蘭經學校經營者，到州議會瞭解代議士提呈有關動議。州政府會有這項意願，並非要阻撓，而是要改進和提升目前的背誦可蘭經學校機制和日常管理。”他也對目前在甲州開始活躍的伊斯蘭什葉派和瓦哈比教義深表關注，指示甲州宗教司局進行調查和監督，尤其是從外國來到宣教和進行宗教座談的宗教司。7月7開齋節門戶開放依德利斯披露，甲州政府的開齋節門戶開放慶典，將於7月7日進行，屆時甲州元首敦莫哈末卡里耶谷和州祕書都會出席。到歐促銷甲旅遊奏效依德利斯指示甲州國際貿易、交通及工程復甦事務行政議員拿督林萬鋒，須在一個月內完成亞航將登陸馬六甲峇株安南機場，以展開馬六甲—廣州和馬六甲—雅加達往返航線的報告。對於英國《每日電訊報》將馬六甲列入全球十大最具潮流（trendy）城市的第五名，依德利斯形容，這是歐洲國家對馬六甲的認可，他近來發現到有許多歐洲遊客涌入甲州觀光，證明甲州旅遊局和相關機構到歐洲進行旅遊促銷的努力奏效。",
    "time": "2017/06/01 17:46:38",
    "event": "slide"
  }
]