[
  {
    "category": "7",
    "app": "Facebook",
    "id": "33",
    "context": "生活​血水到處流…他在好市多遇「慘況」發文痛批卻反遭狠酸（圖／擷取自costco好市多消費經驗分享區）",
    "time": "2017/06/01 17:50:54",
    "event": "click"
  },
  {
    "category": "7",
    "app": "Facebook",
    "id": "34",
    "context": "生活​血水到處流…他在好市多遇「慘況」發文痛批卻反遭狠酸（圖／擷取自costco好市多消費經驗分享區）美式賣場好市多對許多人來說，是購買商品的好去處。日前賣場宣佈，為了配合「限塑政策」，生鮮區不再提供塑膠袋，引發熱烈討論。然而現在有消費者在臉書上貼文表示，包裝沒有提升的狀態下，就不供應塑膠袋，害他買的肉品「血水到處流」，實在有待改進。",
    "time": "2017/06/01 17:50:54",
    "event": "slide"
  }
]