[
  {
    "category": "9",
    "app": "Facebook",
    "id": "25",
    "context": "mbi及mface91銀行戶頭遭凍結‧涉及數額達1.7億令吉（布城31日訊）國內貿易丶合作社及消費部及4個政府部門聯手的反金字塔行動（opstoken），一共凍結了mbi及mface國際有限公司相關的91個銀行戶頭，涉及數額高達1億7700萬令吉，但當局並未逮捕任何人。",
    "time": "2017/06/01 17:46:20",
    "event": "click"
  },
  {
    "category": "9",
    "app": "Facebook",
    "id": "26",
    "context": "mbi及mface91銀行戶頭遭凍結‧涉及數額達1.7億令吉（布城31日訊）國內貿易丶合作社及消費部及4個政府部門聯手的反金字塔行動（opstoken），一共凍結了mbi及mface國際有限公司相關的91個銀行戶頭，涉及數額高達1億7700萬令吉，但當局並未逮捕任何人。",
    "time": "2017/06/01 17:46:20",
    "event": "slide"
  }
]