[
  {
    "category": "1",
    "app": "Line",
    "id": "1",
    "context": "下次沒約??剁掉@alexhsiao暈工作的開始|～～～@林俊傑工作加油哦@粉專:lintinting-婷寶寶為什麼討厭臺南沒雨哈哈各位家人們早安早安，討厭的禮拜ㄧ馬的又下",
    "time": "2017/06/05 10:10:15",
    "event": "slide"
  },
  {
    "category": "1",
    "app": "Line",
    "id": "2",
    "context": "我就不是中部人咧、呵呵呵",
    "time": "2017/06/05 10:10:22",
    "event": "type"
  },
  {
    "category": "1",
    "app": "Line",
    "id": "4",
    "context": "下次沒約??剁掉@alexhsiao暈工作的開始|～～～@林俊傑工作加油哦@粉專:lintinting-婷寶寶為什麼討厭臺南沒雨哈哈各位家人們早安早安，討厭的禮拜ㄧ馬的又下我就不是中部人咧、呵呵呵",
    "time": "2017/06/05 10:10:27",
    "event": "slide"
  }
]