[
  {
    "category": "10",
    "app": "Dcard",
    "id": "44",
    "context": "#圖#女孩超實用app推薦本人有點手機成癮，手機的app真的也是多到不行(≧▽≦)想跟各位女孩們分享我自己喜歡的app而且好想知道大家的app有哪些哦—>快推薦我～～我要載哈哈哈哈嗚嗚這是我的首發，如果有任何寫錯或不妥再請告知囉1.穿搭類a.styleshare韓風穿搭一定是女孩不得不學的啊，所以第一推就是來自韓國的app-styleshare，而且我最喜歡這個app的地方是可以從篩選選擇國籍，每次想來個歐膩style的時候，真的超方便的啦！！另外，styleshare除了可以上傳自己的穿搭之外，也可以提問哦！！真的很有趣耶～～b.wear其實我平常穿搭沒有固定哪個路線，所以這個app就很適合像我這樣的人哈哈，它的照片量超足夠的，而且風格從文青風、日系、韓系、歐美隨性感應有盡有耶，總之每次不知道要怎麼穿時，就一定要來滑一下！！我覺得最酷的地方是app上有排名（世界、男生、女生以及兒童）對於一開始還沒有頭緒的人，真的是一個很好的設計，馬上就可以從排名找到不錯的穿搭靈感，給它讚啦！如果喜歡的穿搭有被標註品牌，點標籤還可以看到品牌資訊、價格、和其他搭配，真的非常貼心呢！（不過因為是日本的app所以是日圓標示唷＠＠）而且他們也有和服飾品牌合作，像是zozotown、gu……等等日本網拍，就會在裡面有個購買按鈕，就可以連到購買畫面囉！不過要特別注意有沒有海外配送就是了～～2.髮型類a.hairmap美髮地圖有時候滿心期待拿著想剪的髮型去找設計師，剪完總是不是很滿意，可是還真的不知道要換哪一個設計師(ಥ﹏ಥ)結果無意間就發現了這個髮型app，他很厲害的地方是可以根據你的地點推薦附近設計師給你，而且點到設計師的個人頁面，還可以看他的作品集，天哪～最適合我這種龜毛的客人了！！哈哈偶爾想換髮型的時候真的很沒頭緒，我就會搜尋髮型或是人物的排名，默默的就能找到幾個很強的髮型可以來改造一下嘿嘿另外我覺得這個app裡有一個功能超特別的，就是『召喚』，因為我就是那種逛街逛到一半突然會想洗頭（有女孩跟我一樣嗎？），或是很累很想去沙龍放鬆的人，可是尤其假日臨時去沙龍都很容易遇到被約滿的情況，所以只要輸入條件就能召喚有空的設計師，不得不說真的很適合我欸～而且啊～如果有看到喜歡的髮型，還可以直接私訊問設計師，然後在線上能看到他的班表預約，最最最貼心的是，有時候真的會忘記跟設計師有約，app還會在前一天提醒我，實在很貼心！b.髮型秀秀這個app我覺得蠻白癡的哈哈哈，就是要說他實用也可以，但拿來搞怪合成也是蠻ok的！他可以根據你的臉型去合成看看哪個髮型、髮色適合你那我就請川普當一下我的model示範給大家看看～～可以開右上角的人像，就會出現臉型的輪廓對準囉！！除了髮型，還可以換髮色玩玩看唷～女生的model也先用川普來客串一下～～大家一起來玩玩看找找自己適合的髮型吧！怎麼辦～～川普這樣怎麼有點可愛哈哈哈ლ(´ڡ`ლ)但這個app好玩是好玩，可是老實說廣告多的有點煩，有時候真的是情不自禁地翻個大白眼，這一點真的蠻扣分的！！3.綜合類a.cchannel標榜『用影片來解決女孩的好想知道』其實在這個app裡的資訊非常豐富，涵蓋了美髮、美甲、化妝、穿搭，各式各樣關於女孩的資訊都有，只能說身為女孩手機裡，應該都有這個app吧？而且還有好多超實用的小教學，真的就是為女孩而生的app啊！這是我目前覺得最實用的五個app啦！",
    "time": "2017/06/05 10:26:21",
    "event": "click"
  },
  {
    "category": "10",
    "app": "Dcard",
    "id": "45",
    "context": "#圖#女孩超實用app推薦本人有點手機成癮，手機的app真的也是多到不行(≧▽≦)想跟各位女孩們分享我自己喜歡的app而且好想知道大家的app有哪些哦—>快推薦我～～我要載哈哈哈哈嗚嗚這是我的首發，如果有任何寫錯或不妥再請告知囉1.穿搭類a.styleshare韓風穿搭一定是女孩不得不學的啊，所以第一推就是來自韓國的app-styleshare，而且我最喜歡這個app的地方是可以從篩選選擇國籍，每次想來個歐膩style的時候，真的超方便的啦！！另外，styleshare除了可以上傳自己的穿搭之外，也可以提問哦！！真的很有趣耶～～b.wear其實我平常穿搭沒有固定哪個路線，所以這個app就很適合像我這樣的人哈哈，它的照片量超足夠的，而且風格從文青風、日系、韓系、歐美隨性感應有盡有耶，總之每次不知道要怎麼穿時，就一定要來滑一下！！我覺得最酷的地方是app上有排名（世界、男生、女生以及兒童）對於一開始還沒有頭緒的人，真的是一個很好的設計，馬上就可以從排名找到不錯的穿搭靈感，給它讚啦！如果喜歡的穿搭有被標註品牌，點標籤還可以看到品牌資訊、價格、和其他搭配，真的非常貼心呢！（不過因為是日本的app所以是日圓標示唷＠＠）而且他們也有和服飾品牌合作，像是zozotown、gu……等等日本網拍，就會在裡面有個購買按鈕，就可以連到購買畫面囉！不過要特別注意有沒有海外配送就是了～～2.髮型類a.hairmap美髮地圖有時候滿心期待拿著想剪的髮型去找設計師，剪完總是不是很滿意，可是還真的不知道要換哪一個設計師(ಥ﹏ಥ)結果無意間就發現了這個髮型app，他很厲害的地方是可以根據你的地點推薦附近設計師給你，而且點到設計師的個人頁面，還可以看他的作品集，天哪～最適合我這種龜毛的客人了！！哈哈偶爾想換髮型的時候真的很沒頭緒，我就會搜尋髮型或是人物的排名，默默的就能找到幾個很強的髮型可以來改造一下嘿嘿另外我覺得這個app裡有一個功能超特別的，就是『召喚』，因為我就是那種逛街逛到一半突然會想洗頭（有女孩跟我一樣嗎？），或是很累很想去沙龍放鬆的人，可是尤其假日臨時去沙龍都很容易遇到被約滿的情況，所以只要輸入條件就能召喚有空的設計師，不得不說真的很適合我欸～而且啊～如果有看到喜歡的髮型，還可以直接私訊問設計師，然後在線上能看到他的班表預約，最最最貼心的是，有時候真的會忘記跟設計師有約，app還會在前一天提醒我，實在很貼心！b.髮型秀秀這個app我覺得蠻白癡的哈哈哈，就是要說他實用也可以，但拿來搞怪合成也是蠻ok的！他可以根據你的臉型去合成看看哪個髮型、髮色適合你那我就請川普當一下我的model示範給大家看看～～可以開右上角的人像，就會出現臉型的輪廓對準囉！！除了髮型，還可以換髮色玩玩看唷～女生的model也先用川普來客串一下～～大家一起來玩玩看找找自己適合的髮型吧！怎麼辦～～川普這樣怎麼有點可愛哈哈哈ლ(´ڡ`ლ)但這個app好玩是好玩，可是老實說廣告多的有點煩，有時候真的是情不自禁地翻個大白眼，這一點真的蠻扣分的！！3.綜合類a.cchannel標榜『用影片來解決女孩的好想知道』其實在這個app裡的資訊非常豐富，涵蓋了美髮、美甲、化妝、穿搭，各式各樣關於女孩的資訊都有，只能說身為女孩手機裡，應該都有這個app吧？而且還有好多超實用的小教學，真的就是為女孩而生的app啊！這是我目前覺得最實用的五個app啦！",
    "time": "2017/06/05 10:26:21",
    "event": "slide"
  }
]