[
  {
    "category": "11",
    "app": "Dcard",
    "id": "46",
    "context": "#圖我的眉毛進化史（美妝版首發，哪裡有不好請見諒謝謝！）這是最～原本沒動過的眉毛很粗、很濃這大概是高三的時候（好遠的距離....大概大二的時候開始自己憑感覺修眉畫眉因為之前常常被取笑過我的眉毛很粗加上那時後好朋友會畫眉毛（一整個亂來哈哈～這是我拿起修眉刀亂撇的時候我到底哪來的勇氣這樣子出門那時候經常看ig一些簡短的美妝影片學但...根本畫不出來那個感覺（以前相機畫質差抱歉抱歉漸漸的往下畫..可能想學人家畫起來衰衰的樣子吧哈殊不知根本衰的討打越畫越粗、又想畫眉峯有一陣子真的不知道怎麼畫眉頭很懊惱然後就是很標準的眉頭亂畫啊、眉峯亂點啊這大概是二下尾的時候剛開始學眼妝兩邊眼尾拉不一樣的時候...漸漸的知道要先描邊在畫滿感覺快成功了但還是有些猶豫跟上一張是差不多的時期眉毛真的是熟能生巧！！越畫越有心得、花的時間也越來越短成功一半了眼尾還有點垂這時候已經是三上了這是現在的眉毛出門也不用在花很多很多時間了我也用過很多眉筆、開架的專櫃的但到目前為止我最滿意最適合自己的是1028的深褐色+kate眉粉✨很多身邊的人都問我為什麼我那麼喜歡畫眉毛不乾脆去繡一繡因為我覺得如果隨時想要換眉型的時候都可以輕鬆百遍⬇️想平的時候平想彎的時候彎而且繡眉還要花錢哈哈（我是窮學生分享完畢！感謝大家耐心的觀看唷二更：#圖不專業分享畫歐美眉來分享囉～",
    "time": "2017/06/05 10:29:43",
    "event": "click"
  },
  {
    "category": "11",
    "app": "Dcard",
    "id": "47",
    "context": "#圖我的眉毛進化史（美妝版首發，哪裡有不好請見諒謝謝！）這是最～原本沒動過的眉毛很粗、很濃這大概是高三的時候（好遠的距離....大概大二的時候開始自己憑感覺修眉畫眉因為之前常常被取笑過我的眉毛很粗加上那時後好朋友會畫眉毛（一整個亂來哈哈～這是我拿起修眉刀亂撇的時候我到底哪來的勇氣這樣子出門那時候經常看ig一些簡短的美妝影片學但...根本畫不出來那個感覺（以前相機畫質差抱歉抱歉漸漸的往下畫..可能想學人家畫起來衰衰的樣子吧哈殊不知根本衰的討打越畫越粗、又想畫眉峯有一陣子真的不知道怎麼畫眉頭很懊惱然後就是很標準的眉頭亂畫啊、眉峯亂點啊這大概是二下尾的時候剛開始學眼妝兩邊眼尾拉不一樣的時候...漸漸的知道要先描邊在畫滿感覺快成功了但還是有些猶豫跟上一張是差不多的時期眉毛真的是熟能生巧！！越畫越有心得、花的時間也越來越短成功一半了眼尾還有點垂這時候已經是三上了這是現在的眉毛出門也不用在花很多很多時間了我也用過很多眉筆、開架的專櫃的但到目前為止我最滿意最適合自己的是1028的深褐色+kate眉粉✨很多身邊的人都問我為什麼我那麼喜歡畫眉毛不乾脆去繡一繡因為我覺得如果隨時想要換眉型的時候都可以輕鬆百遍⬇️想平的時候平想彎的時候彎而且繡眉還要花錢哈哈（我是窮學生分享完畢！感謝大家耐心的觀看唷二更：#圖不專業分享畫歐美眉來分享囉～",
    "time": "2017/06/05 10:29:43",
    "event": "slide"
  }
]