[
  {
    "category": "12",
    "app": "Line",
    "id": "14",
    "context": "如果是自己一個人出國帶腳架自己拍照這樣好嗎？恩恩覺得一個人會比較不方便也要注意有沒有扒手拖了腳架就跑～日本有很多地方禁用腳架～?也是摁啊自拍棒有些景點也無法背單眼出國很辛苦但是很值得夜景一定要拍因為手機在強大遇到夜景就gg單眼買三萬以上的就可以了我下次如果可以想換鏡頭炮桶型xdd越來越大顆哈哈沒有什麼好不好？如果別人不會拍你還是要自己拍就扛重吧",
    "time": "2017/06/05 10:14:16",
    "event": "click"
  },
  {
    "category": "12",
    "app": "Line",
    "id": "15",
    "context": "如果是自己一個人出國帶腳架自己拍照這樣好嗎？恩恩覺得一個人會比較不方便也要注意有沒有扒手拖了腳架就跑～日本有很多地方禁用腳架～?也是摁啊自拍棒有些景點也無法背單眼出國很辛苦但是很值得夜景一定要拍因為手機在強大遇到夜景就gg單眼買三萬以上的就可以了我下次如果可以想換鏡頭炮桶型xdd越來越大顆哈哈沒有什麼好不好？如果別人不會拍你還是要自己拍就扛重吧",
    "time": "2017/06/05 10:14:16",
    "event": "slide"
  },
  {
    "category": "12",
    "app": "Line",
    "id": "26",
    "context": "恩恩覺得一個人會比較不方便也要注意有沒有扒手拖了腳架就跑～日本有很多地方禁用腳架～?也是摁啊好美天氣好好",
    "time": "2017/06/05 10:16:30",
    "event": "slide"
  },
  {
    "category": "12",
    "app": "Line",
    "id": "27",
    "context": "自拍棒有些景點也無法沒有什麼好不好？",
    "time": "2017/06/05 10:16:42",
    "event": "type"
  },
  {
    "category": "12",
    "app": "Line",
    "id": "29",
    "context": "恩恩覺得一個人會比較不方便也要注意有沒有扒手拖了腳架就跑～日本有很多地方禁用腳架～?也是摁啊好美天氣好好自拍棒有些景點也無法沒有什麼好不好?",
    "time": "2017/06/05 10:16:45",
    "event": "slide"
  },
  {
    "category": "12",
    "app": "Line",
    "id": "30",
    "context": "如果別人不會拍你還是要自己拍就扛重吧",
    "time": "2017/06/05 10:17:10",
    "event": "type"
  },
  {
    "category": "12",
    "app": "Line",
    "id": "32",
    "context": "恩恩覺得一個人會比較不方便也要注意有沒有扒手拖了腳架就跑～日本有很多地方禁用腳架～?也是摁啊好美天氣好好自拍棒有些景點也無法沒有什麼好不好?如果別人不會拍你還是要自己拍就扛重吧",
    "time": "2017/06/05 10:17:13",
    "event": "slide"
  },
  {
    "category": "12",
    "app": "Facebook",
    "id": "48",
    "context": "耗時百年建造世界奇觀聖家神殿座落西班牙-mook景點家-墨刻出版華文最大旅遊資訊平臺世界有許多奇觀，然而花了一百多年建造的神聖教堂，也不例外是其中之一。西班牙著名地標，華麗神聖的天主教堂–聖家堂(sagradafamília)，是由安東尼•高第(antonigaudí)設計，其高聳獨特的建築外觀，在巴塞隆納這座濱海城市來說相當顯眼，也是最為人所知的觀光景點。",
    "time": "2017/06/05 10:34:27",
    "event": "click"
  },
  {
    "category": "12",
    "app": "Facebook",
    "id": "49",
    "context": "耗時百年建造世界奇觀聖家神殿座落西班牙-mook景點家-墨刻出版華文最大旅遊資訊平臺世界有許多奇觀，然而花了一百多年建造的神聖教堂，也不例外是其中之一。西班牙著名地標，華麗神聖的天主教堂–聖家堂(sagradafamília)，是由安東尼•高第(antonigaudí)設計，其高聳獨特的建築外觀，在巴塞隆納這座濱海城市來說相當顯眼，也是最為人所知的觀光景點。",
    "time": "2017/06/05 10:34:27",
    "event": "slide"
  },
  {
    "category": "12",
    "app": "Facebook",
    "id": "50",
    "context": "大教堂-mook景點家旅遊大教堂的雙塔在利馬河畔佇立著，形成一幅美麗的圖畫，也成了蘇黎世老城區最重要的象徵。",
    "time": "2017/06/05 10:36:54",
    "event": "click"
  },
  {
    "category": "12",
    "app": "Facebook",
    "id": "51",
    "context": "大教堂-mook景點家旅遊大教堂的雙塔在利馬河畔佇立著，形成一幅美麗的圖畫，也成了蘇黎世老城區最重要的象徵。",
    "time": "2017/06/05 10:36:54",
    "event": "slide"
  },
  {
    "category": "12",
    "app": "Facebook",
    "id": "52",
    "context": "城牆-mook景點家旅遊打從西元1177年卡斯提亞王國的阿方索八世率騎兵以神不知鬼不覺的隱形戰術圍城至今，這些興建於古代如摩爾城堡、kunka要塞等防禦工事，如今徒留斷壁殘垣，唯一清晰可辨的是躲在聖米蓋爾(sanmiguel)教堂後方的一小段城牆。",
    "time": "2017/06/05 10:38:17",
    "event": "click"
  },
  {
    "category": "12",
    "app": "Facebook",
    "id": "53",
    "context": "城牆-mook景點家旅遊打從西元1177年卡斯提亞王國的阿方索八世率騎兵以神不知鬼不覺的隱形戰術圍城至今，這些興建於古代如摩爾城堡、kunka要塞等防禦工事，如今徒留斷壁殘垣，唯一清晰可辨的是躲在聖米蓋爾(sanmiguel)教堂後方的一小段城牆。",
    "time": "2017/06/05 10:38:17",
    "event": "slide"
  }
]