[
  {
    "category": "13",
    "app": "Facebook",
    "id": "54",
    "context": "主治醫生「t.o.p情況不樂觀」！送醫呼吸衰竭瞳孔縮小南韓團體bigbang成員t.o.p（本名崔勝鉉）因呼麻風波，承受極大輿論壓力，5日晚間服用過量鎮定劑，陷入昏迷，緊急送往醫院加護病房急救，至今28小時都還沒醒來，t.o.p媽媽還悲憤表示：「我兒子還戴著氧氣罩，都快死了」，對此，院方在臺灣時間下午3點出面解釋t.o.p目前的狀況。",
    "time": "2017/06/05 10:41:35",
    "event": "click"
  },
  {
    "category": "13",
    "app": "Facebook",
    "id": "55",
    "context": "主治醫生「t.o.p情況不樂觀」！送醫呼吸衰竭瞳孔縮小南韓團體bigbang成員t.o.p（本名崔勝鉉）因呼麻風波，承受極大輿論壓力，5日晚間服用過量鎮定劑，陷入昏迷，緊急送往醫院加護病房急救，至今28小時都還沒醒來，t.o.p媽媽還悲憤表示：「我兒子還戴著氧氣罩，都快死了」，對此，院方在臺灣時間下午3點出面解釋t.o.p目前的狀況。",
    "time": "2017/06/05 10:41:35",
    "event": "slide"
  }
]