[
  {
    "category": "14",
    "app": "Facebook",
    "id": "56",
    "context": "奧客無極限！好市多大媽「冰奶敷腳」變溫放回給別人買許多人腳扭傷後會馬上冰敷，有助於減輕疼痛。但這位大媽有點太「就地取材」了，竟然直接拿起賣場的牛奶冰敷，「使用」完還放回架上。",
    "time": "2017/06/05 10:43:07",
    "event": "click"
  },
  {
    "category": "14",
    "app": "Facebook",
    "id": "57",
    "context": "奧客無極限！好市多大媽「冰奶敷腳」變溫放回給別人買許多人腳扭傷後會馬上冰敷，有助於減輕疼痛。但這位大媽有點太「就地取材」了，竟然直接拿起賣場的牛奶冰敷，「使用」完還放回架上。",
    "time": "2017/06/05 10:43:07",
    "event": "slide"
  }
]