[
  {
    "category": "15",
    "app": "Line",
    "id": "3",
    "context": "傳送",
    "time": "2017/06/05 10:10:26",
    "event": "click"
  },
  {
    "category": "15",
    "app": "Line",
    "id": "7",
    "context": "傳送",
    "time": "2017/06/05 10:10:43",
    "event": "click"
  },
  {
    "category": "15",
    "app": "Line",
    "id": "18",
    "context": "傳送",
    "time": "2017/06/05 10:14:33",
    "event": "slide"
  },
  {
    "category": "15",
    "app": "Line",
    "id": "22",
    "context": "傳送",
    "time": "2017/06/05 10:14:54",
    "event": "click"
  },
  {
    "category": "15",
    "app": "Line",
    "id": "28",
    "context": "傳送",
    "time": "2017/06/05 10:16:43",
    "event": "click"
  },
  {
    "category": "15",
    "app": "Line",
    "id": "31",
    "context": "傳送",
    "time": "2017/06/05 10:17:11",
    "event": "click"
  },
  {
    "category": "15",
    "app": "Line",
    "id": "37",
    "context": "傳送",
    "time": "2017/06/05 10:23:27",
    "event": "click"
  }
]