[
  {
    "category": "18",
    "app": "Line",
    "id": "35",
    "context": "暈沒雨哈哈工作的開始|～～～",
    "time": "2017/06/05 10:23:15",
    "event": "slide"
  },
  {
    "category": "18",
    "app": "Line",
    "id": "36",
    "context": "大家早安，努力拼經濟",
    "time": "2017/06/05 10:23:26",
    "event": "type"
  },
  {
    "category": "18",
    "app": "Line",
    "id": "38",
    "context": "暈沒雨哈哈工作的開始|～～～大家早安，努力拼經濟",
    "time": "2017/06/05 10:23:27",
    "event": "slide"
  }
]