[
  {
    "category": "2",
    "app": "Line",
    "id": "5",
    "context": "@?maggieku?美君♥5%已瞭解未加入觀望中等你們開我➕你➕要加入的三人羣我講解你們也能學習掛賣=套現=提現要評估的參考不要邀進核心圈喲??核心圈不是都已經加入的人了嗎？就是把你的點數到市場賣出核心圈是給未加入@guccilee95%加入記得未瞭解說明過榮耀的",
    "time": "2017/06/05 10:10:43",
    "event": "slide"
  },
  {
    "category": "2",
    "app": "Line",
    "id": "6",
    "context": "什麼叫掛賣已經說明瞭解過榮耀",
    "time": "2017/06/05 10:10:43",
    "event": "type"
  },
  {
    "category": "2",
    "app": "Line",
    "id": "8",
    "context": "@?maggieku?美君♥5%已瞭解未加入觀望中等你們開我➕你➕要加入的三人羣我講解你們也能學習掛賣=套現=提現要評估的參考不要邀進核心圈喲??核心圈不是都已經加入的人了嗎？就是把你的點數到市場賣出核心圈是給未加入@guccilee95%加入記得未瞭解說明過榮耀的什麼叫掛賣已經說明瞭解過榮耀",
    "time": "2017/06/05 10:10:43",
    "event": "slide"
  }
]