[
  {
    "category": "4",
    "app": "Dcard",
    "id": "10",
    "context": "#圖#貓英國短毛貓最近養了一隻英國短毛貓真是太可愛了每天都被她萌剛來的時候超小隻的呀然後一直生病流眼淚流鼻水每個星期都帶去看醫生像個小公主一樣睡覺怕她熱還給她專屬電風扇養了一個月了越來越肥越來越可愛真的長得好療癒希望妳可以健健康康長大啦哈哈",
    "time": "2017/06/05 10:11:23",
    "event": "click"
  },
  {
    "category": "4",
    "app": "Dcard",
    "id": "11",
    "context": "#圖#貓英國短毛貓最近養了一隻英國短毛貓真是太可愛了每天都被她萌剛來的時候超小隻的呀然後一直生病流眼淚流鼻水每個星期都帶去看醫生像個小公主一樣睡覺怕她熱還給她專屬電風扇養了一個月了越來越肥越來越可愛真的長得好療癒希望妳可以健健康康長大啦哈哈",
    "time": "2017/06/05 10:11:23",
    "event": "slide"
  }
]