[
  {
    "category": "7",
    "app": "Line",
    "id": "16",
    "context": "明天要上班要有精神",
    "time": "2017/06/05 10:14:17",
    "event": "slide"
  },
  {
    "category": "7",
    "app": "Line",
    "id": "17",
    "context": "我的小公主公主我防紋液是不是在你車上",
    "time": "2017/06/05 10:14:31",
    "event": "type"
  },
  {
    "category": "7",
    "app": "Line",
    "id": "19",
    "context": "明天要上班要有精神早安安我的小公主公主我防紋液是不是在你車上",
    "time": "2017/06/05 10:14:33",
    "event": "slide"
  }
]