[
  {
    "category": "9",
    "app": "Dcard",
    "id": "24",
    "context": "ig匿名留言現在盛行很多ig匿名留言然後就會很多人跟風跟著用當你準備要用時你就應該已經準備好有人會攻擊你也有人會喜歡你然後就看到一堆女生有人告白還是好聽話就說:小盒子我~~歡迎認識我謝謝你喜歡結果攻擊他的就開始惱羞開始說要報警請人找ip然後吉他0.0愛用又惱羞就覺得很好笑..不過還是希望這功能取消因為匿名不用負責都會害死人",
    "time": "2017/06/05 10:15:43",
    "event": "click"
  },
  {
    "category": "9",
    "app": "Dcard",
    "id": "25",
    "context": "ig匿名留言現在盛行很多ig匿名留言然後就會很多人跟風跟著用當你準備要用時你就應該已經準備好有人會攻擊你也有人會喜歡你然後就看到一堆女生有人告白還是好聽話就說:小盒子我~~歡迎認識我謝謝你喜歡結果攻擊他的就開始惱羞開始說要報警請人找ip然後吉他0.0愛用又惱羞就覺得很好笑..不過還是希望這功能取消因為匿名不用負責都會害死人",
    "time": "2017/06/05 10:15:43",
    "event": "slide"
  },
  {
    "category": "9",
    "app": "Line",
    "id": "39",
    "context": "有人也喜歡路跑嗎？今年要參加第三屆舒跑盃挑戰組～歡迎ㄧ起參加～http://www.supau.com.tw/eventnews.aspx臺北組已開始報名～",
    "time": "2017/06/05 10:23:29",
    "event": "slide"
  }
]