[
  {
    "category": "1",
    "app": "AppleMedia",
    "id": "1",
    "context": "同婚釋憲　呂秋遠：祭品暑假開始奉上呂秋遠：祭品暑假開始奉上2017-05-2510:17:00▲同婚釋憲案結果出爐，大法官認定民法違憲。（圖／記者季相儒攝，下同。）政治中心／綜合報導大法官24日對同婚釋憲案作出解釋，宣告《民法》不允許同性結婚的規定違憲，主管機關應在2年內修法或立法，時限過後若未完成，同性伴侶可以直接結婚。律師呂秋遠也將兌現承諾，他表示會在暑假以後開始供奉「祭品」，所有經費我會支出，請不要搶著付錢。大法官釋字第748號解釋文指出，民法中的婚姻規定，未使相同性別2人，得為經營共同生活之目的，成立具有親密性及排他性之永久結合關係，違犯憲法第22條保障人民婚姻自由及第7條保障人民平等權。因此，有關機關應於本解釋公佈之日起2年內，依本解釋意旨完成修正民法或立法，逾期未完成，同性伴侶可以持2人以上證人簽名之書面，直接向戶政機關辦理結婚登記。呂秋遠24日在釋憲結果出爐前，先在臉書上發祭品文，如果最後大法官釋憲結果公佈，同志不能結婚違憲，且要求立法院修法，就辦12場公益演講。接著，結果也讓呂秋遠相當感動，並在臉書上提到，婚姻是一項選擇權，有選擇是好事。歡迎進入婚姻制度，體驗第二人生，同時也要感謝同志運動先驅祁家威的努力，「您真的辛苦了」。呂秋遠認為，此釋憲解果是性別平權的重要里程碑，但是未來還很長，性別平等教育是落實反性別歧視的重要角色，請不要放棄治療；至於說好的祭品，他強調，演講會在暑假後舉辦，主題另行公佈，有興趣的人都可以共同參與，「雞排要不要切要不要加辣通通都有，珍珠奶茶可以無糖去冰，但不可以換冰咖啡。」「做到了，我們是亞洲第一個支持同志婚姻合法化的國家」，不過，呂秋遠仍說，修法尚未成功，同志仍須努力，請支持修訂民法，不要專法。推薦閱讀一改再改！是國家還地方？　bbc臉書貼文一晚變4次同婚釋憲轟大法官「無三小路用」　蔡易餘認失言道歉了成為亞洲第一有希望？　cnn：為同性婚姻鋪好路！大法官翻開正確的史頁　段宜康：修法責任就在民進黨！大法官你們好棒！　吳崢喊：要邁向婚姻平權的國度挺同婚！相愛是人權　陳菊貼彩虹旗照高喊：加油如果禁同婚違憲　呂秋遠辦12場公益演講！國民黨佈局曝光？　吳敦義笑：少數網友開玩笑的狂想曲國民黨也喊特赦陳水扁　蔡易餘：這很明顯就是講幹話！18國力挺入wha　大陸怒：各方停止干涉國家內政！",
    "time": "2017/05/25 10:33:42",
    "event": "click"
  },
  {
    "category": "1",
    "app": "AppleMedia",
    "id": "2",
    "context": "同婚釋憲　呂秋遠：祭品暑假開始奉上呂秋遠：祭品暑假開始奉上2017-05-2510:17:00▲同婚釋憲案結果出爐，大法官認定民法違憲。（圖／記者季相儒攝，下同。）政治中心／綜合報導大法官24日對同婚釋憲案作出解釋，宣告《民法》不允許同性結婚的規定違憲，主管機關應在2年內修法或立法，時限過後若未完成，同性伴侶可以直接結婚。律師呂秋遠也將兌現承諾，他表示會在暑假以後開始供奉「祭品」，所有經費我會支出，請不要搶著付錢。大法官釋字第748號解釋文指出，民法中的婚姻規定，未使相同性別2人，得為經營共同生活之目的，成立具有親密性及排他性之永久結合關係，違犯憲法第22條保障人民婚姻自由及第7條保障人民平等權。因此，有關機關應於本解釋公佈之日起2年內，依本解釋意旨完成修正民法或立法，逾期未完成，同性伴侶可以持2人以上證人簽名之書面，直接向戶政機關辦理結婚登記。呂秋遠24日在釋憲結果出爐前，先在臉書上發祭品文，如果最後大法官釋憲結果公佈，同志不能結婚違憲，且要求立法院修法，就辦12場公益演講。接著，結果也讓呂秋遠相當感動，並在臉書上提到，婚姻是一項選擇權，有選擇是好事。歡迎進入婚姻制度，體驗第二人生，同時也要感謝同志運動先驅祁家威的努力，「您真的辛苦了」。呂秋遠認為，此釋憲解果是性別平權的重要里程碑，但是未來還很長，性別平等教育是落實反性別歧視的重要角色，請不要放棄治療；至於說好的祭品，他強調，演講會在暑假後舉辦，主題另行公佈，有興趣的人都可以共同參與，「雞排要不要切要不要加辣通通都有，珍珠奶茶可以無糖去冰，但不可以換冰咖啡。」「做到了，我們是亞洲第一個支持同志婚姻合法化的國家」，不過，呂秋遠仍說，修法尚未成功，同志仍須努力，請支持修訂民法，不要專法。推薦閱讀一改再改！是國家還地方？　bbc臉書貼文一晚變4次同婚釋憲轟大法官「無三小路用」　蔡易餘認失言道歉了成為亞洲第一有希望？　cnn：為同性婚姻鋪好路！大法官翻開正確的史頁　段宜康：修法責任就在民進黨！大法官你們好棒！　吳崢喊：要邁向婚姻平權的國度挺同婚！相愛是人權　陳菊貼彩虹旗照高喊：加油如果禁同婚違憲　呂秋遠辦12場公益演講！國民黨佈局曝光？　吳敦義笑：少數網友開玩笑的狂想曲國民黨也喊特赦陳水扁　蔡易餘：這很明顯就是講幹話！18國力挺入wha　大陸怒：各方停止干涉國家內政！",
    "time": "2017/05/25 10:33:42",
    "event": "slide"
  },
  {
    "category": "1",
    "app": "AppleMedia",
    "id": "3",
    "context": "成為亞洲第一有希望？　cnn：為同性婚姻鋪好路！成為亞洲第一有希望？　cnn：為同性婚姻鋪好路！2017-05-2417:43:00政治中心／綜合報導亞洲首場同婚釋憲案最終結果揭曉，民法不許同性別2人締結婚姻關係，實屬違憲，立法院須在2年內完成修法或立法，倘若沒在2年內完成修法或立法，同性伴侶就可以直接依民法到戶政事務所登記結婚。釋憲結果引來各界高度關注，《cnn》報導指出，大法官釋憲為同性婚姻鋪路，未來很可能因此成為亞洲第一個允許同婚的地方。▲同婚釋憲案結果出爐，大法官認定民法違憲。（圖／記者季相儒攝，下同。）司法院大法官釋憲結果指出，民法第4編親屬第2章婚姻規定，未使相同性別2人，得為經營共同生活之目的，成立具有親密性及排他性之永久結合關係，於此範圍內，與憲法第22條保障人民婚姻自由及第7條保障人民平等權之意旨有違。因此，有關機關應於本解釋公佈之日起2年內，依本解釋意旨完成相關法律之修正或制定。至於以何種形式達成婚姻自由之平等保護，屬立法形成之範圍。逾期未完成相關法律之修正或制定者，相同性別2人為成立上開永久結合關係，得依上開婚姻章規定，持2人以上證人簽名之書面，向戶政機關辦理結婚登記。《cnn》表示，同婚相關立法草案已經送進立法院裡，雖然陷入僵局，但過去總統蔡英文在2016大選前，就已經明確表達對同婚的支持，「面對愛，每個人都是平等的」，力挺婚姻權益人人平等，要讓每個人都能夠自由地尋找愛與幸福。眼見同志權益將邁入下個里程碑，《cnn》點出，其實在亞洲其他地方，卻有許多同志族羣在社會上臨著越來越多的迫害，包括韓國、印尼；至於日本，雖然同志族羣未受到歧視，但同樣也不承認同性婚姻，反觀當前的成果，顯然已經更接近成為亞洲爭取同志權益的第一名。同志運動先驅祁家威在2013年3月，和男伴到臺北市萬華區戶政事務所登記結婚，被以不符《民法》規定為由駁回，經行政訴訟後敗訴定讞；但他認為，民法第4編親屬第2章婚姻規定「使同性別二人間不能成立法律上婚姻關係」有違憲的疑慮，因此聲請釋憲。然而，身為戶政主管機關的臺北市政府民政局，為關心同志權益，對相關婚姻法令是否憲法保障人民的自由權、平等權等問題，同樣也聲請大法官解釋。大法官2017年3月24日召開憲法法庭，針對相關疑慮進行討論，最終結果今天下午總算出爐，雖然結果不出意料，但公佈結果的這一刻仍讓挺同人士都相當振奮。▼祁家威1986年出櫃，站出來為同志發聲，成為投身同志運動的先驅。（圖／記者林世文攝）推薦閱讀大法官翻開正確的史頁　段宜康：修法責任就在民進黨！大法官你們好棒！　吳崢喊：要邁向婚姻平權的國度挺同婚！相愛是人權　陳菊貼彩虹旗照高喊：加油如果禁同婚違憲　呂秋遠辦12場公益演講加送雞排珍奶！國民黨佈局曝光？　吳敦義笑：少數網友開玩笑的狂想曲國民黨也喊特赦陳水扁　蔡易餘：這很明顯就是講幹話！陳時中署名「中華民國」　游盈隆：誰的主意？真見笑同婚釋憲／民主很重要的一天　蔡政府別再玩話術！加一堆班叫保障勞工權益？一例一休擬放寬加班時數挨轟可能重審5大案！扁健康好轉去餐會　法院最快26日發傳票",
    "time": "2017/05/25 10:37:32",
    "event": "click"
  },
  {
    "category": "1",
    "app": "AppleMedia",
    "id": "4",
    "context": "成為亞洲第一有希望？　cnn：為同性婚姻鋪好路！成為亞洲第一有希望？　cnn：為同性婚姻鋪好路！2017-05-2417:43:00政治中心／綜合報導亞洲首場同婚釋憲案最終結果揭曉，民法不許同性別2人締結婚姻關係，實屬違憲，立法院須在2年內完成修法或立法，倘若沒在2年內完成修法或立法，同性伴侶就可以直接依民法到戶政事務所登記結婚。釋憲結果引來各界高度關注，《cnn》報導指出，大法官釋憲為同性婚姻鋪路，未來很可能因此成為亞洲第一個允許同婚的地方。▲同婚釋憲案結果出爐，大法官認定民法違憲。（圖／記者季相儒攝，下同。）司法院大法官釋憲結果指出，民法第4編親屬第2章婚姻規定，未使相同性別2人，得為經營共同生活之目的，成立具有親密性及排他性之永久結合關係，於此範圍內，與憲法第22條保障人民婚姻自由及第7條保障人民平等權之意旨有違。因此，有關機關應於本解釋公佈之日起2年內，依本解釋意旨完成相關法律之修正或制定。至於以何種形式達成婚姻自由之平等保護，屬立法形成之範圍。逾期未完成相關法律之修正或制定者，相同性別2人為成立上開永久結合關係，得依上開婚姻章規定，持2人以上證人簽名之書面，向戶政機關辦理結婚登記。《cnn》表示，同婚相關立法草案已經送進立法院裡，雖然陷入僵局，但過去總統蔡英文在2016大選前，就已經明確表達對同婚的支持，「面對愛，每個人都是平等的」，力挺婚姻權益人人平等，要讓每個人都能夠自由地尋找愛與幸福。眼見同志權益將邁入下個里程碑，《cnn》點出，其實在亞洲其他地方，卻有許多同志族羣在社會上臨著越來越多的迫害，包括韓國、印尼；至於日本，雖然同志族羣未受到歧視，但同樣也不承認同性婚姻，反觀當前的成果，顯然已經更接近成為亞洲爭取同志權益的第一名。同志運動先驅祁家威在2013年3月，和男伴到臺北市萬華區戶政事務所登記結婚，被以不符《民法》規定為由駁回，經行政訴訟後敗訴定讞；但他認為，民法第4編親屬第2章婚姻規定「使同性別二人間不能成立法律上婚姻關係」有違憲的疑慮，因此聲請釋憲。然而，身為戶政主管機關的臺北市政府民政局，為關心同志權益，對相關婚姻法令是否憲法保障人民的自由權、平等權等問題，同樣也聲請大法官解釋。大法官2017年3月24日召開憲法法庭，針對相關疑慮進行討論，最終結果今天下午總算出爐，雖然結果不出意料，但公佈結果的這一刻仍讓挺同人士都相當振奮。▼祁家威1986年出櫃，站出來為同志發聲，成為投身同志運動的先驅。（圖／記者林世文攝）推薦閱讀大法官翻開正確的史頁　段宜康：修法責任就在民進黨！大法官你們好棒！　吳崢喊：要邁向婚姻平權的國度挺同婚！相愛是人權　陳菊貼彩虹旗照高喊：加油如果禁同婚違憲　呂秋遠辦12場公益演講加送雞排珍奶！國民黨佈局曝光？　吳敦義笑：少數網友開玩笑的狂想曲國民黨也喊特赦陳水扁　蔡易餘：這很明顯就是講幹話！陳時中署名「中華民國」　游盈隆：誰的主意？真見笑同婚釋憲／民主很重要的一天　蔡政府別再玩話術！加一堆班叫保障勞工權益？一例一休擬放寬加班時數挨轟可能重審5大案！扁健康好轉去餐會　法院最快26日發傳票",
    "time": "2017/05/25 10:37:32",
    "event": "slide"
  },
  {
    "category": "1",
    "app": "AppleMedia",
    "id": "5",
    "context": "挺同婚！相愛是人權　陳菊貼彩虹旗照高喊：加油挺同婚！相愛是人權　陳菊貼彩虹旗照高喊：加油2017-05-2416:30:00政治中心／綜合報導亞洲首場同婚釋憲案最終結果揭曉，民法不許同性別2人締結婚姻關係，實屬違憲，立法院須在2年內完成修法或立法，倘若沒在2年內完成修法或立法，同性伴侶就可以直接依民法到戶政事務所登記結婚。對此，高雄市長陳菊隨即在臉書上發布彩虹旗照，並寫下：「相愛是人權」，大家都堅信本於愛及善良，必能走向進步而更加美好的價值，加油。▲同婚釋憲結果出爐，禁同婚違憲。（資料照／記者季相儒攝）司法院大法官釋憲結果指出，民法第4編親屬第2章婚姻規定，未使相同性別2人，得為經營共同生活之目的，成立具有親密性及排他性之永久結合關係，於此範圍內，與憲法第22條保障人民婚姻自由及第7條保障人民平等權之意旨有違。因此，有關機關應於本解釋公佈之日起2年內，依本解釋意旨完成相關法律之修正或制定。至於以何種形式達成婚姻自由之平等保護，屬立法形成之範圍。逾期未完成相關法律之修正或制定者，相同性別2人為成立上開永久結合關係，得依上開婚姻章規定，持2人以上證人簽名之書面，向戶政機關辦理結婚登記。▼祁家威1986年出櫃，站出來為同志發聲，成為投身同志運動的先驅。（圖／記者林世文攝）同志運動先驅祁家威在2013年3月，和男伴到臺北市萬華區戶政事務所登記結婚，被以不符《民法》規定為由駁回，經行政訴訟後敗訴定讞；但他認為，民法第4編親屬第2章婚姻規定「使同性別二人間不能成立法律上婚姻關係」有違憲的疑慮，因此聲請釋憲。然而，身為戶政主管機關的臺北市政府民政局，為關心同志權益，對相關婚姻法令是否憲法保障人民的自由權、平等權等問題，同樣也聲請大法官解釋。大法官2017年3月24日召開憲法法庭，針對相關疑慮進行討論，最終結果今天下午總算出爐，雖然結果不出意料，但公佈結果這一刻仍讓挺同婚人士都相當振奮。▼大法官釋憲保障同婚平權結果出爐，同志團體聚集立法院外。（圖／記者季相儒攝）",
    "time": "2017/05/25 10:38:55",
    "event": "click"
  },
  {
    "category": "1",
    "app": "AppleMedia",
    "id": "6",
    "context": "挺同婚！相愛是人權　陳菊貼彩虹旗照高喊：加油挺同婚！相愛是人權　陳菊貼彩虹旗照高喊：加油2017-05-2416:30:00政治中心／綜合報導亞洲首場同婚釋憲案最終結果揭曉，民法不許同性別2人締結婚姻關係，實屬違憲，立法院須在2年內完成修法或立法，倘若沒在2年內完成修法或立法，同性伴侶就可以直接依民法到戶政事務所登記結婚。對此，高雄市長陳菊隨即在臉書上發布彩虹旗照，並寫下：「相愛是人權」，大家都堅信本於愛及善良，必能走向進步而更加美好的價值，加油。▲同婚釋憲結果出爐，禁同婚違憲。（資料照／記者季相儒攝）司法院大法官釋憲結果指出，民法第4編親屬第2章婚姻規定，未使相同性別2人，得為經營共同生活之目的，成立具有親密性及排他性之永久結合關係，於此範圍內，與憲法第22條保障人民婚姻自由及第7條保障人民平等權之意旨有違。因此，有關機關應於本解釋公佈之日起2年內，依本解釋意旨完成相關法律之修正或制定。至於以何種形式達成婚姻自由之平等保護，屬立法形成之範圍。逾期未完成相關法律之修正或制定者，相同性別2人為成立上開永久結合關係，得依上開婚姻章規定，持2人以上證人簽名之書面，向戶政機關辦理結婚登記。▼祁家威1986年出櫃，站出來為同志發聲，成為投身同志運動的先驅。（圖／記者林世文攝）同志運動先驅祁家威在2013年3月，和男伴到臺北市萬華區戶政事務所登記結婚，被以不符《民法》規定為由駁回，經行政訴訟後敗訴定讞；但他認為，民法第4編親屬第2章婚姻規定「使同性別二人間不能成立法律上婚姻關係」有違憲的疑慮，因此聲請釋憲。然而，身為戶政主管機關的臺北市政府民政局，為關心同志權益，對相關婚姻法令是否憲法保障人民的自由權、平等權等問題，同樣也聲請大法官解釋。大法官2017年3月24日召開憲法法庭，針對相關疑慮進行討論，最終結果今天下午總算出爐，雖然結果不出意料，但公佈結果這一刻仍讓挺同婚人士都相當振奮。▼大法官釋憲保障同婚平權結果出爐，同志團體聚集立法院外。（圖／記者季相儒攝）",
    "time": "2017/05/25 10:38:55",
    "event": "slide"
  },
  {
    "category": "1",
    "app": "AppleMedia",
    "id": "7",
    "context": "搞不懂同婚釋憲？　臺大教授的白話文版看了秒懂搞不懂同婚釋憲？　臺大教授的白話文版看了秒懂2017-05-2508:04:00▲同婚釋憲案結果出爐，大法官認定民法違憲！（圖／記者季相儒攝）記者徐政璿／臺北報導大法官24日下午4點公佈釋憲結果，宣告《民法》不允許同性結婚的規定違憲，主管機關應以法律保障同婚，等於宣告成為亞洲第一個以法律保障同性婚姻的國家。對此，臺大法律系教授李茂生在臉書表示，大法官的白話意思，是「雖然你們立法者有權力決定要修民法還是立專法，但我只給你兩年的時間」。根據大法官解釋，法務部應在2年內研擬修法，保障同性婚姻，但大法官並未指明應另立專法或修改《民法》保障同婚權益。若未完成法律修正，同性婚姻者，可直接向戶政機關辦理結婚登記。李茂生接著說，不過，他還是想再加幾句白話文，而且也認為這纔是亮點。「雖然你們立法者有權力決定要修民法還是立專法，但我只給你兩年的時間。而且我也認為你們在兩年內絕對不可能修出來或訂出來，所以兩年後，同性的人，直接就可以去登記結婚，行政機關絕對不敢拒絕的。如果有人等不及的話，也可以現在就去試試看，不過我不保證行政機關就會買單。至於結婚後的許多權益的保障或限制等，那就再說了，反正我跑不掉，會在這裡等著。」",
    "time": "2017/05/25 10:43:10",
    "event": "click"
  },
  {
    "category": "1",
    "app": "AppleMedia",
    "id": "8",
    "context": "搞不懂同婚釋憲？　臺大教授的白話文版看了秒懂搞不懂同婚釋憲？　臺大教授的白話文版看了秒懂2017-05-2508:04:00▲同婚釋憲案結果出爐，大法官認定民法違憲！（圖／記者季相儒攝）記者徐政璿／臺北報導大法官24日下午4點公佈釋憲結果，宣告《民法》不允許同性結婚的規定違憲，主管機關應以法律保障同婚，等於宣告成為亞洲第一個以法律保障同性婚姻的國家。對此，臺大法律系教授李茂生在臉書表示，大法官的白話意思，是「雖然你們立法者有權力決定要修民法還是立專法，但我只給你兩年的時間」。根據大法官解釋，法務部應在2年內研擬修法，保障同性婚姻，但大法官並未指明應另立專法或修改《民法》保障同婚權益。若未完成法律修正，同性婚姻者，可直接向戶政機關辦理結婚登記。李茂生接著說，不過，他還是想再加幾句白話文，而且也認為這纔是亮點。「雖然你們立法者有權力決定要修民法還是立專法，但我只給你兩年的時間。而且我也認為你們在兩年內絕對不可能修出來或訂出來，所以兩年後，同性的人，直接就可以去登記結婚，行政機關絕對不敢拒絕的。如果有人等不及的話，也可以現在就去試試看，不過我不保證行政機關就會買單。至於結婚後的許多權益的保障或限制等，那就再說了，反正我跑不掉，會在這裡等著。」",
    "time": "2017/05/25 10:43:10",
    "event": "slide"
  }
]