[
  {
    "category": "10",
    "app": "MoPTT",
    "id": "25",
    "context": "[心得]海島沙灘防曬必看!海洋友善防曬品哈囉大家好:)又到了夏天，海島沙灘比基尼的季節～～因此想要來再次介紹【海洋友善防曬乳】的觀念&更新我的心得!自從去年學了潛水，在國內外的海洋底下親眼看到很多不可思議的美景，也接觸了很多可愛的生物後，就一直很想讓更多人知道海洋友善防曬的觀念簡單說，就是市面上一般的防曬乳有許多對海洋有害，甚至只要1滴就會造成汙染&危害讓珊瑚失去生殖能力甚至死亡，也對海洋其他生物可能造成嚴重危害因此若是直接接觸到海水，建議選擇經認證對海洋對珊瑚友善的防曬乳包括我之後會介紹的badgercompany&thinkbaby我去年寫了文字版介紹http://tinyurl.com/hsjrayn(也有在板上發過可a我id)今年補上更完整的心得，拍了影片版想跟更多人分享youtube影片看這裡>>https://youtu.be/asabpok4mrw(有實擦試用介紹影片開頭可能有yt廣告不喜勿入也可以往下看純文字喔:))以下則是純文字版給大家參考市面上許多防曬對海洋有嚴重的負面影響，因此美國有個ngo組織叫做ewg針對防曬列出一個清單推薦對人體、對環境、對海洋最安全級的防曬乳供大家參考基本上有以下幾個特色1.生物可分解2.非奈米化(粒子過小容易被人體吸收)3.非噴霧式(防曬成分若被人體吸收會造成負面影響)4.無有害物質(novitamina,oxybenzone,butylparaben,octinoxate,4mbc)ewg針對防曬乳分級評比，第1級是最安全的，此為推薦清單http://tinyurl.com/jlofavb我用過其中的兩款1.badgercompany的sportsunscreencreamspf352.thinkbabysunscreenspf50+以上兩款共通點除了都符合海洋友善以外也都有高濃度的氧化鋅(物理性防曬機制)、美國製、不做動物實驗、可防水達80分鐘1.badgercompany優點:氧化鋅濃度略高，防水力防曬力非常顯著、100%天然94%有機成分缺點:厚重難推，需要少量多次耐心塗抹，要不然容易面具臉；也比較難卸除2.thinkbaby優點:較清爽好推，也較不容易泛白缺點:防水力較沒有badger顯著，但也有80分以上的水準!基本上這兩款都不太好買，但可以透過iherb.com來購買或是如果真的無法買到海洋友善防曬乳請至少避開含有上述已確認會危害海洋的有毒物質的防曬乳通常越偏物理性防曬、成分越單純的防曬會越安全喔!認識海洋之後深深覺得以前很多觀念都需要調整到海洋裡沖掉東西並不是洗淨，因為你的洗澡水就是生物們賴以為生的海洋這種感覺就像當我們呼吸的空氣被嚴重汙染而我們卻無處可逃一樣真的希望大家一起愛保養的同時也愛護海洋<3最後偷渡一個觀念其實化妝品很多也含有對海洋有害的物質因此如果要游泳要接觸海水還是素顏比較好喔!!希望大家可以努力讓這個觀念讓更多人知道海龜鯨鯊珊瑚河豚小丑魚會感謝你們的~~~<(__)>謝謝大家一起享受海洋享受陽光吧!!",
    "time": "2017/05/25 11:00:42",
    "event": "click"
  },
  {
    "category": "10",
    "app": "MoPTT",
    "id": "26",
    "context": "[心得]海島沙灘防曬必看!海洋友善防曬品哈囉大家好:)又到了夏天，海島沙灘比基尼的季節～～因此想要來再次介紹【海洋友善防曬乳】的觀念&更新我的心得!自從去年學了潛水，在國內外的海洋底下親眼看到很多不可思議的美景，也接觸了很多可愛的生物後，就一直很想讓更多人知道海洋友善防曬的觀念簡單說，就是市面上一般的防曬乳有許多對海洋有害，甚至只要1滴就會造成汙染&危害讓珊瑚失去生殖能力甚至死亡，也對海洋其他生物可能造成嚴重危害因此若是直接接觸到海水，建議選擇經認證對海洋對珊瑚友善的防曬乳包括我之後會介紹的badgercompany&thinkbaby我去年寫了文字版介紹http://tinyurl.com/hsjrayn(也有在板上發過可a我id)今年補上更完整的心得，拍了影片版想跟更多人分享youtube影片看這裡>>https://youtu.be/asabpok4mrw(有實擦試用介紹影片開頭可能有yt廣告不喜勿入也可以往下看純文字喔:))以下則是純文字版給大家參考市面上許多防曬對海洋有嚴重的負面影響，因此美國有個ngo組織叫做ewg針對防曬列出一個清單推薦對人體、對環境、對海洋最安全級的防曬乳供大家參考基本上有以下幾個特色1.生物可分解2.非奈米化(粒子過小容易被人體吸收)3.非噴霧式(防曬成分若被人體吸收會造成負面影響)4.無有害物質(novitamina,oxybenzone,butylparaben,octinoxate,4mbc)ewg針對防曬乳分級評比，第1級是最安全的，此為推薦清單http://tinyurl.com/jlofavb我用過其中的兩款1.badgercompany的sportsunscreencreamspf352.thinkbabysunscreenspf50+以上兩款共通點除了都符合海洋友善以外也都有高濃度的氧化鋅(物理性防曬機制)、美國製、不做動物實驗、可防水達80分鐘1.badgercompany優點:氧化鋅濃度略高，防水力防曬力非常顯著、100%天然94%有機成分缺點:厚重難推，需要少量多次耐心塗抹，要不然容易面具臉；也比較難卸除2.thinkbaby優點:較清爽好推，也較不容易泛白缺點:防水力較沒有badger顯著，但也有80分以上的水準!基本上這兩款都不太好買，但可以透過iherb.com來購買或是如果真的無法買到海洋友善防曬乳請至少避開含有上述已確認會危害海洋的有毒物質的防曬乳通常越偏物理性防曬、成分越單純的防曬會越安全喔!認識海洋之後深深覺得以前很多觀念都需要調整到海洋裡沖掉東西並不是洗淨，因為你的洗澡水就是生物們賴以為生的海洋這種感覺就像當我們呼吸的空氣被嚴重汙染而我們卻無處可逃一樣真的希望大家一起愛保養的同時也愛護海洋<3最後偷渡一個觀念其實化妝品很多也含有對海洋有害的物質因此如果要游泳要接觸海水還是素顏比較好喔!!希望大家可以努力讓這個觀念讓更多人知道海龜鯨鯊珊瑚河豚小丑魚會感謝你們的~~~<(__)>謝謝大家一起享受海洋享受陽光吧!!",
    "time": "2017/05/25 11:00:42",
    "event": "slide"
  },
  {
    "category": "10",
    "app": "MoPTT",
    "id": "29",
    "context": "[心得]懶人保養kiehl's契爾氏冰河醣蛋白保濕霜是否已讀取發文須知並詳閱版規(y/n)：y會注意這個牌子是因為有follow章潔買來敷也意外覺得很不錯不輸之前敷過的幾個醫美牌子面膜我是買天山雪蓮淨白淡斑面膜面膜紙是薄薄透透的那種之前爬文有看到分享說面膜紙很舒服實際敷確實很舒服不會粗粗刮臉而且雖然很薄但拿起來感覺精華液還是吸的飽飽的包裝袋裡精華液也給的很豪爽拿來擦在脖子胸口都很夠！敷完兩片了覺得臉有透亮感還蠻明顯的而且我是同一週就敷了兩次會覺得臉上暗沉也比較不囂張瞭如果用膩手上面膜的話我覺得這片是還蠻推薦的~",
    "time": "2017/05/25 11:08:34",
    "event": "click"
  },
  {
    "category": "10",
    "app": "MoPTT",
    "id": "30",
    "context": "[心得]懶人保養kiehl's契爾氏冰河醣蛋白保濕霜是否已讀取發文須知並詳閱版規(y/n)：y會注意這個牌子是因為有follow章潔買來敷也意外覺得很不錯不輸之前敷過的幾個醫美牌子面膜我是買天山雪蓮淨白淡斑面膜面膜紙是薄薄透透的那種之前爬文有看到分享說面膜紙很舒服實際敷確實很舒服不會粗粗刮臉而且雖然很薄但拿起來感覺精華液還是吸的飽飽的包裝袋裡精華液也給的很豪爽拿來擦在脖子胸口都很夠！敷完兩片了覺得臉有透亮感還蠻明顯的而且我是同一週就敷了兩次會覺得臉上暗沉也比較不囂張瞭如果用膩手上面膜的話我覺得這片是還蠻推薦的~",
    "time": "2017/05/25 11:08:34",
    "event": "slide"
  },
  {
    "category": "10",
    "app": "MoPTT",
    "id": "31",
    "context": "[請益]瑞士薇佳&乳液是否已讀取發文須知並詳閱版規(y/n)：y已爬文關鍵字：simple乳液大家好，如題，想請問有人用過simple的這款乳液嗎？前陣子（其實就是昨天）喜歡的歐美youtuber業配這個牌子，看起來滿溫和的，但想說應該很難購入就沒注意沒想到剛剛在康是美晃的時候發現康是美有賣而且剛好還在買一送一試在手上感覺就是…乳液（其實也感覺不出個所以然）所以來請教版友爬了文這個牌子的討論度滿低的，大多是說他們家卸妝水不錯（但也有些人說爆粉刺）洗面乳溫和，乳液的心得比較少，而且幾乎都是說在英國用感覺不錯，不知道在用會不會太厚重？我的膚質混合t字偏油，考慮購入這罐妝前單用，用過版友很推的珂潤乳霜（夏天），剛擦上的時候覺得不錯，但過了一陣子之後就開始覺得黏膩，太油不知道有沒有用過這罐的版友可以給點意見呢，謝謝！",
    "time": "2017/05/25 11:10:16",
    "event": "click"
  },
  {
    "category": "10",
    "app": "MoPTT",
    "id": "32",
    "context": "[請益]瑞士薇佳&乳液是否已讀取發文須知並詳閱版規(y/n)：y已爬文關鍵字：simple乳液大家好，如題，想請問有人用過simple的這款乳液嗎？前陣子（其實就是昨天）喜歡的歐美youtuber業配這個牌子，看起來滿溫和的，但想說應該很難購入就沒注意沒想到剛剛在康是美晃的時候發現康是美有賣而且剛好還在買一送一試在手上感覺就是…乳液（其實也感覺不出個所以然）所以來請教版友爬了文這個牌子的討論度滿低的，大多是說他們家卸妝水不錯（但也有些人說爆粉刺）洗面乳溫和，乳液的心得比較少，而且幾乎都是說在英國用感覺不錯，不知道在用會不會太厚重？我的膚質混合t字偏油，考慮購入這罐妝前單用，用過版友很推的珂潤乳霜（夏天），剛擦上的時候覺得不錯，但過了一陣子之後就開始覺得黏膩，太油不知道有沒有用過這罐的版友可以給點意見呢，謝謝！",
    "time": "2017/05/25 11:10:16",
    "event": "slide"
  },
  {
    "category": "10",
    "app": "MoPTT",
    "id": "33",
    "context": "[心得]是否已讀取發文須知並詳閱版規(y/n)：y最近爬文還有看影片一堆人推蘭芝的脣膜於是我新血來潮的去買來用我本身不是一個嘴脣容易破皮的人也沒什麼在保養偶爾嘴脣乾會用在花蓮瑞穗牧場送的贈品護脣油擦嘴我自己用了蘭芝覺得好像有用跟沒用一樣跟護脣油比好像遜色一點==有人有和我一樣的狀況嗎還是是我嘴脣本來就沒很乾感覺不出來qq",
    "time": "2017/05/25 11:13:05",
    "event": "click"
  },
  {
    "category": "10",
    "app": "MoPTT",
    "id": "34",
    "context": "[心得]是否已讀取發文須知並詳閱版規(y/n)：y最近爬文還有看影片一堆人推蘭芝的脣膜於是我新血來潮的去買來用我本身不是一個嘴脣容易破皮的人也沒什麼在保養偶爾嘴脣乾會用在花蓮瑞穗牧場送的贈品護脣油擦嘴我自己用了蘭芝覺得好像有用跟沒用一樣跟護脣油比好像遜色一點==有人有和我一樣的狀況嗎還是是我嘴脣本來就沒很乾感覺不出來qq",
    "time": "2017/05/25 11:13:05",
    "event": "slide"
  },
  {
    "category": "10",
    "app": "MoPTT",
    "id": "35",
    "context": "[心得]藜麥精華讓我皮膚變光滑膚質：混合肌偏乾（外油內乾）平常晚睡、外食、喜歡亂摳粉刺，有時候發炎變大痘，因此兩頰滿多疤的，但最近想要認真改善臉部狀況，希望能素顏見人tt，所以就敗了主打換膚的藜麥精華，以下是這一個月的保養順序：k金盞花化妝水->k紫鳶肌活露->k眼霜->k藜麥精華->k淨白淡斑精華->k蜂蜜紅蔘活膚霜+蕾舒翠花神水凝霜（沒錯我是kiehl's鐵粉xd）除了外部保養，這2個月來有規律運動（以前是沒在運動的人），最近發現臉好像真的有改善（當然我也比較不敢亂摳了），疤有變比較淡，膚色比較沒那麼蠟黃，鼻頭粉刺明顯軟化，洗完臉輕輕擠粉刺就會跑出來，臉上的痘好像有受到控制不會亂冒，然後臉摸起來也滑滑的，覺得有保養真的有差，心情隨之變好呵呵，不過畢竟用了這麼多產品，也不一定全是藜麥的功勞，但臉變光滑跟痘子改善的確是藜麥加入後纔有的現象。目前還是每天都用5滴，但是聽說酸類產品最好不要天天用，不知道長期用對皮膚會不會有不好的影響？因為是臨時想分享一下心得，沒有紀錄before&after對照圖，每個人的膚況也不一定適合這些產品，就給女孩們參考參考嘍^_^",
    "time": "2017/05/25 11:14:38",
    "event": "click"
  },
  {
    "category": "10",
    "app": "MoPTT",
    "id": "36",
    "context": "[心得]藜麥精華讓我皮膚變光滑膚質：混合肌偏乾（外油內乾）平常晚睡、外食、喜歡亂摳粉刺，有時候發炎變大痘，因此兩頰滿多疤的，但最近想要認真改善臉部狀況，希望能素顏見人tt，所以就敗了主打換膚的藜麥精華，以下是這一個月的保養順序：k金盞花化妝水->k紫鳶肌活露->k眼霜->k藜麥精華->k淨白淡斑精華->k蜂蜜紅蔘活膚霜+蕾舒翠花神水凝霜（沒錯我是kiehl's鐵粉xd）除了外部保養，這2個月來有規律運動（以前是沒在運動的人），最近發現臉好像真的有改善（當然我也比較不敢亂摳了），疤有變比較淡，膚色比較沒那麼蠟黃，鼻頭粉刺明顯軟化，洗完臉輕輕擠粉刺就會跑出來，臉上的痘好像有受到控制不會亂冒，然後臉摸起來也滑滑的，覺得有保養真的有差，心情隨之變好呵呵，不過畢竟用了這麼多產品，也不一定全是藜麥的功勞，但臉變光滑跟痘子改善的確是藜麥加入後纔有的現象。目前還是每天都用5滴，但是聽說酸類產品最好不要天天用，不知道長期用對皮膚會不會有不好的影響？因為是臨時想分享一下心得，沒有紀錄before&after對照圖，每個人的膚況也不一定適合這些產品，就給女孩們參考參考嘍^_^",
    "time": "2017/05/25 11:14:38",
    "event": "slide"
  },
  {
    "category": "10",
    "app": "MoPTT",
    "id": "37",
    "context": "[挑選]老妹該買黃金t棒vs.白金鉑金y字棒?是否已讀取發文須知並詳閱版規(y/n)：y年紀剛過了25歲的巔峯期，雖然有在運動健身(每次重訓面部都猙獰，皺紋好像又多了幾條-..-)希望除了基本保養品以外，能購買外部器材幫助能多讓青春停留久一點阿!目前保養品:雅漾噴泉水/潔淨美層脂調理霜/haba角鯊/寵愛之名藍銅或神經醯角鯊面膜平常作息:平日睡眠時間晚上11-12點間，早上6點多起牀每週固定上健身房3次選手就是：1.beatybar24k金t字棒2.mtgrefacarat鉑金電子滾輪棒兩隻都是日製，價格不是考量要素主要是能幫助嘴邊肉upup跟皺紋(笑紋/法令紋)的延緩產生謝謝大家~",
    "time": "2017/05/25 11:15:07",
    "event": "click"
  },
  {
    "category": "10",
    "app": "MoPTT",
    "id": "38",
    "context": "[挑選]老妹該買黃金t棒vs.白金鉑金y字棒?是否已讀取發文須知並詳閱版規(y/n)：y年紀剛過了25歲的巔峯期，雖然有在運動健身(每次重訓面部都猙獰，皺紋好像又多了幾條-..-)希望除了基本保養品以外，能購買外部器材幫助能多讓青春停留久一點阿!目前保養品:雅漾噴泉水/潔淨美層脂調理霜/haba角鯊/寵愛之名藍銅或神經醯角鯊面膜平常作息:平日睡眠時間晚上11-12點間，早上6點多起牀每週固定上健身房3次選手就是：1.beatybar24k金t字棒2.mtgrefacarat鉑金電子滾輪棒兩隻都是日製，價格不是考量要素主要是能幫助嘴邊肉upup跟皺紋(笑紋/法令紋)的延緩產生謝謝大家~",
    "time": "2017/05/25 11:15:07",
    "event": "slide"
  },
  {
    "category": "10",
    "app": "MoPTT",
    "id": "39",
    "context": "[挑選]後祕帖or小黑瓶先前靠櫃分別拿了後和小黑瓶的試用包試用結果小黑瓶用了大概兩次都會有刺痛感(沒有紅腫)和櫃姊說了之後，櫃姐說是因為皮膚太乾前面這樣正常只要沒有紅腫發癢就是沒過敏沒問題，只要多用幾次就好了使用後的試用包時沒有任何不適，於是最後選購了後的祕帖最近心得是在上妝的時候真的比較不會浮粉而且持妝但對毛孔縮小比較無感(雖然不確定祕帖是否也可以改善這個)最近要去韓國，想說是該去囤後還是在給小黑瓶一次機會?(因為之後要去久居的國家入手小黑瓶比較簡單，比較難買到後)本身應為混合/中性乾肌，夏天偶爾額頭出油，但冬天也不會乾到脫皮謝謝大家",
    "time": "2017/05/25 11:18:23",
    "event": "click"
  },
  {
    "category": "10",
    "app": "MoPTT",
    "id": "40",
    "context": "[挑選]後祕帖or小黑瓶先前靠櫃分別拿了後和小黑瓶的試用包試用結果小黑瓶用了大概兩次都會有刺痛感(沒有紅腫)和櫃姊說了之後，櫃姐說是因為皮膚太乾前面這樣正常只要沒有紅腫發癢就是沒過敏沒問題，只要多用幾次就好了使用後的試用包時沒有任何不適，於是最後選購了後的祕帖最近心得是在上妝的時候真的比較不會浮粉而且持妝但對毛孔縮小比較無感(雖然不確定祕帖是否也可以改善這個)最近要去韓國，想說是該去囤後還是在給小黑瓶一次機會?(因為之後要去久居的國家入手小黑瓶比較簡單，比較難買到後)本身應為混合/中性乾肌，夏天偶爾額頭出油，但冬天也不會乾到脫皮謝謝大家",
    "time": "2017/05/25 11:18:23",
    "event": "slide"
  },
  {
    "category": "10",
    "app": "MoPTT",
    "id": "41",
    "context": "[心得]雅詩蘭黛護膚會是否已讀取發文須知並詳閱版規(y/n)：y網誌無音樂好讀版:https://goo.gl/2lhtku偽空空賞（有些只是見底,還沒空空,有些是私心推薦）幾個禮拜前因為朋友一句話「你都在亂！買！」又因為輪班＆越來越老，膚質開始有狀況，所以我開始正視那些瓶瓶罐罐決定把他們殺個片甲不留我的膚質膚況：（大家狀況不同，我盡量說仔細一點！）23歲，原本是雙頰偏乾／Ｔ字出油的混和肌，某天連續用了幾天契爾氏黎麥精華後整臉變超乾肌，尤其雙頰部分我有粉刺，不易長痘用黎麥是想改善粉刺和緊緻毛孔（反正失敗了，而且臉變超乾）之後一直沒看到適合的保濕產品，就拿手邊有的東西來大擦特擦因此有了這篇空空賞很多產品大家都有寫過，此篇單純個人發表心得（下面都是我會再回購的保養品！）正文開始肌研　極潤保濕化妝水（清爽型）這是第四個空瓶子，大學時期開始愛用他，不算便宜的開架化妝水實際使用優點：不黏、溫和、保濕、不影響後續擦保養品、聽說玻尿酸含量算很高膚況好的時候不覺得他有甚麼特別的，膚況差的時候我沒用他個人覺得這瓶是方便ＣＰ值又高的化妝水，純私心推薦！http://imgur.com/a/ioxqb應該看的出來已經用完了吧？！http://imgur.com/a/u0fhm日本　ＰＡＩＲ痘痘藥膏在痘痘長出來之前，微微泛紅、還沒紅腫、摸到會痛痛的時候厚厚的擦，很快就消炎！輪班必備http://imgur.com/a/hdkvq契爾氏　激光極淨淡斑精華目前用完一瓶，非常輕微淡化臉頰的雀斑對於改善膚色不均的效果比較明顯實際使用優點：不黏、吸收快、有感改善膚色不均、不怕曬太陽、香味不會過濃缺點是買太小罐，用好快！天天用大約一個月就用完了http://imgur.com/a/w4eqs契爾氏　冰河醣蛋白保濕霜膚況正常時期，冬天我會用一咪咪擦全臉做保濕變成乾肌之後就大力挖來擦，厚擦，極乾肌的人可能會有點不夠力在我膚況最差（最乾）時期，要多擦幾次才會改善脫皮混和肌的人可能要避開Ｔ字，不然會太油！實際使用優點：膚況好的話用量省、剛開始用會發現皮膚變得好滑好保水http://imgur.com/a/jujdyhttp://imgur.com/a/01wnd倩碧　水磁場保濕凝膠買滿久的，已經不知道是第幾代的水磁場臉乾的時候厚擦會有點刺刺的，但隔天醒來會改善臉乾也比較推得開，不會像一層膜隔在臉上剛買來的時候膚況很好，無法感受它的保濕，臉完全吃不進去，上妝還會脫屑",
    "time": "2017/05/25 11:20:54",
    "event": "click"
  },
  {
    "category": "10",
    "app": "MoPTT",
    "id": "42",
    "context": "[心得]雅詩蘭黛護膚會是否已讀取發文須知並詳閱版規(y/n)：y網誌無音樂好讀版:https://goo.gl/2lhtku偽空空賞（有些只是見底,還沒空空,有些是私心推薦）幾個禮拜前因為朋友一句話「你都在亂！買！」又因為輪班＆越來越老，膚質開始有狀況，所以我開始正視那些瓶瓶罐罐決定把他們殺個片甲不留我的膚質膚況：（大家狀況不同，我盡量說仔細一點！）23歲，原本是雙頰偏乾／Ｔ字出油的混和肌，某天連續用了幾天契爾氏黎麥精華後整臉變超乾肌，尤其雙頰部分我有粉刺，不易長痘用黎麥是想改善粉刺和緊緻毛孔（反正失敗了，而且臉變超乾）之後一直沒看到適合的保濕產品，就拿手邊有的東西來大擦特擦因此有了這篇空空賞很多產品大家都有寫過，此篇單純個人發表心得（下面都是我會再回購的保養品！）正文開始肌研　極潤保濕化妝水（清爽型）這是第四個空瓶子，大學時期開始愛用他，不算便宜的開架化妝水實際使用優點：不黏、溫和、保濕、不影響後續擦保養品、聽說玻尿酸含量算很高膚況好的時候不覺得他有甚麼特別的，膚況差的時候我沒用他個人覺得這瓶是方便ＣＰ值又高的化妝水，純私心推薦！http://imgur.com/a/ioxqb應該看的出來已經用完了吧？！http://imgur.com/a/u0fhm日本　ＰＡＩＲ痘痘藥膏在痘痘長出來之前，微微泛紅、還沒紅腫、摸到會痛痛的時候厚厚的擦，很快就消炎！輪班必備http://imgur.com/a/hdkvq契爾氏　激光極淨淡斑精華目前用完一瓶，非常輕微淡化臉頰的雀斑對於改善膚色不均的效果比較明顯實際使用優點：不黏、吸收快、有感改善膚色不均、不怕曬太陽、香味不會過濃缺點是買太小罐，用好快！天天用大約一個月就用完了http://imgur.com/a/w4eqs契爾氏　冰河醣蛋白保濕霜膚況正常時期，冬天我會用一咪咪擦全臉做保濕變成乾肌之後就大力挖來擦，厚擦，極乾肌的人可能會有點不夠力在我膚況最差（最乾）時期，要多擦幾次才會改善脫皮混和肌的人可能要避開Ｔ字，不然會太油！實際使用優點：膚況好的話用量省、剛開始用會發現皮膚變得好滑好保水http://imgur.com/a/jujdyhttp://imgur.com/a/01wnd倩碧　水磁場保濕凝膠買滿久的，已經不知道是第幾代的水磁場臉乾的時候厚擦會有點刺刺的，但隔天醒來會改善臉乾也比較推得開，不會像一層膜隔在臉上剛買來的時候膚況很好，無法感受它的保濕，臉完全吃不進去，上妝還會脫屑",
    "time": "2017/05/25 11:20:54",
    "event": "slide"
  },
  {
    "category": "10",
    "app": "MoPTT",
    "id": "43",
    "context": "實際使用優點：好推、可以舒緩乾燥的泛紅敏感、厚膚有晚安面膜修復的感覺http://imgur.com/a/klpgq契爾氏　金盞花植物精華化妝水偶爾鼻翼泛紅會拿來濕敷，沒有特別的感覺味道跟擦起來一樣清爽實際使用優點：夏天洗完澡擦他很清爽舒服、溫和不刺激、完全沒有負擔http://imgur.com/a/3phsv倍優　亮白保濕緊緻面膜去年買一送一跟朋友合購，用掉了大約３０片（也有藍銅的口味）我本身對這片面膜不會過敏，也沒有致痘的現象這禮拜實施一日一面膜剛好媽媽去觀光工廠買了兩盒回來，就決定是他了！目前連續膚了四天，皮膚有變平滑，日常保養也可以比較偷懶一點算是滿清爽的面膜http://imgur.com/a/fxlo3下面這個是我硬加進來的，買不起，目前只是口袋名單ＴＨＲＥＥ　賦活凝霜（贈品）這是在櫃上買組合送的贈品，味道超療癒，有效修復我的乾肌用手心的溫度幫助吸收後不黏不油，上妝也超服貼我拿來上妝前惡補比較乾燥的地方可是這價格我真的沒辦法http://imgur.com/a/ictss以上純屬個人心得，希望在美保版可以有點回饋，給需要的人^_^",
    "time": "2017/05/25 11:22:09",
    "event": "click"
  },
  {
    "category": "10",
    "app": "MoPTT",
    "id": "44",
    "context": "實際使用優點：好推、可以舒緩乾燥的泛紅敏感、厚膚有晚安面膜修復的感覺http://imgur.com/a/klpgq契爾氏　金盞花植物精華化妝水偶爾鼻翼泛紅會拿來濕敷，沒有特別的感覺味道跟擦起來一樣清爽實際使用優點：夏天洗完澡擦他很清爽舒服、溫和不刺激、完全沒有負擔http://imgur.com/a/3phsv倍優　亮白保濕緊緻面膜去年買一送一跟朋友合購，用掉了大約３０片（也有藍銅的口味）我本身對這片面膜不會過敏，也沒有致痘的現象這禮拜實施一日一面膜剛好媽媽去觀光工廠買了兩盒回來，就決定是他了！目前連續膚了四天，皮膚有變平滑，日常保養也可以比較偷懶一點算是滿清爽的面膜http://imgur.com/a/fxlo3下面這個是我硬加進來的，買不起，目前只是口袋名單ＴＨＲＥＥ　賦活凝霜（贈品）這是在櫃上買組合送的贈品，味道超療癒，有效修復我的乾肌用手心的溫度幫助吸收後不黏不油，上妝也超服貼我拿來上妝前惡補比較乾燥的地方可是這價格我真的沒辦法http://imgur.com/a/ictss以上純屬個人心得，希望在美保版可以有點回饋，給需要的人^_^",
    "time": "2017/05/25 11:22:09",
    "event": "slide"
  },
  {
    "category": "10",
    "app": "MoPTT",
    "id": "45",
    "context": "[心得]小資女偽空空賞是否已讀取發文須知並詳閱版規(y/n)：y1.後重生密帖2.克蘭詩黃金雙激萃膚質混合偏乾，30歲變有點更乾，但夏天還是會出油脫妝，訴求是保濕抗老精華液，擦完沒有習慣再擦乳液。兩款我都用過試用品，不會過敏，但覺得有點類似不想買兩瓶。黃金香味比較喜歡，但油類沒有長期使用的經驗，有點猶豫，後有點像乳液感，比較清爽些。價格後一瓶=克兩瓶xd",
    "time": "2017/05/25 11:24:38",
    "event": "click"
  },
  {
    "category": "10",
    "app": "MoPTT",
    "id": "46",
    "context": "[心得]小資女偽空空賞是否已讀取發文須知並詳閱版規(y/n)：y1.後重生密帖2.克蘭詩黃金雙激萃膚質混合偏乾，30歲變有點更乾，但夏天還是會出油脫妝，訴求是保濕抗老精華液，擦完沒有習慣再擦乳液。兩款我都用過試用品，不會過敏，但覺得有點類似不想買兩瓶。黃金香味比較喜歡，但油類沒有長期使用的經驗，有點猶豫，後有點像乳液感，比較清爽些。價格後一瓶=克兩瓶xd",
    "time": "2017/05/25 11:24:38",
    "event": "slide"
  },
  {
    "category": "10",
    "app": "MoPTT",
    "id": "47",
    "context": "[反推]水美媒系列真的名符其實某次買了一罐保養品家裡的阿姨就開始推薦我用水美媒說他們家的妹妹也用這個之類的之後就嘗試了幾次一開始還沒遇到現在的心頭肉那之前就傻乎乎的用著水美媒因為他每次都會給會員禮...就會順道買瓶保濕噴霧但噴了這麼久他沒味道也很清爽真的就是水吧...什麼抗老還附一小瓶精華要加進去...之前會員禮用了保濕霜和cc霜用到滿臉問號保濕cc霜很厚不清透遮瑕還可保濕霜不保濕就是油油的沒什麼味道他的東西大概就是無味清爽如水一般又或者就是水吧而且價格也不便宜",
    "time": "2017/05/25 11:25:24",
    "event": "click"
  },
  {
    "category": "10",
    "app": "MoPTT",
    "id": "48",
    "context": "[反推]水美媒系列真的名符其實某次買了一罐保養品家裡的阿姨就開始推薦我用水美媒說他們家的妹妹也用這個之類的之後就嘗試了幾次一開始還沒遇到現在的心頭肉那之前就傻乎乎的用著水美媒因為他每次都會給會員禮...就會順道買瓶保濕噴霧但噴了這麼久他沒味道也很清爽真的就是水吧...什麼抗老還附一小瓶精華要加進去...之前會員禮用了保濕霜和cc霜用到滿臉問號保濕cc霜很厚不清透遮瑕還可保濕霜不保濕就是油油的沒什麼味道他的東西大概就是無味清爽如水一般又或者就是水吧而且價格也不便宜",
    "time": "2017/05/25 11:25:24",
    "event": "slide"
  },
  {
    "category": "10",
    "app": "MoPTT",
    "id": "49",
    "context": "[心得]倩碧會員制(覺得被騙是否已讀取發文須知並詳閱版規(y/n)：y已爬文關鍵字：倩碧會員今年一月底到屏東某百貨購入倩碧三步驟櫃姐表示滿3000可加入會員未來可以領會員季禮(4次)+生日禮心想覺得很划算！當下馬上刷卡了回家先發現一件不合理的事我買的三步驟竟然沒有任何優惠組合價...爬文發現很多網友大概買3000左右,官網價也是但我買的根本三樣原價加起來啊～～～($3680)但三步驟真的蠻好用的,心想算了不計較！然後到現在我一直收到倩碧dm+簡訊就是沒有跟會員禮相關的資訊電話聯絡櫃姐她竟然表示：「會員禮是要自己臨櫃去領,而且限量(?!)」但是當初完全沒告知是主動臨櫃欸!!!怎麼會連個「回函或簡訊通知方式」都沒有～***很多版友誤會我的意思,我當然知道會員禮要自己臨櫃索取,我在意的點是沒有跟我說「時間點」跟「通知方式」***於是有點不爽的問她整組算我原價這件事她竟然說這是購買「正品價格」才能集點入會員但每家專櫃的組合一定都有組合價(或9折之類)吧而且這些組合不都也算是正品嗎......哪有購買原價纔算正品價格的道理呢覺得她的回答真的頗不合理啊唉～不知道該對這品牌還是這家專櫃打折扣了",
    "time": "2017/05/25 11:26:46",
    "event": "slide"
  },
  {
    "category": "10",
    "app": "MoPTT",
    "id": "50",
    "context": "[心得]倩碧會員制(覺得被騙是否已讀取發文須知並詳閱版規(y/n)：y已爬文關鍵字：倩碧會員今年一月底到屏東某百貨購入倩碧三步驟櫃姐表示滿3000可加入會員未來可以領會員季禮(4次)+生日禮心想覺得很划算！當下馬上刷卡了回家先發現一件不合理的事我買的三步驟竟然沒有任何優惠組合價...爬文發現很多網友大概買3000左右,官網價也是但我買的根本三樣原價加起來啊～～～($3680)但三步驟真的蠻好用的,心想算了不計較！然後到現在我一直收到倩碧dm+簡訊就是沒有跟會員禮相關的資訊電話聯絡櫃姐她竟然表示：「會員禮是要自己臨櫃去領,而且限量(?!)」但是當初完全沒告知是主動臨櫃欸!!!怎麼會連個「回函或簡訊通知方式」都沒有～***很多版友誤會我的意思,我當然知道會員禮要自己臨櫃索取,我在意的點是沒有跟我說「時間點」跟「通知方式」***於是有點不爽的問她整組算我原價這件事她竟然說這是購買「正品價格」才能集點入會員但每家專櫃的組合一定都有組合價(或9折之類)吧而且這些組合不都也算是正品嗎......哪有購買原價纔算正品價格的道理呢覺得她的回答真的頗不合理啊唉～不知道該對這品牌還是這家專櫃打折扣了",
    "time": "2017/05/25 11:26:46",
    "event": "click"
  }
]