[
  {
    "category": "3",
    "app": "MoPTT",
    "id": "11",
    "context": "本帳號僅為版主共同發佈置底文章使用，關於版務之詢問、申訴請勿寄到此帳號。寄到此帳號之信件並不受理。本版規有任何未竟事宜，本版所屬的站務小組長及本版版主有權力做最後裁決。poopooer2010.05.12ithildin2010.06.09補充盜版部分以及第二條之討論範圍iphone3g2010.08.14補充第六點ithildin2010.11.09條文修訂補充poopooer2010.11.11補充新手文章判定poopooer2011.03.10補充產品名稱規範ithildin2011.07.27補充新聞文章規範ithildin2012.02.25整合舊有公告poopooer2012.04.06補充修正第三點ithildin2012.04.07整合板規一、四、八2012.05.01增修板規5.e問卷文規範2012.05.22增修板規4.a修改問卷文規範iphone3g2012.05.25增修問卷文規範2012.07.16增修板規3.2012.08.18增修板規5.cithildin2012.09.23整理板規修改部分罰則iphone3g2012.11.15增修板規6ithildin2013.01.17修改板規5.biphone3g2013.02.19增修板規62013.02.25新增板規5.l2013.03.22新增板規5.m2013.03.24增修板規5.lithildin2014.06.04微調板規6修正板規5.n應歸屬發文注意事項大項ithildin2014.12.09編修板規5.b因iphone3gs帳號曾遭刪除目前無發文權限由本人代發ithildin2017.05.04修正退文相關用語增補line貼圖規則增補爭議新聞規則",
    "time": "2017/05/25 10:46:28",
    "event": "click"
  },
  {
    "category": "3",
    "app": "MoPTT",
    "id": "12",
    "context": "本帳號僅為版主共同發佈置底文章使用，關於版務之詢問、申訴請勿寄到此帳號。寄到此帳號之信件並不受理。本版規有任何未竟事宜，本版所屬的站務小組長及本版版主有權力做最後裁決。poopooer2010.05.12ithildin2010.06.09補充盜版部分以及第二條之討論範圍iphone3g2010.08.14補充第六點ithildin2010.11.09條文修訂補充poopooer2010.11.11補充新手文章判定poopooer2011.03.10補充產品名稱規範ithildin2011.07.27補充新聞文章規範ithildin2012.02.25整合舊有公告poopooer2012.04.06補充修正第三點ithildin2012.04.07整合板規一、四、八2012.05.01增修板規5.e問卷文規範2012.05.22增修板規4.a修改問卷文規範iphone3g2012.05.25增修問卷文規範2012.07.16增修板規3.2012.08.18增修板規5.cithildin2012.09.23整理板規修改部分罰則iphone3g2012.11.15增修板規6ithildin2013.01.17修改板規5.biphone3g2013.02.19增修板規62013.02.25新增板規5.l2013.03.22新增板規5.m2013.03.24增修板規5.lithildin2014.06.04微調板規6修正板規5.n應歸屬發文注意事項大項ithildin2014.12.09編修板規5.b因iphone3gs帳號曾遭刪除目前無發文權限由本人代發ithildin2017.05.04修正退文相關用語增補line貼圖規則增補爭議新聞規則",
    "time": "2017/05/25 10:46:28",
    "event": "slide"
  }
]