[
  {
    "category": "4",
    "app": "MoPTT",
    "id": "13",
    "context": "[無言]關於男友的國文由於跟男友在一起近三年了，所以幾乎他講什麼我都能理解他想表達的意思，前陣子我們在車上聊到「刺青」這個議題，我：「我以後刺青，一定要刺一個很有意義的東西，以免我後悔！」男友：「你這樣不行！你難道不知道一件事嗎？」我：「什麼事？」男友：「古時候有一句話，就是身體如媳婦的啊！」我：「蛤？」男友：「就是你不能傷害自己，身體就是什麼媳婦的」我：「你是要講身體髮膚受之父母嗎？」男友：「啊對啦對啦哈哈哈哈哈」-（白眼+無言）整句話到底是關媳婦什麼事？？？？",
    "time": "2017/05/25 10:48:10",
    "event": "click"
  },
  {
    "category": "4",
    "app": "MoPTT",
    "id": "14",
    "context": "[無言]關於男友的國文由於跟男友在一起近三年了，所以幾乎他講什麼我都能理解他想表達的意思，前陣子我們在車上聊到「刺青」這個議題，我：「我以後刺青，一定要刺一個很有意義的東西，以免我後悔！」男友：「你這樣不行！你難道不知道一件事嗎？」我：「什麼事？」男友：「古時候有一句話，就是身體如媳婦的啊！」我：「蛤？」男友：「就是你不能傷害自己，身體就是什麼媳婦的」我：「你是要講身體髮膚受之父母嗎？」男友：「啊對啦對啦哈哈哈哈哈」-（白眼+無言）整句話到底是關媳婦什麼事？？？？",
    "time": "2017/05/25 10:48:10",
    "event": "slide"
  }
]