[
  {
    "category": "5",
    "app": "MoPTT",
    "id": "15",
    "context": "[聽錯]一定要那麼兇嗎？這是朋友的工作場合碰到的事情因為很好笑就來分享下========================今天有一位客人走進店裡指著我們店內的玩具說：「我要這個，馬的！」我當下愣了一下心想：哇靠只是買個玩具而已，有需要罵人？我耐著脾氣看著眼前的客人順著他指著的方向...喔不好意思原來他是要買這隻玩具馬==可以不要突然語氣加那麼重嗎xddd",
    "time": "2017/05/25 10:48:29",
    "event": "click"
  },
  {
    "category": "5",
    "app": "MoPTT",
    "id": "16",
    "context": "[聽錯]一定要那麼兇嗎？這是朋友的工作場合碰到的事情因為很好笑就來分享下========================今天有一位客人走進店裡指著我們店內的玩具說：「我要這個，馬的！」我當下愣了一下心想：哇靠只是買個玩具而已，有需要罵人？我耐著脾氣看著眼前的客人順著他指著的方向...喔不好意思原來他是要買這隻玩具馬==可以不要突然語氣加那麼重嗎xddd",
    "time": "2017/05/25 10:48:29",
    "event": "slide"
  }
]