[
  {
    "category": "6",
    "app": "MoPTT",
    "id": "17",
    "context": "英文真的要好好學之m與w的差異是這樣的前幾天剛從日本旅行回國回程搭乘某日航空的班機中途忽然想上廁所於是一直往座位前方行走眼看我即將到達頭等艙發現我真的找不到廁所在哪剛好旁邊有空姐我詢問空姐「思裏馬say…廁所？」空姐一臉疑惑「...」我心想「糟糕！廁所的英文怎麼拚？t…什麼的！啊！廁所有英文縮寫，就決定用這個了！」正當我邊覺得自己怎能如此聰明時，就脫口而出「m.c？」空姐再度疑惑並覆誦我的話「m.c？」我點點頭空姐又一次的說「m.c？」繼續點頭此時，空姐忽然恍然大悟「w.c！」我也跟著恍然大悟「是w.c！」「是w.c！！」「是w.c！！！」至今，我仍不敢向同行好友提起自己可以上笨版的這件事…",
    "time": "2017/05/25 10:49:34",
    "event": "click"
  },
  {
    "category": "6",
    "app": "MoPTT",
    "id": "18",
    "context": "英文真的要好好學之m與w的差異是這樣的前幾天剛從日本旅行回國回程搭乘某日航空的班機中途忽然想上廁所於是一直往座位前方行走眼看我即將到達頭等艙發現我真的找不到廁所在哪剛好旁邊有空姐我詢問空姐「思裏馬say…廁所？」空姐一臉疑惑「...」我心想「糟糕！廁所的英文怎麼拚？t…什麼的！啊！廁所有英文縮寫，就決定用這個了！」正當我邊覺得自己怎能如此聰明時，就脫口而出「m.c？」空姐再度疑惑並覆誦我的話「m.c？」我點點頭空姐又一次的說「m.c？」繼續點頭此時，空姐忽然恍然大悟「w.c！」我也跟著恍然大悟「是w.c！」「是w.c！！」「是w.c！！！」至今，我仍不敢向同行好友提起自己可以上笨版的這件事…",
    "time": "2017/05/25 10:49:34",
    "event": "slide"
  }
]