[
  {
    "category": "7",
    "app": "MoPTT",
    "id": "19",
    "context": "[聽錯]包心粉圓上週去宜蘭跟朋友去排很有名的包心粉圓，排隊的隊伍中在我前方有三個應該是國中生的小朋友，以下就簡稱為中好了中a：「誒包心粉圓唸快一點就變包莖粉圓了！」中b:「哈哈哈包莖包莖」中c:「包莖粉圓有點噁」心想屁孩就是屁孩屁孩買完之後終於輪到我們了「你好我要一個包心綜合！」等到我們也點完在等待時排在我們後面的兩個女生，應該是大學生吧！在櫃檯前討論要吃什麼女大a:「我要兩碗包莖豆花我要兩碗包莖豆花我要兩碗包莖豆花」瞬時全場空氣凝結成一個氣場好像時間都停止了一樣然後感覺氣場隨之而來的是及將爆炸的爆笑衝擊說時遲那時快女大a身旁友人女大b以一個迅雷不及掩耳的速度一個move說道「是兩碗包心豆花拉！她大舌頭拉！」然後目光掃向全場那感覺像要是有人敢笑出來聲來一定會死！！瞬間吸收了要引爆的爆笑衝擊化解了危機女大a,不管你是不是大舌頭請好好珍惜這個為你擋下核彈的朋友！",
    "time": "2017/05/25 10:51:05",
    "event": "click"
  },
  {
    "category": "7",
    "app": "MoPTT",
    "id": "20",
    "context": "[聽錯]包心粉圓上週去宜蘭跟朋友去排很有名的包心粉圓，排隊的隊伍中在我前方有三個應該是國中生的小朋友，以下就簡稱為中好了中a：「誒包心粉圓唸快一點就變包莖粉圓了！」中b:「哈哈哈包莖包莖」中c:「包莖粉圓有點噁」心想屁孩就是屁孩屁孩買完之後終於輪到我們了「你好我要一個包心綜合！」等到我們也點完在等待時排在我們後面的兩個女生，應該是大學生吧！在櫃檯前討論要吃什麼女大a:「我要兩碗包莖豆花我要兩碗包莖豆花我要兩碗包莖豆花」瞬時全場空氣凝結成一個氣場好像時間都停止了一樣然後感覺氣場隨之而來的是及將爆炸的爆笑衝擊說時遲那時快女大a身旁友人女大b以一個迅雷不及掩耳的速度一個move說道「是兩碗包心豆花拉！她大舌頭拉！」然後目光掃向全場那感覺像要是有人敢笑出來聲來一定會死！！瞬間吸收了要引爆的爆笑衝擊化解了危機女大a,不管你是不是大舌頭請好好珍惜這個為你擋下核彈的朋友！",
    "time": "2017/05/25 10:51:05",
    "event": "slide"
  }
]