[
  {
    "category": "8",
    "app": "MoPTT",
    "id": "21",
    "context": "[大笑]有著設計師魂的阿嬤魯蛇我朋友因為上班方便，平日跟阿嬤同住平時洗衣物都習慣自己手洗，但熱心的阿嬤偶爾會幫忙一併丟洗衣機就在今天一下班回家跑去陽臺收衣服，以為阿嬤把舅舅衣服吊在我陽臺仔細一看，乾是我的耶!罵了幾句髒話後直接笑出來!制服由右方變成左方那樣http://imgur.com/a/om2ov魯蛇我朋友怕阿嬤難過，不敢問怎麼做到的...染的均勻就算了，還變得蠻好看的！差點以為阿嬤是知名設計師sitdowmplease哈哈不過阿嬤...這件衣服應該進不了公司了阿...t_t只能說阿嬤真是太厲害了拉！",
    "time": "2017/05/25 10:53:28",
    "event": "click"
  },
  {
    "category": "8",
    "app": "MoPTT",
    "id": "22",
    "context": "[大笑]有著設計師魂的阿嬤魯蛇我朋友因為上班方便，平日跟阿嬤同住平時洗衣物都習慣自己手洗，但熱心的阿嬤偶爾會幫忙一併丟洗衣機就在今天一下班回家跑去陽臺收衣服，以為阿嬤把舅舅衣服吊在我陽臺仔細一看，乾是我的耶!罵了幾句髒話後直接笑出來!制服由右方變成左方那樣http://imgur.com/a/om2ov魯蛇我朋友怕阿嬤難過，不敢問怎麼做到的...染的均勻就算了，還變得蠻好看的！差點以為阿嬤是知名設計師sitdowmplease哈哈不過阿嬤...這件衣服應該進不了公司了阿...t_t只能說阿嬤真是太厲害了拉！",
    "time": "2017/05/25 10:53:28",
    "event": "slide"
  },
  {
    "category": "8",
    "app": "MoPTT",
    "id": "23",
    "context": "[無言]拔智齒會痛嗎?板工提醒:內容少於二十字或少於三行,會立刻砍文,並視情況劣退!想發集氣文或問卷文的，請將板規八每一個字都看清楚，再有違反就劣退+水桶了!==========================================================================最近我有顆智齒長一半卡住而且竟然蛀牙那天吃蛋餅還吃到斷掉(它真的超廢的森77)剛剛我就問阿爸拔智齒會不會痛阿爸“你怎麼可能長智齒”我“?????????”阿爸“你又沒有很聰明”我“……………………”阿爸“不會啦!你可以去xx牙醫找之前幫我拔的那個醫生拔啊”我“阿他會痛嗎?”阿爸“他不會痛啊”我“真假真的沒感覺喔?!”阿爸“他不會痛你會痛啊”(然後就大笑走掉了)我“…………………………”－－－－－－－－－－－－－－－－－－－－－－－－－－－－怕笨點太微弱補個笨點上禮拜騎車回家到房間發現鑰匙不在身上東翻西找都沒有整個包包都翻出來還是找不到想說是不是忘記拔了或掉在路上就趕快衝下去找沿路都沒有看到也沒有插在機車上於是我走回家邊脫鞋子邊想著如果被我反鎖在坐墊下怎麼辦結果發現鑰匙就躺在我今天回來時穿的那雙鞋子裡還有一個前陣子的某天覺得很熱就開冰箱找飲料結果發現我的眼鏡在冰箱裡難怪最近一直找不到(我近視200度平常看黑板什麼才戴眼鏡)戴起來冰冰的還起霧好像是之前冰外帶的便當順便就放進去了",
    "time": "2017/05/25 10:54:35",
    "event": "click"
  },
  {
    "category": "8",
    "app": "MoPTT",
    "id": "24",
    "context": "[無言]拔智齒會痛嗎?板工提醒:內容少於二十字或少於三行,會立刻砍文,並視情況劣退!想發集氣文或問卷文的，請將板規八每一個字都看清楚，再有違反就劣退+水桶了!==========================================================================最近我有顆智齒長一半卡住而且竟然蛀牙那天吃蛋餅還吃到斷掉(它真的超廢的森77)剛剛我就問阿爸拔智齒會不會痛阿爸“你怎麼可能長智齒”我“?????????”阿爸“你又沒有很聰明”我“……………………”阿爸“不會啦!你可以去xx牙醫找之前幫我拔的那個醫生拔啊”我“阿他會痛嗎?”阿爸“他不會痛啊”我“真假真的沒感覺喔?!”阿爸“他不會痛你會痛啊”(然後就大笑走掉了)我“…………………………”－－－－－－－－－－－－－－－－－－－－－－－－－－－－怕笨點太微弱補個笨點上禮拜騎車回家到房間發現鑰匙不在身上東翻西找都沒有整個包包都翻出來還是找不到想說是不是忘記拔了或掉在路上就趕快衝下去找沿路都沒有看到也沒有插在機車上於是我走回家邊脫鞋子邊想著如果被我反鎖在坐墊下怎麼辦結果發現鑰匙就躺在我今天回來時穿的那雙鞋子裡還有一個前陣子的某天覺得很熱就開冰箱找飲料結果發現我的眼鏡在冰箱裡難怪最近一直找不到(我近視200度平常看黑板什麼才戴眼鏡)戴起來冰冰的還起霧好像是之前冰外帶的便當順便就放進去了",
    "time": "2017/05/25 10:54:35",
    "event": "slide"
  }
]