[
  {
    "category": "9",
    "app": "MoPTT",
    "id": "27",
    "context": "[閒聊]大家最常囤到過期的東西最近在大整理房間接連發現未開封的過期品qq一是旁氏的卸眼脣自從小屈沒賣之後在康是美看到特價都會買因為我有些會收在小盒子裡有2罐就被遺忘到過期了..二是dhc的金靚白防曬懶人如我基本上只有夏天才防曬而且通常用噴霧式比較多這罐是很~久以前跟同事團購的因為連假要出去玩纔想到它結果剛翻出來一看有效期限2017.05.16燈愣..本來還打算擦臉的這下只能帶去擦身體趕快用完了大家有沒有什麼也很常囤到過期的東西呢？",
    "time": "2017/05/25 11:01:51",
    "event": "click"
  },
  {
    "category": "9",
    "app": "MoPTT",
    "id": "28",
    "context": "[閒聊]大家最常囤到過期的東西最近在大整理房間接連發現未開封的過期品qq一是旁氏的卸眼脣自從小屈沒賣之後在康是美看到特價都會買因為我有些會收在小盒子裡有2罐就被遺忘到過期了..二是dhc的金靚白防曬懶人如我基本上只有夏天才防曬而且通常用噴霧式比較多這罐是很~久以前跟同事團購的因為連假要出去玩纔想到它結果剛翻出來一看有效期限2017.05.16燈愣..本來還打算擦臉的這下只能帶去擦身體趕快用完了大家有沒有什麼也很常囤到過期的東西呢？",
    "time": "2017/05/25 11:01:51",
    "event": "slide"
  }
]