[
  {
    "category": "1",
    "app": "MoPTT",
    "id": "1",
    "context": "[問題]兩萬內遊戲手機選擇爬過一些文，兩萬內的手機大概就華為mate9,三星s7e,htc10,華碩zf3d,sonyxz,oppor9s還有iphonese等等。玩遊戲當然是iphone屌打沒話說，但se螢幕太小不太能接受，懇請各位大大幫小的出點意見。需求就打遊戲(shadowverse,傳說對決，皇室戰爭)，充電快(或續航不錯)，10000~20000的手機(可稍捏一點)。--※發信站:批踢踢實業坊(ptt.cc),來自:180.205.136.109※瀏覽網頁版※",
    "time": "2017/05/23 14:07:04",
    "event": "click"
  },
  {
    "category": "1",
    "app": "MoPTT",
    "id": "2",
    "context": "[問題]兩萬內遊戲手機選擇爬過一些文，兩萬內的手機大概就華為mate9,三星s7e,htc10,華碩zf3d,sonyxz,oppor9s還有iphonese等等。玩遊戲當然是iphone屌打沒話說，但se螢幕太小不太能接受，懇請各位大大幫小的出點意見。需求就打遊戲(shadowverse,傳說對決，皇室戰爭)，充電快(或續航不錯)，10000~20000的手機(可稍捏一點)。--※發信站:批踢踢實業坊(ptt.cc),來自:180.205.136.109※瀏覽網頁版※",
    "time": "2017/05/23 14:07:04",
    "event": "slide"
  }
]