[
  {
    "category": "10",
    "app": "MoPTT",
    "id": "22",
    "context": "marvel",
    "time": "2017/05/23 14:57:20",
    "event": "click"
  },
  {
    "category": "10",
    "app": "MoPTT",
    "id": "33",
    "context": "半夜起牀上廁所十多年前發生的事，不知道為什麼，這段經歷滿恐怖的，我卻不甚記憶，直到最近常上馬佛版纔想起來。我大學畢業後沒多久，在北部找了一個新工作，公司配有一間舊宿舍，沒什麼裝潢，但有水電和基本傢俱，三間套房加上公共客廳，給我們這些從南部北上打拼的員工暫住，我和玉芳正好同一天報到，因為還沒找到合適的地方落腳，就先搬到宿舍。搬進去沒幾天……大家應該都能體會，半夜想上廁所的時候，都是迷迷糊糊的起牀，甚至燈也沒開，就半夢半醒的走去廁所尿尿，有時候尿到一半還會在馬桶上睡著。那一天我就是在馬桶上睡著了，突然耳朵聽到“啪”一聲，廁所的燈瞬間亮起，照得四週一片光明，我一下子清醒，卻矇的分不清東西南北，想說現在幾點了，白天了嗎之類，癡呆了很久纔想到，啊我是來尿尿的。隨便穿起褲子，走出廁所門要去關燈的時候（開關就在廁所對面的牆上）剛跨出廁所門一步，馬上覺得前方有異!大家先想想看，三更半夜，神智迷糊之際，如果眼前突然出現一樣“奇怪”的東西，可能大腦還來不及反應，就會有種格格不入的感覺，我當下就是一陣突兀，然後停下腳步。啊！啊啊啊！那什麼啊啊啊啊啊!不誇張，當我發現奇怪的點就是“電燈開關”下面蹲著一個小女孩，我當時全身皮膚麻到要炸開了。她正對著我，抱膝蹲在電燈開關的下面，穿著無袖的白洋裝，一頭濕淋淋的黑髮!對，我看到一頭濕淋淋的黑髮，整頭的黑長髮就披在她白洋裝上，看不到臉。我當下超想暈過去的，但沒有，我一整個腿軟，想往左邊閃電步伐躲回牀上，又想到整晚廁所燈沒關的話很浪費電。（真的不知道為什麼在這種情況下，我居然還能在乎浪費電!）內心天人交戰的時候，大概出現什麼防衛機轉了吧，沒想到越是這種情境，人越會做出詭異的決定，我腰一彎，手向前一伸，天真的想越過小女孩的上方關電燈。手快碰到開關的時候，我僵硬又彎曲的姿勢好像在環抱她，小女孩的身體就在我前面30公分處，這姿勢根本是找死啊，可是我的手還在緩緩往前伸。“滴”“滴滴”小女孩的黑髮落下水珠，滴在地上。我瞬間神智清醒，沒意外的話這小女孩不是人耶，現在這個姿勢，她臉擡起來跟我對看怎麼辦，她抓住我腿的話怎麼辦？在幾乎碰到開關之前，我終於做出正確選擇，向右轉，開門逃出房間，當我一屁股坐進客廳沙發，抖個不停，面前的時鐘顯示是凌晨三點多，房間我是不敢進去了，就在沙發上窩到天亮，室友玉芳起牀的時候，我謊稱房間裡好像有老鼠，我不敢進去，可以幫我去看看嗎？玉芳大剌剌的，一副女漢子的樣子，蟑螂老鼠這種小動物沒在怕的，進了我房間，她說小琪，哪有老鼠，跑了吧，欸妳廁所燈沒關，我幫妳關囉。“玉芳妳……關廁所燈的時候……有看到什麼嗎？”“沒有啊，但是妳房間地板濕濕的耶，是不是哪裡漏水啊，地上有一攤水，妳進去要小心一點”我剛好用漏水這個理由，跟玉芳說我要搬到另一個套房，想著下班以後趁天還沒黑，要趕快回來整理東西。上班的時候，坐在我後面的組長，突然靠過來偷偷的問我，聽說老闆讓妳跟玉芳去住宿舍喔，妳們住的還好嗎？“幹嘛這樣問？”“欸……妳別說我講的，那裡好像不乾淨耶，聽住過的人說有一個小女孩還是母女什麼的……反正有問題啦，老闆之前被騙買到凶宅，又脫手不了，纔拿來當員工宿舍，不然妳以為在北部有房子不出租，拿來給員工住，天底下有這樣佛心的老闆嗎？妳們還是趕快搬家好了，不過之前住過的人後來也都很快就離職了耶，太詭異了”聽完組長的話，我整個背脊發冷，趕緊去找玉芳，一五一十把昨晚遇到的事說出來，沒想到玉芳說，剛報到的時候，就有人跟她說宿舍不乾淨叫她不要住，不過住好幾天了都沒事，她覺得是大家以訛傳訛，現在我也遇到了，那怎麼辦？搬家嗎？可是臨時去哪裡找房子啊……我說什麼都要搬的了，先住親戚家也行，我根本沒膽子跟小女孩共處一室，只要想到她黑髮下不知道是什麼樣子，萬一哪天她心情好，跟我來個面對面我不就嚇死。玉芳後來半推半就，在我強迫之下，也胡亂收拾了行李，跟我住到親戚家去。隔天我們把鑰匙交還給老闆，他好像毫不意外，也沒說什麼，就這樣默默的把鑰匙收下。過沒幾個月，我也離職了，但不是組長想的什麼詭異的原因，是因為薪水太少。",
    "time": "2017/05/23 15:00:10",
    "event": "click"
  },
  {
    "category": "10",
    "app": "MoPTT",
    "id": "34",
    "context": "半夜起牀上廁所十多年前發生的事，不知道為什麼，這段經歷滿恐怖的，我卻不甚記憶，直到最近常上馬佛版纔想起來。我大學畢業後沒多久，在北部找了一個新工作，公司配有一間舊宿舍，沒什麼裝潢，但有水電和基本傢俱，三間套房加上公共客廳，給我們這些從南部北上打拼的員工暫住，我和玉芳正好同一天報到，因為還沒找到合適的地方落腳，就先搬到宿舍。搬進去沒幾天……大家應該都能體會，半夜想上廁所的時候，都是迷迷糊糊的起牀，甚至燈也沒開，就半夢半醒的走去廁所尿尿，有時候尿到一半還會在馬桶上睡著。那一天我就是在馬桶上睡著了，突然耳朵聽到“啪”一聲，廁所的燈瞬間亮起，照得四週一片光明，我一下子清醒，卻矇的分不清東西南北，想說現在幾點了，白天了嗎之類，癡呆了很久纔想到，啊我是來尿尿的。隨便穿起褲子，走出廁所門要去關燈的時候（開關就在廁所對面的牆上）剛跨出廁所門一步，馬上覺得前方有異!大家先想想看，三更半夜，神智迷糊之際，如果眼前突然出現一樣“奇怪”的東西，可能大腦還來不及反應，就會有種格格不入的感覺，我當下就是一陣突兀，然後停下腳步。啊！啊啊啊！那什麼啊啊啊啊啊!不誇張，當我發現奇怪的點就是“電燈開關”下面蹲著一個小女孩，我當時全身皮膚麻到要炸開了。她正對著我，抱膝蹲在電燈開關的下面，穿著無袖的白洋裝，一頭濕淋淋的黑髮!對，我看到一頭濕淋淋的黑髮，整頭的黑長髮就披在她白洋裝上，看不到臉。我當下超想暈過去的，但沒有，我一整個腿軟，想往左邊閃電步伐躲回牀上，又想到整晚廁所燈沒關的話很浪費電。（真的不知道為什麼在這種情況下，我居然還能在乎浪費電!）內心天人交戰的時候，大概出現什麼防衛機轉了吧，沒想到越是這種情境，人越會做出詭異的決定，我腰一彎，手向前一伸，天真的想越過小女孩的上方關電燈。手快碰到開關的時候，我僵硬又彎曲的姿勢好像在環抱她，小女孩的身體就在我前面30公分處，這姿勢根本是找死啊，可是我的手還在緩緩往前伸。“滴”“滴滴”小女孩的黑髮落下水珠，滴在地上。我瞬間神智清醒，沒意外的話這小女孩不是人耶，現在這個姿勢，她臉擡起來跟我對看怎麼辦，她抓住我腿的話怎麼辦？在幾乎碰到開關之前，我終於做出正確選擇，向右轉，開門逃出房間，當我一屁股坐進客廳沙發，抖個不停，面前的時鐘顯示是凌晨三點多，房間我是不敢進去了，就在沙發上窩到天亮，室友玉芳起牀的時候，我謊稱房間裡好像有老鼠，我不敢進去，可以幫我去看看嗎？玉芳大剌剌的，一副女漢子的樣子，蟑螂老鼠這種小動物沒在怕的，進了我房間，她說小琪，哪有老鼠，跑了吧，欸妳廁所燈沒關，我幫妳關囉。“玉芳妳……關廁所燈的時候……有看到什麼嗎？”“沒有啊，但是妳房間地板濕濕的耶，是不是哪裡漏水啊，地上有一攤水，妳進去要小心一點”我剛好用漏水這個理由，跟玉芳說我要搬到另一個套房，想著下班以後趁天還沒黑，要趕快回來整理東西。上班的時候，坐在我後面的組長，突然靠過來偷偷的問我，聽說老闆讓妳跟玉芳去住宿舍喔，妳們住的還好嗎？“幹嘛這樣問？”“欸……妳別說我講的，那裡好像不乾淨耶，聽住過的人說有一個小女孩還是母女什麼的……反正有問題啦，老闆之前被騙買到凶宅，又脫手不了，纔拿來當員工宿舍，不然妳以為在北部有房子不出租，拿來給員工住，天底下有這樣佛心的老闆嗎？妳們還是趕快搬家好了，不過之前住過的人後來也都很快就離職了耶，太詭異了”聽完組長的話，我整個背脊發冷，趕緊去找玉芳，一五一十把昨晚遇到的事說出來，沒想到玉芳說，剛報到的時候，就有人跟她說宿舍不乾淨叫她不要住，不過住好幾天了都沒事，她覺得是大家以訛傳訛，現在我也遇到了，那怎麼辦？搬家嗎？可是臨時去哪裡找房子啊……我說什麼都要搬的了，先住親戚家也行，我根本沒膽子跟小女孩共處一室，只要想到她黑髮下不知道是什麼樣子，萬一哪天她心情好，跟我來個面對面我不就嚇死。玉芳後來半推半就，在我強迫之下，也胡亂收拾了行李，跟我住到親戚家去。隔天我們把鑰匙交還給老闆，他好像毫不意外，也沒說什麼，就這樣默默的把鑰匙收下。過沒幾個月，我也離職了，但不是組長想的什麼詭異的原因，是因為薪水太少。",
    "time": "2017/05/23 15:00:10",
    "event": "slide"
  },
  {
    "category": "10",
    "app": "MoPTT",
    "id": "35",
    "context": "[翻譯]日本怪談-咒語上一篇感謝大家的捧場><於是我又試著再翻了一篇，一樣如果有什麼意見都可以提出來喔!!------------原文網址：https://goo.gl/mbjgk6以下正文：有一天，我結束工作從公司出來時，看到已經轉職進了大企業，並且搬去東京的前同事──海鬥(假名)。海鬥跟我同期進公司，以前常常一起發牢騷。但這次的他看起來很憔悴，臉上掛著虛弱的微笑。總而言之，我們找了家居酒屋坐下來聊了聊。剛決定要搬去東京的海鬥，盡可能地尋找租金便宜的房子，就在這時碰上了這間凶宅。房仲業者也有提前告知這間房子有問題，不過當時的海鬥認為『世界上怎麼可能會有鬼。』甚至覺得，『租金這麼便宜真是幸運！』，便早早地簽下了契約。「……第一次覺得有異狀，是把行李搬進房子的時候。」「才剛進門，就全身寒毛直立。像是貧血一樣渾身冰冷、牙齒打顫。」「就在那個瞬間，連我自己都還沒反應過來的時候，我小小聲地說了。……『我回來了。』……就好像身體變得不是自己的。」從那之後，只要在那房子裡，就會發生各種奇怪的事情。比如不管在房子裡的哪邊、在做什麼，總會感受到一股視線。明明就沒有放任何東西的地方會莫名出現傢俱或是餐具。不管換了多少次的燈泡，總會不時閃爍。其中海鬥對於那股視線感受最強烈的地方，是每當他坐在牀上的時候。正好牀的另一頭有個櫥櫃。海鬥下定了決心，把櫥櫃打開了一個縫隙，從中往裡面看。視線，對上了。櫥櫃裡面，有個女人張著黑亮的眼睛看著他，海鬥忍不住嚇得大叫。雖然幾乎快要暈過去，但他還是努力飛奔出門，逃離那間房子。「在旅館過了幾天，請房屋仲介再幫我找找其他房子。……一邊這麼做的同時，漸漸覺得『為什麼我非得遭受這種事。』想到這邊忍不住煩躁了起來。」「既然是在櫥櫃裡，這就代表那個櫥櫃裡應該有些什麼。」晚上回去太可怕了，於是等到禮拜日，光天化日下回到了那間房子。打開櫥櫃後發現，什麼也沒有。但是絕對有些什麼，海鬥這麼想著然後查看了櫥櫃上方的空間，摸了摸頂部的天花板，竟然可以移動。他慎重地把板子取下，用準備好的手電筒往內一照，一片黑暗之中，被手電筒的燈光照亮的地方，有個女人抱膝而坐。「『哇啊！』忍不住大叫的瞬間，那個女人的身影就消失了。」海鬥把這當成是眼花看錯，又在天花板裡用手電筒到處照了照卻什麼也找不到。「可是啊，櫥櫃天花板的那塊板子意外的重呢，正當我這麼想著用手電筒照了之後，發現了。」用透明膠帶固定在上面，透明塑膠袋包著五本筆記本。「袋子上都是灰塵，不過裡面卻很乾淨。筆記本是迪士尼跟hellokitty之類的可愛圖案。」提起勇氣把筆記本翻開的剎那，海鬥慘叫出聲。裡面用紅色原子筆，幾乎沒有留白的寫滿了。『希望海鬥趕快回來』『希望海鬥趕快回來』『希望海鬥趕快回來』『希望海鬥趕快回來』『希望海鬥趕快回來』……「但是啊，最讓我感到害怕的是，在那之後……」海鬥快要哭出來似的，臉上的表情有些扭曲。「想也不想的把筆記丟了出去，看到封面上寫著『海鬥謝謝你回來』……不是紅色原子筆，是像血跡一樣的字……剛才明明就沒有的！」海鬥崩潰地抱著頭，我等了一會兒他才冷靜下來。「……不過啊，你已經搬離那個房子了不是嗎？」海鬥虛弱地笑著搖了搖頭。「我也是這麼想的……可是……」海鬥把行李搬進新房子的瞬間，一個聲音響起。『歡迎回來』……＊＊＊＊＊希望這篇有恐怖到xd其實我不太會挑文章~想多多練習翻譯就上來獻醜惹orz這個網站還有幾篇蠻有趣(?的最近有時間就翻一下~然後其實我也不太知道去哪邊找日本怪談><是之前有大大翻過這個網站的文，可以的話能不能推一下什麼網站比較好呢~(私心希望排版好看一點的不然我超容易眼花)(如果覺得我要求太多也可以不要理我xddd)總之謝謝看完的大家:)--※發信站:批踢踢實業坊(ptt.cc),來自:122.147.26.102※瀏覽網頁版※天涯海角~~~另類意味上的脫魯qq其實我也是...但原文是カイト我想不到(懶得想)其他的名字~快鬥就怪盜基德惹xddd不然海翔海人我都不喜歡(喂勇敢去愛(?這樣好像有點太熱情惹(抖對，他是說以前常一起發牢騷，但這次看到他看起來很憔悴，是我中文沒表達好qq我想想該怎麼改!!謝謝你~~試著分句了不知道有沒有比較好xd",
    "time": "2017/05/23 15:02:13",
    "event": "click"
  },
  {
    "category": "10",
    "app": "MoPTT",
    "id": "36",
    "context": "[翻譯]日本怪談-咒語上一篇感謝大家的捧場><於是我又試著再翻了一篇，一樣如果有什麼意見都可以提出來喔!!------------原文網址：https://goo.gl/mbjgk6以下正文：有一天，我結束工作從公司出來時，看到已經轉職進了大企業，並且搬去東京的前同事──海鬥(假名)。海鬥跟我同期進公司，以前常常一起發牢騷。但這次的他看起來很憔悴，臉上掛著虛弱的微笑。總而言之，我們找了家居酒屋坐下來聊了聊。剛決定要搬去東京的海鬥，盡可能地尋找租金便宜的房子，就在這時碰上了這間凶宅。房仲業者也有提前告知這間房子有問題，不過當時的海鬥認為『世界上怎麼可能會有鬼。』甚至覺得，『租金這麼便宜真是幸運！』，便早早地簽下了契約。「……第一次覺得有異狀，是把行李搬進房子的時候。」「才剛進門，就全身寒毛直立。像是貧血一樣渾身冰冷、牙齒打顫。」「就在那個瞬間，連我自己都還沒反應過來的時候，我小小聲地說了。……『我回來了。』……就好像身體變得不是自己的。」從那之後，只要在那房子裡，就會發生各種奇怪的事情。比如不管在房子裡的哪邊、在做什麼，總會感受到一股視線。明明就沒有放任何東西的地方會莫名出現傢俱或是餐具。不管換了多少次的燈泡，總會不時閃爍。其中海鬥對於那股視線感受最強烈的地方，是每當他坐在牀上的時候。正好牀的另一頭有個櫥櫃。海鬥下定了決心，把櫥櫃打開了一個縫隙，從中往裡面看。視線，對上了。櫥櫃裡面，有個女人張著黑亮的眼睛看著他，海鬥忍不住嚇得大叫。雖然幾乎快要暈過去，但他還是努力飛奔出門，逃離那間房子。「在旅館過了幾天，請房屋仲介再幫我找找其他房子。……一邊這麼做的同時，漸漸覺得『為什麼我非得遭受這種事。』想到這邊忍不住煩躁了起來。」「既然是在櫥櫃裡，這就代表那個櫥櫃裡應該有些什麼。」晚上回去太可怕了，於是等到禮拜日，光天化日下回到了那間房子。打開櫥櫃後發現，什麼也沒有。但是絕對有些什麼，海鬥這麼想著然後查看了櫥櫃上方的空間，摸了摸頂部的天花板，竟然可以移動。他慎重地把板子取下，用準備好的手電筒往內一照，一片黑暗之中，被手電筒的燈光照亮的地方，有個女人抱膝而坐。「『哇啊！』忍不住大叫的瞬間，那個女人的身影就消失了。」海鬥把這當成是眼花看錯，又在天花板裡用手電筒到處照了照卻什麼也找不到。「可是啊，櫥櫃天花板的那塊板子意外的重呢，正當我這麼想著用手電筒照了之後，發現了。」用透明膠帶固定在上面，透明塑膠袋包著五本筆記本。「袋子上都是灰塵，不過裡面卻很乾淨。筆記本是迪士尼跟hellokitty之類的可愛圖案。」提起勇氣把筆記本翻開的剎那，海鬥慘叫出聲。裡面用紅色原子筆，幾乎沒有留白的寫滿了。『希望海鬥趕快回來』『希望海鬥趕快回來』『希望海鬥趕快回來』『希望海鬥趕快回來』『希望海鬥趕快回來』……「但是啊，最讓我感到害怕的是，在那之後……」海鬥快要哭出來似的，臉上的表情有些扭曲。「想也不想的把筆記丟了出去，看到封面上寫著『海鬥謝謝你回來』……不是紅色原子筆，是像血跡一樣的字……剛才明明就沒有的！」海鬥崩潰地抱著頭，我等了一會兒他才冷靜下來。「……不過啊，你已經搬離那個房子了不是嗎？」海鬥虛弱地笑著搖了搖頭。「我也是這麼想的……可是……」海鬥把行李搬進新房子的瞬間，一個聲音響起。『歡迎回來』……＊＊＊＊＊希望這篇有恐怖到xd其實我不太會挑文章~想多多練習翻譯就上來獻醜惹orz這個網站還有幾篇蠻有趣(?的最近有時間就翻一下~然後其實我也不太知道去哪邊找日本怪談><是之前有大大翻過這個網站的文，可以的話能不能推一下什麼網站比較好呢~(私心希望排版好看一點的不然我超容易眼花)(如果覺得我要求太多也可以不要理我xddd)總之謝謝看完的大家:)--※發信站:批踢踢實業坊(ptt.cc),來自:122.147.26.102※瀏覽網頁版※天涯海角~~~另類意味上的脫魯qq其實我也是...但原文是カイト我想不到(懶得想)其他的名字~快鬥就怪盜基德惹xddd不然海翔海人我都不喜歡(喂勇敢去愛(?這樣好像有點太熱情惹(抖對，他是說以前常一起發牢騷，但這次看到他看起來很憔悴，是我中文沒表達好qq我想想該怎麼改!!謝謝你~~試著分句了不知道有沒有比較好xd",
    "time": "2017/05/23 15:02:13",
    "event": "slide"
  }
]