[
  {
    "category": "2",
    "app": "MoPTT",
    "id": "3",
    "context": "[多區/一般]長期假日賣場試飲人員本人同意並願意遵守現行法律、本站使用者條款、本站各級規定、本板所有規範，本人願意為本文內容負責，並保証本文內容皆詳盡屬實，若違反相關規範，願受處分。提醒：以上兩行文字不得刪除修改，誤刪者請至本闆闆規第37條複製範本。各項★除有特別規定外均為必填項目，應詳實填寫，不得模糊籠統。非必填項目亦應保留預設格式中之項目不得刪除。各欄位灰色括號內文字為範本，使用者可自行刪除。範本僅供參考，實際以各項規定為準。在本板徵求保母、託嬰、陪玩、幼保、救生員、游泳教練、看護、護理師等，或其它需專業執照方可執業之工作者，僱主應自行審核資格，避免發生憾事。於本板徵才所衍生的任何損害，由使用者自負責任，本站與本板不負任何責任。以上提醒文字看完後得以ctrl+y刪除之。本文僅授權發表於ptt實業坊，未經同意不得轉載至其它網站，本人保留一切訴訟權。★《工作期間》(每週工時不得逾六日、應依法提供例假、補休)工作日期：六月份起每週六、日排班方式：每個週末上班，若當週週末有事可請假每日工作時間：11：00~19：00(可彈性調整)每日休息時間︰上班時間內自擇一小時休息休息有無計薪供餐：有計薪無供餐★《工作待遇》(法定最低工資為每小時新臺幣133元，日薪、按件計酬換算時薪不得低於上開標準)　平常日工資：$1200/天國定假日工資：(應為上開約定之2倍以上並補休，未填者視為依法規定)延長工時工資：(前2小時應為上開約定之1.33倍、後2小時1.66倍，未填者視為依法規定)勞健保、勞退︰依法規定投保、提撥(不得刪除或變更此項)工資發放日：隔月16號★《工作內容》(工作地點應填寫完整地址、勞務內容應詳盡、確實填寫，不得模稜兩可)工作地點︰新北市/臺中市的家樂福勞務內容︰給客人試飲紅酒、介紹及銷售★《事業登記資料》(應填單位登記之完整名稱、完整地址)單位名稱：泰德利股份有限公司單位地址：新北市五股區五工路149號5樓★《聯絡資訊》(正確姓氏稱謂範例如下：)(張三、張先生、張小姐、張老師、張教授、張醫師、張律師、張經理)(chang,san、sanchang、mr.chang、ms.chang、dr.chang、prof.chang)聯絡人姓氏稱謂︰柯小姐聯絡方式︰請寄簡歷至vivian.ko@tied.com.tw是否回覆報名者：只回錄取者◎《其他資訊》(非特殊事由不得限定工作能力以外之徵才條件，受訓期間有勞務行為者應正常給薪)需求人數：新北市.臺中市各一位通知方式：電話或e-mail聯絡面試時間：待通知受訓時間：待通知截止時間：徵滿為止強烈建議僱主在徵到人後，修改標題註明「已徵得」或其同義詞，體諒勞工心情",
    "time": "2017/05/23 14:08:09",
    "event": "click"
  },
  {
    "category": "2",
    "app": "MoPTT",
    "id": "4",
    "context": "[多區/一般]長期假日賣場試飲人員本人同意並願意遵守現行法律、本站使用者條款、本站各級規定、本板所有規範，本人願意為本文內容負責，並保証本文內容皆詳盡屬實，若違反相關規範，願受處分。提醒：以上兩行文字不得刪除修改，誤刪者請至本闆闆規第37條複製範本。各項★除有特別規定外均為必填項目，應詳實填寫，不得模糊籠統。非必填項目亦應保留預設格式中之項目不得刪除。各欄位灰色括號內文字為範本，使用者可自行刪除。範本僅供參考，實際以各項規定為準。在本板徵求保母、託嬰、陪玩、幼保、救生員、游泳教練、看護、護理師等，或其它需專業執照方可執業之工作者，僱主應自行審核資格，避免發生憾事。於本板徵才所衍生的任何損害，由使用者自負責任，本站與本板不負任何責任。以上提醒文字看完後得以ctrl+y刪除之。本文僅授權發表於ptt實業坊，未經同意不得轉載至其它網站，本人保留一切訴訟權。★《工作期間》(每週工時不得逾六日、應依法提供例假、補休)工作日期：六月份起每週六、日排班方式：每個週末上班，若當週週末有事可請假每日工作時間：11：00~19：00(可彈性調整)每日休息時間︰上班時間內自擇一小時休息休息有無計薪供餐：有計薪無供餐★《工作待遇》(法定最低工資為每小時新臺幣133元，日薪、按件計酬換算時薪不得低於上開標準)　平常日工資：$1200/天國定假日工資：(應為上開約定之2倍以上並補休，未填者視為依法規定)延長工時工資：(前2小時應為上開約定之1.33倍、後2小時1.66倍，未填者視為依法規定)勞健保、勞退︰依法規定投保、提撥(不得刪除或變更此項)工資發放日：隔月16號★《工作內容》(工作地點應填寫完整地址、勞務內容應詳盡、確實填寫，不得模稜兩可)工作地點︰新北市/臺中市的家樂福勞務內容︰給客人試飲紅酒、介紹及銷售★《事業登記資料》(應填單位登記之完整名稱、完整地址)單位名稱：泰德利股份有限公司單位地址：新北市五股區五工路149號5樓★《聯絡資訊》(正確姓氏稱謂範例如下：)(張三、張先生、張小姐、張老師、張教授、張醫師、張律師、張經理)(chang,san、sanchang、mr.chang、ms.chang、dr.chang、prof.chang)聯絡人姓氏稱謂︰柯小姐聯絡方式︰請寄簡歷至vivian.ko@tied.com.tw是否回覆報名者：只回錄取者◎《其他資訊》(非特殊事由不得限定工作能力以外之徵才條件，受訓期間有勞務行為者應正常給薪)需求人數：新北市.臺中市各一位通知方式：電話或e-mail聯絡面試時間：待通知受訓時間：待通知截止時間：徵滿為止強烈建議僱主在徵到人後，修改標題註明「已徵得」或其同義詞，體諒勞工心情",
    "time": "2017/05/23 14:08:09",
    "event": "slide"
  }
]