[
  {
    "category": "3",
    "app": "MoPTT",
    "id": "5",
    "context": "[問題]偉文補習班請益代po請問有沒有中興的同學在偉文補習的呢？想要問一下書的問題～可以解答的人就麻煩在下面留言就好我在請原po去站內",
    "time": "2017/05/23 14:08:23",
    "event": "click"
  },
  {
    "category": "3",
    "app": "MoPTT",
    "id": "6",
    "context": "[問題]偉文補習班請益代po請問有沒有中興的同學在偉文補習的呢？想要問一下書的問題～可以解答的人就麻煩在下面留言就好我在請原po去站內",
    "time": "2017/05/23 14:08:23",
    "event": "slide"
  }
]