[
  {
    "category": "4",
    "app": "MoPTT",
    "id": "7",
    "context": "[贈送]sealpod物品：sealpod膠膜有六包，一包是茶用的到期日(食品及美妝品請加上到期日):無領取地點：南區期限：送出為止聯絡方法：站內信備註：nespresso自填膠囊用",
    "time": "2017/05/23 14:10:03",
    "event": "click"
  },
  {
    "category": "4",
    "app": "MoPTT",
    "id": "8",
    "context": "[贈送]sealpod物品：sealpod膠膜有六包，一包是茶用的到期日(食品及美妝品請加上到期日):無領取地點：南區期限：送出為止聯絡方法：站內信備註：nespresso自填膠囊用",
    "time": "2017/05/23 14:10:03",
    "event": "slide"
  }
]