[
  {
    "category": "5",
    "app": "MoPTT",
    "id": "9",
    "context": "[情報]電腦家toshiba1tb行動硬碟$1488今天剛好在pchome看到toshiba1tbusb3.02.5吋行動硬碟http://24h.m.pchome.com.tw/prod/draa1u-a9005zkte可以使用折價卷原價1788-300=1488如果搭配花旗週二活動還有100的刷卡金1388買到toshiba應該滿超值的分享給各位第一次發文如有違法版規自刪",
    "time": "2017/05/23 14:10:40",
    "event": "click"
  },
  {
    "category": "5",
    "app": "MoPTT",
    "id": "10",
    "context": "[情報]電腦家toshiba1tb行動硬碟$1488今天剛好在pchome看到toshiba1tbusb3.02.5吋行動硬碟http://24h.m.pchome.com.tw/prod/draa1u-a9005zkte可以使用折價卷原價1788-300=1488如果搭配花旗週二活動還有100的刷卡金1388買到toshiba應該滿超值的分享給各位第一次發文如有違法版規自刪",
    "time": "2017/05/23 14:10:40",
    "event": "slide"
  }
]