[
  {
    "category": "6",
    "app": "MoPTT",
    "id": "12",
    "context": "[心得]re:[閒聊]聊一下這次的改動大家好這是我和朋友針對這次版本改動對於環境影響的討論影片https://youtu.be/clrlemgp21q希望可以跟大家討論看看不然只有我們兩個人好像總有些地方沒有講到r但是.....我不知道能不能在這裡pr自己的影片如果不行我會自d謝謝了",
    "time": "2017/05/23 14:11:03",
    "event": "click"
  },
  {
    "category": "6",
    "app": "MoPTT",
    "id": "13",
    "context": "[心得]re:[閒聊]聊一下這次的改動大家好這是我和朋友針對這次版本改動對於環境影響的討論影片https://youtu.be/clrlemgp21q希望可以跟大家討論看看不然只有我們兩個人好像總有些地方沒有講到r但是.....我不知道能不能在這裡pr自己的影片如果不行我會自d謝謝了",
    "time": "2017/05/23 14:11:03",
    "event": "slide"
  }
]