[
  {
    "category": "7",
    "app": "MoPTT",
    "id": "14",
    "context": "[閒聊]樁的能力發動像打這種前中期的皇家有時對面攻擊力偏偏都剛好在4ww如果只是純鋪場隱身643又是一陣尷尬感覺如果能殺4攻的怪中期組合能變的更強勢啊",
    "time": "2017/05/23 14:11:10",
    "event": "click"
  },
  {
    "category": "7",
    "app": "MoPTT",
    "id": "15",
    "context": "[閒聊]樁的能力發動像打這種前中期的皇家有時對面攻擊力偏偏都剛好在4ww如果只是純鋪場隱身643又是一陣尷尬感覺如果能殺4攻的怪中期組合能變的更強勢啊",
    "time": "2017/05/23 14:11:10",
    "event": "slide"
  }
]