[
  {
    "category": "8",
    "app": "Facebook",
    "id": "16",
    "context": "牌組詳細｜shadowverseportal｜shadowverse卡片一覧＆牌組製作模擬器",
    "time": "2017/05/23 14:43:06",
    "event": "click"
  },
  {
    "category": "8",
    "app": "Facebook",
    "id": "17",
    "context": "牌組詳細｜shadowverseportal｜shadowverse卡片一覧＆牌組製作模擬器",
    "time": "2017/05/23 14:43:06",
    "event": "slide"
  },
  {
    "category": "8",
    "app": "Facebook",
    "id": "18",
    "context": "次元超越｜shadowverseportal｜shadowverse卡片一覧＆牌組製作模擬器",
    "time": "2017/05/23 14:43:31",
    "event": "click"
  },
  {
    "category": "8",
    "app": "Facebook",
    "id": "19",
    "context": "次元超越｜shadowverseportal｜shadowverse卡片一覧＆牌組製作模擬器",
    "time": "2017/05/23 14:43:31",
    "event": "slide"
  },
  {
    "category": "8",
    "app": "Facebook",
    "id": "20",
    "context": "魔炎毀滅者｜shadowverseportal｜shadowverse卡片一覧＆牌組製作模擬器",
    "time": "2017/05/23 14:43:49",
    "event": "click"
  },
  {
    "category": "8",
    "app": "Facebook",
    "id": "21",
    "context": "魔炎毀滅者｜shadowverseportal｜shadowverse卡片一覧＆牌組製作模擬器",
    "time": "2017/05/23 14:43:49",
    "event": "slide"
  }
]