[
  {
    "category": "9",
    "app": "MoPTT",
    "id": "23",
    "context": "[新聞]起乩「鯉魚仙子」上身乩童進香「遊」進新聞連結：http://news.ltn.com.tw/news/life/breakingnews/2074096新聞內容：府城武勝宮日前前往臺南市西港慶安宮進香，乩童稱被「鯉魚仙子」上身，影片中的乩童趴在地上，前方因為魚不能沒有水，有人灑水藉此開路，引起許多路人圍觀。《三立新聞》報導，過程中乩童不發一語，靠著手寫和廟宇工作人員溝通，目擊民眾透露，乩童用肚子和手的往前「遊」，遊過天爐後再爬起來。乩童光是從廟前進入到參拜大廳，約20公尺距離就要遊30分鐘，相當費力。西港慶安宮是全臺開基鯉魚公祖廟，慶安宮總務組長謝武昌透露，他在廟裡工作3年多，還是第一次看到將鯉魚當作乩身，用「遊」的進香。大家怎麼看@@?--※發信站:批踢踢實業坊(ptt.cc),來自:180.204.51.104※瀏覽網頁版※我對乩童文化不熟悉，網路上喜歡大樹久堂慈後宮巷仔媽的乩身，覺得有氣質。看到這篇報導疑惑的是靈不能適應人體構造嗎？沒有貶意，謝謝各位大大新聞原稿就打這樣，我有發現但沒有去修正@@謝謝大大解釋，我不懂，只是看到新聞轉貼分享而已@@(為什麼鯉魚可以保平安?)@@狼兄好！不是人，是貓@@可以去youtube上看我說的那位媽祖乩身，超氣質玻璃心？諷～刺～我qq已檢舉，哼我開玩笑的@@人生也是如此，被既定的約定俗成的、聽說的、告誡的，慢慢想像力就少了@@",
    "time": "2017/05/23 14:57:47",
    "event": "click"
  },
  {
    "category": "9",
    "app": "MoPTT",
    "id": "24",
    "context": "[新聞]起乩「鯉魚仙子」上身乩童進香「遊」進新聞連結：http://news.ltn.com.tw/news/life/breakingnews/2074096新聞內容：府城武勝宮日前前往臺南市西港慶安宮進香，乩童稱被「鯉魚仙子」上身，影片中的乩童趴在地上，前方因為魚不能沒有水，有人灑水藉此開路，引起許多路人圍觀。《三立新聞》報導，過程中乩童不發一語，靠著手寫和廟宇工作人員溝通，目擊民眾透露，乩童用肚子和手的往前「遊」，遊過天爐後再爬起來。乩童光是從廟前進入到參拜大廳，約20公尺距離就要遊30分鐘，相當費力。西港慶安宮是全臺開基鯉魚公祖廟，慶安宮總務組長謝武昌透露，他在廟裡工作3年多，還是第一次看到將鯉魚當作乩身，用「遊」的進香。大家怎麼看@@?--※發信站:批踢踢實業坊(ptt.cc),來自:180.204.51.104※瀏覽網頁版※我對乩童文化不熟悉，網路上喜歡大樹久堂慈後宮巷仔媽的乩身，覺得有氣質。看到這篇報導疑惑的是靈不能適應人體構造嗎？沒有貶意，謝謝各位大大新聞原稿就打這樣，我有發現但沒有去修正@@謝謝大大解釋，我不懂，只是看到新聞轉貼分享而已@@(為什麼鯉魚可以保平安?)@@狼兄好！不是人，是貓@@可以去youtube上看我說的那位媽祖乩身，超氣質玻璃心？諷～刺～我qq已檢舉，哼我開玩笑的@@人生也是如此，被既定的約定俗成的、聽說的、告誡的，慢慢想像力就少了@@",
    "time": "2017/05/23 14:57:47",
    "event": "slide"
  },
  {
    "category": "9",
    "app": "MoPTT",
    "id": "25",
    "context": "re:[閒聊]大女兒闖大禍了自從上次大女兒闖禍後,眾神明幫忙後很快過了兩周,這陣子的表現跟過去相比,確實有很明顯改善專注寫作業時間拉長,不像以前寫作業,寫三個字要花一個小時真會吐血上週五考國字聽寫,只錯一個字,老婆開心死了!!!前一天晚上,幫她複習國字,發現國字學習能力比以前進步許多只要寫2,3次就背起來了...以前是寫國字,背到後面,忘了前面在學校的表現一樣不佳....這問題請教過許多神明....簡單說學校有外靈幹擾,無法專註上課,造成發呆的現象這些外靈本來就是當地的居民,且又不會害人只是女兒有靈異體質,感應到這些外靈受到影響神明也無法幫忙所幸,前幾天,看文章,某篇文章讓我產生感應聯絡對方,談了很久,這週六對方在南部處理事情,順便將大女兒的天靈蓋關起來不讓她受外靈幹擾後來請示帝君,才知道對方是帝君安排的貴人,大女兒時機已到由貴人相助,解決問題等天靈蓋關後,我再來觀察在學校的表現是否有改善--※發信站:批踢踢實業坊(ptt.cc),來自:59.120.103.214※瀏覽網頁版※謝謝謝謝人與靈界本來就是重疊,只是互不相犯,除非有靈異體質的人才能感應到靈的存在謝謝你的建議,其實很多事情也要小女可以接受,如果她不想帶買了也沒用我也請帝君,菩薩多幫忙....很多事要人也要神",
    "time": "2017/05/23 14:58:21",
    "event": "click"
  },
  {
    "category": "9",
    "app": "MoPTT",
    "id": "26",
    "context": "re:[閒聊]大女兒闖大禍了自從上次大女兒闖禍後,眾神明幫忙後很快過了兩周,這陣子的表現跟過去相比,確實有很明顯改善專注寫作業時間拉長,不像以前寫作業,寫三個字要花一個小時真會吐血上週五考國字聽寫,只錯一個字,老婆開心死了!!!前一天晚上,幫她複習國字,發現國字學習能力比以前進步許多只要寫2,3次就背起來了...以前是寫國字,背到後面,忘了前面在學校的表現一樣不佳....這問題請教過許多神明....簡單說學校有外靈幹擾,無法專註上課,造成發呆的現象這些外靈本來就是當地的居民,且又不會害人只是女兒有靈異體質,感應到這些外靈受到影響神明也無法幫忙所幸,前幾天,看文章,某篇文章讓我產生感應聯絡對方,談了很久,這週六對方在南部處理事情,順便將大女兒的天靈蓋關起來不讓她受外靈幹擾後來請示帝君,才知道對方是帝君安排的貴人,大女兒時機已到由貴人相助,解決問題等天靈蓋關後,我再來觀察在學校的表現是否有改善--※發信站:批踢踢實業坊(ptt.cc),來自:59.120.103.214※瀏覽網頁版※謝謝謝謝人與靈界本來就是重疊,只是互不相犯,除非有靈異體質的人才能感應到靈的存在謝謝你的建議,其實很多事情也要小女可以接受,如果她不想帶買了也沒用我也請帝君,菩薩多幫忙....很多事要人也要神",
    "time": "2017/05/23 14:58:21",
    "event": "slide"
  },
  {
    "category": "9",
    "app": "MoPTT",
    "id": "27",
    "context": "[找文]沒有鬼，但是人很可怕的文每天都一定要上飄板逛逛最近特別喜歡有關「人」的故事尤其是知人知面不知心的那種無力感真的會使人毛好久想要請問飄板的各位有沒有推薦文中沒有鬼但是卻有恐怖的人的文章呢？印象最深刻的大概就是Ｇ縣廚了！還有「uso！japan」拍成影片的都市傳說記得不久前也看過一篇「姊姊好友愛上姐夫，送詛咒巧克力給姊姊」的哎呀真的很愛這類型雖然有用關鍵字搜尋過了但是沒有找到類似的找文文章麻煩大家推薦了！--※發信站:批踢踢實業坊(ptt.cc),來自:123.241.42.215※瀏覽網頁版※謝謝您～我記得那篇！！！記得文章把原po形容得像是個有錢帥哥xd天哪謝謝您！！！題外話：有一篇雖然有鬼，但我很喜歡！是「nosleep-別睡著」推薦給有興趣的人xd天哪您真專業！！！真的是太太太感謝您了！馬上來惡補文章<3",
    "time": "2017/05/23 14:58:58",
    "event": "click"
  },
  {
    "category": "9",
    "app": "MoPTT",
    "id": "28",
    "context": "[找文]沒有鬼，但是人很可怕的文每天都一定要上飄板逛逛最近特別喜歡有關「人」的故事尤其是知人知面不知心的那種無力感真的會使人毛好久想要請問飄板的各位有沒有推薦文中沒有鬼但是卻有恐怖的人的文章呢？印象最深刻的大概就是Ｇ縣廚了！還有「uso！japan」拍成影片的都市傳說記得不久前也看過一篇「姊姊好友愛上姐夫，送詛咒巧克力給姊姊」的哎呀真的很愛這類型雖然有用關鍵字搜尋過了但是沒有找到類似的找文文章麻煩大家推薦了！--※發信站:批踢踢實業坊(ptt.cc),來自:123.241.42.215※瀏覽網頁版※謝謝您～我記得那篇！！！記得文章把原po形容得像是個有錢帥哥xd天哪謝謝您！！！題外話：有一篇雖然有鬼，但我很喜歡！是「nosleep-別睡著」推薦給有興趣的人xd天哪您真專業！！！真的是太太太感謝您了！馬上來惡補文章<3",
    "time": "2017/05/23 14:58:58",
    "event": "slide"
  },
  {
    "category": "9",
    "app": "MoPTT",
    "id": "29",
    "context": "[經驗]神像不要隨便帶回家聽一位修佛的法師演講時講的:有一位未婚的女性簡稱a吧,有一次和友人去新加坡自助旅行,因緣際會下參觀了當地一間道場,發現道場內擺滿了各式各樣小小的觀世音神像,而且可以供信徒結緣帶回家於是a就挑了一尊帶回了臺灣的家裡，就擺在房間的牀頭櫃上沒想到當天晚上就夢到一個長得像豬八戒的男人到她牀前說要娶她當妻子,她當然是嚇得拒絕，但是那男人仍持續不休的向她求歡第二天醒來，她以為只是一場夢，不以為意但到晚上睡覺做夢又夢到那個男的,這次場景竟變成她穿著新娘服，而那個男的穿著新郎裝,說從今以後你就是我的妻子了，並強行壓倒她做夫妻做的事之後連續好幾天都是同樣的夢，她覺得很困擾,因實在太逼真，便告訴同住的母親母親一聽就說一定是女兒想嫁人啦，才會做這種春夢立刻就聯絡媒人幫女兒介紹適當的對像相親，很快的找到一位條件不錯的男性在a的母親強力撮合下，就這樣嫁了出去然而問題並沒有解決,因為從結婚開始,這位女性打死都不肯讓老公碰她,要是老公一碰她,她就大吼大叫又抓又踢，讓老公無法近身在忍了一段時間後，終於老公受不了,只好把a送回孃家，並對丈母孃說要離婚a的母親一聽才發覺事態嚴重，連忙問a怎麼回事，a才告知她夢裡的老公有交代不能給別的男人碰，所以她纔不讓老公碰她原來這春夢一直都沒消失，每天晚上那個長得像豬八戒的男人都會入夢來和a做夫妻之事嚴重影響現實生活,導致夫妻都快離婚最後a的母親只好帶a來找法師，希望尋求幫助，法師便和a詳談才知道原來是a從新加坡帶回來的那尊觀世音神像搞的鬼,雖然說外觀是觀世音神像，但不見得就真的是觀世音,而且還是從不知名道場帶回來的搞不好他們拜的不是什麼正神其實這神像早已被邪靈入侵,所以a等於是把邪靈帶回家了,處理方法就是把這尊神像交給法師處理，然後再用煮過的葉子放進她的洗澡水讓她泡(抱歉我忘記是什麼葉子了)從此以後a再也沒有夢過那個男的了，與老公也重修舊好，夫妻圓滿.這個故事就是告訴我們不要隨便帶神像回家",
    "time": "2017/05/23 14:59:11",
    "event": "click"
  },
  {
    "category": "9",
    "app": "MoPTT",
    "id": "30",
    "context": "[經驗]神像不要隨便帶回家聽一位修佛的法師演講時講的:有一位未婚的女性簡稱a吧,有一次和友人去新加坡自助旅行,因緣際會下參觀了當地一間道場,發現道場內擺滿了各式各樣小小的觀世音神像,而且可以供信徒結緣帶回家於是a就挑了一尊帶回了臺灣的家裡，就擺在房間的牀頭櫃上沒想到當天晚上就夢到一個長得像豬八戒的男人到她牀前說要娶她當妻子,她當然是嚇得拒絕，但是那男人仍持續不休的向她求歡第二天醒來，她以為只是一場夢，不以為意但到晚上睡覺做夢又夢到那個男的,這次場景竟變成她穿著新娘服，而那個男的穿著新郎裝,說從今以後你就是我的妻子了，並強行壓倒她做夫妻做的事之後連續好幾天都是同樣的夢，她覺得很困擾,因實在太逼真，便告訴同住的母親母親一聽就說一定是女兒想嫁人啦，才會做這種春夢立刻就聯絡媒人幫女兒介紹適當的對像相親，很快的找到一位條件不錯的男性在a的母親強力撮合下，就這樣嫁了出去然而問題並沒有解決,因為從結婚開始,這位女性打死都不肯讓老公碰她,要是老公一碰她,她就大吼大叫又抓又踢，讓老公無法近身在忍了一段時間後，終於老公受不了,只好把a送回孃家，並對丈母孃說要離婚a的母親一聽才發覺事態嚴重，連忙問a怎麼回事，a才告知她夢裡的老公有交代不能給別的男人碰，所以她纔不讓老公碰她原來這春夢一直都沒消失，每天晚上那個長得像豬八戒的男人都會入夢來和a做夫妻之事嚴重影響現實生活,導致夫妻都快離婚最後a的母親只好帶a來找法師，希望尋求幫助，法師便和a詳談才知道原來是a從新加坡帶回來的那尊觀世音神像搞的鬼,雖然說外觀是觀世音神像，但不見得就真的是觀世音,而且還是從不知名道場帶回來的搞不好他們拜的不是什麼正神其實這神像早已被邪靈入侵,所以a等於是把邪靈帶回家了,處理方法就是把這尊神像交給法師處理，然後再用煮過的葉子放進她的洗澡水讓她泡(抱歉我忘記是什麼葉子了)從此以後a再也沒有夢過那個男的了，與老公也重修舊好，夫妻圓滿.這個故事就是告訴我們不要隨便帶神像回家",
    "time": "2017/05/23 14:59:11",
    "event": "slide"
  },
  {
    "category": "9",
    "app": "MoPTT",
    "id": "31",
    "context": "[經驗]軍中有鬼..如是我聞...(這是聽說的意思喔）那是發生在50年前的事情以下以第一人稱雄說：當時我在軍中非常之乖巧服從的要命遵守本分但是偏偏有些人就是白目喜歡挑戰權威就算了還喜歡挑戰鬼神喔....在那時軍中有個傳言甚恐那就是哞哞庫房鬧鬼半夜時常會聽到叱叱....鏘....吼.....潺潺.....噗哈....等等聲音有些是東西被互撞的聲音有些是東西被甩掉的聲音有些則是祂發出來的聲音...當我們正在質疑這件事的真實性之後有一位白目的同梯大放厥詞不相信就算了還想證明給我媽看...於是那一天他不知道用了什麼方法跑到了庫房睡隔天我們看到他睡眼惺忪、臉神蒼白、六神無主、三魂七魄看似分身乏術。於是我們問了他發生什麼事？他娓娓道出：我在那裡睡覺被東西砸啦！天空中飛著各式各樣的道具、鍋子、掃把全部飛過來打我起初以為是做夢後來發現會痛啊！這真是鬧鬼啊！哎呀.....真是的呢！這種事情還真的不能不相信呢。",
    "time": "2017/05/23 14:59:19",
    "event": "click"
  },
  {
    "category": "9",
    "app": "MoPTT",
    "id": "32",
    "context": "[經驗]軍中有鬼..如是我聞...(這是聽說的意思喔）那是發生在50年前的事情以下以第一人稱雄說：當時我在軍中非常之乖巧服從的要命遵守本分但是偏偏有些人就是白目喜歡挑戰權威就算了還喜歡挑戰鬼神喔....在那時軍中有個傳言甚恐那就是哞哞庫房鬧鬼半夜時常會聽到叱叱....鏘....吼.....潺潺.....噗哈....等等聲音有些是東西被互撞的聲音有些是東西被甩掉的聲音有些則是祂發出來的聲音...當我們正在質疑這件事的真實性之後有一位白目的同梯大放厥詞不相信就算了還想證明給我媽看...於是那一天他不知道用了什麼方法跑到了庫房睡隔天我們看到他睡眼惺忪、臉神蒼白、六神無主、三魂七魄看似分身乏術。於是我們問了他發生什麼事？他娓娓道出：我在那裡睡覺被東西砸啦！天空中飛著各式各樣的道具、鍋子、掃把全部飛過來打我起初以為是做夢後來發現會痛啊！這真是鬧鬼啊！哎呀.....真是的呢！這種事情還真的不能不相信呢。",
    "time": "2017/05/23 14:59:19",
    "event": "slide"
  }
]