[
  {
    "category": "1",
    "app": "MoPTT",
    "id": "1",
    "context": "re:[新聞]15歲少女肚痛送醫才知懷孕　兇手竟是阿公※引述《meiyouo(開洋葷)》之銘言：:15歲少女肚痛送醫才知懷孕　兇手竟是亂倫變態阿公怎麼會用“兇手”來稱呼阿公？這時候不是該用“少女腹中的小孩的爸爸”來稱呼嗎是說阿公假如跟孫女生下小孩這樣那個小孩要怎麼稱呼阿公？爸爸？阿祖？畜生？鬥雞？",
    "time": "2017/06/07 10:47:28",
    "event": "click"
  },
  {
    "category": "1",
    "app": "MoPTT",
    "id": "2",
    "context": "re:[新聞]15歲少女肚痛送醫才知懷孕　兇手竟是阿公※引述《meiyouo(開洋葷)》之銘言：:15歲少女肚痛送醫才知懷孕　兇手竟是亂倫變態阿公怎麼會用“兇手”來稱呼阿公？這時候不是該用“少女腹中的小孩的爸爸”來稱呼嗎是說阿公假如跟孫女生下小孩這樣那個小孩要怎麼稱呼阿公？爸爸？阿祖？畜生？鬥雞？",
    "time": "2017/06/07 10:47:28",
    "event": "slide"
  }
]