[
  {
    "category": "10",
    "app": "Facebook",
    "id": "37",
    "context": "果凍筆要買嗎？-翻轉教育三下剛開學，學生們比著寒假去哪裡玩過的特殊經歷，也開始分享起他們新到手的精美文具。對於這種孩子之間的交流，我一向沒甚麼興趣，繼續埋頭批改我的作業，直到一個嶄新的",
    "time": "2017/06/07 11:05:55",
    "event": "click"
  },
  {
    "category": "10",
    "app": "Facebook",
    "id": "38",
    "context": "果凍筆要買嗎？-翻轉教育三下剛開學，學生們比著寒假去哪裡玩過的特殊經歷，也開始分享起他們新到手的精美文具。對於這種孩子之間的交流，我一向沒甚麼興趣，繼續埋頭批改我的作業，直到一個嶄新的",
    "time": "2017/06/07 11:05:55",
    "event": "slide"
  }
]