[
  {
    "category": "11",
    "app": "Messenger",
    "id": "39",
    "context": "……::老師你好瘋喔…………老師我買蘇信城的教師用的課竟然跟學生版的一樣………幹嘛還要標教師版啊?沒有差阿無敵每本都直接赴解答喔???",
    "time": "2017/06/07 11:11:51",
    "event": "slide"
  },
  {
    "category": "11",
    "app": "Messenger",
    "id": "40",
    "context": "沒又不同老師",
    "time": "2017/06/07 11:11:51",
    "event": "type"
  },
  {
    "category": "11",
    "app": "Messenger",
    "id": "42",
    "context": "……::老師你好瘋喔…………老師我買蘇信城的教師用的課竟然跟學生版的一樣………幹嘛還要標教師版啊?沒有差阿無敵每本都直接赴解答喔???是沒分學生跟老師",
    "time": "2017/06/07 11:11:51",
    "event": "slide"
  },
  {
    "category": "11",
    "app": "Messenger",
    "id": "47",
    "context": "……::老師你好瘋喔…………老師我買蘇信城的教師用的課竟然跟學生版的一樣………幹嘛還要標教師版啊?沒有差阿無敵每本都直接赴解答喔???是沒分學生跟老師物理化學可以用那本?",
    "time": "2017/06/07 11:15:00",
    "event": "slide"
  },
  {
    "category": "11",
    "app": "Messenger",
    "id": "48",
    "context": "沒又不同老師",
    "time": "2017/06/07 11:15:00",
    "event": "type"
  },
  {
    "category": "11",
    "app": "Messenger",
    "id": "50",
    "context": "……::老師你好瘋喔…………老師我買蘇信城的教師用的課竟然跟學生版的一樣………幹嘛還要標教師版啊?沒有差阿無敵每本都直接赴解答喔???是沒分學生跟老師物理化學可以用那本?沒又不同老師",
    "time": "2017/06/07 11:15:00",
    "event": "slide"
  },
  {
    "category": "11",
    "app": "Messenger",
    "id": "51",
    "context": "……::老師你好瘋喔…………老師我買蘇信城的教師用的課竟然跟學生版的一樣………幹嘛還要標教師版啊?沒有差阿無敵每本都直接赴解答喔???是沒分學生跟老師物理化學可以用那本?沒又不同老師那些物理化學的老師功力也沒比老師強沒比鄭老師強?",
    "time": "2017/06/07 11:15:00",
    "event": "slide"
  },
  {
    "category": "11",
    "app": "Messenger",
    "id": "56",
    "context": "……::老師你好瘋喔…………老師我買蘇信城的教師用的課竟然跟學生版的一樣………幹嘛還要標教師版啊?沒有差阿無敵每本都直接赴解答喔???是沒分學生跟老師物理化學可以用那本?沒又不同老師那些物理化學的老師功力也沒比老師強沒比鄭老師強?",
    "time": "2017/06/07 11:15:00",
    "event": "slide"
  },
  {
    "category": "11",
    "app": "Messenger",
    "id": "57",
    "context": "沒啦基本題寫熟就很強了",
    "time": "2017/06/07 11:15:45",
    "event": "type"
  },
  {
    "category": "11",
    "app": "Messenger",
    "id": "59",
    "context": "……::老師你好瘋喔…………老師我買蘇信城的教師用的課竟然跟學生版的一樣………幹嘛還要標教師版啊?沒有差阿無敵每本都直接赴解答喔???是沒分學生跟老師物理化學可以用那本?沒又不同老師那些物理化學的老師功力也沒比老師強沒比鄭老師強?沒啦基本題寫熟就很強了",
    "time": "2017/06/07 11:15:00",
    "event": "slide"
  }
]