[
  {
    "category": "12",
    "app": "Facebook",
    "id": "64",
    "context": "給展是給面子？已故漫畫宗師鄭問遭「極度羞辱！」被日本漫畫界譽為「亞洲至寶」的臺灣漫畫大師鄭問於3月過世，國內外不少人積極邀約鄭問畫展，但臺北市漫畫工會理事長鍾孟舜卻有無限感慨，昨天在臉書貼文中說碰到了一些事，「我覺得這實在是對畫家極度羞辱！」鍾孟舜首先先感謝故宮給鄭問很大的尊榮和尊重，他感到萬分感激，「我們一定把鄭問首展留在臺灣！」但回顧這些日子以來跟一些單位的接洽，卻讓他心很痛。他說，香港、中國大陸來談鄭問畫展，都會詢問授權金，與相關費用，但臺灣幾個單位來談，都只是問可不可以拿鄭問老師的圖來展，「甚至有些單位拿鄭問老師的畫展為名申請標案經費，卻從未詢問過漫畫工會，及家人。事後才來問可不可以拿鄭問老師的畫來展，問我們同不同意。但問的時候連一張紙都沒有，場地在哪，場地多大，是否文宣宣傳，是否保險，是否有經費，完全都不知道，就希望我們立刻同意。不同意還要一直遊說&hellip;&hellip;」「我覺得這實在是對畫家極度羞辱，漫畫家又怎可能參加這種單位活動！」不尊重的態度，讓鍾孟舜想問「是否臺灣人對漫畫，就是覺得給你展就是給你面子呢？」「如果連鄭問老師都不尊重，那還有誰能受到尊重呢？」他也趁機幫師母宣告，有鄭老師展覽需求都需經過漫畫工會詢問，請大家不要在沒有任何詢問之下，用老師的名字申請標案經費。被日本漫畫界譽為「亞洲至寶」的臺灣漫畫大師鄭問（本名鄭進文），3月因心肌梗塞過世，享年58歲，漫迷震驚不捨。鄭問漫畫採中西合璧，首度將傳統水墨結合西方人物寫實素描，更是首位獲日本漫畫家協會「優秀賞」的非日籍漫畫家。（即時新聞中心／綜合報導）（本篇圖文由《蘋果日報》提供",
    "time": "2017/06/07 11:28:01",
    "event": "click"
  },
  {
    "category": "12",
    "app": "Facebook",
    "id": "65",
    "context": "給展是給面子？已故漫畫宗師鄭問遭「極度羞辱！」被日本漫畫界譽為「亞洲至寶」的臺灣漫畫大師鄭問於3月過世，國內外不少人積極邀約鄭問畫展，但臺北市漫畫工會理事長鍾孟舜卻有無限感慨，昨天在臉書貼文中說碰到了一些事，「我覺得這實在是對畫家極度羞辱！」鍾孟舜首先先感謝故宮給鄭問很大的尊榮和尊重，他感到萬分感激，「我們一定把鄭問首展留在臺灣！」但回顧這些日子以來跟一些單位的接洽，卻讓他心很痛。他說，香港、中國大陸來談鄭問畫展，都會詢問授權金，與相關費用，但臺灣幾個單位來談，都只是問可不可以拿鄭問老師的圖來展，「甚至有些單位拿鄭問老師的畫展為名申請標案經費，卻從未詢問過漫畫工會，及家人。事後才來問可不可以拿鄭問老師的畫來展，問我們同不同意。但問的時候連一張紙都沒有，場地在哪，場地多大，是否文宣宣傳，是否保險，是否有經費，完全都不知道，就希望我們立刻同意。不同意還要一直遊說&hellip;&hellip;」「我覺得這實在是對畫家極度羞辱，漫畫家又怎可能參加這種單位活動！」不尊重的態度，讓鍾孟舜想問「是否臺灣人對漫畫，就是覺得給你展就是給你面子呢？」「如果連鄭問老師都不尊重，那還有誰能受到尊重呢？」他也趁機幫師母宣告，有鄭老師展覽需求都需經過漫畫工會詢問，請大家不要在沒有任何詢問之下，用老師的名字申請標案經費。被日本漫畫界譽為「亞洲至寶」的臺灣漫畫大師鄭問（本名鄭進文），3月因心肌梗塞過世，享年58歲，漫迷震驚不捨。鄭問漫畫採中西合璧，首度將傳統水墨結合西方人物寫實素描，更是首位獲日本漫畫家協會「優秀賞」的非日籍漫畫家。（即時新聞中心／綜合報導）（本篇圖文由《蘋果日報》提供",
    "time": "2017/06/07 11:28:01",
    "event": "slide"
  }
]