[
  {
    "category": "13",
    "app": "MoPTT",
    "id": "66",
    "context": "[討論]跑課老師如何談鐘點費？最近開始朝跑課生涯邁進，但對於什麼時間點談鐘點費感到有點模糊？像上一個案子，試教完後明顯感覺的出來對方很喜歡我，我們也在討論可以怎麼喬雙方的時間。到最後相談甚歡，對方承諾會在期限內給我正式回覆。但問題來了，像這種好像70%～80%有合作機會，但對方又說會給明確回覆，到底要什麼時候談鐘點比較好？（手機排版請見諒）",
    "time": "2017/06/07 11:30:12",
    "event": "click"
  },
  {
    "category": "13",
    "app": "MoPTT",
    "id": "67",
    "context": "[討論]跑課老師如何談鐘點費？最近開始朝跑課生涯邁進，但對於什麼時間點談鐘點費感到有點模糊？像上一個案子，試教完後明顯感覺的出來對方很喜歡我，我們也在討論可以怎麼喬雙方的時間。到最後相談甚歡，對方承諾會在期限內給我正式回覆。但問題來了，像這種好像70%～80%有合作機會，但對方又說會給明確回覆，到底要什麼時候談鐘點比較好？（手機排版請見諒）",
    "time": "2017/06/07 11:30:12",
    "event": "slide"
  }
]