[
  {
    "category": "14",
    "app": "MoPTT",
    "id": "68",
    "context": "re:[上臺]淡水補習班徵高二物理老師※引述《kidd0429(廢鐵罐頭)》之銘言：:對象:高二.高三(5人內小班):1.負責人:賴冠笙主任:2.地點:新北市淡水區:3.科目：物理:4.補習班名稱:拓璞文理(立案字號府教社字第1022590280):5.上課時間：面談8月起上課:6.時薪：600~1000:7.條件：需有自編講義(高三學測複習需有經驗):8.聯絡方式：請先站內信提醒去淡水跑課的老師這家補習班已經積欠我兩個月的薪水四月時主任說”忘了”把現金放在櫃檯給老師一直拖到四月底才領到三月的薪水五月時主任又再度”忘了”老師的薪水我當下立即停課並告知學生原委學生無奈地說:喔~~老師這我們能瞭解(@@?....)一停課主任有立即傳訊息希望我給他帳號他用匯款的方式我告知他要四月連同五月有上課的薪資一併給我而且下次上課開始每次上課前我要先拿到該堂鐘點主任回了”收到”之後到現在就沒下文了目前已跟勞工局檢舉也準備發存證信函我是不會去上課只是覺得這批高二的學生很可憐有可能已經再找人或另有頂替的人選總之提醒辛苦的各位老師",
    "time": "2017/06/07 11:30:36",
    "event": "click"
  },
  {
    "category": "14",
    "app": "MoPTT",
    "id": "69",
    "context": "re:[上臺]淡水補習班徵高二物理老師※引述《kidd0429(廢鐵罐頭)》之銘言：:對象:高二.高三(5人內小班):1.負責人:賴冠笙主任:2.地點:新北市淡水區:3.科目：物理:4.補習班名稱:拓璞文理(立案字號府教社字第1022590280):5.上課時間：面談8月起上課:6.時薪：600~1000:7.條件：需有自編講義(高三學測複習需有經驗):8.聯絡方式：請先站內信提醒去淡水跑課的老師這家補習班已經積欠我兩個月的薪水四月時主任說”忘了”把現金放在櫃檯給老師一直拖到四月底才領到三月的薪水五月時主任又再度”忘了”老師的薪水我當下立即停課並告知學生原委學生無奈地說:喔~~老師這我們能瞭解(@@?....)一停課主任有立即傳訊息希望我給他帳號他用匯款的方式我告知他要四月連同五月有上課的薪資一併給我而且下次上課開始每次上課前我要先拿到該堂鐘點主任回了”收到”之後到現在就沒下文了目前已跟勞工局檢舉也準備發存證信函我是不會去上課只是覺得這批高二的學生很可憐有可能已經再找人或另有頂替的人選總之提醒辛苦的各位老師",
    "time": "2017/06/07 11:30:36",
    "event": "slide"
  },
  {
    "category": "14",
    "app": "MoPTT",
    "id": "70",
    "context": "[家教]臺中市烏日國中國文&英文1.對象:明道國一生←(年齡、性別缺一不可)2.地點:明道中學附近←(請注意自身安全、財物等。)3.科目：國中國文、國中英文4.上課時間：一禮拜一次，每次兩小時5.時薪：500←(不能打\"面議、詳談、可議、自行開價等；若限制禁言14天。)6.條件：學生在這兩科表現很不理想，希望可以找到引起學生學習意願且可以安排複習的老師，家長非常客氣，希望可以找到有耐心又有經驗的老師。←(依據法令規範，不得限制性別(優先)、國籍(優先)等，若限制則禁言30天且退文。)7.聯絡方式：站內信，請附上聯絡方式，再交給家長選較適合的老師(若有限定電話需要在哪些時間撥打請在此區附註)8.附註：(例如資料中要特別註明學歷或是家教經驗等等)提醒:所張貼文章須符合法令所規範的薪資，且不得限制性別等規定。如違反將按照板規處分。如違反將按照板規處分。----如使用者對於本篇文章想回覆者，請記得按m，回覆至作者信箱誤發至板上三天內有權自行刪除一次，再犯者水桶兩週。",
    "time": "2017/06/07 11:31:14",
    "event": "click"
  },
  {
    "category": "14",
    "app": "MoPTT",
    "id": "71",
    "context": "[家教]臺中市烏日國中國文&英文1.對象:明道國一生←(年齡、性別缺一不可)2.地點:明道中學附近←(請注意自身安全、財物等。)3.科目：國中國文、國中英文4.上課時間：一禮拜一次，每次兩小時5.時薪：500←(不能打\"面議、詳談、可議、自行開價等；若限制禁言14天。)6.條件：學生在這兩科表現很不理想，希望可以找到引起學生學習意願且可以安排複習的老師，家長非常客氣，希望可以找到有耐心又有經驗的老師。←(依據法令規範，不得限制性別(優先)、國籍(優先)等，若限制則禁言30天且退文。)7.聯絡方式：站內信，請附上聯絡方式，再交給家長選較適合的老師(若有限定電話需要在哪些時間撥打請在此區附註)8.附註：(例如資料中要特別註明學歷或是家教經驗等等)提醒:所張貼文章須符合法令所規範的薪資，且不得限制性別等規定。如違反將按照板規處分。如違反將按照板規處分。----如使用者對於本篇文章想回覆者，請記得按m，回覆至作者信箱誤發至板上三天內有權自行刪除一次，再犯者水桶兩週。",
    "time": "2017/06/07 11:31:14",
    "event": "slide"
  },
  {
    "category": "14",
    "app": "MoPTT",
    "id": "72",
    "context": "re:[家教]臺中或彰化一對一英文口說shismilere:[家教]臺北/新北游泳教練※引述《anwilka(allan)》之銘言：:1.對象:28歲男:2.地點:臺中或彰化皆可:3.科目：英文:4.上課時間：面議！希望一週2-3次:5.時薪：600up:6.條件：:7.聯絡方式：站內信換line:8.附註：希望是有經驗的！可以規劃學習方向！目標兩年內後英文溝通無障礙:提醒:所張貼文章須符合法令所規範的薪資，且不得限制性別等規定。:如違反將按照板規處分。:----:如使用者對於本篇文章想回覆者，請記得按m，回覆至作者信箱:誤發至板上三天內有權自行刪除一次，再犯者水桶兩週。年齡性別：25，女游泳經驗：自幼稚園至今，四式皆可。教學經驗：自大一至今，海泳亦可教學。lineid：ycchung92工作為做二休二，時間另外再約即可。地點暫定為中正運動中心，不知您方便嗎？有意願再請您加line詳談，謝謝。",
    "time": "2017/06/07 11:31:21",
    "event": "click"
  },
  {
    "category": "14",
    "app": "MoPTT",
    "id": "73",
    "context": "re:[家教]臺中或彰化一對一英文口說shismilere:[家教]臺北/新北游泳教練※引述《anwilka(allan)》之銘言：:1.對象:28歲男:2.地點:臺中或彰化皆可:3.科目：英文:4.上課時間：面議！希望一週2-3次:5.時薪：600up:6.條件：:7.聯絡方式：站內信換line:8.附註：希望是有經驗的！可以規劃學習方向！目標兩年內後英文溝通無障礙:提醒:所張貼文章須符合法令所規範的薪資，且不得限制性別等規定。:如違反將按照板規處分。:----:如使用者對於本篇文章想回覆者，請記得按m，回覆至作者信箱:誤發至板上三天內有權自行刪除一次，再犯者水桶兩週。年齡性別：25，女游泳經驗：自幼稚園至今，四式皆可。教學經驗：自大一至今，海泳亦可教學。lineid：ycchung92工作為做二休二，時間另外再約即可。地點暫定為中正運動中心，不知您方便嗎？有意願再請您加line詳談，謝謝。",
    "time": "2017/06/07 11:31:21",
    "event": "slide"
  }
]