[
  {
    "category": "16",
    "app": "MoPTT",
    "id": "75",
    "context": "[閒聊]快機保的老闆可能要回東部去了首先先跟大家說個晚安(很少發閒聊文，如違規了請告知我，我即刻刪除貼文><)如題所述，快機保的老闆是我某位朋友很聊得來的好友雖然我本身並無跟快機保的老闆接觸過也沒有在快機保修過車或換機油如此一來應該可以避免掉業配的嫌疑吧(?)聽聞我朋友時常對我說老闆的佛心事蹟，他可說是非常忠厚老實之人對於別人的需求只要在不會太誇張的範圍內他都不吝於伸出援手但目前老闆遭逢困難，我對我自己沒辦法幫上他的忙感到很抱歉原先的租屋處老闆不打算繼續租下去正尋求新的好位置中只不過...對方一聽到是機車行各個退避三舍，再不然就是獅子大開口@@老闆的預設租金範圍落在每月20000上下希望臺中版的版友能幫佛心老闆多加留意臺中的租屋資訊希望他能繼續留在臺中這溫暖且不易淹水、遭受天災影響的臺中拜託各位了真的非常感謝orz",
    "time": "2017/06/07 11:32:37",
    "event": "click"
  },
  {
    "category": "16",
    "app": "MoPTT",
    "id": "76",
    "context": "[閒聊]快機保的老闆可能要回東部去了首先先跟大家說個晚安(很少發閒聊文，如違規了請告知我，我即刻刪除貼文><)如題所述，快機保的老闆是我某位朋友很聊得來的好友雖然我本身並無跟快機保的老闆接觸過也沒有在快機保修過車或換機油如此一來應該可以避免掉業配的嫌疑吧(?)聽聞我朋友時常對我說老闆的佛心事蹟，他可說是非常忠厚老實之人對於別人的需求只要在不會太誇張的範圍內他都不吝於伸出援手但目前老闆遭逢困難，我對我自己沒辦法幫上他的忙感到很抱歉原先的租屋處老闆不打算繼續租下去正尋求新的好位置中只不過...對方一聽到是機車行各個退避三舍，再不然就是獅子大開口@@老闆的預設租金範圍落在每月20000上下希望臺中版的版友能幫佛心老闆多加留意臺中的租屋資訊希望他能繼續留在臺中這溫暖且不易淹水、遭受天災影響的臺中拜託各位了真的非常感謝orz",
    "time": "2017/06/07 11:32:37",
    "event": "slide"
  }
]