[
  {
    "category": "3",
    "app": "MoPTT",
    "id": "5",
    "context": "[問卦]生科成功的案例最近認識一個妹子剛剛得知她是生科系這讓我不禁眉頭一皺大家都常說唸生科一生科科我開始思考未來追這妹子是不是要養她她目前大一而已還有很多可能性吧所以說有沒有甚麼唸生科成功的案例可以安慰我一下",
    "time": "2017/06/07 10:48:02",
    "event": "click"
  },
  {
    "category": "3",
    "app": "MoPTT",
    "id": "6",
    "context": "[問卦]生科成功的案例最近認識一個妹子剛剛得知她是生科系這讓我不禁眉頭一皺大家都常說唸生科一生科科我開始思考未來追這妹子是不是要養她她目前大一而已還有很多可能性吧所以說有沒有甚麼唸生科成功的案例可以安慰我一下",
    "time": "2017/06/07 10:48:02",
    "event": "slide"
  }
]