[
  {
    "category": "18",
    "app": "MoPTT",
    "id": "7",
    "context": "re:[問卦]補習班實名制到底實名在哪裡？※引述《ptt80357(z8)》之銘言：:今天上網（短期補習班資訊管理系統）想看個以前補習班老師的學歷，結果100間補習班有99.5間都沒登錄老師資料？:我說這個網站到底是有什麼屁用？只能查該補習班有沒有政府立案而已？:立法三讀是三讀爽的？這個法到底有沒有“強制”補習班老師登錄啊？:有八卦鄉民可以解答一下嗎？這個系統沒有老師學歷很正常因為有些補教老師根本是假學歷專門拿來騙那些白癡學生用的當然不可能把真正的學歷寫上去要不然學生發現真相以後那些老師想要幹免費炮就不容易了",
    "time": "2017/06/07 10:48:18",
    "event": "click"
  },
  {
    "category": "18",
    "app": "MoPTT",
    "id": "8",
    "context": "re:[問卦]補習班實名制到底實名在哪裡？※引述《ptt80357(z8)》之銘言：:今天上網（短期補習班資訊管理系統）想看個以前補習班老師的學歷，結果100間補習班有99.5間都沒登錄老師資料？:我說這個網站到底是有什麼屁用？只能查該補習班有沒有政府立案而已？:立法三讀是三讀爽的？這個法到底有沒有“強制”補習班老師登錄啊？:有八卦鄉民可以解答一下嗎？這個系統沒有老師學歷很正常因為有些補教老師根本是假學歷專門拿來騙那些白癡學生用的當然不可能把真正的學歷寫上去要不然學生發現真相以後那些老師想要幹免費炮就不容易了",
    "time": "2017/06/07 10:48:18",
    "event": "slide"
  },
  {
    "category": "18",
    "app": "MoPTT",
    "id": "77",
    "context": "[新聞]補習班實名制好威　英文名師從「留加碩士etnews新聞雲補習班實名制好威　英文名師從「留加碩士」變臺科大二技生記者黃君瀚／臺北報導才女作家林奕含自殺事件震驚全國，進而催生補習班「實名制」，名師本名和最高學歷全都得上網登錄。不過有網友發現，臺南市一名許姓英文名師（本名楊xx），在線上教學網站上學歷寫得是政大外文係、加拿大ubc（英屬哥倫比亞大學）英文教學碩士，但在教育局的資料卻是臺科大工業管理系。網友爆料，他在某多媒體英語教學網站上發現，許師學歷為政大外文係、加拿大ubc英文教學碩士，經歷更是顯赫，包含全民英檢指導顧問、經濟部商業司外交事務英文翻譯顧問，更多次登上電視臺接受採訪。不過，他在「臺南市短期補習班資訊管理系統」查證，輸入許師目前任教的補習班，卻發現「最高學歷」大不同，根據這筆今年5月18日登錄的資料，許師學歷只有大學，讀的是臺科大工業管理系，過去是「二技」（二年制技術學院）體系。他更踢爆，政大根本就沒有外文係，只有「英語系」，他批評許師學歷騙很大，「要瞎扯也有點水準好嗎？順便亮出大安高工的學歷好嗎？」記者致電臺南市許師目前任教的某文理短期補習班查證，職員表示，不清楚臺南市教育局資料是誰上去登錄，也不瞭解補習班老師的真實學歷。她強調，補習班對外宣傳或製作文宣資料時，都沒有放許姓英文名師的學歷，只強調教學成績。此外，記者上臺南市教育局查詢時，3位老師「學歷」那一欄位已全部撤掉，不清楚識系統問題，或是補習班人員更改。爆料貼上網，吸引網友熱烈討論，一派認為補習班老師會教最重要，學歷影響不大，「你會另一派網友批評，學歷造假和會不會教書無關，這是在欺騙家長和學生，「學歷造假」、「http://www.ettoday.net/news/20170606/938641.htm真的滿威的--！！！！！！！！！！！！！！簽名檔破300000點擊率啦！！！！！！！！！！！！！！fw:[問卦]電影：決勝21點的機率問題https://goo.gl/2bpbb7#1mfn3fgz(joke)！！！！！！！！！！！！！！簽名檔破300000點擊率啦！！！！！！！",
    "time": "2017/06/07 11:34:45",
    "event": "click"
  },
  {
    "category": "18",
    "app": "MoPTT",
    "id": "78",
    "context": "[新聞]補習班實名制好威　英文名師從「留加碩士etnews新聞雲補習班實名制好威　英文名師從「留加碩士」變臺科大二技生記者黃君瀚／臺北報導才女作家林奕含自殺事件震驚全國，進而催生補習班「實名制」，名師本名和最高學歷全都得上網登錄。不過有網友發現，臺南市一名許姓英文名師（本名楊xx），在線上教學網站上學歷寫得是政大外文係、加拿大ubc（英屬哥倫比亞大學）英文教學碩士，但在教育局的資料卻是臺科大工業管理系。網友爆料，他在某多媒體英語教學網站上發現，許師學歷為政大外文係、加拿大ubc英文教學碩士，經歷更是顯赫，包含全民英檢指導顧問、經濟部商業司外交事務英文翻譯顧問，更多次登上電視臺接受採訪。不過，他在「臺南市短期補習班資訊管理系統」查證，輸入許師目前任教的補習班，卻發現「最高學歷」大不同，根據這筆今年5月18日登錄的資料，許師學歷只有大學，讀的是臺科大工業管理系，過去是「二技」（二年制技術學院）體系。他更踢爆，政大根本就沒有外文係，只有「英語系」，他批評許師學歷騙很大，「要瞎扯也有點水準好嗎？順便亮出大安高工的學歷好嗎？」記者致電臺南市許師目前任教的某文理短期補習班查證，職員表示，不清楚臺南市教育局資料是誰上去登錄，也不瞭解補習班老師的真實學歷。她強調，補習班對外宣傳或製作文宣資料時，都沒有放許姓英文名師的學歷，只強調教學成績。此外，記者上臺南市教育局查詢時，3位老師「學歷」那一欄位已全部撤掉，不清楚識系統問題，或是補習班人員更改。爆料貼上網，吸引網友熱烈討論，一派認為補習班老師會教最重要，學歷影響不大，「你會另一派網友批評，學歷造假和會不會教書無關，這是在欺騙家長和學生，「學歷造假」、「http://www.ettoday.net/news/20170606/938641.htm真的滿威的--！！！！！！！！！！！！！！簽名檔破300000點擊率啦！！！！！！！！！！！！！！fw:[問卦]電影：決勝21點的機率問題https://goo.gl/2bpbb7#1mfn3fgz(joke)！！！！！！！！！！！！！！簽名檔破300000點擊率啦！！！！！！！",
    "time": "2017/06/07 11:34:45",
    "event": "slide"
  }
]