[
  {
    "category": "2",
    "app": "MoPTT",
    "id": "3",
    "context": "re:[問卦]『學歷不重要，會教才重要』？你一定選哈佛的呀，所以你選擇了馬英九而不是賈伯斯呀。實名制的確可以讓很多謊報學歷的補教師現形呀，不會所有謊報學歷的補教師的教得又猛又棒，也不會所有高學歷的補教師的座無虛席。另外家教、才藝老師、健身教練這些要不要都實名制？聽說某些行業的老師私生活才多采多姿唷>///<",
    "time": "2017/06/07 10:47:50",
    "event": "click"
  },
  {
    "category": "2",
    "app": "MoPTT",
    "id": "4",
    "context": "re:[問卦]『學歷不重要，會教才重要』？你一定選哈佛的呀，所以你選擇了馬英九而不是賈伯斯呀。實名制的確可以讓很多謊報學歷的補教師現形呀，不會所有謊報學歷的補教師的教得又猛又棒，也不會所有高學歷的補教師的座無虛席。另外家教、才藝老師、健身教練這些要不要都實名制？聽說某些行業的老師私生活才多采多姿唷>///<",
    "time": "2017/06/07 10:47:50",
    "event": "slide"
  },
  {
    "category": "2",
    "app": "MoPTT",
    "id": "23",
    "context": "[問卦]『學歷不重要，會教才重要』？看到補教業的學歷造假被抓包一些鄉民說『學歷不重要，會教才重要』似乎言之成理大家補習的時候，會特別去查老師的學歷嗎？",
    "time": "2017/06/07 10:54:12",
    "event": "click"
  },
  {
    "category": "2",
    "app": "MoPTT",
    "id": "24",
    "context": "[問卦]『學歷不重要，會教才重要』？看到補教業的學歷造假被抓包一些鄉民說『學歷不重要，會教才重要』似乎言之成理大家補習的時候，會特別去查老師的學歷嗎？",
    "time": "2017/06/07 10:54:12",
    "event": "slide"
  },
  {
    "category": "2",
    "app": "MoPTT",
    "id": "31",
    "context": "[ＦＢ]柯志恩:補教老師學歷是不能說的祕密嗎？ＦＢ卦點說明：教育部終身教育司竟在6月4日(星期日)以line要求關閉「直轄市及各縣市短期補習班資訊管理系統」中關於老師學經歷的部分。身為維護教育公開透明的官員，淪為補教業的打手。ＦＢ連結：https://www.facebook.com/kochihen/ＦＢ內容：柯志恩18hrs?補教老師學歷是不能說的祕密嗎？暑假來臨，正值補習班招生旺季，也是家長與學生正要選擇補習班並繳費之際，但對於補習班的資訊公開，教育部的動作不只是聲聲慢，甚至還大開倒車！教育部終身教育司竟在6月4日(星期日)以line要求關閉「直轄市及各縣市短期補習班資訊管理系統」中關於老師學經歷的部分，理由是：「補習及進修教育法」修法只有要求對外公告姓名，並沒有提及學經歷要公佈，以及依照「個資法」規定，除非徵得當事人同意，否則學經歷不得於網站公告。收到這消息後，上網去看了一下這個平臺，原本有的學經歷真的不見了！若今天是餐廳應徵廚師，自然不需要其學歷，只要求烹飪相關證照即可；學校教師則是經教師甄試，並有教師證，且須以真名、真學歷示人；補教老師並無教師證等證明，以其學歷公開作為選擇依據，何錯之有？總不能大學肄業的人來教高中生數學吧？如果教育部認為教師之學歷屬於個資法保障範圍，是否全國所有學校老師也應一併將學歷從網頁上移除？若不，則請解釋補教老師和學校老師之間為何可以有雙重標準之理由何在！",
    "time": "2017/06/07 10:56:42",
    "event": "click"
  },
  {
    "category": "2",
    "app": "MoPTT",
    "id": "32",
    "context": "[ＦＢ]柯志恩:補教老師學歷是不能說的祕密嗎？ＦＢ卦點說明：教育部終身教育司竟在6月4日(星期日)以line要求關閉「直轄市及各縣市短期補習班資訊管理系統」中關於老師學經歷的部分。身為維護教育公開透明的官員，淪為補教業的打手。ＦＢ連結：https://www.facebook.com/kochihen/ＦＢ內容：柯志恩18hrs?補教老師學歷是不能說的祕密嗎？暑假來臨，正值補習班招生旺季，也是家長與學生正要選擇補習班並繳費之際，但對於補習班的資訊公開，教育部的動作不只是聲聲慢，甚至還大開倒車！教育部終身教育司竟在6月4日(星期日)以line要求關閉「直轄市及各縣市短期補習班資訊管理系統」中關於老師學經歷的部分，理由是：「補習及進修教育法」修法只有要求對外公告姓名，並沒有提及學經歷要公佈，以及依照「個資法」規定，除非徵得當事人同意，否則學經歷不得於網站公告。收到這消息後，上網去看了一下這個平臺，原本有的學經歷真的不見了！若今天是餐廳應徵廚師，自然不需要其學歷，只要求烹飪相關證照即可；學校教師則是經教師甄試，並有教師證，且須以真名、真學歷示人；補教老師並無教師證等證明，以其學歷公開作為選擇依據，何錯之有？總不能大學肄業的人來教高中生數學吧？如果教育部認為教師之學歷屬於個資法保障範圍，是否全國所有學校老師也應一併將學歷從網頁上移除？若不，則請解釋補教老師和學校老師之間為何可以有雙重標準之理由何在！",
    "time": "2017/06/07 10:56:42",
    "event": "slide"
  }
]