[
  {
    "category": "3",
    "app": "Messenger",
    "id": "41",
    "context": "傳送",
    "time": "2017/06/07 11:11:51",
    "event": "click"
  },
  {
    "category": "3",
    "app": "Messenger",
    "id": "45",
    "context": "傳送",
    "time": "2017/06/07 11:13:25",
    "event": "click"
  },
  {
    "category": "3",
    "app": "Messenger",
    "id": "49",
    "context": "傳送",
    "time": "2017/06/07 11:15:00",
    "event": "click"
  },
  {
    "category": "3",
    "app": "Messenger",
    "id": "54",
    "context": "傳送",
    "time": "2017/06/07 11:15:18",
    "event": "click"
  },
  {
    "category": "3",
    "app": "Messenger",
    "id": "58",
    "context": "傳送",
    "time": "2017/06/07 11:15:00",
    "event": "click"
  },
  {
    "category": "3",
    "app": "Messenger",
    "id": "62",
    "context": "傳送",
    "time": "2017/06/07 11:17:06",
    "event": "click"
  }
]