[
  {
    "category": "4",
    "app": "Messenger",
    "id": "43",
    "context": "我先洗澡今天好熱什麼東西啊好大按摩牀><以後可以買這個嗎太誇張了吧我在做瀏覽網頁測試真的哦",
    "time": "2017/06/07 11:13:25",
    "event": "slide"
  },
  {
    "category": "4",
    "app": "Messenger",
    "id": "44",
    "context": "不知道是不是把我畫面記錄所以不要傳怪怪的圖片過來喔",
    "time": "2017/06/07 11:13:25",
    "event": "type"
  },
  {
    "category": "4",
    "app": "Messenger",
    "id": "46",
    "context": "我先洗澡今天好熱什麼東西啊好大按摩牀><以後可以買這個嗎太誇張了吧我在做瀏覽網頁測試真的哦不知道是不是把我畫面記錄所以不要傳怪怪的圖片過來喔",
    "time": "2017/06/07 11:13:25",
    "event": "slide"
  },
  {
    "category": "4",
    "app": "Messenger",
    "id": "52",
    "context": "什麼東西啊好大按摩牀><以後可以買這個嗎太誇張了吧我在做瀏覽網頁測試真的哦不知道是不是把我畫面記錄所以不要傳怪怪的圖片過來喔可以買嗎",
    "time": "2017/06/07 11:15:18",
    "event": "slide"
  },
  {
    "category": "4",
    "app": "Messenger",
    "id": "53",
    "context": "沒寫價格",
    "time": "2017/06/07 11:15:18",
    "event": "type"
  },
  {
    "category": "4",
    "app": "Messenger",
    "id": "55",
    "context": "什麼東西啊好大按摩牀><以後可以買這個嗎太誇張了吧我在做瀏覽網頁測試真的哦不知道是不是把我畫面記錄所以不要傳怪怪的圖片過來喔可以買嗎沒寫價格",
    "time": "2017/06/07 11:15:18",
    "event": "slide"
  },
  {
    "category": "4",
    "app": "Messenger",
    "id": "60",
    "context": "什麼東西啊好大按摩牀><以後可以買這個嗎太誇張了吧我在做瀏覽網頁測試真的哦不知道是不是把我畫面記錄所以不要傳怪怪的圖片過來喔可以買嗎沒寫價格你覺得ㄌㄟ",
    "time": "2017/06/07 11:17:06",
    "event": "slide"
  },
  {
    "category": "4",
    "app": "Messenger",
    "id": "61",
    "context": "按摩椅容易壞這個會不會也容易壞啊要不要10萬啊",
    "time": "2017/06/07 11:17:06",
    "event": "type"
  },
  {
    "category": "4",
    "app": "Messenger",
    "id": "63",
    "context": "什麼東西啊好大按摩牀><以後可以買這個嗎太誇張了吧我在做瀏覽網頁測試真的哦不知道是不是把我畫面記錄所以不要傳怪怪的圖片過來喔可以買嗎沒寫價格你覺得ㄌㄟ按摩椅容易壞這個會不會也容易壞啊要不要10萬啊",
    "time": "2017/06/07 11:17:06",
    "event": "slide"
  }
]