[
  {
    "category": "5",
    "app": "MoPTT",
    "id": "9",
    "context": "[問卦]陳月星的傳道、授業、解惑?師者，傳道、授業、解惑也。那麼對於陳月星來說傳道-->\"道\"指的是不是\"人體的x道\"?授業-->\"業\"是不是\"夜\",指的是\"少女的初夜\"?解惑-->是不是\"解貨\"?---有沒有8掛?",
    "time": "2017/06/07 10:50:08",
    "event": "click"
  },
  {
    "category": "5",
    "app": "MoPTT",
    "id": "10",
    "context": "[問卦]陳月星的傳道、授業、解惑?師者，傳道、授業、解惑也。那麼對於陳月星來說傳道-->\"道\"指的是不是\"人體的x道\"?授業-->\"業\"是不是\"夜\",指的是\"少女的初夜\"?解惑-->是不是\"解貨\"?---有沒有8掛?",
    "time": "2017/06/07 10:50:08",
    "event": "slide"
  }
]