[
  {
    "category": "6",
    "app": "MoPTT",
    "id": "11",
    "context": "re:[問卦]陳星女兒新狀態是在講她爸嗎我只好奇她有沒有動過整形手術而已前陣子新聞上不是有好幾個(中國裔)高級外省人(*)權貴的女兒想出道進演藝圈的？長相都非常非常普陳星的女兒雖然總是畫著濃妝，我很好奇她\"先天\"底子是否只是跟那些一樣",
    "time": "2017/06/07 10:50:21",
    "event": "click"
  },
  {
    "category": "6",
    "app": "MoPTT",
    "id": "12",
    "context": "re:[問卦]陳星女兒新狀態是在講她爸嗎我只好奇她有沒有動過整形手術而已前陣子新聞上不是有好幾個(中國裔)高級外省人(*)權貴的女兒想出道進演藝圈的？長相都非常非常普陳星的女兒雖然總是畫著濃妝，我很好奇她\"先天\"底子是否只是跟那些一樣",
    "time": "2017/06/07 10:50:21",
    "event": "slide"
  }
]