[
  {
    "category": "7",
    "app": "MoPTT",
    "id": "13",
    "context": "re:[新聞]陳星翻版？》哄上牀和權勢性侵大不同※引述《wyvernlee(廢死不可!)》之銘言：:1.媒體來源::自由:2.完整新聞標題::陳星翻版？》哄上牀和權勢性侵大不同:3.完整新聞內文::〔記者張瑞楨／臺中報導〕儀隊教練雷曜任與女學生上牀，在同樣證據之下，一、二:審法官卻有不同判決，有人認為是補教名師陳星被控涉嫌誘姦案的效應；律師鄭懿瀛:認為，理論上，法官判決不能受輿論事件影響，但實際上，一般民眾不會這麼想。至:於上訴三審是否能翻案？他認為難度很高。:律師︰三審難翻案:該案一、二審法官見解的最大差異，是一審法官認為雷男用甜言蜜語哄女孩上牀，女:方又已成年，雷男行徑可惡卻未觸法；二審卻認為雷男利用權勢性侵害與猥褻其中一:人。鄭懿瀛認為，一般人會認為法官受陳星案的影響，對與女學生發生性關係的狼師:或教練，給予更嚴苛的審視，至於是否真的如此？只有法官自己知道。:如果雷曜任上訴三審，有機會翻案嗎？鄭懿瀛指出，三審是法律審，若無明確用法錯:誤，恐怕很難翻案。:4.完整新聞連結(或短網址)::http://news.ltn.com.tw/news/society/paper/1107165:5.備註::工讀生上班啦!!目田講你們老闆壞話，目田好壞壞，工讀生快救駕!!不可能用甜言蜜語哄已成年女孩上牀是犯法如果這樣判二審簡直就亂判以後會有多少人會莫明其妙變成性侵犯自由心證判性侵那法官以後錢豈不收到手軟必然是有證據明是非自願",
    "time": "2017/06/07 10:50:32",
    "event": "click"
  },
  {
    "category": "7",
    "app": "MoPTT",
    "id": "14",
    "context": "re:[新聞]陳星翻版？》哄上牀和權勢性侵大不同※引述《wyvernlee(廢死不可!)》之銘言：:1.媒體來源::自由:2.完整新聞標題::陳星翻版？》哄上牀和權勢性侵大不同:3.完整新聞內文::〔記者張瑞楨／臺中報導〕儀隊教練雷曜任與女學生上牀，在同樣證據之下，一、二:審法官卻有不同判決，有人認為是補教名師陳星被控涉嫌誘姦案的效應；律師鄭懿瀛:認為，理論上，法官判決不能受輿論事件影響，但實際上，一般民眾不會這麼想。至:於上訴三審是否能翻案？他認為難度很高。:律師︰三審難翻案:該案一、二審法官見解的最大差異，是一審法官認為雷男用甜言蜜語哄女孩上牀，女:方又已成年，雷男行徑可惡卻未觸法；二審卻認為雷男利用權勢性侵害與猥褻其中一:人。鄭懿瀛認為，一般人會認為法官受陳星案的影響，對與女學生發生性關係的狼師:或教練，給予更嚴苛的審視，至於是否真的如此？只有法官自己知道。:如果雷曜任上訴三審，有機會翻案嗎？鄭懿瀛指出，三審是法律審，若無明確用法錯:誤，恐怕很難翻案。:4.完整新聞連結(或短網址)::http://news.ltn.com.tw/news/society/paper/1107165:5.備註::工讀生上班啦!!目田講你們老闆壞話，目田好壞壞，工讀生快救駕!!不可能用甜言蜜語哄已成年女孩上牀是犯法如果這樣判二審簡直就亂判以後會有多少人會莫明其妙變成性侵犯自由心證判性侵那法官以後錢豈不收到手軟必然是有證據明是非自願",
    "time": "2017/06/07 10:50:32",
    "event": "slide"
  },
  {
    "category": "8",
    "app": "MoPTT",
    "id": "15",
    "context": "[問卦]為何鄉民騷擾陳星家人卻不騷擾陳進興的鄉民不是都喜歡罪誅九族嗎！明明陳進興做的壞事多好幾倍但鄉民只會挑陳星家人卻不敢去騷擾陳進興的家人到底是什麼原因有沒有bg",
    "time": "2017/06/07 10:51:14",
    "event": "click"
  },
  {
    "category": "8",
    "app": "MoPTT",
    "id": "16",
    "context": "[問卦]為何鄉民騷擾陳星家人卻不騷擾陳進興的鄉民不是都喜歡罪誅九族嗎！明明陳進興做的壞事多好幾倍但鄉民只會挑陳星家人卻不敢去騷擾陳進興的家人到底是什麼原因有沒有bg",
    "time": "2017/06/07 10:51:14",
    "event": "slide"
  },
  {
    "category": "8",
    "app": "MoPTT",
    "id": "17",
    "context": "[問卦]陳星若判無罪,代表法院鼓勵老師幹女學生?如題檢察官如果不起訴陳星法官如果不判處陳星有罪是不是明示：法院鼓勵老師幹女學生？那麼家長送女兒去學校或補習班時是不是要替女兒投保貞操險？或是請學校或班主任出示老師的陽痿證明？如此才能讓家長放心",
    "time": "2017/06/07 10:51:29",
    "event": "click"
  },
  {
    "category": "8",
    "app": "MoPTT",
    "id": "18",
    "context": "[問卦]陳星若判無罪,代表法院鼓勵老師幹女學生?如題檢察官如果不起訴陳星法官如果不判處陳星有罪是不是明示：法院鼓勵老師幹女學生？那麼家長送女兒去學校或補習班時是不是要替女兒投保貞操險？或是請學校或班主任出示老師的陽痿證明？如此才能讓家長放心",
    "time": "2017/06/07 10:51:29",
    "event": "slide"
  },
  {
    "category": "7",
    "app": "MoPTT",
    "id": "19",
    "context": "re:[新聞]陳星憐妻曾想成全他戳破「扮演無辜的狼陳星這傢伙真的很假掰編故事編到不合常識當時雙方都在談判現場了卻講得好像他老婆是在現場才被突然告知這件事一樣進而問他「你愛我還是愛她」、甚至一度想退出婚姻成全拜託當大家白癡隨你怎麼講就怎麼信嗎？你老婆會跟你到現場談判一定是利害與立場跟你陳星一致才會跟你一起去談判她如果還有疑慮問「你愛我還是愛她」、甚至一度想退出婚姻成全就不會跟你一起去談判啦如果你陳星是在談判之前就向你老婆坦白搞女學生你老婆知情的瞬間問你「你愛我還是愛她」、甚至一度想退出婚姻成全這種情節大家還比較相信夫妻都已經一起去現場談判了你老婆才問你「你愛我還是愛她」、甚至一度想退出婚姻成全搞得好像去談判現場才被告知老公搞女學生這情節合乎常理、常識嗎？支那文學系教你寫劇本寫這麼爛嗎？要編故事至少要符合常識啦智商太低寫劇本會被笑啦※引述《ruei18(ruei18)》之銘言：:1.媒體來源::蘋果日報:2.完整新聞標題::陳星憐妻曾想成全　他戳破「扮演無辜的狼」:3.完整新聞內文::補教名師陳星（本名陳國星）前天透過律師表示，當年他和妻子謝如玉，與林奕含及林家:父母在飯店談判時，妻子只質問他「你愛我還是愛她」，甚至一度想退出婚姻成全他跟林:女，但最終是林家父母要求分手，妻子選擇原諒。對此，兩性作家許常德向陳星提出4連:問，並直指他「一再的想扮演無辜的狼」。:補教名師陳星（本名陳國星）前天透過律師表示，當年他和妻子謝如玉，與林奕含及林家:父母在飯店談判時，妻子只質問他「你愛我還是愛她」，甚至一度想退出婚姻成全他跟林:女，但最終是林家父母要求分手，妻子選擇原諒。對此，兩性作家許常德向陳星提出4連:問，並直指他「一再的想扮演無辜的狼」。:許常德今在臉書po文，「真正傷害妻子的是老師，不要再說是別人或媒體了」，連問陳星:：「要不是你對女學生下手，你的妻子何來問你愛誰呢。（都會問這話，這妻子還會在前:陣子被媒體刻意拍到時說相信老公清白？）要不是你隱瞞，你的妻子不會最後一個知道。:要不是你事發後神隱，不會有那麼多人焦慮和評論。要不是你對此事始終不老實，不會有:那麼多猜測和報導傷了你的家人。」:許常德接著說：「其實你的不捨都很會傷到人，因為都是事後的，且一再的想扮演無辜的:狼。都會外遇了，怎麼還催眠自己是會怕妻子受傷的老公呢。」直白說法1小時吸引超過1:千個網友按讚。（娛樂中心／綜合報導）:4.完整新聞連結(或短網址)::https://goo.gl/tu80q7:5.備註::※一個人一天只能張貼一則新聞，被刪或自刪也算額度內，超貼者水桶，請注意",
    "time": "2017/06/07 10:51:43",
    "event": "click"
  },
  {
    "category": "7",
    "app": "MoPTT",
    "id": "20",
    "context": "re:[新聞]陳星憐妻曾想成全他戳破「扮演無辜的狼陳星這傢伙真的很假掰編故事編到不合常識當時雙方都在談判現場了卻講得好像他老婆是在現場才被突然告知這件事一樣進而問他「你愛我還是愛她」、甚至一度想退出婚姻成全拜託當大家白癡隨你怎麼講就怎麼信嗎？你老婆會跟你到現場談判一定是利害與立場跟你陳星一致才會跟你一起去談判她如果還有疑慮問「你愛我還是愛她」、甚至一度想退出婚姻成全就不會跟你一起去談判啦如果你陳星是在談判之前就向你老婆坦白搞女學生你老婆知情的瞬間問你「你愛我還是愛她」、甚至一度想退出婚姻成全這種情節大家還比較相信夫妻都已經一起去現場談判了你老婆才問你「你愛我還是愛她」、甚至一度想退出婚姻成全搞得好像去談判現場才被告知老公搞女學生這情節合乎常理、常識嗎？支那文學系教你寫劇本寫這麼爛嗎？要編故事至少要符合常識啦智商太低寫劇本會被笑啦※引述《ruei18(ruei18)》之銘言：:1.媒體來源::蘋果日報:2.完整新聞標題::陳星憐妻曾想成全　他戳破「扮演無辜的狼」:3.完整新聞內文::補教名師陳星（本名陳國星）前天透過律師表示，當年他和妻子謝如玉，與林奕含及林家:父母在飯店談判時，妻子只質問他「你愛我還是愛她」，甚至一度想退出婚姻成全他跟林:女，但最終是林家父母要求分手，妻子選擇原諒。對此，兩性作家許常德向陳星提出4連:問，並直指他「一再的想扮演無辜的狼」。:補教名師陳星（本名陳國星）前天透過律師表示，當年他和妻子謝如玉，與林奕含及林家:父母在飯店談判時，妻子只質問他「你愛我還是愛她」，甚至一度想退出婚姻成全他跟林:女，但最終是林家父母要求分手，妻子選擇原諒。對此，兩性作家許常德向陳星提出4連:問，並直指他「一再的想扮演無辜的狼」。:許常德今在臉書po文，「真正傷害妻子的是老師，不要再說是別人或媒體了」，連問陳星:：「要不是你對女學生下手，你的妻子何來問你愛誰呢。（都會問這話，這妻子還會在前:陣子被媒體刻意拍到時說相信老公清白？）要不是你隱瞞，你的妻子不會最後一個知道。:要不是你事發後神隱，不會有那麼多人焦慮和評論。要不是你對此事始終不老實，不會有:那麼多猜測和報導傷了你的家人。」:許常德接著說：「其實你的不捨都很會傷到人，因為都是事後的，且一再的想扮演無辜的:狼。都會外遇了，怎麼還催眠自己是會怕妻子受傷的老公呢。」直白說法1小時吸引超過1:千個網友按讚。（娛樂中心／綜合報導）:4.完整新聞連結(或短網址)::https://goo.gl/tu80q7:5.備註::※一個人一天只能張貼一則新聞，被刪或自刪也算額度內，超貼者水桶，請注意",
    "time": "2017/06/07 10:51:43",
    "event": "slide"
  },
  {
    "category": "7",
    "app": "MoPTT",
    "id": "21",
    "context": "re:[新聞]陳星憐妻曾想成全他戳破「扮演無辜的狼1.媒體來源:蘋果日報2.完整新聞標題:陳星憐妻曾想成全　他戳破「扮演無辜的狼」3.完整新聞內文:補教名師陳星（本名陳國星）前天透過律師表示，當年他和妻子謝如玉，與林奕含及林家父母在飯店談判時，妻子只質問他「你愛我還是愛她」，甚至一度想退出婚姻成全他跟林女，但最終是林家父母要求分手，妻子選擇原諒。對此，兩性作家許常德向陳星提出4連問，並直指他「一再的想扮演無辜的狼」。補教名師陳星（本名陳國星）前天透過律師表示，當年他和妻子謝如玉，與林奕含及林家父母在飯店談判時，妻子只質問他「你愛我還是愛她」，甚至一度想退出婚姻成全他跟林女，但最終是林家父母要求分手，妻子選擇原諒。對此，兩性作家許常德向陳星提出4連問，並直指他「一再的想扮演無辜的狼」。許常德今在臉書po文，「真正傷害妻子的是老師，不要再說是別人或媒體了」，連問陳星：「要不是你對女學生下手，你的妻子何來問你愛誰呢。（都會問這話，這妻子還會在前陣子被媒體刻意拍到時說相信老公清白？）要不是你隱瞞，你的妻子不會最後一個知道。要不是你事發後神隱，不會有那麼多人焦慮和評論。要不是你對此事始終不老實，不會有那麼多猜測和報導傷了你的家人。」許常德接著說：「其實你的不捨都很會傷到人，因為都是事後的，且一再的想扮演無辜的狼。都會外遇了，怎麼還催眠自己是會怕妻子受傷的老公呢。」直白說法1小時吸引超過1千個網友按讚。（娛樂中心／綜合報導）4.完整新聞連結(或短網址):https://goo.gl/tu80q75.備註:※一個人一天只能張貼一則新聞，被刪或自刪也算額度內，超貼者水桶，請注意",
    "time": "2017/06/07 10:52:51",
    "event": "click"
  },
  {
    "category": "7",
    "app": "MoPTT",
    "id": "22",
    "context": "re:[新聞]陳星憐妻曾想成全他戳破「扮演無辜的狼1.媒體來源:蘋果日報2.完整新聞標題:陳星憐妻曾想成全　他戳破「扮演無辜的狼」3.完整新聞內文:補教名師陳星（本名陳國星）前天透過律師表示，當年他和妻子謝如玉，與林奕含及林家父母在飯店談判時，妻子只質問他「你愛我還是愛她」，甚至一度想退出婚姻成全他跟林女，但最終是林家父母要求分手，妻子選擇原諒。對此，兩性作家許常德向陳星提出4連問，並直指他「一再的想扮演無辜的狼」。補教名師陳星（本名陳國星）前天透過律師表示，當年他和妻子謝如玉，與林奕含及林家父母在飯店談判時，妻子只質問他「你愛我還是愛她」，甚至一度想退出婚姻成全他跟林女，但最終是林家父母要求分手，妻子選擇原諒。對此，兩性作家許常德向陳星提出4連問，並直指他「一再的想扮演無辜的狼」。許常德今在臉書po文，「真正傷害妻子的是老師，不要再說是別人或媒體了」，連問陳星：「要不是你對女學生下手，你的妻子何來問你愛誰呢。（都會問這話，這妻子還會在前陣子被媒體刻意拍到時說相信老公清白？）要不是你隱瞞，你的妻子不會最後一個知道。要不是你事發後神隱，不會有那麼多人焦慮和評論。要不是你對此事始終不老實，不會有那麼多猜測和報導傷了你的家人。」許常德接著說：「其實你的不捨都很會傷到人，因為都是事後的，且一再的想扮演無辜的狼。都會外遇了，怎麼還催眠自己是會怕妻子受傷的老公呢。」直白說法1小時吸引超過1千個網友按讚。（娛樂中心／綜合報導）4.完整新聞連結(或短網址):https://goo.gl/tu80q75.備註:※一個人一天只能張貼一則新聞，被刪或自刪也算額度內，超貼者水桶，請注意",
    "time": "2017/06/07 10:52:51",
    "event": "slide"
  }
]