[
  {
    "category": "8",
    "app": "MoPTT",
    "id": "25",
    "context": "[問卦]校長、督學的畢業生致詞都是怎麼想出來的每年畢業典禮，臺上的長官話都講不完校長一年至少要講一篇，督學更猛，要去各學校參加，至少要講5篇吧到底是是怎麼想出那麼多廢話的",
    "time": "2017/06/07 10:55:06",
    "event": "click"
  },
  {
    "category": "8",
    "app": "MoPTT",
    "id": "26",
    "context": "[問卦]校長、督學的畢業生致詞都是怎麼想出來的每年畢業典禮，臺上的長官話都講不完校長一年至少要講一篇，督學更猛，要去各學校參加，至少要講5篇吧到底是是怎麼想出那麼多廢話的",
    "time": "2017/06/07 10:55:06",
    "event": "slide"
  },
  {
    "category": "8",
    "app": "MoPTT",
    "id": "27",
    "context": "re:[爆卦]數甲之戰，u大確定參戰!※引述《ho1liday(江湖唯有英雄志)》之銘言：:文章代碼(aid):#1osputcg:推uniqlock:我條件都說好了<3也可以錄影放上網路01/0921:03:→uniqlock:不用解釋阿，我就帶高職畢業證書+本人考數甲90有問題?01/0921:06:u大確定帶高職畢業證書參戰，大家可以去原文底下卡位雞排惹:作者smallfinger(厭倦)看板gossiping:標題re:[問卦]高中物理念得好的人數學好像都不錯?:時間monjan915:39:332017:───────────────────────────────────────:推uniqlock:數甲90分你以為吃素哦，我認真你也認真ok?在那邊陰01/0920:31:推uniqlock:是男人就光明正大直接戰啦不要再廢話01/0920:32::600雞排是有點不切實際:你贏了我怕我會很麻煩太多份::那就這樣吧:推文的家扶1萬:慈善機構6000:愛盲1萬:我加碼到1萬:當天我領現金等你::共3萬6>3萬::所以是幾月幾號幾點在哪裡?::為了避免你找槍手:請你現在告訴我你的證明身分方式:看是要告訴我學校姓名:自拍一張照片傳到我私信:(反正你也一直在私信嗆我)::再來:你輸了你打算怎麼處理?:還有人記得數甲之戰嗎?不知道uniqlock大大準備的如何指考只剩下24天了",
    "time": "2017/06/07 10:55:37",
    "event": "click"
  },
  {
    "category": "8",
    "app": "MoPTT",
    "id": "28",
    "context": "re:[爆卦]數甲之戰，u大確定參戰!※引述《ho1liday(江湖唯有英雄志)》之銘言：:文章代碼(aid):#1osputcg:推uniqlock:我條件都說好了<3也可以錄影放上網路01/0921:03:→uniqlock:不用解釋阿，我就帶高職畢業證書+本人考數甲90有問題?01/0921:06:u大確定帶高職畢業證書參戰，大家可以去原文底下卡位雞排惹:作者smallfinger(厭倦)看板gossiping:標題re:[問卦]高中物理念得好的人數學好像都不錯?:時間monjan915:39:332017:───────────────────────────────────────:推uniqlock:數甲90分你以為吃素哦，我認真你也認真ok?在那邊陰01/0920:31:推uniqlock:是男人就光明正大直接戰啦不要再廢話01/0920:32::600雞排是有點不切實際:你贏了我怕我會很麻煩太多份::那就這樣吧:推文的家扶1萬:慈善機構6000:愛盲1萬:我加碼到1萬:當天我領現金等你::共3萬6>3萬::所以是幾月幾號幾點在哪裡?::為了避免你找槍手:請你現在告訴我你的證明身分方式:看是要告訴我學校姓名:自拍一張照片傳到我私信:(反正你也一直在私信嗆我)::再來:你輸了你打算怎麼處理?:還有人記得數甲之戰嗎?不知道uniqlock大大準備的如何指考只剩下24天了",
    "time": "2017/06/07 10:55:37",
    "event": "slide"
  },
  {
    "category": "8",
    "app": "MoPTT",
    "id": "29",
    "context": "[新聞]上臺大纔是「好學生」　新竹高中校長一http://www.ettoday.net/news/20170606/939136.htm上臺大纔是「好學生」　新竹高中校長一封信惹怒學生2017年06月6日19:18記者鄒鎮宇／綜合報導新竹高中校長李明昭5月1日公佈了一封「致高三同學的一封信」說，今年名校錄取率少很多，希望指考大家好好衝刺。這讓學生們非常不滿，覺得校長眼中只有升學率，轉而發上「靠北竹中」的粉絲專頁，引起熱烈討論。對此，校長室張姓祕書說，「校長尊重學生的想法，並不需要再多做解釋。」有一名新竹高中高三應屆畢業生在臉書「靠北竹中」上發文，開頭就自稱自己是對學校升學率沒有貢獻的人，他看到他的同學為了夢想和志向放棄臺大、清大，非常感動，覺得升學率不是一切，但校方卻只拿能不能進入名校來做唯一的評量，還把過去的數據拿出來做比較，完全把學生的可能性量化，讓他覺得這根本不是竹中五育並進、全人教育的精神和風氣，相當失望。這篇文章和校長的信一出，引發網友熱烈討論，不少畢業校友和學生都在下面留言說，「看了母校校長的信，只覺得心痛」、「考上臺大日子沒有比較好啦，真的」、「哪天錄取率破50%，校長會不會辦感謝祭啊」，還有人開玩笑地說「身為校友，痛心疾首的建議學校將沒有考上臺、清、交、成、政等領先大學羣的學生通通退學，以傲視全國的百分之百綠取率，證明竹中是非常有實力的。」也有畢業校友以過來人的身分留言說，當初他就是因為太在意升學榜單而忽略了興趣，後來讀不下去被退學，再花時間重考，唸了一間被認為「普通」的大學，也建議學弟們不要繞遠路，知道興趣在哪就去追尋。竹中校長室張姓祕書也說，雖然學生可能對此有些誤解，但這是「校長為了鼓勵學生才說的話，希望學生能更加努力」。他還強調，「校長也尊重每個學生的想法，因此不需要再多做任何解釋」。",
    "time": "2017/06/07 10:56:34",
    "event": "click"
  },
  {
    "category": "8",
    "app": "MoPTT",
    "id": "30",
    "context": "[新聞]上臺大纔是「好學生」　新竹高中校長一http://www.ettoday.net/news/20170606/939136.htm上臺大纔是「好學生」　新竹高中校長一封信惹怒學生2017年06月6日19:18記者鄒鎮宇／綜合報導新竹高中校長李明昭5月1日公佈了一封「致高三同學的一封信」說，今年名校錄取率少很多，希望指考大家好好衝刺。這讓學生們非常不滿，覺得校長眼中只有升學率，轉而發上「靠北竹中」的粉絲專頁，引起熱烈討論。對此，校長室張姓祕書說，「校長尊重學生的想法，並不需要再多做解釋。」有一名新竹高中高三應屆畢業生在臉書「靠北竹中」上發文，開頭就自稱自己是對學校升學率沒有貢獻的人，他看到他的同學為了夢想和志向放棄臺大、清大，非常感動，覺得升學率不是一切，但校方卻只拿能不能進入名校來做唯一的評量，還把過去的數據拿出來做比較，完全把學生的可能性量化，讓他覺得這根本不是竹中五育並進、全人教育的精神和風氣，相當失望。這篇文章和校長的信一出，引發網友熱烈討論，不少畢業校友和學生都在下面留言說，「看了母校校長的信，只覺得心痛」、「考上臺大日子沒有比較好啦，真的」、「哪天錄取率破50%，校長會不會辦感謝祭啊」，還有人開玩笑地說「身為校友，痛心疾首的建議學校將沒有考上臺、清、交、成、政等領先大學羣的學生通通退學，以傲視全國的百分之百綠取率，證明竹中是非常有實力的。」也有畢業校友以過來人的身分留言說，當初他就是因為太在意升學榜單而忽略了興趣，後來讀不下去被退學，再花時間重考，唸了一間被認為「普通」的大學，也建議學弟們不要繞遠路，知道興趣在哪就去追尋。竹中校長室張姓祕書也說，雖然學生可能對此有些誤解，但這是「校長為了鼓勵學生才說的話，希望學生能更加努力」。他還強調，「校長也尊重每個學生的想法，因此不需要再多做任何解釋」。",
    "time": "2017/06/07 10:56:34",
    "event": "slide"
  },
  {
    "category": "8",
    "app": "MoPTT",
    "id": "33",
    "context": "re:[問卦]要怎樣才能考上醫學系？※引述《daisy100(hey)》之銘言：:是這樣子的:我身邊有個大嬸:每天在逼他小孩考醫學系:重點:唉:我不敢講破欸:我覺得是基因遺傳欸:看他媽的樣子:我想一百年都考不上:但是我小孬孬:不敢明講:但是她每天都在問我:我該怎麼回答呢:到底要怎樣才能考上醫學系:有卦？當然是基因的問題啊，漢人只能閃一旁劃土牛界玩沙吧考上很簡單我教你找個原住民結婚或是搬去澎釣綠蘭龜金馬東沙太平住當島主天天修幹還是躺著上以上魯妹我的淺見",
    "time": "2017/06/07 10:58:25",
    "event": "click"
  },
  {
    "category": "8",
    "app": "MoPTT",
    "id": "34",
    "context": "re:[問卦]要怎樣才能考上醫學系？※引述《daisy100(hey)》之銘言：:是這樣子的:我身邊有個大嬸:每天在逼他小孩考醫學系:重點:唉:我不敢講破欸:我覺得是基因遺傳欸:看他媽的樣子:我想一百年都考不上:但是我小孬孬:不敢明講:但是她每天都在問我:我該怎麼回答呢:到底要怎樣才能考上醫學系:有卦？當然是基因的問題啊，漢人只能閃一旁劃土牛界玩沙吧考上很簡單我教你找個原住民結婚或是搬去澎釣綠蘭龜金馬東沙太平住當島主天天修幹還是躺著上以上魯妹我的淺見",
    "time": "2017/06/07 10:58:25",
    "event": "slide"
  }
]