[
  {
    "category": "9",
    "app": "MoPTT",
    "id": "35",
    "context": "[新聞]「難以想像的下午」女學生日記揭系主任1.媒體來源:※例如蘋果日報、奇摩新聞蘋果2.完整新聞標題:※標題沒有寫出來--->依照板規刪除文章「難以想像的下午」女學生日記揭系主任淫行3.完整新聞內文:※社論特稿都不能貼!違者退文，貼廣告也會被退文喔!臺北市一所家商廣告設計系林姓主任2014年指導校內一名女學生參加比賽及報考大學，還認她為乾女兒，卻在私人工作室熊抱、強吻這名女學生，還在車上對她襲胸摸大腿，女學生在日記寫下「夢魘」、「一次比一次更讓人厭惡」，最後不甘受辱怒提告，新北地院今依對少女強制猥褻等罪判林男2年2月徒刑，其中8個月可易科罰金24萬元。判決指出，林男（51歲）在臺北市某家商擔任廣告設計科主任，2013年則擔任被害女學生的繪畫科教師，隔年該女參加美術版畫比賽、報考臺北藝術大學，林男也擔任她的指導老師，還因欣賞女學生的才華，加上膝下無兒女，因而認她當乾女兒。2014年10月間，林男邀女學生到他位於新北市土城區的工作室觀賞版畫作品，當天林男因罹患末期腎衰竭，自行在臥室洗腎後，竟無恥要求女學生躺臥身旁問她：「我可以吻妳嗎？」女學生不敢拒絕，隨即被強吻。事後林男又多次邀女學生到他工作室，佯稱要幫她按摩，竟要女學生趴在牀上，他則緊貼在女學生後背猥褻約5分鐘，另一次正面熊抱女學生，直到女學生說快無法呼吸才鬆手。更離譜的是，還有一次林男要女學生躺臥在牀，他再趴上身強吻、襲胸並企圖強脫她褲子，女學生推開他說「褲子快掉了」，林男竟回稱：「掉了最好。」所幸女學生抗拒才未遭性侵，事後林男還趁送女學生回家時，在車上強吻女學生並襲胸摸大腿。被害女學生不甘受辱，先後記事本、日記寫下「難以想像的下午」、「夢魘」、「無法掙扎」、「學不會拒絕別人，他的親吻撫摸，一次比一次更讓人厭惡。」等字句，還向同學訴苦，最後在同學規勸，鼓起勇氣向學校舉發。新北地院開庭時，女學生提出林男傳送給她的簡訊，內容包括「我的生命如脫胎換骨」、「很喜愛妳，常將妳當情人對待，如果我沒有老婆，真的想娶妳」，「自古英雄過此關，吾今終知苦難擔，思緒當絕起無端，汝能告知法何方？」法官痛批林男身為人師卻不遵守師道，玷污教育，惡性非輕，今依對少女利用權勢猥褻、強制猥褻等罪合併判他2年2月徒刑。仍可上訴。（孫友廉／新北報導）【更多新聞，請看《蘋果陪審團》粉絲團】>>加入蘋果日報粉絲團94即時94狂！4.完整新聞連結(或短網址):※當新聞連結過長時，需提供短網址方便網友點擊http://m.appledaily.com.tw/realtimenews/article/local/20170607/1134151/5.備註:※一個人一天只能張貼一則新聞，被刪或自刪也算額度內，超貼者水桶，請注意洗腎版陳星",
    "time": "2017/06/07 10:58:57",
    "event": "slide"
  },
  {
    "category": "9",
    "app": "MoPTT",
    "id": "36",
    "context": "[新聞]「難以想像的下午」女學生日記揭系主任1.媒體來源:※例如蘋果日報、奇摩新聞蘋果2.完整新聞標題:※標題沒有寫出來--->依照板規刪除文章「難以想像的下午」女學生日記揭系主任淫行3.完整新聞內文:※社論特稿都不能貼!違者退文，貼廣告也會被退文喔!臺北市一所家商廣告設計系林姓主任2014年指導校內一名女學生參加比賽及報考大學，還認她為乾女兒，卻在私人工作室熊抱、強吻這名女學生，還在車上對她襲胸摸大腿，女學生在日記寫下「夢魘」、「一次比一次更讓人厭惡」，最後不甘受辱怒提告，新北地院今依對少女強制猥褻等罪判林男2年2月徒刑，其中8個月可易科罰金24萬元。判決指出，林男（51歲）在臺北市某家商擔任廣告設計科主任，2013年則擔任被害女學生的繪畫科教師，隔年該女參加美術版畫比賽、報考臺北藝術大學，林男也擔任她的指導老師，還因欣賞女學生的才華，加上膝下無兒女，因而認她當乾女兒。2014年10月間，林男邀女學生到他位於新北市土城區的工作室觀賞版畫作品，當天林男因罹患末期腎衰竭，自行在臥室洗腎後，竟無恥要求女學生躺臥身旁問她：「我可以吻妳嗎？」女學生不敢拒絕，隨即被強吻。事後林男又多次邀女學生到他工作室，佯稱要幫她按摩，竟要女學生趴在牀上，他則緊貼在女學生後背猥褻約5分鐘，另一次正面熊抱女學生，直到女學生說快無法呼吸才鬆手。更離譜的是，還有一次林男要女學生躺臥在牀，他再趴上身強吻、襲胸並企圖強脫她褲子，女學生推開他說「褲子快掉了」，林男竟回稱：「掉了最好。」所幸女學生抗拒才未遭性侵，事後林男還趁送女學生回家時，在車上強吻女學生並襲胸摸大腿。被害女學生不甘受辱，先後記事本、日記寫下「難以想像的下午」、「夢魘」、「無法掙扎」、「學不會拒絕別人，他的親吻撫摸，一次比一次更讓人厭惡。」等字句，還向同學訴苦，最後在同學規勸，鼓起勇氣向學校舉發。新北地院開庭時，女學生提出林男傳送給她的簡訊，內容包括「我的生命如脫胎換骨」、「很喜愛妳，常將妳當情人對待，如果我沒有老婆，真的想娶妳」，「自古英雄過此關，吾今終知苦難擔，思緒當絕起無端，汝能告知法何方？」法官痛批林男身為人師卻不遵守師道，玷污教育，惡性非輕，今依對少女利用權勢猥褻、強制猥褻等罪合併判他2年2月徒刑。仍可上訴。（孫友廉／新北報導）【更多新聞，請看《蘋果陪審團》粉絲團】>>加入蘋果日報粉絲團94即時94狂！4.完整新聞連結(或短網址):※當新聞連結過長時，需提供短網址方便網友點擊http://m.appledaily.com.tw/realtimenews/article/local/20170607/1134151/5.備註:※一個人一天只能張貼一則新聞，被刪或自刪也算額度內，超貼者水桶，請注意洗腎版陳星",
    "time": "2017/06/07 10:58:57",
    "event": "click"
  }
]