[
  {
    "category": "1",
    "app": "Chrome",
    "id": "1",
    "context": "幾米公園宜蘭縣宜蘭市",
    "time": "2017/07/02 20:45:31",
    "event": "type"
  },
  {
    "category": "1",
    "app": "Chrome",
    "id": "2",
    "context": "幾米公園宜蘭地址-google搜尋",
    "time": "2017/07/02 20:45:32",
    "event": "slide"
  },
  {
    "category": "1",
    "app": "Chrome",
    "id": "3",
    "context": "宜蘭奶凍捲",
    "time": "2017/07/02 20:53:09",
    "event": "type"
  },
  {
    "category": "1",
    "app": "Chrome",
    "id": "4",
    "context": "宜蘭奶凍捲-google搜尋",
    "time": "2017/07/02 20:53:10",
    "event": "slide"
  },
  {
    "category": "1",
    "app": "Chrome",
    "id": "5",
    "context": "幾米公園宜蘭地址",
    "time": "2017/07/02 20:53:31",
    "event": "type"
  },
  {
    "category": "1",
    "app": "Chrome",
    "id": "6",
    "context": "幾米公園宜蘭地址-google搜尋",
    "time": "2017/07/02 20:53:32",
    "event": "slide"
  },
  {
    "category": "1",
    "app": "Chrome",
    "id": "7",
    "context": "宜蘭紅茶",
    "time": "2017/07/02 20:53:39",
    "event": "type"
  },
  {
    "category": "1",
    "app": "Chrome",
    "id": "8",
    "context": "宜蘭紅茶-google搜尋",
    "time": "2017/07/02 20:53:41",
    "event": "slide"
  },
  {
    "category": "1",
    "app": "Chrome",
    "id": "9",
    "context": "蜜香紅茶在宜蘭@仁山植物園::痞客邦pixnet::",
    "time": "2017/07/02 20:53:45",
    "event": "click"
  },
  {
    "category": "1",
    "app": "Chrome",
    "id": "10",
    "context": "蜜香紅茶在宜蘭@仁山植物園::痞客邦pixnet::",
    "time": "2017/07/02 20:53:45",
    "event": "slide"
  },
  {
    "category": "1",
    "app": "Chrome",
    "id": "11",
    "context": "宜蘭奶油酥條",
    "time": "2017/07/02 20:53:56",
    "event": "type"
  },
  {
    "category": "1",
    "app": "Chrome",
    "id": "12",
    "context": "宜蘭奶油酥條-google搜尋",
    "time": "2017/07/02 20:53:57",
    "event": "slide"
  },
  {
    "category": "1",
    "app": "Chrome",
    "id": "13",
    "context": "團購最夯--奶油酥條-花蓮縣餅菩提餅舖",
    "time": "2017/07/02 20:54:05",
    "event": "click"
  },
  {
    "category": "1",
    "app": "Chrome",
    "id": "14",
    "context": "團購最夯--奶油酥條-花蓮縣餅菩提餅舖",
    "time": "2017/07/02 20:54:06",
    "event": "slide"
  },
  {
    "category": "1",
    "app": "Chrome",
    "id": "15",
    "context": "宜蘭奶油酥條-google搜尋",
    "time": "2017/07/02 20:54:13",
    "event": "slide"
  },
  {
    "category": "1",
    "app": "Chrome",
    "id": "16",
    "context": "幾米公園宜蘭地址",
    "time": "2017/07/02 20:56:03",
    "event": "type"
  },
  {
    "category": "1",
    "app": "Chrome",
    "id": "17",
    "context": "幾米公園宜蘭地址-google搜尋",
    "time": "2017/07/02 20:56:03",
    "event": "slide"
  },
  {
    "category": "1",
    "app": "Chrome",
    "id": "18",
    "context": "宜蘭地圖",
    "time": "2017/07/02 20:56:27",
    "event": "type"
  },
  {
    "category": "1",
    "app": "Chrome",
    "id": "19",
    "context": "宜蘭地圖-google搜尋",
    "time": "2017/07/02 20:56:30",
    "event": "slide"
  },
  {
    "category": "1",
    "app": "Chrome",
    "id": "20",
    "context": "清水地熱",
    "time": "2017/07/02 20:57:55",
    "event": "type"
  },
  {
    "category": "1",
    "app": "Chrome",
    "id": "21",
    "context": "清水地熱-google搜尋",
    "time": "2017/07/02 21:03:58",
    "event": "slide"
  }
]