[
  {
    "category": "10",
    "app": "Chrome",
    "id": "31",
    "context": "電子商務的工作",
    "time": "2017/06/01 16:05:24",
    "event": "type"
  },
  {
    "category": "10",
    "app": "Chrome",
    "id": "32",
    "context": "電子商務的工作",
    "time": "2017/06/01 16:05:24",
    "event": "click"
  },
  {
    "category": "10",
    "app": "Chrome",
    "id": "33",
    "context": "電子商務的工作",
    "time": "2017/06/01 16:05:24",
    "event": "slide"
  },
  {
    "category": "10",
    "app": "Chrome",
    "id": "34",
    "context": "[問題]電子商務薪水範圍-看板salary-批踢踢實業坊",
    "time": "2017/06/01 16:05:34",
    "event": "click"
  },
  {
    "category": "10",
    "app": "Chrome",
    "id": "35",
    "context": "[問題]電子商務薪水範圍-看板salary-批踢踢實業坊",
    "time": "2017/06/01 16:05:34",
    "event": "slide"
  },
  {
    "category": "10",
    "app": "Chrome",
    "id": "36",
    "context": "電子商務的工作",
    "time": "2017/06/01 16:06:46",
    "event": "slide"
  },
  {
    "category": "10",
    "app": "Chrome",
    "id": "37",
    "context": "《數位之牆》想加入電子商務企業工作嗎？你該避開的陷阱",
    "time": "2017/06/01 16:06:51",
    "event": "click"
  },
  {
    "category": "10",
    "app": "Chrome",
    "id": "38",
    "context": "《數位之牆》想加入電子商務企業工作嗎？你該避開的陷阱",
    "time": "2017/06/01 16:06:51",
    "event": "slide"
  }
]