[
  {
    "category": "2",
    "app": "Chrome",
    "id": "3",
    "context": "中興大學遊學",
    "time": "2017/06/01 15:26:46",
    "event": "slide"
  },
  {
    "category": "2",
    "app": "Chrome",
    "id": "4",
    "context": "中興大學遊學-google搜尋",
    "time": "2017/06/01 15:26:46",
    "event": "click"
  },
  {
    "category": "2",
    "app": "Chrome",
    "id": "5",
    "context": "中興大學遊學-google搜尋",
    "time": "2017/06/01 15:26:46",
    "event": "slide"
  },
  {
    "category": "2",
    "app": "Chrome",
    "id": "24",
    "context": "中興大學遊學-google搜尋",
    "time": "2017/06/01 16:01:03",
    "event": "slide"
  },
  {
    "category": "2",
    "app": "Chrome",
    "id": "25",
    "context": "國立中興大學學生事務處-生涯發展中心",
    "time": "2017/06/01 16:01:09",
    "event": "click"
  },
  {
    "category": "2",
    "app": "Chrome",
    "id": "26",
    "context": "國立中興大學學生事務處-生涯發展中心",
    "time": "2017/06/01 16:01:09",
    "event": "slide"
  },
  {
    "category": "2",
    "app": "Chrome",
    "id": "27",
    "context": "..::國立中興大學全球資訊網::..",
    "time": "2017/06/01 16:01:28",
    "event": "click"
  },
  {
    "category": "2",
    "app": "Chrome",
    "id": "28",
    "context": "..::國立中興大學全球資訊網::..",
    "time": "2017/06/01 16:01:28",
    "event": "slide"
  },
  {
    "category": "2",
    "app": "Chrome",
    "id": "29",
    "context": "中興大學自主學習護照",
    "time": "2017/06/01 16:03:25",
    "event": "click"
  },
  {
    "category": "2",
    "app": "Chrome",
    "id": "30",
    "context": "中興大學自主學習護照",
    "time": "2017/06/01 16:03:25",
    "event": "slide"
  }
]