[
  {
    "category": "1",
    "app": "MoPTT",
    "id": "1",
    "context": "[情報]nbadavidlee被診斷為髕骨韌帶部分撕裂，等davidlee被診斷為髕骨韌帶部分撕裂，等待mri結果虎撲籃球5月21日訊根據nba記者michaelc.wright和ramonashelburne的聯合報導，消息人士透露，馬刺的davidlee已經被診斷為左膝蓋髕韌帶部分撕裂，他將在當地時間本週日接受核磁共振檢查來確認傷勢。馬刺今天在主場以108-120不敵勇士，系列賽0-3落後。lee本場比賽在一次進攻落地時不幸傷到了膝蓋，被迫提前退出了比賽。在今年的季後賽裡，李場均出戰16.3分鐘，可以拿到4.1分3.8籃板。短評或心得：可以好好養傷了",
    "time": "2017/05/21 22:39:57",
    "event": "click"
  },
  {
    "category": "1",
    "app": "MoPTT",
    "id": "2",
    "context": "[情報]nbadavidlee被診斷為髕骨韌帶部分撕裂，等davidlee被診斷為髕骨韌帶部分撕裂，等待mri結果虎撲籃球5月21日訊根據nba記者michaelc.wright和ramonashelburne的聯合報導，消息人士透露，馬刺的davidlee已經被診斷為左膝蓋髕韌帶部分撕裂，他將在當地時間本週日接受核磁共振檢查來確認傷勢。馬刺今天在主場以108-120不敵勇士，系列賽0-3落後。lee本場比賽在一次進攻落地時不幸傷到了膝蓋，被迫提前退出了比賽。在今年的季後賽裡，李場均出戰16.3分鐘，可以拿到4.1分3.8籃板。短評或心得：可以好好養傷了",
    "time": "2017/05/21 22:39:57",
    "event": "slide"
  },
  {
    "category": "1",
    "app": "MoPTT",
    "id": "89",
    "context": "[情報]curry疑似遭dedmon有意頂撞膝蓋外側※[本文轉錄自nba看板#1p8jiszt]nba[情報]curry疑似遭dedmon有意頂撞膝蓋外側reddit上有討論，所以就分享上來dewaynededmonattemptstoinjurestephcurryduringgarbagetime",
    "time": "2017/05/22 00:46:01",
    "event": "click"
  },
  {
    "category": "1",
    "app": "MoPTT",
    "id": "90",
    "context": "[情報]curry疑似遭dedmon有意頂撞膝蓋外側※[本文轉錄自nba看板#1p8jiszt]nba[情報]curry疑似遭dedmon有意頂撞膝蓋外側reddit上有討論，所以就分享上來dewaynededmonattemptstoinjurestephcurryduringgarbagetime",
    "time": "2017/05/22 00:46:01",
    "event": "slide"
  },
  {
    "category": "1",
    "app": "MoPTT",
    "id": "91",
    "context": "[花邊]nbaginobili：太難了，我們想念可愛和tp馬刺在主場108-120不敵勇士，系列賽已經0-3落後對手，距離被淘汰僅一步之遙。本場比賽，馬刺核心kawhileonard因腳踝傷勢繼續缺陣，後衛tonyparker也在上一輪與火箭的比賽中受傷賽季報銷。除此之外，davidlee也在本場比賽中膝蓋受傷，提前離場。“真的太難了，”馬刺後衛manuginobili賽後說，“我們在這個系列賽裡一直很想念kawhi攻防兩端的存在，當然也想念tony。這樣的局面對我們來說註定會很難，非常不容易，但我們唯一能做的就是戰鬥。”此役，39歲的ginobili替補出場18分鐘，9投7中砍下全隊最高的21分，另有2個助攻1次抄截。“我不會懷疑我們在場上的努力，”ginobili說，“對我們來說，要想贏球必須打出10分的級別，而他們要打出7分的級別。”ginobili還談到，相比於四年前，勇士在防守端已經大為不同，更為頑強。https://voice.hupu.com/nba/2162026.html",
    "time": "2017/05/22 00:47:20",
    "event": "click"
  },
  {
    "category": "1",
    "app": "MoPTT",
    "id": "92",
    "context": "[花邊]nbaginobili：太難了，我們想念可愛和tp馬刺在主場108-120不敵勇士，系列賽已經0-3落後對手，距離被淘汰僅一步之遙。本場比賽，馬刺核心kawhileonard因腳踝傷勢繼續缺陣，後衛tonyparker也在上一輪與火箭的比賽中受傷賽季報銷。除此之外，davidlee也在本場比賽中膝蓋受傷，提前離場。“真的太難了，”馬刺後衛manuginobili賽後說，“我們在這個系列賽裡一直很想念kawhi攻防兩端的存在，當然也想念tony。這樣的局面對我們來說註定會很難，非常不容易，但我們唯一能做的就是戰鬥。”此役，39歲的ginobili替補出場18分鐘，9投7中砍下全隊最高的21分，另有2個助攻1次抄截。“我不會懷疑我們在場上的努力，”ginobili說，“對我們來說，要想贏球必須打出10分的級別，而他們要打出7分的級別。”ginobili還談到，相比於四年前，勇士在防守端已經大為不同，更為頑強。https://voice.hupu.com/nba/2162026.html",
    "time": "2017/05/22 00:47:20",
    "event": "slide"
  }
]