[
  {
    "category": "10",
    "app": "MoPTT",
    "id": "31",
    "context": "[問卦]每天吃自身體重*2g蛋白質很難嗎?有無八卦?現在健身風潮漸增每天吃自身體重*2的蛋白質很基本在臺灣容易達到嗎?",
    "time": "2017/05/21 23:21:47",
    "event": "click"
  },
  {
    "category": "10",
    "app": "MoPTT",
    "id": "32",
    "context": "[問卦]每天吃自身體重*2g蛋白質很難嗎?有無八卦?現在健身風潮漸增每天吃自身體重*2的蛋白質很基本在臺灣容易達到嗎?",
    "time": "2017/05/21 23:21:47",
    "event": "slide"
  }
]