[
  {
    "category": "11",
    "app": "MoPTT",
    "id": "33",
    "context": "[新聞]14歲懷孕…她找16歲腮鬍少年假扮爸　騙過1.媒體來源:三立2.完整新聞標題:14歲懷孕…她找16歲腮鬍少年假扮爸　騙過醫師真墮胎3.完整新聞內文:社會中心／綜合報導新北一名14歲少女與21歲男友發生性關係，懷上孩子，但少女不敢跟家人說，於是找來長相超齡的16歲少年扮爸爸，去醫院騙醫生拿流產藥，沒想到真的騙過醫生，順利墮胎。可是沒過多久少女再度懷孕，家人察覺後逼問，才知少女早已墮胎過，氣得怒告少女男友。根據《自由時報》報導，少女與李姓男友交往5個月就懷孕，因怕被罵不敢告訴父母，決定墮胎，但未成年墮胎需要法定代理人同意，於是少女以「學校需要」為由，騙到爸爸身分證及戶口名簿影本，加上找來留著落腮鬍，長相成熟的16歲徐姓少年假扮爸爸，三人安排劇本，說好要少年暴怒衝進診間，假裝氣到忘記脫下全罩式安全帽，大罵李姓男友等等，結果真的順利騙過醫生，得手流產藥。但李姓男友食髓知味，少女墮胎沒多久又懷孕，只是這次被少女家人發現，一問之下才知道女兒早就有墮胎經驗，氣得怒告李姓男友。檢方偵辦時，將張姓醫師依「墮胎罪」送辦，但之後認為徐姓少年真的長相成熟，且沒辦法證明醫師明知少年假扮卻給藥，予以不起訴；而徐姓少年供稱「朋友有難，義不容辭」，所以答應幫忙，李男則因冒用他人名義偽造流產同意書，判判刑3月，得易科罰金。4.完整新聞連結(或短網址):http://www.setn.com/news.aspx?newsid=2546815.備註:各位觀眾！14歲，墮胎2次！",
    "time": "2017/05/21 23:23:16",
    "event": "click"
  },
  {
    "category": "11",
    "app": "MoPTT",
    "id": "34",
    "context": "[新聞]14歲懷孕…她找16歲腮鬍少年假扮爸　騙過1.媒體來源:三立2.完整新聞標題:14歲懷孕…她找16歲腮鬍少年假扮爸　騙過醫師真墮胎3.完整新聞內文:社會中心／綜合報導新北一名14歲少女與21歲男友發生性關係，懷上孩子，但少女不敢跟家人說，於是找來長相超齡的16歲少年扮爸爸，去醫院騙醫生拿流產藥，沒想到真的騙過醫生，順利墮胎。可是沒過多久少女再度懷孕，家人察覺後逼問，才知少女早已墮胎過，氣得怒告少女男友。根據《自由時報》報導，少女與李姓男友交往5個月就懷孕，因怕被罵不敢告訴父母，決定墮胎，但未成年墮胎需要法定代理人同意，於是少女以「學校需要」為由，騙到爸爸身分證及戶口名簿影本，加上找來留著落腮鬍，長相成熟的16歲徐姓少年假扮爸爸，三人安排劇本，說好要少年暴怒衝進診間，假裝氣到忘記脫下全罩式安全帽，大罵李姓男友等等，結果真的順利騙過醫生，得手流產藥。但李姓男友食髓知味，少女墮胎沒多久又懷孕，只是這次被少女家人發現，一問之下才知道女兒早就有墮胎經驗，氣得怒告李姓男友。檢方偵辦時，將張姓醫師依「墮胎罪」送辦，但之後認為徐姓少年真的長相成熟，且沒辦法證明醫師明知少年假扮卻給藥，予以不起訴；而徐姓少年供稱「朋友有難，義不容辭」，所以答應幫忙，李男則因冒用他人名義偽造流產同意書，判判刑3月，得易科罰金。4.完整新聞連結(或短網址):http://www.setn.com/news.aspx?newsid=2546815.備註:各位觀眾！14歲，墮胎2次！",
    "time": "2017/05/21 23:23:16",
    "event": "slide"
  }
]