[
  {
    "category": "12",
    "app": "MoPTT",
    "id": "35",
    "context": "[問卦]哪款手遊是你玩最久的?現在的手遊市場蓬勃糞手遊也當然越來越多那款手遊是你玩最久的?肥宅我玩最久的是從2013/3/16號開始玩的現在還繼續玩著玩到原公司倒閉給新公司繼續接手應該算是古灰級玩家各位有那款手遊是你玩最久的嗎？有沒有八卦?",
    "time": "2017/05/21 23:25:00",
    "event": "click"
  },
  {
    "category": "12",
    "app": "MoPTT",
    "id": "36",
    "context": "[問卦]哪款手遊是你玩最久的?現在的手遊市場蓬勃糞手遊也當然越來越多那款手遊是你玩最久的?肥宅我玩最久的是從2013/3/16號開始玩的現在還繼續玩著玩到原公司倒閉給新公司繼續接手應該算是古灰級玩家各位有那款手遊是你玩最久的嗎？有沒有八卦?",
    "time": "2017/05/21 23:25:00",
    "event": "slide"
  }
]