[
  {
    "category": "14",
    "app": "MoPTT",
    "id": "41",
    "context": "[新聞]新南向政策重鎮我、印尼雙邊投資未見成1.媒體來源:udn2.完整新聞標題:新南向政策重鎮我、印尼雙邊投資未見成長3.完整新聞內文:小英政府力推新南向政策，印尼被選為新南向政策重點市場。不過新政府執政滿週年，我與印尼雙邊投資並未成長。印尼被外貿協會董事長黃志芳選為新南向的重點拓展市場。貿協上週纔在印尼首都雅加達首次舉辦「臺灣形象展」，促進臺印雙邊交流。僅管新政府拿出行動，近一年來，印尼與臺灣的雙邊投資並沒有成長。近五年來，我對印尼的投資高峯停留在二○一五年，投資額達四億四百八十三萬美元，之後持續下跌，甚至未能恢復到一九九八年印尼排華事件前的投資額。一九九八年，印尼發生「黑色五月暴動」排華事件，雙邊投資額立即受到衝擊。我國駐外人士回憶，當時有臺商連夜逃跑到機場，工廠不要了，「車子也在機場賤價賣掉」，頭也不回地離開。排華事件至今雖然已經十九年，但仍是印尼華人心中的傷痕。人士回憶，當時有臺商連夜逃跑到機場，工廠不要了，「車子也在機場賤價賣掉」，頭也不回地離開。排華事件至今雖然已經十九年，但仍是印尼華人心中的傷痕。據投審會統計顯示，印尼並非是我國廠商投資東協的最愛。去年我對東協十國投資的廿三億美元中，對新加坡投資十五億最多，佔比達六成六，依序是越南及緬甸。印尼僅排行第七名，投資金額佔比不到兩個百分點。中經院東協中心主任徐遵慈指出，印尼雖然市場大，但有諸多投資限制，如文化隔閡、供應鏈不完整等。相比起越南有tpp及越歐fta，印尼較少簽訂fta，也不利出口導向的投資案。近年臺商大型投資案較少，也有臺商遇到政府效能不彰。徐遵慈也說，雖然有臺商呼籲政府思考以臺灣工業區或產業鏈協助業者進駐，但先前有臺旺工業區失敗案例，未來若要規劃工業區，需要全盤評估。不過，徐遵慈也說，印尼潛力大，佐科威政府也想大力發展製造業，去年又公佈一波開放外資措施，如電子商務，製藥原料生產等。印尼政府現對外資友善，政經環境穩定，值得關注。4.完整新聞連結(或短網址):https://udn.com/news/story/7238/24752385.備註:東協都是大陸的形狀了",
    "time": "2017/05/21 23:27:17",
    "event": "click"
  },
  {
    "category": "14",
    "app": "MoPTT",
    "id": "42",
    "context": "[新聞]新南向政策重鎮我、印尼雙邊投資未見成1.媒體來源:udn2.完整新聞標題:新南向政策重鎮我、印尼雙邊投資未見成長3.完整新聞內文:小英政府力推新南向政策，印尼被選為新南向政策重點市場。不過新政府執政滿週年，我與印尼雙邊投資並未成長。印尼被外貿協會董事長黃志芳選為新南向的重點拓展市場。貿協上週纔在印尼首都雅加達首次舉辦「臺灣形象展」，促進臺印雙邊交流。僅管新政府拿出行動，近一年來，印尼與臺灣的雙邊投資並沒有成長。近五年來，我對印尼的投資高峯停留在二○一五年，投資額達四億四百八十三萬美元，之後持續下跌，甚至未能恢復到一九九八年印尼排華事件前的投資額。一九九八年，印尼發生「黑色五月暴動」排華事件，雙邊投資額立即受到衝擊。我國駐外人士回憶，當時有臺商連夜逃跑到機場，工廠不要了，「車子也在機場賤價賣掉」，頭也不回地離開。排華事件至今雖然已經十九年，但仍是印尼華人心中的傷痕。人士回憶，當時有臺商連夜逃跑到機場，工廠不要了，「車子也在機場賤價賣掉」，頭也不回地離開。排華事件至今雖然已經十九年，但仍是印尼華人心中的傷痕。據投審會統計顯示，印尼並非是我國廠商投資東協的最愛。去年我對東協十國投資的廿三億美元中，對新加坡投資十五億最多，佔比達六成六，依序是越南及緬甸。印尼僅排行第七名，投資金額佔比不到兩個百分點。中經院東協中心主任徐遵慈指出，印尼雖然市場大，但有諸多投資限制，如文化隔閡、供應鏈不完整等。相比起越南有tpp及越歐fta，印尼較少簽訂fta，也不利出口導向的投資案。近年臺商大型投資案較少，也有臺商遇到政府效能不彰。徐遵慈也說，雖然有臺商呼籲政府思考以臺灣工業區或產業鏈協助業者進駐，但先前有臺旺工業區失敗案例，未來若要規劃工業區，需要全盤評估。不過，徐遵慈也說，印尼潛力大，佐科威政府也想大力發展製造業，去年又公佈一波開放外資措施，如電子商務，製藥原料生產等。印尼政府現對外資友善，政經環境穩定，值得關注。4.完整新聞連結(或短網址):https://udn.com/news/story/7238/24752385.備註:東協都是大陸的形狀了",
    "time": "2017/05/21 23:27:17",
    "event": "slide"
  }
]