[
  {
    "category": "16",
    "app": "MoPTT",
    "id": "43",
    "context": "[新聞]一直餵一直餵，15公斤胖猴變肥宅沒朋友媒體來源:奇摩新聞連結：https://tw.mobi.yahoo.com/news/遊客一直餵一直餵-15公斤胖猴變肥宅沒朋友-031718018.html完整新聞內容：泰國曼谷有隻猴子體重重達15公斤，是正常體重的兩倍，肚子大得嚇人，當地民眾稱牠為「胖叔」（unclefatty），原來是因為吃太多遊客給的食物，接下來準備要參加減肥營了。根據英國「太陽報」（thesun）、每日鏡報（dailymirror）報導，泰國曼谷水上市場有一隻胖獼猴，因為常常吃遊客餵的玉米、香瓜、奶昔等食物，體重高達15公斤，更有超大的肚子。遊客每天餵食，胖獼猴吃得非常開心，像是一隻懶洋洋的肥宅，牠不會像其他同類的猴子一樣跳來跳去，或是在樹上遊玩，只喜歡到處坐在地上吃東西，加上牠很年長，其他猴子一樣跳來跳去，或是在樹上遊玩，只喜歡到處坐在地上吃東西，加上牠很年長，其他猴子還很尊重牠。過剩的熱量讓牠越來越胖，當地民眾為此稱牠為「胖叔」（unclefatty），但牠的身型可能威脅到健康，因為猴子的平均重量是8到10公斤，當地的野生動物官員決定計畫讓牠減肥至少7公斤。胖叔的照片在網路瘋傳，當地靈長類保育團體說，其實胖叔只是胖、過重而已，目前沒有發現任何異常的健康狀況，唯一問題是有點孤單，社交上有點障礙，需要好好地減肥，幫助牠找回原本的朋友。.......…............................……真的不能太肥，至少當個瘦宅",
    "time": "2017/05/21 23:27:21",
    "event": "click"
  },
  {
    "category": "16",
    "app": "MoPTT",
    "id": "44",
    "context": "[新聞]一直餵一直餵，15公斤胖猴變肥宅沒朋友媒體來源:奇摩新聞連結：https://tw.mobi.yahoo.com/news/遊客一直餵一直餵-15公斤胖猴變肥宅沒朋友-031718018.html完整新聞內容：泰國曼谷有隻猴子體重重達15公斤，是正常體重的兩倍，肚子大得嚇人，當地民眾稱牠為「胖叔」（unclefatty），原來是因為吃太多遊客給的食物，接下來準備要參加減肥營了。根據英國「太陽報」（thesun）、每日鏡報（dailymirror）報導，泰國曼谷水上市場有一隻胖獼猴，因為常常吃遊客餵的玉米、香瓜、奶昔等食物，體重高達15公斤，更有超大的肚子。遊客每天餵食，胖獼猴吃得非常開心，像是一隻懶洋洋的肥宅，牠不會像其他同類的猴子一樣跳來跳去，或是在樹上遊玩，只喜歡到處坐在地上吃東西，加上牠很年長，其他猴子一樣跳來跳去，或是在樹上遊玩，只喜歡到處坐在地上吃東西，加上牠很年長，其他猴子還很尊重牠。過剩的熱量讓牠越來越胖，當地民眾為此稱牠為「胖叔」（unclefatty），但牠的身型可能威脅到健康，因為猴子的平均重量是8到10公斤，當地的野生動物官員決定計畫讓牠減肥至少7公斤。胖叔的照片在網路瘋傳，當地靈長類保育團體說，其實胖叔只是胖、過重而已，目前沒有發現任何異常的健康狀況，唯一問題是有點孤單，社交上有點障礙，需要好好地減肥，幫助牠找回原本的朋友。.......…............................……真的不能太肥，至少當個瘦宅",
    "time": "2017/05/21 23:27:21",
    "event": "slide"
  }
]