[
  {
    "category": "17",
    "app": "MoPTT",
    "id": "45",
    "context": "考驗人性？圖書館內皮夾佔位現金全被考驗人性？圖書館內皮夾佔位現金全被賊抽走https://udn.com/news/story/7320/2476048?from=udn-ch1_breaknews-1-0-news2017-05-2114:02聯合報記者蕭雅娟╱即時報導高雄一名17歲高職生到圖書館k書，找到位置後竟拿出皮夾幫同學佔位，沒想到同學沒來被放鳥，換位置讀書時忘記帶走皮夾，遭40歲陳姓男子發現，抽走美金1百元、新臺幣1千元紙鈔，警方調監視器並到圖書館埋伏，果真逮到陳，全案依竊盜罪嫌移送法辦。5月10日這名高職學生到文化中心讀書，竟然拿出皮夾放在桌上，幫同學佔位置，錢財證件露白，沒覺得不妥，以為圖書館文青都是好人。學生在發現有更好位置時，換位讀書，卻忘記帶走站位皮錢，這時40歲陳姓男子發現皮夾，順手抽走皮夾內的1百元美金和1千元新臺幣。苓雅警分局凱旋路派出所長吳銘雄表示，圖書館員發現皮夾後通知學生領回，學生清點時驚覺錢不見，慌張報警，調閱監視器發現一名長髮男子形跡可疑，偷走皮夾現金。據館員表示，男子近期常到圖書館休息，使用手機免費充電，14日發現男子再度上門，疑似食髓知味，立即通知警方，警方在圖書館埋伏約2小時，尚不見再度下手，便上前出示監視器影像。陳嫌表示，偷了皮夾內美金、臺幣，已經都花光，也供稱手上手錶也是竊盜贓物，並將準現行犯帶回派出所，全案依竊盜罪嫌移送法辦。",
    "time": "2017/05/21 23:27:42",
    "event": "click"
  },
  {
    "category": "17",
    "app": "MoPTT",
    "id": "46",
    "context": "考驗人性？圖書館內皮夾佔位現金全被考驗人性？圖書館內皮夾佔位現金全被賊抽走https://udn.com/news/story/7320/2476048?from=udn-ch1_breaknews-1-0-news2017-05-2114:02聯合報記者蕭雅娟╱即時報導高雄一名17歲高職生到圖書館k書，找到位置後竟拿出皮夾幫同學佔位，沒想到同學沒來被放鳥，換位置讀書時忘記帶走皮夾，遭40歲陳姓男子發現，抽走美金1百元、新臺幣1千元紙鈔，警方調監視器並到圖書館埋伏，果真逮到陳，全案依竊盜罪嫌移送法辦。5月10日這名高職學生到文化中心讀書，竟然拿出皮夾放在桌上，幫同學佔位置，錢財證件露白，沒覺得不妥，以為圖書館文青都是好人。學生在發現有更好位置時，換位讀書，卻忘記帶走站位皮錢，這時40歲陳姓男子發現皮夾，順手抽走皮夾內的1百元美金和1千元新臺幣。苓雅警分局凱旋路派出所長吳銘雄表示，圖書館員發現皮夾後通知學生領回，學生清點時驚覺錢不見，慌張報警，調閱監視器發現一名長髮男子形跡可疑，偷走皮夾現金。據館員表示，男子近期常到圖書館休息，使用手機免費充電，14日發現男子再度上門，疑似食髓知味，立即通知警方，警方在圖書館埋伏約2小時，尚不見再度下手，便上前出示監視器影像。陳嫌表示，偷了皮夾內美金、臺幣，已經都花光，也供稱手上手錶也是竊盜贓物，並將準現行犯帶回派出所，全案依竊盜罪嫌移送法辦。",
    "time": "2017/05/21 23:27:42",
    "event": "slide"
  }
]