[
  {
    "category": "18",
    "app": "MoPTT",
    "id": "47",
    "context": "[問卦]存到第一桶金可以幹嘛？肥宅有個朋友大學努力打工終於在畢業時存到了人生的第一桶金問我要拿來做什麼好?究竟該如何運用呢？有沒有八卦啊？",
    "time": "2017/05/21 23:35:22",
    "event": "click"
  },
  {
    "category": "18",
    "app": "MoPTT",
    "id": "48",
    "context": "[問卦]存到第一桶金可以幹嘛？肥宅有個朋友大學努力打工終於在畢業時存到了人生的第一桶金問我要拿來做什麼好?究竟該如何運用呢？有沒有八卦啊？",
    "time": "2017/05/21 23:35:22",
    "event": "slide"
  }
]