[
  {
    "category": "19",
    "app": "MoPTT",
    "id": "49",
    "context": "[問卦]30萬能創什麼業？小弟24y沒學歷沒經歷但又不想每個月領39k死薪水想要自己創業我身上有30萬目前想到的有菜市場夜市擺攤算過了月管銷約10-15萬（租金、人事、成本、油錢等等之類）等於一天要賺5000的業績才能打平開銷容易嗎？還是困難？",
    "time": "2017/05/21 23:35:57",
    "event": "click"
  },
  {
    "category": "19",
    "app": "MoPTT",
    "id": "50",
    "context": "[問卦]30萬能創什麼業？小弟24y沒學歷沒經歷但又不想每個月領39k死薪水想要自己創業我身上有30萬目前想到的有菜市場夜市擺攤算過了月管銷約10-15萬（租金、人事、成本、油錢等等之類）等於一天要賺5000的業績才能打平開銷容易嗎？還是困難？",
    "time": "2017/05/21 23:35:57",
    "event": "slide"
  }
]