[
  {
    "category": "2",
    "app": "MoPTT",
    "id": "3",
    "context": "[閒聊]lol為什麼一堆人說mmd跟ziv五五開呀真的推文好多人這樣認為我還以為開玩笑可是一堆人好像是認真的樣子季後賽ziv是被單殺沒錯但我覺得真的是ziv打的太激進想爆掉mmd的原因而且可以回看季後賽影片fw幫上路bp很多唉就像msi一樣我覺得ziv雖然沒上季carry但他角色池廣而且練得蠻強的從以前上路雷滋,斯溫卡蜜兒<大招蓋阿離>達瑞斯菲斯古格拉斯凱能應該還有一堆其它沒記到的角色大家有想到可以說一下不是像mmd一樣練的大多是坦型角而是各種類型角大家是真的認為mmd跟ziv平分秋色嗎不說mmd角色問題光fw幫上路的bp就差很多了我以為是開玩笑但咪粉好像是真的覺得一樣強或比ziv強",
    "time": "2017/05/21 22:44:00",
    "event": "click"
  },
  {
    "category": "2",
    "app": "MoPTT",
    "id": "4",
    "context": "[閒聊]lol為什麼一堆人說mmd跟ziv五五開呀真的推文好多人這樣認為我還以為開玩笑可是一堆人好像是認真的樣子季後賽ziv是被單殺沒錯但我覺得真的是ziv打的太激進想爆掉mmd的原因而且可以回看季後賽影片fw幫上路bp很多唉就像msi一樣我覺得ziv雖然沒上季carry但他角色池廣而且練得蠻強的從以前上路雷滋,斯溫卡蜜兒<大招蓋阿離>達瑞斯菲斯古格拉斯凱能應該還有一堆其它沒記到的角色大家有想到可以說一下不是像mmd一樣練的大多是坦型角而是各種類型角大家是真的認為mmd跟ziv平分秋色嗎不說mmd角色問題光fw幫上路的bp就差很多了我以為是開玩笑但咪粉好像是真的覺得一樣強或比ziv強",
    "time": "2017/05/21 22:44:00",
    "event": "slide"
  },
  {
    "category": "2",
    "app": "MoPTT",
    "id": "5",
    "context": "[公告]lol板開始舉辦樂透!時間sunmay2121:12:062017───────────────────────────────────────┌───┐▄▄▄▄▄▄▄▄▄▄▄▄▄▄▄│ＭＳＩ│▄▄▄▄▄▄▄▄▄▄▄▄│2017│▄▄▄▄▄▄ＶＳ▄▄▄▄▄▄▄│冠軍戰│=========================================└───┘game1特殊選項：本場perkz擊殺數>=faker３＞２＝１請到lol板按'f'參與樂透!一張100ptt幣(平民級)樂透結束時間:05/22/201702:15:48",
    "time": "2017/05/21 22:49:04",
    "event": "click"
  },
  {
    "category": "2",
    "app": "MoPTT",
    "id": "6",
    "context": "[公告]lol板開始舉辦樂透!時間sunmay2121:12:062017───────────────────────────────────────┌───┐▄▄▄▄▄▄▄▄▄▄▄▄▄▄▄│ＭＳＩ│▄▄▄▄▄▄▄▄▄▄▄▄│2017│▄▄▄▄▄▄ＶＳ▄▄▄▄▄▄▄│冠軍戰│=========================================└───┘game1特殊選項：本場perkz擊殺數>=faker３＞２＝１請到lol板按'f'參與樂透!一張100ptt幣(平民級)樂透結束時間:05/22/201702:15:48",
    "time": "2017/05/21 22:49:04",
    "event": "slide"
  },
  {
    "category": "2",
    "app": "MoPTT",
    "id": "7",
    "context": "[閒聊]lol說要換mmd的都有一個通病就是說不出來到底要換誰，提不出一個實質上真正能取代mmd而且買得過來的上路可以先請各位說要換mmd的鄉民們提出一個可以換的上路嗎?這樣討論纔有價值，不然你們說再多也沒用，因為閃電狼的上路仍然會是mmd說3z、ziv可以不用想了電狼節目說過，想挖3z、ziv?抱歉，老闆不會放而臺服菁英前十的路人都不一定有訓練的價值而且菁英中打上路的更少事實上就是臺服人才缺乏，怎麼還是一堆人看不出來，一直說要換mmd你們想換，那教練團難道會不想換嗎?如果有更好的人選怎麼會不換，也就是說mmd已經是lms中頂級的上路了即使msi這幾場的表現跟各國上路有所差距，但也已經沒有人選可以換了所以結論就是在鄉民們能提出一個可以換掉mmd的上路以前就請你們委屈一點繼續看mmd打上路吧!!!~不然每次都會變成:鄉:換掉mmd啦!!!打那麼爛還不換鄉鄉:那要換誰??鄉:................鄉鄉:講幹話逆?說要換卻又說不出要換誰....就只是在講幹話罷了~那教練團想不到辦法嗎?我們看不到欸，說不定已經找過很多人選但還是不及mmd啊?那你就只能繼續看mmd打上路囉~換不到人押~沒說一定幫fw找人阿，只是覺得那些一直說要換卻又說不出要換誰的人很奇怪~sakamaki編輯114.39.100.2505/2119:44沒有怪你r~打得差當然要換，但沒人可換，就只好去怪臺服沒人才吧~",
    "time": "2017/05/21 22:52:11",
    "event": "click"
  },
  {
    "category": "2",
    "app": "MoPTT",
    "id": "8",
    "context": "[閒聊]lol說要換mmd的都有一個通病就是說不出來到底要換誰，提不出一個實質上真正能取代mmd而且買得過來的上路可以先請各位說要換mmd的鄉民們提出一個可以換的上路嗎?這樣討論纔有價值，不然你們說再多也沒用，因為閃電狼的上路仍然會是mmd說3z、ziv可以不用想了電狼節目說過，想挖3z、ziv?抱歉，老闆不會放而臺服菁英前十的路人都不一定有訓練的價值而且菁英中打上路的更少事實上就是臺服人才缺乏，怎麼還是一堆人看不出來，一直說要換mmd你們想換，那教練團難道會不想換嗎?如果有更好的人選怎麼會不換，也就是說mmd已經是lms中頂級的上路了即使msi這幾場的表現跟各國上路有所差距，但也已經沒有人選可以換了所以結論就是在鄉民們能提出一個可以換掉mmd的上路以前就請你們委屈一點繼續看mmd打上路吧!!!~不然每次都會變成:鄉:換掉mmd啦!!!打那麼爛還不換鄉鄉:那要換誰??鄉:................鄉鄉:講幹話逆?說要換卻又說不出要換誰....就只是在講幹話罷了~--※發信站:批踢踢實業坊(ptt.cc),來自:114.39.100.25※瀏覽網頁版※那教練團想不到辦法嗎?我們看不到欸，說不定已經找過很多人選但還是不及mmd啊?那你就只能繼續看mmd打上路囉~換不到人押~沒說一定幫fw找人阿，只是覺得那些一直說要換卻又說不出要換誰的人很奇怪~sakamaki編輯114.39.100.2505/2119:44沒有怪你r~打得差當然要換，但沒人可換，就只好去怪臺服沒人才吧~",
    "time": "2017/05/21 22:52:11",
    "event": "slide"
  },
  {
    "category": "2",
    "app": "MoPTT",
    "id": "9",
    "context": "re:[閒聊]lol說要換mmd的都有一個通病※引述《sakamaki(izayoi)》之銘言：:就是說不出來到底要換誰，提不出一個實質上真正能取代mmd而且買得過來的上路:可以先請各位說要換mmd的鄉民們提出一個可以換的上路嗎?:這樣討論纔有價值，不然你們說再多也沒用，因為閃電狼的上路仍然會是mmd:說3z、ziv可以不用想了:電狼節目說過，想挖3z、ziv?抱歉，老闆不會放:而臺服菁英前十的路人都不一定有訓練的價值:而且菁英中打上路的更少:事實上就是臺服人才缺乏，怎麼還是一堆人看不出來，一直說要換mmd:你們想換，那教練團難道會不想換嗎?:如果有更好的人選怎麼會不換，也就是說mmd已經是lms中頂級的上路了:即使msi這幾場的表現跟各國上路有所差距，但也已經沒有人選可以換了:所以結論就是在鄉民們能提出一個可以換掉mmd的上路以前:就請你們委屈一點繼續看mmd打上路吧!!!~目前閃電狼遇到的其中一個困境就是mmd拿不出足夠多的鬥士角因此限制了閃電狼的bp解決的辦法主要有兩個方向(1)換掉上路好處：要是成功找到一個打線比mmd更強角色池更廣的上路的話，讓上路能夠推線就能夠讓閃電狼的戰術更加多元，更有機會去練出所謂的第二套陣容風險：現在換上路要是磨合不成功的話怎麼辦？s7直接forfun?中途再換回mmd？直接劍指s8？實際的情況：要馬上找到立即取代的上路難度實在太高，臺灣待遇一定比不上歐美，強的韓國人根本也不會想來，kfo這種路人王都有lcs可以去了沒辦法馬上換掉的話，至少替補上路一定要有吧？強如huni都得坐板凳看profit偶爾上來熱熱手，準備一個替補上路讓彼此競爭也許殘酷但終究是必要的(2)不換人，期待mmd繼續進步好處：默契已經在了，如果mmd能繼續進步那對閃電狼來說一定是成本最低的一個選項風險：如果mmd因為種種因素已經沒辦法再進步了，那他上場的一份一秒都是浪費他自己還有大家的時間，長痛不如短痛，就趕快從哈士奇或是去盤來後段班的上路來重新試試看實際情況：綜觀整個春季的lms，我認為mmd是絕對有進步的，從最一開始連拿納帝魯斯這種混分腳都能送比賽，燒森林的爛寶，都後來都練完成了，也新拿出了克雷德慎，甚至在msi也繼續拿出了飛斯薛了一場skt打贏加賽，也拿出了重置後的加里歐(雖然擺在huni的加里歐面前看起來像塑膠的)但是是有慢慢掏出角色的(也許速度還是太慢)，整個團隊能給他最後的耐心應該就是這個夏季了，如果要成為箭頭他必須要拿出他以前沒用過甚至沒碰過的角色：菲歐拉凱能鱷魚甚至是史瓦妮傑西阿卡莉賈克斯達瑞斯，我自己其實很喜歡mmd的，但是如果他已經沒辦法再進步了，那為了團隊最終只能換掉他，在他拿出成績之前所有努力都是屁，那些努力都是他有成績之後拿來吹捧他的話而已，腦粉如我還是期許自己他自己能爭氣，下一次遇到huni的時候讓huni嚇到露出o口o的表情",
    "time": "2017/05/21 22:53:18",
    "event": "click"
  },
  {
    "category": "2",
    "app": "MoPTT",
    "id": "10",
    "context": "re:[閒聊]lol說要換mmd的都有一個通病※引述《sakamaki(izayoi)》之銘言：:就是說不出來到底要換誰，提不出一個實質上真正能取代mmd而且買得過來的上路:可以先請各位說要換mmd的鄉民們提出一個可以換的上路嗎?:這樣討論纔有價值，不然你們說再多也沒用，因為閃電狼的上路仍然會是mmd:說3z、ziv可以不用想了:電狼節目說過，想挖3z、ziv?抱歉，老闆不會放:而臺服菁英前十的路人都不一定有訓練的價值:而且菁英中打上路的更少:事實上就是臺服人才缺乏，怎麼還是一堆人看不出來，一直說要換mmd:你們想換，那教練團難道會不想換嗎?:如果有更好的人選怎麼會不換，也就是說mmd已經是lms中頂級的上路了:即使msi這幾場的表現跟各國上路有所差距，但也已經沒有人選可以換了:所以結論就是在鄉民們能提出一個可以換掉mmd的上路以前:就請你們委屈一點繼續看mmd打上路吧!!!~目前閃電狼遇到的其中一個困境就是mmd拿不出足夠多的鬥士角因此限制了閃電狼的bp解決的辦法主要有兩個方向(1)換掉上路好處：要是成功找到一個打線比mmd更強角色池更廣的上路的話，讓上路能夠推線就能夠讓閃電狼的戰術更加多元，更有機會去練出所謂的第二套陣容風險：現在換上路要是磨合不成功的話怎麼辦？s7直接forfun?中途再換回mmd？直接劍指s8？實際的情況：要馬上找到立即取代的上路難度實在太高，臺灣待遇一定比不上歐美，強的韓國人根本也不會想來，kfo這種路人王都有lcs可以去了沒辦法馬上換掉的話，至少替補上路一定要有吧？強如huni都得坐板凳看profit偶爾上來熱熱手，準備一個替補上路讓彼此競爭也許殘酷但終究是必要的(2)不換人，期待mmd繼續進步好處：默契已經在了，如果mmd能繼續進步那對閃電狼來說一定是成本最低的一個選項風險：如果mmd因為種種因素已經沒辦法再進步了，那他上場的一份一秒都是浪費他自己還有大家的時間，長痛不如短痛，就趕快從哈士奇或是去盤來後段班的上路來重新試試看實際情況：綜觀整個春季的lms，我認為mmd是絕對有進步的，從最一開始連拿納帝魯斯這種混分腳都能送比賽，燒森林的爛寶，都後來都練完成了，也新拿出了克雷德慎，甚至在msi也繼續拿出了飛斯薛了一場skt打贏加賽，也拿出了重置後的加里歐(雖然擺在huni的加里歐面前看起來像塑膠的)但是是有慢慢掏出角色的(也許速度還是太慢)，整個團隊能給他最後的耐心應該就是這個夏季了，如果要成為箭頭他必須要拿出他以前沒用過甚至沒碰過的角色：菲歐拉凱能鱷魚甚至是史瓦妮傑西阿卡莉賈克斯達瑞斯，我自己其實很喜歡mmd的，但是如果他已經沒辦法再進步了，那為了團隊最終只能換掉他，在他拿出成績之前所有努力都是屁，那些努力都是他有成績之後拿來吹捧他的話而已，腦粉如我還是期許自己他自己能爭氣，下一次遇到huni的時候讓huni嚇到露出o口o的表情",
    "time": "2017/05/21 22:53:18",
    "event": "slide"
  },
  {
    "category": "2",
    "app": "MoPTT",
    "id": "11",
    "context": "[發錢]lolg3-1威武，請繼續給我們更多的驚喜當lms還在模仿lck的meta時，eu已經開始研究出自己的meta了，不過仔細想想當年eu流的出現感覺這好像理所當然的樣子。meta的東西也不知怎麼說，其實歐拉夫打野在以前的meta也算有過op的年代，為什麼大家認為meta換了韓國隊也不用了，就代表一定會變弱呢？fw打了這麼多季比賽，經過這麼多次的改版，如果去複習以前自己曾經熟悉的或韓國已經丟棄的meta會不會有新的發現？算了，不多說廢話，不是不喜歡skt，只是每年都看skt拿冠軍已經有點膩了，希望g3-1可以打贏skt奪得冠軍........希望啦........或者拿一場也好xdd首推和每10推300p發到爆為止噓和箭頭不算在內--2017年5月21日，g神兵正式從內戰三幻神戰隊退出，由falsewolves替補。內戰三幻神目前名單：t空龍e神龍黑暗大f師",
    "time": "2017/05/21 22:58:15",
    "event": "click"
  },
  {
    "category": "2",
    "app": "MoPTT",
    "id": "12",
    "context": "[發錢]lolg3-1威武，請繼續給我們更多的驚喜當lms還在模仿lck的meta時，eu已經開始研究出自己的meta了，不過仔細想想當年eu流的出現感覺這好像理所當然的樣子。meta的東西也不知怎麼說，其實歐拉夫打野在以前的meta也算有過op的年代，為什麼大家認為meta換了韓國隊也不用了，就代表一定會變弱呢？fw打了這麼多季比賽，經過這麼多次的改版，如果去複習以前自己曾經熟悉的或韓國已經丟棄的meta會不會有新的發現？算了，不多說廢話，不是不喜歡skt，只是每年都看skt拿冠軍已經有點膩了，希望g3-1可以打贏skt奪得冠軍........希望啦........或者拿一場也好xdd首推和每10推300p發到爆為止噓和箭頭不算在內--2017年5月21日，g神兵正式從內戰三幻神戰隊退出，由falsewolves替補。內戰三幻神目前名單：t空龍e神龍黑暗大f師",
    "time": "2017/05/21 22:58:15",
    "event": "slide"
  },
  {
    "category": "2",
    "app": "MoPTT",
    "id": "13",
    "context": "[閒聊]lol為什麼faker打那麼久了都不會手痛如題faker打比賽已經從s3打到s7季中總共拿了三個s系列冠軍私底下的練習量也一定很多那怎麼都沒有爆出來過faker手痛呢???反倒是國內的選手怎麼打一打就手痛了o'_'o?",
    "time": "2017/05/21 22:58:46",
    "event": "click"
  },
  {
    "category": "2",
    "app": "MoPTT",
    "id": "14",
    "context": "[閒聊]lol為什麼faker打那麼久了都不會手痛如題faker打比賽已經從s3打到s7季中總共拿了三個s系列冠軍私底下的練習量也一定很多那怎麼都沒有爆出來過faker手痛呢???反倒是國內的選手怎麼打一打就手痛了o'_'o?",
    "time": "2017/05/21 22:58:46",
    "event": "slide"
  }
]