[
  {
    "category": "20",
    "app": "MoPTT",
    "id": "51",
    "context": "[請益]找工作在github放專案是什麼概念???github是放程式碼的地方沒錯吧，我有放過幾個然後想請問為什麼有的人會把自己做的東西放到上面，然後跟一些老闆級的自我推銷的時候會說可以去github上面看我的專案，請問他放的不是程式碼嗎???如果是程式碼，那不就被看光光請問找工作時用github放作品推銷自己的時候放的是什麼啊",
    "time": "2017/05/21 23:38:07",
    "event": "click"
  },
  {
    "category": "20",
    "app": "MoPTT",
    "id": "52",
    "context": "[請益]找工作在github放專案是什麼概念???github是放程式碼的地方沒錯吧，我有放過幾個然後想請問為什麼有的人會把自己做的東西放到上面，然後跟一些老闆級的自我推銷的時候會說可以去github上面看我的專案，請問他放的不是程式碼嗎???如果是程式碼，那不就被看光光請問找工作時用github放作品推銷自己的時候放的是什麼啊",
    "time": "2017/05/21 23:38:07",
    "event": "slide"
  }
]