[
  {
    "category": "21",
    "app": "MoPTT",
    "id": "53",
    "context": "[請益]國軍or就業or研究所小弟目前情況是就讀國立尾端普大資工系臺科大資工備取但應該無望對程式算很有興趣未來也一定會從事相關工作能力值是java、php有做過相關應用、c跟c++課堂上碰過一點專題用樹莓派架伺服器弄了一臺nodemcu的遠端電子設備負責開關鎖、內容物狀態的有點物聯網式的產品在繫上有得名英文能力多益5xx但是真的不知道去了業界生態這些子彈是否能幫助我向前衝前幾天學校就業博覽會有去各公司的攤位填資料談了一談，大多是三萬到四萬，蠻多談的還ok都是之後面試但因為有四個月兵役所以都是面試後去當兵再回來有逛到國軍的攤位，但其實畢竟我沒當過兵不知道裡面的生態，先說待遇，士官簽四年第一年一個月32000包吃住然後過完第一年考海軍軍官兩個月訓練後出海一個月70000以上加年終能直接破百，軍官簽一次五年都是當通信兵網管之類的而我的第一印象當然是進去可能會削弱自己出來後的生存能力，但又想說自己能在裡面進修甚至是出來後能把在裡面待過的時間當作經歷，但我不知道在裡面真實做的事情能夠被企業採用當作資歷嗎而進修也是可以選擇的一條路但是這樣算到畢業至少也要三年了因為要重考，有把握可以進上述那間總之就是如果馬上去就業薪水落在3～4萬考研後不清楚國軍第一年3.2萬後來7萬穩定但出來不知道找不找得到工作我想問的是會有人考慮國軍嗎我是覺得自己在前幾年能夠存到一些資產滿不錯的",
    "time": "2017/05/21 23:38:45",
    "event": "click"
  },
  {
    "category": "21",
    "app": "MoPTT",
    "id": "54",
    "context": "[請益]國軍or就業or研究所小弟目前情況是就讀國立尾端普大資工系臺科大資工備取但應該無望對程式算很有興趣未來也一定會從事相關工作能力值是java、php有做過相關應用、c跟c++課堂上碰過一點專題用樹莓派架伺服器弄了一臺nodemcu的遠端電子設備負責開關鎖、內容物狀態的有點物聯網式的產品在繫上有得名英文能力多益5xx但是真的不知道去了業界生態這些子彈是否能幫助我向前衝前幾天學校就業博覽會有去各公司的攤位填資料談了一談，大多是三萬到四萬，蠻多談的還ok都是之後面試但因為有四個月兵役所以都是面試後去當兵再回來有逛到國軍的攤位，但其實畢竟我沒當過兵不知道裡面的生態，先說待遇，士官簽四年第一年一個月32000包吃住然後過完第一年考海軍軍官兩個月訓練後出海一個月70000以上加年終能直接破百，軍官簽一次五年都是當通信兵網管之類的而我的第一印象當然是進去可能會削弱自己出來後的生存能力，但又想說自己能在裡面進修甚至是出來後能把在裡面待過的時間當作經歷，但我不知道在裡面真實做的事情能夠被企業採用當作資歷嗎而進修也是可以選擇的一條路但是這樣算到畢業至少也要三年了因為要重考，有把握可以進上述那間總之就是如果馬上去就業薪水落在3～4萬考研後不清楚國軍第一年3.2萬後來7萬穩定但出來不知道找不找得到工作我想問的是會有人考慮國軍嗎我是覺得自己在前幾年能夠存到一些資產滿不錯的",
    "time": "2017/05/21 23:38:45",
    "event": "slide"
  },
  {
    "category": "21",
    "app": "MoPTT",
    "id": "55",
    "context": "re:[請益]在小公司待不太下去(原文述刪)如下面很多前輩講的，寫code要進步的方式太多了，而codereview是個方法沒錯，但這管道也是有機會讓人對寫程式失去行趣。程式寫的好不好，都是一個創作，但如果公司要求codereview，但主管是那種很守舊，你根本沒辦法跟他討論designpattern，甚至連一些很成熟的framework都不敢用，這種code你寫的會爽嗎？",
    "time": "2017/05/21 23:45:10",
    "event": "click"
  },
  {
    "category": "21",
    "app": "MoPTT",
    "id": "56",
    "context": "re:[請益]在小公司待不太下去(原文述刪)如下面很多前輩講的，寫code要進步的方式太多了，而codereview是個方法沒錯，但這管道也是有機會讓人對寫程式失去行趣。程式寫的好不好，都是一個創作，但如果公司要求codereview，但主管是那種很守舊，你根本沒辦法跟他討論designpattern，甚至連一些很成熟的framework都不敢用，這種code你寫的會爽嗎？",
    "time": "2017/05/21 23:45:10",
    "event": "slide"
  },
  {
    "category": "21",
    "app": "MoPTT",
    "id": "57",
    "context": "[請益]在小公司待不太下去================前言===============我是非本科系學士，之前在學校只會ifelse、迴圈等基本語法，以助理工程師身分進入現在的公司，公司規模很小，成立10幾年人數才5個人，主要以後端為主，當時一直搞不懂為什麼老闆願意收留一個非本科系又沒相關工作經驗的人，之後我才理解到原來老闆就是因為你沒背景所以好聽話薪水又可以跟你壓低，他可以降低人事成本，然後你得到工作經驗，在試用期間主要都是在debug，過完試用期，公司接到個大案子，我便派去寫sa、sd，前後大約寫了快半年，想當然coding沒什麼進步。老闆自己也是programmer，在我進去的時候說他有自信會帶人，但是很顯然不是，常說有問題就要問，問些對於他來講很基本的問題，他又會顯的不耐煩，翻臉跟翻書一樣，於是我想乾脆自行上網google找答案，多少會delay進度，在feedback進度的時候，老闆又會釘你說怎麼那麼慢，解釋原因又再訂你說怎麼不問他，形成惡性循環...================以上是前言===============對於新手來說，都會一段陣痛期，以我目前的狀況來看，只是陣痛期延後發作而以，做不完的部分又要帶回家做，老闆認為勞基法寫軟體業是責任制，但是沒有加班費，畢竟是你的問題，他常說創業之初，每天寫到多晚多晚之類的話，另外，說學的到東西，好像也學的一知半解，很多觀念都是我自行買課才知道為什麼目前公司架構會這樣寫，想到老闆說過花錢進修的部分公司會補助這些話聽起來格外諷刺，縱使離職陣痛期的問題還是在，是有考慮過去全職上課，但那都是之後再說，因為現在卡在未滿一年履歷真的不怎麼好看，再加上目前案子做到一半走人，其實還蠻黑的，畢竟我最熟這案子的系統架構....",
    "time": "2017/05/21 23:45:37",
    "event": "click"
  },
  {
    "category": "21",
    "app": "MoPTT",
    "id": "58",
    "context": "[請益]在小公司待不太下去================前言===============我是非本科系學士，之前在學校只會ifelse、迴圈等基本語法，以助理工程師身分進入現在的公司，公司規模很小，成立10幾年人數才5個人，主要以後端為主，當時一直搞不懂為什麼老闆願意收留一個非本科系又沒相關工作經驗的人，之後我才理解到原來老闆就是因為你沒背景所以好聽話薪水又可以跟你壓低，他可以降低人事成本，然後你得到工作經驗，在試用期間主要都是在debug，過完試用期，公司接到個大案子，我便派去寫sa、sd，前後大約寫了快半年，想當然coding沒什麼進步。老闆自己也是programmer，在我進去的時候說他有自信會帶人，但是很顯然不是，常說有問題就要問，問些對於他來講很基本的問題，他又會顯的不耐煩，翻臉跟翻書一樣，於是我想乾脆自行上網google找答案，多少會delay進度，在feedback進度的時候，老闆又會釘你說怎麼那麼慢，解釋原因又再訂你說怎麼不問他，形成惡性循環...================以上是前言===============對於新手來說，都會一段陣痛期，以我目前的狀況來看，只是陣痛期延後發作而以，做不完的部分又要帶回家做，老闆認為勞基法寫軟體業是責任制，但是沒有加班費，畢竟是你的問題，他常說創業之初，每天寫到多晚多晚之類的話，另外，說學的到東西，好像也學的一知半解，很多觀念都是我自行買課才知道為什麼目前公司架構會這樣寫，想到老闆說過花錢進修的部分公司會補助這些話聽起來格外諷刺，縱使離職陣痛期的問題還是在，是有考慮過去全職上課，但那都是之後再說，因為現在卡在未滿一年履歷真的不怎麼好看，再加上目前案子做到一半走人，其實還蠻黑的，畢竟我最熟這案子的系統架構....",
    "time": "2017/05/21 23:45:37",
    "event": "slide"
  },
  {
    "category": "21",
    "app": "MoPTT",
    "id": "59",
    "context": "[請益]大一生找工作(問題很多)各位前輩大家好小的目前高三升大一，即將從天龍國前去陪猴子因學雜費+生活費自理，所以想找工作，前陣子上104投履歷後有收到4間的面試通知其中一家ceo直接來信表示想先談，在第二次回信中，我有幾個問題1.起薪26k，兩年內每三個月review一次，薪資從review結果反應出來，原本我是回35k，這樣算好還算壞？2.大一課很重，我又想兩邊兼顧，但公司面對的是隨時會提出要求的公司，我該如何和團隊達成良好的溝通及合作？再來是關於面試問題3.因為我是透過104投制式履歷，面試時是否該帶自製履歷？4.面試時我薪水開多少比較恰當？5.該如何開口提出能否補助面試交通費的事情，高鐵下去一次1300，有點難負荷(這點非必要，實際上還是出的起)然後想問面試管道6.最近做完自製履歷，但我不知道哪裡找職缺比較好，ptt上大多偏北部中部，有點尷尬7.我的履歷是兩頁式，第1頁總覽(姓名、電話、信箱、個人網站、github、目標、作品集、社羣經歷、學歷(含競賽及社團經歷)、技能檢定)，第2頁是作品詳細介紹，這樣是否需要修改？最後是關於自己的能力和興趣我真正的興趣在c++做圖學，以及演算法提升效能這塊，但應徵的都是back-end工程師(我網頁的作品不少)8.查到的c++圖學相關職缺都限制很多，我該怎麼找到願意收新人的公司？不論實習或正職9.是否真的有公司願意找單純做效能提升的人，這個我不是抱很大希望，但還是想問10.之前有一家公司是在找實習，結果我問完他說是開給碩士且專題是這個領域的，這代表我真的沒機會嗎？11.如果我的興趣找不到工作，而網頁的能力讓我找到工作了，我該怎麼選擇以上問題有點多，謝謝願意回答的前輩們雖然我最想找的是remoteworking的工作，但以我的能力和資歷來說都很困難，所以才會只限定高雄的工作希望大家不會覺得我太自大或過度自信，我知道我的實力不算特別突出，可能履歷會被收只是看中我的學習熱忱，但我真的很需要一份工作，不但是為了生活，也是為了讓自己的只是看中我的學習熱忱，但我真的很需要一份工作，不但是為了生活，也是為了讓自己的實力成長謝謝",
    "time": "2017/05/21 23:47:05",
    "event": "click"
  },
  {
    "category": "21",
    "app": "MoPTT",
    "id": "60",
    "context": "[請益]大一生找工作(問題很多)各位前輩大家好小的目前高三升大一，即將從天龍國前去陪猴子因學雜費+生活費自理，所以想找工作，前陣子上104投履歷後有收到4間的面試通知其中一家ceo直接來信表示想先談，在第二次回信中，我有幾個問題1.起薪26k，兩年內每三個月review一次，薪資從review結果反應出來，原本我是回35k，這樣算好還算壞？2.大一課很重，我又想兩邊兼顧，但公司面對的是隨時會提出要求的公司，我該如何和團隊達成良好的溝通及合作？再來是關於面試問題3.因為我是透過104投制式履歷，面試時是否該帶自製履歷？4.面試時我薪水開多少比較恰當？5.該如何開口提出能否補助面試交通費的事情，高鐵下去一次1300，有點難負荷(這點非必要，實際上還是出的起)然後想問面試管道6.最近做完自製履歷，但我不知道哪裡找職缺比較好，ptt上大多偏北部中部，有點尷尬7.我的履歷是兩頁式，第1頁總覽(姓名、電話、信箱、個人網站、github、目標、作品集、社羣經歷、學歷(含競賽及社團經歷)、技能檢定)，第2頁是作品詳細介紹，這樣是否需要修改？最後是關於自己的能力和興趣我真正的興趣在c++做圖學，以及演算法提升效能這塊，但應徵的都是back-end工程師(我網頁的作品不少)8.查到的c++圖學相關職缺都限制很多，我該怎麼找到願意收新人的公司？不論實習或正職9.是否真的有公司願意找單純做效能提升的人，這個我不是抱很大希望，但還是想問10.之前有一家公司是在找實習，結果我問完他說是開給碩士且專題是這個領域的，這代表我真的沒機會嗎？11.如果我的興趣找不到工作，而網頁的能力讓我找到工作了，我該怎麼選擇以上問題有點多，謝謝願意回答的前輩們雖然我最想找的是remoteworking的工作，但以我的能力和資歷來說都很困難，所以才會只限定高雄的工作希望大家不會覺得我太自大或過度自信，我知道我的實力不算特別突出，可能履歷會被收只是看中我的學習熱忱，但我真的很需要一份工作，不但是為了生活，也是為了讓自己的只是看中我的學習熱忱，但我真的很需要一份工作，不但是為了生活，也是為了讓自己的實力成長謝謝",
    "time": "2017/05/21 23:47:05",
    "event": "slide"
  },
  {
    "category": "21",
    "app": "MoPTT",
    "id": "61",
    "context": "[請益]offer臺灣erp/澳洲mis/菲律博弈/上海製造offer1國家地區:臺灣臺北公司崗位:鼎xerp顧問師公司規模:中大型企業薪資結構:40000*14稅前上班時間:09:00-21:00週休二日但責任制試用期後有特休其他資訊:有免費健身房與游泳池offer2國家地區:澳洲雪梨公司崗位:lx網管公司mis+營業員公司規模:小型企業薪資結構:3000澳幣約等於70000臺幣稅前不包吃住機上班時間:10:00-19:00週休二日另年休30天/年其他資訊:平常買東西14%可報帳給公司(電腦/車子/相機等)offer3國家地區:中國上海公司崗位:三x特助公司規模:中大型企業薪資結構:人民幣10000約等於44000臺幣稅前另包吃住機票補助3650人民幣上班時間:08:00-21:00週休一日另特休10天/年offer4國家地區:菲律賓馬尼拉馬卡蒂公司崗位:九x博弈公司規模:中大型企業薪資結構:75000臺幣實拿稅後另包吃住機每年4次來回上班時間:09:00-17:00固定8小時年休64天自行排假其他資訊:上班環境良好住五星級飯店有人洗衣有專車基本上除了衣服自己買其他幾乎都包了offer5國家地區:臺灣臺北公司崗位:勤x管理顧問公司規模:中大型企業薪資結構:38000臺幣*14稅前沒包吃住上班時間:09:00-18:00以上都是試用期三個月的待遇，正式的有些薪資會加3000左右個人的特質是做甚麼工作都能夠適應與快速上手不知道哪個工作可以同時兼具存錢+學習+未來發展好請各位大大引導一下qq",
    "time": "2017/05/21 23:49:31",
    "event": "click"
  },
  {
    "category": "21",
    "app": "MoPTT",
    "id": "62",
    "context": "[請益]offer臺灣erp/澳洲mis/菲律博弈/上海製造offer1國家地區:臺灣臺北公司崗位:鼎xerp顧問師公司規模:中大型企業薪資結構:40000*14稅前上班時間:09:00-21:00週休二日但責任制試用期後有特休其他資訊:有免費健身房與游泳池offer2國家地區:澳洲雪梨公司崗位:lx網管公司mis+營業員公司規模:小型企業薪資結構:3000澳幣約等於70000臺幣稅前不包吃住機上班時間:10:00-19:00週休二日另年休30天/年其他資訊:平常買東西14%可報帳給公司(電腦/車子/相機等)offer3國家地區:中國上海公司崗位:三x特助公司規模:中大型企業薪資結構:人民幣10000約等於44000臺幣稅前另包吃住機票補助3650人民幣上班時間:08:00-21:00週休一日另特休10天/年offer4國家地區:菲律賓馬尼拉馬卡蒂公司崗位:九x博弈公司規模:中大型企業薪資結構:75000臺幣實拿稅後另包吃住機每年4次來回上班時間:09:00-17:00固定8小時年休64天自行排假其他資訊:上班環境良好住五星級飯店有人洗衣有專車基本上除了衣服自己買其他幾乎都包了offer5國家地區:臺灣臺北公司崗位:勤x管理顧問公司規模:中大型企業薪資結構:38000臺幣*14稅前沒包吃住上班時間:09:00-18:00以上都是試用期三個月的待遇，正式的有些薪資會加3000左右個人的特質是做甚麼工作都能夠適應與快速上手不知道哪個工作可以同時兼具存錢+學習+未來發展好請各位大大引導一下qq",
    "time": "2017/05/21 23:49:31",
    "event": "slide"
  },
  {
    "category": "21",
    "app": "MoPTT",
    "id": "63",
    "context": "[請益]碩士領域選擇各位好教授給了我幾個碩論方向以下是學長姐大概做過的題目大概是從裡面挑一個可以改進或增加的繼續做下去想詢問看看版友有何建議1.網頁相關利用javascript做網頁服務與設計2.機器學習這學長姐做的題目蠻廣的，教授有提到會需要使用tensorflow3.影像處理利用matlab或c，分析圖片上的特徵等等，達到所要的目的4.app設計健康管理app，紀錄使用者的習慣並給予適當建議等，也會需要web的知識5.資料壓縮這方面我還不太瞭解，但大概就是探討如何壓縮更有效率主要是想以未來發展性為考量因為還是學生，不清楚業界大概狀況是怎樣...所以想請教各位前輩，謝謝!",
    "time": "2017/05/21 23:50:05",
    "event": "click"
  },
  {
    "category": "21",
    "app": "MoPTT",
    "id": "64",
    "context": "[請益]碩士領域選擇各位好教授給了我幾個碩論方向以下是學長姐大概做過的題目大概是從裡面挑一個可以改進或增加的繼續做下去想詢問看看版友有何建議1.網頁相關利用javascript做網頁服務與設計2.機器學習這學長姐做的題目蠻廣的，教授有提到會需要使用tensorflow3.影像處理利用matlab或c，分析圖片上的特徵等等，達到所要的目的4.app設計健康管理app，紀錄使用者的習慣並給予適當建議等，也會需要web的知識5.資料壓縮這方面我還不太瞭解，但大概就是探討如何壓縮更有效率主要是想以未來發展性為考量因為還是學生，不清楚業界大概狀況是怎樣...所以想請教各位前輩，謝謝!",
    "time": "2017/05/21 23:50:05",
    "event": "slide"
  },
  {
    "category": "21",
    "app": "MoPTT",
    "id": "65",
    "context": "re:[請益]大一生找工作(問題很多)我已過來人身份告訴你一個道理如果是打工唸書交女朋友就算了沒有必要在大學時期做一份全職工作除非家裡真的很缺錢畢業以後跟同學不熟沒什麼知心朋友沒參加社團沒有培養出休閒活動大學生活還是不完整除非是自己創業不然幫別人工作一個月三四萬講難聽就是打雜一輩子不差那幾十萬也不差那幾年除臭蟲經驗或是多學那兩三種語言或一兩種領域的專長等你到三十幾歲也不過就是中階主管不會社交沒有完整的家庭也沒多讓人羨慕你這樣就好比小孩子小時候是天才一直拼命跳級一直把壓力放自己身上少了醞釀不過是一瓶沒有韻味的烈酒沒有層次尤其是做一些debug用自己的生命換錢和一些鳥經驗的事情這些你可以出社會再來慢慢玩喜歡玩可以玩到七八十歲不要到三四十歲還是個無趣的程式宅不會運動沒有自己的興趣沒有一起喝酒喇賽的好朋友人生只有一次不要幻想三四十歲事業有成能交到知心好友不要幻想到時候再培養第二專長或是興趣尤其不要為了賺那幾十萬把自己的大學生活搞得每天都在上課上班甚至扼殺了你現在對程式的熱愛工作的程式大部分都在做一些智障的事找眼睛bug用工具找bug訓練自己少產生bug用嘴把bug說成是別人的責任少太瞧得起臺灣的程式設計師了幾個人是真的在想架構想演算法你以為你這麼幸運能在大學時候不踩到這些地雷不如專心把數學物理學好程式課修滿作業認真寫多交朋友多選修外系的課培養不同領域的人脈真的還有時間好好的找個運動當作興趣吧結論就是寧願好好享受大學生活也不要貪那幾十萬和一點點工作經驗手機打字排版傷眼先說聲抱歉。※引述《rice9547(一碗飯)》之銘言：:各位前輩大家好:小的目前高三升大一，即將從天龍國前去陪猴子:因學雜費+生活費自理，所以想找工作，前陣子上104投履歷後有收到4間的面試通知:其中一家ceo直接來信表示想先談，在第二次回信中，我有幾個問題:1.起薪26k，兩年內每三個月review一次，薪資從review結果反應出來，原本我是回35k:2.大一課很重，我又想兩邊兼顧，但公司面對的是隨時會提出要求的公司，我該如何和團:再來是關於面試問題:3.因為我是透過104投制式履歷，面試時是否該帶自製履歷？:4.面試時我薪水開多少比較恰當？:5.該如何開口提出能否補助面試交通費的事情，高鐵下去一次1300，有點難負荷(這點非?:然後想問面試管道:6.最近做完自製履歷，但我不知道哪裡找職缺比較好，ptt上大多偏北部中部，有點尷尬:7.我的履歷是兩頁式，第1頁總覽(姓名、電話、信箱、個人網站、github、目標、作品集:最後是關於自己的能力和興趣:我真正的興趣在c++做圖學，以及演算法提升效能這塊，但應徵的都是back-end工程師(我:8.查到的c++圖學相關職缺都限制很多，我該怎麼找到願意收新人的公司？不論實習或正?:9.是否真的有公司願意找單純做效能提升的人，這個我不是抱很大希望，但還是想問:10.之前有一家公司是在找實習，結果我問完他說是開給碩士且專題是這個領域的，這代?:11.如果我的興趣找不到工作，而網頁的能力讓我找到工作了，我該怎麼選擇:以上問題有點多，謝謝願意回答的前輩們:雖然我最想找的是remoteworking的工作，但以我的能力和資歷來說都很困難，所以才會:希望大家不會覺得我太自大或過度自信，我知道我的實力不算特別突出，可能履歷會被收:謝謝",
    "time": "2017/05/21 23:50:13",
    "event": "click"
  },
  {
    "category": "21",
    "app": "MoPTT",
    "id": "66",
    "context": "re:[請益]大一生找工作(問題很多)我已過來人身份告訴你一個道理如果是打工唸書交女朋友就算了沒有必要在大學時期做一份全職工作除非家裡真的很缺錢畢業以後跟同學不熟沒什麼知心朋友沒參加社團沒有培養出休閒活動大學生活還是不完整除非是自己創業不然幫別人工作一個月三四萬講難聽就是打雜一輩子不差那幾十萬也不差那幾年除臭蟲經驗或是多學那兩三種語言或一兩種領域的專長等你到三十幾歲也不過就是中階主管不會社交沒有完整的家庭也沒多讓人羨慕你這樣就好比小孩子小時候是天才一直拼命跳級一直把壓力放自己身上少了醞釀不過是一瓶沒有韻味的烈酒沒有層次尤其是做一些debug用自己的生命換錢和一些鳥經驗的事情這些你可以出社會再來慢慢玩喜歡玩可以玩到七八十歲不要到三四十歲還是個無趣的程式宅不會運動沒有自己的興趣沒有一起喝酒喇賽的好朋友人生只有一次不要幻想三四十歲事業有成能交到知心好友不要幻想到時候再培養第二專長或是興趣尤其不要為了賺那幾十萬把自己的大學生活搞得每天都在上課上班甚至扼殺了你現在對程式的熱愛工作的程式大部分都在做一些智障的事找眼睛bug用工具找bug訓練自己少產生bug用嘴把bug說成是別人的責任少太瞧得起臺灣的程式設計師了幾個人是真的在想架構想演算法你以為你這麼幸運能在大學時候不踩到這些地雷不如專心把數學物理學好程式課修滿作業認真寫多交朋友多選修外系的課培養不同領域的人脈真的還有時間好好的找個運動當作興趣吧結論就是寧願好好享受大學生活也不要貪那幾十萬和一點點工作經驗手機打字排版傷眼先說聲抱歉。※引述《rice9547(一碗飯)》之銘言：:各位前輩大家好:小的目前高三升大一，即將從天龍國前去陪猴子:因學雜費+生活費自理，所以想找工作，前陣子上104投履歷後有收到4間的面試通知:其中一家ceo直接來信表示想先談，在第二次回信中，我有幾個問題:1.起薪26k，兩年內每三個月review一次，薪資從review結果反應出來，原本我是回35k:2.大一課很重，我又想兩邊兼顧，但公司面對的是隨時會提出要求的公司，我該如何和團:再來是關於面試問題:3.因為我是透過104投制式履歷，面試時是否該帶自製履歷？:4.面試時我薪水開多少比較恰當？:5.該如何開口提出能否補助面試交通費的事情，高鐵下去一次1300，有點難負荷(這點非?:然後想問面試管道:6.最近做完自製履歷，但我不知道哪裡找職缺比較好，ptt上大多偏北部中部，有點尷尬:7.我的履歷是兩頁式，第1頁總覽(姓名、電話、信箱、個人網站、github、目標、作品集:最後是關於自己的能力和興趣:我真正的興趣在c++做圖學，以及演算法提升效能這塊，但應徵的都是back-end工程師(我:8.查到的c++圖學相關職缺都限制很多，我該怎麼找到願意收新人的公司？不論實習或正?:9.是否真的有公司願意找單純做效能提升的人，這個我不是抱很大希望，但還是想問:10.之前有一家公司是在找實習，結果我問完他說是開給碩士且專題是這個領域的，這代?:11.如果我的興趣找不到工作，而網頁的能力讓我找到工作了，我該怎麼選擇:以上問題有點多，謝謝願意回答的前輩們:雖然我最想找的是remoteworking的工作，但以我的能力和資歷來說都很困難，所以才會:希望大家不會覺得我太自大或過度自信，我知道我的實力不算特別突出，可能履歷會被收:謝謝",
    "time": "2017/05/21 23:50:13",
    "event": "slide"
  },
  {
    "category": "21",
    "app": "MoPTT",
    "id": "67",
    "context": "[請益]offer請益背景:私大非本科畢業,資策會六個月畢業,約一年半coding工作經驗offer選擇:1.類型:博弈公司薪水:前三個月45k之後50k工作內容:前端網頁開發與維護，版面維護、js效果、純html、css設計、javascript等福利:年終2個月(看個人績效)、每年兩次調薪機會、一年三次bonus發放補充:公司蠻新的，去年年底成立，不確定是否已在國外一段時間才在臺灣開立2.類型:整合行銷公司(悠遊卡相關)薪水:40k三個月後調整1~3k工作內容:java軟體平臺開發、系統測試除錯及相關文件撰寫福利:年終2個月補充:人數不多，悠遊卡相關知名公司如果純以薪水考量第一家比較好，但考慮到未來發展自己有些迷惘煩請各位前輩給些意見，謝謝!",
    "time": "2017/05/21 23:55:29",
    "event": "click"
  },
  {
    "category": "21",
    "app": "MoPTT",
    "id": "68",
    "context": "[請益]offer請益背景:私大非本科畢業,資策會六個月畢業,約一年半coding工作經驗offer選擇:1.類型:博弈公司薪水:前三個月45k之後50k工作內容:前端網頁開發與維護，版面維護、js效果、純html、css設計、javascript等福利:年終2個月(看個人績效)、每年兩次調薪機會、一年三次bonus發放補充:公司蠻新的，去年年底成立，不確定是否已在國外一段時間才在臺灣開立2.類型:整合行銷公司(悠遊卡相關)薪水:40k三個月後調整1~3k工作內容:java軟體平臺開發、系統測試除錯及相關文件撰寫福利:年終2個月補充:人數不多，悠遊卡相關知名公司如果純以薪水考量第一家比較好，但考慮到未來發展自己有些迷惘煩請各位前輩給些意見，謝謝!",
    "time": "2017/05/21 23:55:29",
    "event": "slide"
  },
  {
    "category": "21",
    "app": "MoPTT",
    "id": "69",
    "context": "[討論]程式設計師薪資行情真的這麼高嗎?https://www.104.com.tw/jb/wage/list?type=2&jobcat=2007001000&cat=jobmake軟體設計工程師平均月薪:49k新鮮人學士32-35k碩士40-45khttps://www.104.com.tw/jb/jobwiki/jobcatmaster/stage/2007001004/6菜鳥43k老鳥54k他是算平均中南部薪資都超差的那臺北應該平均都5.6w了吧?真的行情這麼好嗎?為什麼我聽到的學士第一份都是兩萬多塊而已?我看到也是嚇到是我喊太低嗎?半年工作經驗才喊35k因為之前才兩萬多塊不過程式語言是學新的不是之前工作用的我看他學碩士差一萬可是現在回去蹲研所在職班不知何年能畢業?小七還有26k呢我之前在新北市專案小公司同事同一級大概也都28-30k而已",
    "time": "2017/05/21 23:57:31",
    "event": "click"
  },
  {
    "category": "21",
    "app": "MoPTT",
    "id": "70",
    "context": "[討論]程式設計師薪資行情真的這麼高嗎?https://www.104.com.tw/jb/wage/list?type=2&jobcat=2007001000&cat=jobmake軟體設計工程師平均月薪:49k新鮮人學士32-35k碩士40-45khttps://www.104.com.tw/jb/jobwiki/jobcatmaster/stage/2007001004/6菜鳥43k老鳥54k他是算平均中南部薪資都超差的那臺北應該平均都5.6w了吧?真的行情這麼好嗎?為什麼我聽到的學士第一份都是兩萬多塊而已?我看到也是嚇到是我喊太低嗎?半年工作經驗才喊35k因為之前才兩萬多塊不過程式語言是學新的不是之前工作用的我看他學碩士差一萬可是現在回去蹲研所在職班不知何年能畢業?小七還有26k呢我之前在新北市專案小公司同事同一級大概也都28-30k而已",
    "time": "2017/05/21 23:57:31",
    "event": "slide"
  },
  {
    "category": "21",
    "app": "MoPTT",
    "id": "71",
    "context": "re:[請益]在小公司待不太下去分享我自己的經歷，給原po一些勇氣。我是本科系畢業，coding經驗僅限於課堂上的作業。學生時期我不是很喜歡coding，比較喜歡數學推理的課程，很少修需要coding的課程想當然，我的程式能力真的很......爛求職時，一心想找演算法工程師找了很久，找到一家十人不到的小公司(對方找我去面試的)面試時相談甚歡，是做組合最佳化的演算法。雖然他給我的薪資比國科會的標準還低，但這是我想做的領域，我迫不急待想開始。到職第一天，我想離職，但我以為是菜鳥的關係，所以繼續做下去。到職第一個星期，我想離職，但我以為是我太草莓，所以繼續做下去。到職第二個星期，我打電話給家人跟朋友時，哭得超慘的，但家人要我繼續做下去。我問了很多同學朋友，每個人都覺得這個公司做法很怪，但仍要我堅持下去。到底哪裡怪？公司人數加我共九人，一位老闆，一位財務兼合夥人之類的，兩位很年輕的英文祕書(因為客戶是外國人)一位年長資深的mis(但不會寫程式，也不懂系統架構)四位工程師中，一位到職五個月，一位到職三個月，我和另一位一起到職公司的系統是已離職的前輩寫的，意思是，公司沒有人瞭解整個系統。系統已上線試營運，一堆bugs等待四位工程師解救。老闆幫我畫了一個大餅，他要我先幫忙debugs，等bugs解的差不多後，我再開始進行演算法開發。在完全不瞭解系統架構與不熟悉該語言的情況之下，我解的bugs常被退回。我連bugs是在哪發生都不知道，就必須在有限時間內解決bug，有些bugs是在client端才發生，在local端無法測。想當然的，我解的bugs被退回。老闆叫比較資深的祕書兼pm，盯我們的進度。接到bugs指派時，要馬上畫押完成時間。沒有經驗，加上連bugs都搞不清楚原因，我不知道怎麼估時間。pm也無法協助我估時間，或指派合適我的bugs讓我試水溫，只是一直要我把時間押短一點，然後一直來催我做快的。遇到bugs被退回，她只會很兇的指責我，完全無法給我任何協助。由於解bugs算是kpi，兩位比我資深的同事並不會幫助我。其實我不在乎kpi給他們，如果他們真的幫我解掉bugs。但他們並不願意，即時他們已完成自己的任務。老闆也無法給予我任何協助他只是兩天一小講，三天一大講的，數落之前的員工有多爛。到底之前的員工有多爛我並不知道他只是不斷抱怨之前有位清大數學系之類的高材生，程式很爛，態度很爛。其實之中偶爾有開心的短暫時刻，就是在我解的bugs被客戶接受時。但這個時刻總是很快被pm的斥責給取代。在這裡工作，我的挫折感很重，我覺得自己很爛，一無是處。最終，我撐了四週就提離職了。爆發點是，遇到國定連假，放假前一天，我和家人約好時間要回南部。但不巧的是，那一天剛好有重大bugs發生。我以為解好了，結果上到client端後，引發其它bugs。我完全不知道原因，也不知道怎麼辦。pm一直在旁邊罵，同事把系統恢復到前一版本，被引發的新bugs仍存在。眼看已超過下班時間，我的家人等著我，我的bugs也等著我。辦公室mis與pm、兩位資深同事在忙著解上版後引發的新bugs，我向另一位祕書說我要下班後，就打卡離開了。連假期間，我收到老闆寫了一封信斥責我的不負責任。他認為我不該沒解完bugs就下班。他認為我不該沒解完bugs就放連假(他說其它同事都在連假加班補救我的不負責任)想了一天，連假最後一天，我寫信給老闆，跟他道歉，以及辭職。我的決定讓眾人錯愕，包含我的家人與老闆。現在回過頭看，當時的我的確不夠負責任，因為怕被罵就默默下班。我知道我不夠優秀，但我真心認為，我不適合這個工作和這個公司文化。老闆和pm整天因為我發牌氣，同氣認為我拖累他們，我因為做不好工作而挫折和自責。與其勉強湊在一起大家都不開心，不如就分開吧！離職時，我並沒有拿到第二個月份的工作日薪水。財務長兼合夥人打電話來恐嚇我，說我沒把工作完成就離職，他可以告我。雖然我知道他的論點很白癡，也違法，但朋友勸我算了，跟那種公司耗下去只是讓自己不開心。這個挫折跟了我幾個月，讓我想到時仍會流淚難過。之後透過學長同學介紹工作，面試了三家，都是大公司。其中一家，主管在面試中極盡羞辱我的能力很差。另外一家，主管很缺人，他願意給我offer，但他勸我不要去(因為他也還沒適應)最後一家，也就是我目前所在的公司。面試主管態度很客氣，面試像聊天一樣氣氛很好。從頭到尾，他們完全沒問我程式能力。我跟他們分享我的研究論文酸甜苦辣，他們從中穿插問我問題。當時，這家公司有些風評不好，同學勸我不要去。我想的是，再糟應該比不上之前那家吧？我不敢說現在一帆風順，也是遇到不少不愉快的事。但我很慶幸當初做了那個很多人不諒解的決定我在目前公司做的，是我原本完全陌生領域，",
    "time": "2017/05/21 23:59:04",
    "event": "click"
  },
  {
    "category": "21",
    "app": "MoPTT",
    "id": "72",
    "context": "re:[請益]在小公司待不太下去分享我自己的經歷，給原po一些勇氣。我是本科系畢業，coding經驗僅限於課堂上的作業。學生時期我不是很喜歡coding，比較喜歡數學推理的課程，很少修需要coding的課程想當然，我的程式能力真的很......爛求職時，一心想找演算法工程師找了很久，找到一家十人不到的小公司(對方找我去面試的)面試時相談甚歡，是做組合最佳化的演算法。雖然他給我的薪資比國科會的標準還低，但這是我想做的領域，我迫不急待想開始。到職第一天，我想離職，但我以為是菜鳥的關係，所以繼續做下去。到職第一個星期，我想離職，但我以為是我太草莓，所以繼續做下去。到職第二個星期，我打電話給家人跟朋友時，哭得超慘的，但家人要我繼續做下去。我問了很多同學朋友，每個人都覺得這個公司做法很怪，但仍要我堅持下去。到底哪裡怪？公司人數加我共九人，一位老闆，一位財務兼合夥人之類的，兩位很年輕的英文祕書(因為客戶是外國人)一位年長資深的mis(但不會寫程式，也不懂系統架構)四位工程師中，一位到職五個月，一位到職三個月，我和另一位一起到職公司的系統是已離職的前輩寫的，意思是，公司沒有人瞭解整個系統。系統已上線試營運，一堆bugs等待四位工程師解救。老闆幫我畫了一個大餅，他要我先幫忙debugs，等bugs解的差不多後，我再開始進行演算法開發。在完全不瞭解系統架構與不熟悉該語言的情況之下，我解的bugs常被退回。我連bugs是在哪發生都不知道，就必須在有限時間內解決bug，有些bugs是在client端才發生，在local端無法測。想當然的，我解的bugs被退回。老闆叫比較資深的祕書兼pm，盯我們的進度。接到bugs指派時，要馬上畫押完成時間。沒有經驗，加上連bugs都搞不清楚原因，我不知道怎麼估時間。pm也無法協助我估時間，或指派合適我的bugs讓我試水溫，只是一直要我把時間押短一點，然後一直來催我做快的。遇到bugs被退回，她只會很兇的指責我，完全無法給我任何協助。由於解bugs算是kpi，兩位比我資深的同事並不會幫助我。其實我不在乎kpi給他們，如果他們真的幫我解掉bugs。但他們並不願意，即時他們已完成自己的任務。老闆也無法給予我任何協助他只是兩天一小講，三天一大講的，數落之前的員工有多爛。到底之前的員工有多爛我並不知道他只是不斷抱怨之前有位清大數學系之類的高材生，程式很爛，態度很爛。其實之中偶爾有開心的短暫時刻，就是在我解的bugs被客戶接受時。但這個時刻總是很快被pm的斥責給取代。在這裡工作，我的挫折感很重，我覺得自己很爛，一無是處。最終，我撐了四週就提離職了。爆發點是，遇到國定連假，放假前一天，我和家人約好時間要回南部。但不巧的是，那一天剛好有重大bugs發生。我以為解好了，結果上到client端後，引發其它bugs。我完全不知道原因，也不知道怎麼辦。pm一直在旁邊罵，同事把系統恢復到前一版本，被引發的新bugs仍存在。眼看已超過下班時間，我的家人等著我，我的bugs也等著我。辦公室mis與pm、兩位資深同事在忙著解上版後引發的新bugs，我向另一位祕書說我要下班後，就打卡離開了。連假期間，我收到老闆寫了一封信斥責我的不負責任。他認為我不該沒解完bugs就下班。他認為我不該沒解完bugs就放連假(他說其它同事都在連假加班補救我的不負責任)想了一天，連假最後一天，我寫信給老闆，跟他道歉，以及辭職。我的決定讓眾人錯愕，包含我的家人與老闆。現在回過頭看，當時的我的確不夠負責任，因為怕被罵就默默下班。我知道我不夠優秀，但我真心認為，我不適合這個工作和這個公司文化。老闆和pm整天因為我發牌氣，同氣認為我拖累他們，我因為做不好工作而挫折和自責。與其勉強湊在一起大家都不開心，不如就分開吧！離職時，我並沒有拿到第二個月份的工作日薪水。財務長兼合夥人打電話來恐嚇我，說我沒把工作完成就離職，他可以告我。雖然我知道他的論點很白癡，也違法，但朋友勸我算了，跟那種公司耗下去只是讓自己不開心。這個挫折跟了我幾個月，讓我想到時仍會流淚難過。之後透過學長同學介紹工作，面試了三家，都是大公司。其中一家，主管在面試中極盡羞辱我的能力很差。另外一家，主管很缺人，他願意給我offer，但他勸我不要去(因為他也還沒適應)最後一家，也就是我目前所在的公司。面試主管態度很客氣，面試像聊天一樣氣氛很好。從頭到尾，他們完全沒問我程式能力。我跟他們分享我的研究論文酸甜苦辣，他們從中穿插問我問題。當時，這家公司有些風評不好，同學勸我不要去。我想的是，再糟應該比不上之前那家吧？我不敢說現在一帆風順，也是遇到不少不愉快的事。但我很慶幸當初做了那個很多人不諒解的決定我在目前公司做的，是我原本完全陌生領域，",
    "time": "2017/05/21 23:59:04",
    "event": "slide"
  },
  {
    "category": "21",
    "app": "MoPTT",
    "id": "73",
    "context": "[請益]在小公司待不太下去================前言===============我是非本科系學士，之前在學校只會ifelse、迴圈等基本語法，以助理工程師身分進入現在的公司，公司規模很小，成立10幾年人數才5個人，主要以後端為主，當時一直搞不懂為什麼老闆願意收留一個非本科系又沒相關工作經驗的人，之後我才理解到原來老闆就是因為你沒背景所以好聽話薪水又可以跟你壓低，他可以降低人事成本，然後你得到工作經驗，在試用期間主要都是在debug，過完試用期，公司接到個大案子，我便派去寫sa、sd，前後大約寫了快半年，想當然coding沒什麼進步。老闆自己也是programmer，在我進去的時候說他有自信會帶人，但是很顯然不是，常說有問題就要問，問些對於他來講很基本的問題，他又會顯的不耐煩，翻臉跟翻書一樣，於是我想乾脆自行上網google找答案，多少會delay進度，在feedback進度的時候，老闆又會釘你說怎麼那麼慢，解釋原因又再訂你說怎麼不問他，形成惡性循環...================以上是前言===============對於新手來說，都會一段陣痛期，以我目前的狀況來看，只是陣痛期延後發作而以，做不完的部分又要帶回家做，老闆認為勞基法寫軟體業是責任制，但是沒有加班費，畢竟是你的問題，他常說創業之初，每天寫到多晚多晚之類的話，另外，說學的到東西，好像也學的一知半解，很多觀念都是我自行買課才知道為什麼目前公司架構會這樣寫，想到老闆說過花錢進修的部分公司會補助這些話聽起來格外諷刺，縱使離職陣痛期的問題還是在，是有考慮過去全職上課，但那都是之後再說，因為現在卡在未滿一年履歷真的不怎麼好看，再加上目前案子做到一半走人，其實還蠻黑的，畢竟我最熟這案子的系統架構....",
    "time": "2017/05/21 23:59:12",
    "event": "click"
  },
  {
    "category": "21",
    "app": "MoPTT",
    "id": "74",
    "context": "[請益]在小公司待不太下去================前言===============我是非本科系學士，之前在學校只會ifelse、迴圈等基本語法，以助理工程師身分進入現在的公司，公司規模很小，成立10幾年人數才5個人，主要以後端為主，當時一直搞不懂為什麼老闆願意收留一個非本科系又沒相關工作經驗的人，之後我才理解到原來老闆就是因為你沒背景所以好聽話薪水又可以跟你壓低，他可以降低人事成本，然後你得到工作經驗，在試用期間主要都是在debug，過完試用期，公司接到個大案子，我便派去寫sa、sd，前後大約寫了快半年，想當然coding沒什麼進步。老闆自己也是programmer，在我進去的時候說他有自信會帶人，但是很顯然不是，常說有問題就要問，問些對於他來講很基本的問題，他又會顯的不耐煩，翻臉跟翻書一樣，於是我想乾脆自行上網google找答案，多少會delay進度，在feedback進度的時候，老闆又會釘你說怎麼那麼慢，解釋原因又再訂你說怎麼不問他，形成惡性循環...================以上是前言===============對於新手來說，都會一段陣痛期，以我目前的狀況來看，只是陣痛期延後發作而以，做不完的部分又要帶回家做，老闆認為勞基法寫軟體業是責任制，但是沒有加班費，畢竟是你的問題，他常說創業之初，每天寫到多晚多晚之類的話，另外，說學的到東西，好像也學的一知半解，很多觀念都是我自行買課才知道為什麼目前公司架構會這樣寫，想到老闆說過花錢進修的部分公司會補助這些話聽起來格外諷刺，縱使離職陣痛期的問題還是在，是有考慮過去全職上課，但那都是之後再說，因為現在卡在未滿一年履歷真的不怎麼好看，再加上目前案子做到一半走人，其實還蠻黑的，畢竟我最熟這案子的系統架構....",
    "time": "2017/05/21 23:59:12",
    "event": "slide"
  },
  {
    "category": "21",
    "app": "MoPTT",
    "id": "75",
    "context": "re:[請益]在小公司待不太下去只是因為演算法三個字，主管誤打誤撞的讓我試試看，然後我誤打誤撞做到現在。現在我是一位小小小主管我感謝我的主管們非常有勇氣，給我機會嘗試，也給我機會提拔我我因這個誤打誤撞而得到很多以前不曾想像過的經驗更幸運的是，我的主管給我一些空間，讓我獲得很多失敗，也有一些小成果。我一直以之前的經驗警惕我自己我並不是一位聰明優秀的員工，也還在學習當一位主管我唯一能做的是，努力做到問心無愧，並為我的團隊打造一個可以勇敢嘗試與發揮專長的環境。現在的我真的很感謝前公司的所有人是他們教會我，主管的重要性。也是他們讓我認識我自己，以及讓我有勇氣面對後來的所有困難與挫折。我想跟原po說的是，你現在所面對的，也許真的是自己能力不夠，但不見得所有的錯都來自於你。但你必須知道自己的底線在哪，以及你合適什麼與不合適什麼，然後，擁有做選擇的勇氣，不論是選擇改變或是堅持下去。希望我悲慘的經驗有鼓勵到你※引述《mark9462(mark9462)》之銘言：:================前言===============:我是非本科系學士，:之前在學校只會ifelse、迴圈等基本語法，:以助理工程師身分進入現在的公司，:公司規模很小，:成立10幾年人數才5個人，:主要以後端為主，:當時一直搞不懂為什麼老闆願意收留一個非本科系又沒相關工作經驗的人，:之後我才理解到原來老闆就是因為你沒背景所以好聽話薪水又可以跟你壓低，:他可以降低人事成本，:然後你得到工作經驗，:在試用期間主要都是在debug，:過完試用期，:公司接到個大案子，:我便派去寫sa、sd，:前後大約寫了快半年，:想當然coding沒什麼進步。:老闆自己也是programmer，:在我進去的時候說他有自信會帶人，:但是很顯然不是，:常說有問題就要問，:問些對於他來講很基本的問題，:他又會顯的不耐煩，:翻臉跟翻書一樣，:於是我想乾脆自行上網google找答案，:多少會delay進度，在feedback進度的時候，:老闆又會釘你說怎麼那麼慢，:解釋原因又再訂你說怎麼不問他，形成惡性循環...:================以上是前言===============:對於新手來說，:都會一段陣痛期，:以我目前的狀況來看，:只是陣痛期延後發作而以，:做不完的部分又要帶回家做，:老闆認為勞基法寫軟體業是責任制，:但是沒有加班費，:畢竟是你的問題，:他常說創業之初，:每天寫到多晚多晚之類的話，:另外，說學的到東西，:好像也學的一知半解，:很多觀念都是我自行買課才知道為什麼目前公司架構會這樣寫，:想到老闆說過花錢進修的部分公司會補助這些話聽起來格外諷刺，:縱使離職陣痛期的問題還是在，:是有考慮過去全職上課，:但那都是之後再說，:因為現在卡在未滿一年履歷真的不怎麼好看，:再加上目前案子做到一半走人，:其實還蠻黑的，:畢竟我最熟這案子的系統架構....",
    "time": "2017/05/22 00:03:10",
    "event": "click"
  },
  {
    "category": "21",
    "app": "MoPTT",
    "id": "76",
    "context": "re:[請益]在小公司待不太下去只是因為演算法三個字，主管誤打誤撞的讓我試試看，然後我誤打誤撞做到現在。現在我是一位小小小主管我感謝我的主管們非常有勇氣，給我機會嘗試，也給我機會提拔我我因這個誤打誤撞而得到很多以前不曾想像過的經驗更幸運的是，我的主管給我一些空間，讓我獲得很多失敗，也有一些小成果。我一直以之前的經驗警惕我自己我並不是一位聰明優秀的員工，也還在學習當一位主管我唯一能做的是，努力做到問心無愧，並為我的團隊打造一個可以勇敢嘗試與發揮專長的環境。現在的我真的很感謝前公司的所有人是他們教會我，主管的重要性。也是他們讓我認識我自己，以及讓我有勇氣面對後來的所有困難與挫折。我想跟原po說的是，你現在所面對的，也許真的是自己能力不夠，但不見得所有的錯都來自於你。但你必須知道自己的底線在哪，以及你合適什麼與不合適什麼，然後，擁有做選擇的勇氣，不論是選擇改變或是堅持下去。希望我悲慘的經驗有鼓勵到你※引述《mark9462(mark9462)》之銘言：:================前言===============:我是非本科系學士，:之前在學校只會ifelse、迴圈等基本語法，:以助理工程師身分進入現在的公司，:公司規模很小，:成立10幾年人數才5個人，:主要以後端為主，:當時一直搞不懂為什麼老闆願意收留一個非本科系又沒相關工作經驗的人，:之後我才理解到原來老闆就是因為你沒背景所以好聽話薪水又可以跟你壓低，:他可以降低人事成本，:然後你得到工作經驗，:在試用期間主要都是在debug，:過完試用期，:公司接到個大案子，:我便派去寫sa、sd，:前後大約寫了快半年，:想當然coding沒什麼進步。:老闆自己也是programmer，:在我進去的時候說他有自信會帶人，:但是很顯然不是，:常說有問題就要問，:問些對於他來講很基本的問題，:他又會顯的不耐煩，:翻臉跟翻書一樣，:於是我想乾脆自行上網google找答案，:多少會delay進度，在feedback進度的時候，:老闆又會釘你說怎麼那麼慢，:解釋原因又再訂你說怎麼不問他，形成惡性循環...:================以上是前言===============:對於新手來說，:都會一段陣痛期，:以我目前的狀況來看，:只是陣痛期延後發作而以，:做不完的部分又要帶回家做，:老闆認為勞基法寫軟體業是責任制，:但是沒有加班費，:畢竟是你的問題，:他常說創業之初，:每天寫到多晚多晚之類的話，:另外，說學的到東西，:好像也學的一知半解，:很多觀念都是我自行買課才知道為什麼目前公司架構會這樣寫，:想到老闆說過花錢進修的部分公司會補助這些話聽起來格外諷刺，:縱使離職陣痛期的問題還是在，:是有考慮過去全職上課，:但那都是之後再說，:因為現在卡在未滿一年履歷真的不怎麼好看，:再加上目前案子做到一半走人，:其實還蠻黑的，:畢竟我最熟這案子的系統架構....",
    "time": "2017/05/22 00:03:10",
    "event": "slide"
  }
]