[
  {
    "category": "22",
    "app": "Line",
    "id": "77",
    "context": "老人劉佳玟拍的還是用阿草手機拍的好好玩喔，現在還有線上k歌房，回去我用給爸爸唱有臺語房喔你老爸唱的喔這是裡面的人唱的蠻好聽的我在幫爸爸看臺語歌房你錄你唱的啊大哥大唱歌好聽https://youtu.be/qpm2tfgt3vw",
    "time": "2017/05/22 00:37:19",
    "event": "slide"
  },
  {
    "category": "22",
    "app": "Line",
    "id": "79",
    "context": "老人劉佳玟拍的還是用阿草手機拍的好好玩喔，現在還有線上k歌房，回去我用給爸爸唱有臺語房喔你老爸唱的喔這是裡面的人唱的蠻好聽的我在幫爸爸看臺語歌房你錄你唱的啊大哥大唱歌好聽https://youtu.be/qpm2tfgt3vw也太強她本來不就是裡面唱歌最強的嗎",
    "time": "2017/05/22 00:37:20",
    "event": "slide"
  },
  {
    "category": "22",
    "app": "Line",
    "id": "82",
    "context": "老人劉佳玟拍的還是用阿草手機拍的好好玩喔，現在還有線上k歌房，回去我用給爸爸唱有臺語房喔你老爸唱的喔這是裡面的人唱的蠻好聽的我在幫爸爸看臺語歌房你錄你唱的啊大哥大唱歌好聽https://youtu.be/qpm2tfgt3vw也太強她本來不就是裡面唱歌最強的嗎我是說馬上就有影片了也太強",
    "time": "2017/05/22 00:38:03",
    "event": "slide"
  }
]