[
  {
    "category": "26",
    "app": "MoPTT",
    "id": "83",
    "context": "[新聞]普林斯頓招生官：亞裔學生個個都像醫學院1.媒體來源:聯合晚報2.完整新聞標題:普林斯頓招生官：亞裔學生個個都像醫學院預科生3.完整新聞內文:最新公佈的訴訟文件顯示，美國普林斯頓大學招生官員認為，他們很難區分亞裔申請人，因為那些學生的「背景材料極其相似」，通常是「標準的醫學院預科生」。每日郵報報導，兩名亞裔學生2008年申請常春藤名校時遭拒，於是控告學校招生系統涉嫌種族歧視，聯邦調查人員對包括普林斯頓大學在內的多所學校展開了長達七年的調查，最終於近日研判，該校並未歧視少數族裔申請人。普林斯頓大學今年3月向聯邦法院提訴，要求禁止教育部繼續公開與該調查有關的任何文件，並且阻止「公平招生學生組織」透過資訊自由法取得招生文件，該組織聲稱，那些文件就是種族歧視的證據，該校試圖保密539份申請人資料，以及招生官在接受調查時的審訊文件。一份被公開文件顯示，普林斯頓大學招生官員稱，亞裔學生「有著非常相近的個人簡介」，「很難篩選」合格的申請人。相比之下，夏威夷原住民或太平洋島民則「更具文化特色」，因此更加受招生官員青睞。另一名招生官員表示，非洲裔學生的申請材料中，如果顯示語言能力測驗獲得高分，那麼就能令該申請人與眾不同。普林斯頓大學招生官員向調查人員表示，他們認為亞裔學生背景相似與種族無關，而只是依據申請材料的內容做出評斷。調查人員經研判，確定該校招生官員不存在歧視亞裔學生的問題。4.完整新聞連結(或短網址):https://money.udn.com/money/story/5599/2475839",
    "time": "2017/05/22 00:43:05",
    "event": "click"
  },
  {
    "category": "26",
    "app": "MoPTT",
    "id": "84",
    "context": "[新聞]普林斯頓招生官：亞裔學生個個都像醫學院1.媒體來源:聯合晚報2.完整新聞標題:普林斯頓招生官：亞裔學生個個都像醫學院預科生3.完整新聞內文:最新公佈的訴訟文件顯示，美國普林斯頓大學招生官員認為，他們很難區分亞裔申請人，因為那些學生的「背景材料極其相似」，通常是「標準的醫學院預科生」。每日郵報報導，兩名亞裔學生2008年申請常春藤名校時遭拒，於是控告學校招生系統涉嫌種族歧視，聯邦調查人員對包括普林斯頓大學在內的多所學校展開了長達七年的調查，最終於近日研判，該校並未歧視少數族裔申請人。普林斯頓大學今年3月向聯邦法院提訴，要求禁止教育部繼續公開與該調查有關的任何文件，並且阻止「公平招生學生組織」透過資訊自由法取得招生文件，該組織聲稱，那些文件就是種族歧視的證據，該校試圖保密539份申請人資料，以及招生官在接受調查時的審訊文件。一份被公開文件顯示，普林斯頓大學招生官員稱，亞裔學生「有著非常相近的個人簡介」，「很難篩選」合格的申請人。相比之下，夏威夷原住民或太平洋島民則「更具文化特色」，因此更加受招生官員青睞。另一名招生官員表示，非洲裔學生的申請材料中，如果顯示語言能力測驗獲得高分，那麼就能令該申請人與眾不同。普林斯頓大學招生官員向調查人員表示，他們認為亞裔學生背景相似與種族無關，而只是依據申請材料的內容做出評斷。調查人員經研判，確定該校招生官員不存在歧視亞裔學生的問題。4.完整新聞連結(或短網址):https://money.udn.com/money/story/5599/2475839",
    "time": "2017/05/22 00:43:05",
    "event": "slide"
  }
]