[
  {
    "category": "27",
    "app": "MoPTT",
    "id": "85",
    "context": "[問卦]蟑螂從浴巾冒出來有多崩潰是這樣的十分鐘前小弟剛洗完一場舒爽的熱水澡把一整天的奇葩事全部洗掉正當到最後一個也是最舒服的一個步驟-擦乾時在我把臉埋進香香浴巾時有隻拇指大小的東西爬到我肩膀上猛然一看wtf是隻蟑螂我嚇到亂甩亂跳把他趕走結果不見了tat現在我仍驚魂未定有沒有蟑螂神出鬼沒的八卦qq",
    "time": "2017/05/22 00:44:17",
    "event": "click"
  },
  {
    "category": "27",
    "app": "MoPTT",
    "id": "86",
    "context": "[問卦]蟑螂從浴巾冒出來有多崩潰是這樣的十分鐘前小弟剛洗完一場舒爽的熱水澡把一整天的奇葩事全部洗掉正當到最後一個也是最舒服的一個步驟-擦乾時在我把臉埋進香香浴巾時有隻拇指大小的東西爬到我肩膀上猛然一看wtf是隻蟑螂我嚇到亂甩亂跳把他趕走結果不見了tat現在我仍驚魂未定有沒有蟑螂神出鬼沒的八卦qq",
    "time": "2017/05/22 00:44:17",
    "event": "slide"
  }
]