[
  {
    "category": "28",
    "app": "MoPTT",
    "id": "87",
    "context": "[問卦]喜歡的學妹交男友了可以聽什麼歌?上次問過一樣的卦但上次只是聽別人道聽塗說，其實是假消息但剛剛學妹親口說上禮拜交男朋友了還說我真的是人間月老這次真的渾身一種被掏空的無力感想再問一次喜歡的學妹有男友了可以聽什麼歌?先謝過各位版友的溫暖>///<",
    "time": "2017/05/22 00:45:26",
    "event": "click"
  },
  {
    "category": "28",
    "app": "MoPTT",
    "id": "88",
    "context": "[問卦]喜歡的學妹交男友了可以聽什麼歌?上次問過一樣的卦但上次只是聽別人道聽塗說，其實是假消息但剛剛學妹親口說上禮拜交男朋友了還說我真的是人間月老這次真的渾身一種被掏空的無力感想再問一次喜歡的學妹有男友了可以聽什麼歌?先謝過各位版友的溫暖>///<",
    "time": "2017/05/22 00:45:26",
    "event": "slide"
  }
]