[
  {
    "category": "29",
    "app": "MoPTT",
    "id": "93",
    "context": "[發案]想做個網站發案人：周先生聯絡方式1：line:howard94921聯絡方式2：0918770553所在地區：臺北有效時間：五月底專案說明：自己成立個智權公司想要設個網站來介紹公司算是很基本的網站　　預算：請報價接案者要求：　　附註：",
    "time": "2017/05/22 00:47:50",
    "event": "click"
  },
  {
    "category": "29",
    "app": "MoPTT",
    "id": "94",
    "context": "[發案]想做個網站發案人：周先生聯絡方式1：line:howard94921聯絡方式2：0918770553所在地區：臺北有效時間：五月底專案說明：自己成立個智權公司想要設個網站來介紹公司算是很基本的網站　　預算：請報價接案者要求：　　附註：",
    "time": "2017/05/22 00:47:50",
    "event": "slide"
  },
  {
    "category": "29",
    "app": "MoPTT",
    "id": "95",
    "context": "[發案]想做網站!凡是「」開始的行，都請使用刪除。如果對於發案文章格式有不清楚的地方，請參考置底文章：發案發案範例　發案人：peter聯絡方式1：0911096871聯絡方式2：lineid:0911096871所在地區：新北中和有效時間：無限專案說明：　　預算：「請報價」接案者要求：　　附註：公司需要做個網站!想要在最省錢的情況下做出一個網站不知道有人能幫忙嗎?在不付費買網站的前提下,用獎金抽成的方式徵人也就是說每一筆透過您幫我做的網站成交的訂單我們就付一定的抽成獎金給您!獎金抽成%可詳談希望能有夥伴加入幫助我們,謝謝!",
    "time": "2017/05/22 00:48:19",
    "event": "click"
  },
  {
    "category": "29",
    "app": "MoPTT",
    "id": "96",
    "context": "[發案]想做網站!凡是「」開始的行，都請使用刪除。如果對於發案文章格式有不清楚的地方，請參考置底文章：發案發案範例　發案人：peter聯絡方式1：0911096871聯絡方式2：lineid:0911096871所在地區：新北中和有效時間：無限專案說明：　　預算：「請報價」接案者要求：　　附註：公司需要做個網站!想要在最省錢的情況下做出一個網站不知道有人能幫忙嗎?在不付費買網站的前提下,用獎金抽成的方式徵人也就是說每一筆透過您幫我做的網站成交的訂單我們就付一定的抽成獎金給您!獎金抽成%可詳談希望能有夥伴加入幫助我們,謝謝!",
    "time": "2017/05/22 00:48:19",
    "event": "slide"
  },
  {
    "category": "29",
    "app": "MoPTT",
    "id": "97",
    "context": "re:[發案]想做網站!我剛剛加line詢問過後覺得這篇文章發錯版了他的方式是要找越多的人製作網站越好商品由他供應交給網站負責人來賣網站的seo、金流等等都是交給網站負責人處理(是有說他或我負責管理都行但詳細情況我沒有深入追問因為講到這邊我就大概了解了)有賣出東西的話就是抽成嗯...給我的感覺跟直銷差不多阿...所以結論就是這種行銷模式也是有的但是發文發錯版(後續原po可能會想要迴文解釋但其實不需要的因為大方向就與這個版功能不一樣了)※引述《beyadd(混血王子)》之銘言：:凡是「*[30m」開始的行，都請使用ctrl+y刪除。:如果對於發案文章格式有不清楚的地方，請參考置底文章：[發案]發案範例:　發案人：peter:聯絡方式1：0911096871:聯絡方式2：lineid:0911096871:所在地區：新北中和:有效時間：無限:專案說明：:　　預算：「請報價」:接案者要求：:　　附註：公司需要做個網站!:想要在最省錢的情況下做出一個網站:不知道有人能幫忙嗎?:在不付費買網站的前提下,用獎金抽成的方式徵人:也就是說每一筆透過您幫我做的網站成交的訂單:我們就付一定的抽成獎金給您!:獎金抽成%可詳談:希望能有夥伴加入幫助我們,謝謝!",
    "time": "2017/05/22 00:50:16",
    "event": "click"
  },
  {
    "category": "29",
    "app": "MoPTT",
    "id": "98",
    "context": "re:[發案]想做網站!我剛剛加line詢問過後覺得這篇文章發錯版了他的方式是要找越多的人製作網站越好商品由他供應交給網站負責人來賣網站的seo、金流等等都是交給網站負責人處理(是有說他或我負責管理都行但詳細情況我沒有深入追問因為講到這邊我就大概了解了)有賣出東西的話就是抽成嗯...給我的感覺跟直銷差不多阿...所以結論就是這種行銷模式也是有的但是發文發錯版(後續原po可能會想要迴文解釋但其實不需要的因為大方向就與這個版功能不一樣了)※引述《beyadd(混血王子)》之銘言：:凡是「*[30m」開始的行，都請使用ctrl+y刪除。:如果對於發案文章格式有不清楚的地方，請參考置底文章：[發案]發案範例:　發案人：peter:聯絡方式1：0911096871:聯絡方式2：lineid:0911096871:所在地區：新北中和:有效時間：無限:專案說明：:　　預算：「請報價」:接案者要求：:　　附註：公司需要做個網站!:想要在最省錢的情況下做出一個網站:不知道有人能幫忙嗎?:在不付費買網站的前提下,用獎金抽成的方式徵人:也就是說每一筆透過您幫我做的網站成交的訂單:我們就付一定的抽成獎金給您!:獎金抽成%可詳談:希望能有夥伴加入幫助我們,謝謝!",
    "time": "2017/05/22 00:50:16",
    "event": "slide"
  },
  {
    "category": "29",
    "app": "MoPTT",
    "id": "99",
    "context": "[發案]想做網站!我出一元買斷網站!不願意接受這個價格的請直接跳過我沒有要來這裡找人創業或是合夥我找的是願意收我一元幫我做網站的工程師如果您願意幫我我之後會把您當成朋友分紅給您以下只是我的一些想法有不對的地方請多包涵這篇文章不是發案只是做一些解釋希望這裡不會只能發案,也能讓我說說想法真的非常感謝大家的討論與指教!小的忙到現在纔有空上來看發現大家的意見真的很珍貴!我非常感恩大家!我想我把來龍去脈整個完整說明一下好了!我們公司是做包包的臺灣工廠,算是傳統產業我們公司七年前做的網站就是付費購買的但現在被綁死了,不能搬家,動彈不得,現在連隨便改個圖都要付個五百六百,我覺得太扯跟老闆反應很多次,但是老闆觀念覺得沒差!因為老闆是63歲邁向64歲的人了以前工廠好做,單量大,永遠有跑單幫的出來接單單量大接不完,老闆早就賺飽飽的想退休了而我是工廠業務,只能想辦法去找單,否則會餓死我對這行業是非常有興趣,因為做了七年自認很瞭解這個產業的生態本來是很想自己做網站出來做,這一點到現在也沒變過由於看到公司網站被綁死,我當然不會走這條舊路一次買斷之後沒有後續服務,還要繳維護費用公司也許不缺錢,但它沒有心要繼續經營和進步了!ok,這是它的事但在這些條件下,我可以成立我的事業讓公司成為我最好的靠山哪天公司不行了,說不定就靠我了又或者,當我成熟經營出自己的客戶我也可以選擇任何一間工廠下單,不會被綁死目前是想要做一個tob的形象網站所以我是真的想找能幫我的工程師做網站我只是沒時間也欠缺經營網站的技術而這個網站是工程師幫我做的因此這個網站的經營權完全可以由您決定,我不爭經營權但如果您要把做好的網站交給我經營的話,我會非常樂意!有一些套版的網站,fb的粉絲團甚至是拍賣平臺都能進行,這些都能嘗試重點來了!為什麼我會說要把網站的經營權交給您?因為第一這個網站是您做的!所以您可以控制整個接單系統不會漏掉任何一張單但如果您要交給我,我非常樂意!只要您信得過我,那有什麼問題呢?第二怕我電話接單嗎?很簡單,網站上直接只留您的電話吧!這樣要下單的人只能透過您這就是為什麼我不能用我們公司的網站來做宣傳因為如果用我們公司的宣傳下單者就會直接找我們公司那您的網站就無法掌握下單者的資料來源我就無法分潤給您分紅的方式我已經想好,也跟公司談好了相信工程師一定能做出專業的網站但如果不想花太多時間只做套版網站,fb粉絲團,或是拍賣平臺也都可以我只能說這個市場如果不是我們來做那會是誰做走呢?答案是我的對手而我的對手甚至不在臺灣因為臺灣做包包的工廠已經剩沒幾間了分享一下團體單是這樣的如果能先有個tob的形象網站像我上週自己打電話找到一個客戶(大型上市公司)接了一張單3000個每個賺100元就賺三十萬了我是peter,非常需要專業的工程師幫忙我,感恩!我的電話:0911096871lineid:0911096871bytheway回應一下beaprayguy大您所謂我的下線夥伴們是完全不會想拿著您的網站去推銷的他們只會想做自己的網站,用自己的網站推銷原因很簡單他比您還擔心要是對方直接透過您的網站找您接單那做白工的就會是他我想公司不太可能公開帳目就算公開也可以做帳但當您可以親自掌握訂單來源的時候就不用擔心帳目的問題了因為每筆訂單您都可以親自確認而且當您有訂單在手的時候您反而可以選擇要下單的工廠感謝大家指教!歡迎大家給我更多更好的批評指教與建議,感謝大家!!",
    "time": "2017/05/22 00:50:54",
    "event": "click"
  },
  {
    "category": "29",
    "app": "MoPTT",
    "id": "100",
    "context": "[發案]想做網站!我出一元買斷網站!不願意接受這個價格的請直接跳過我沒有要來這裡找人創業或是合夥我找的是願意收我一元幫我做網站的工程師如果您願意幫我我之後會把您當成朋友分紅給您以下只是我的一些想法有不對的地方請多包涵這篇文章不是發案只是做一些解釋希望這裡不會只能發案,也能讓我說說想法真的非常感謝大家的討論與指教!小的忙到現在纔有空上來看發現大家的意見真的很珍貴!我非常感恩大家!我想我把來龍去脈整個完整說明一下好了!我們公司是做包包的臺灣工廠,算是傳統產業我們公司七年前做的網站就是付費購買的但現在被綁死了,不能搬家,動彈不得,現在連隨便改個圖都要付個五百六百,我覺得太扯跟老闆反應很多次,但是老闆觀念覺得沒差!因為老闆是63歲邁向64歲的人了以前工廠好做,單量大,永遠有跑單幫的出來接單單量大接不完,老闆早就賺飽飽的想退休了而我是工廠業務,只能想辦法去找單,否則會餓死我對這行業是非常有興趣,因為做了七年自認很瞭解這個產業的生態本來是很想自己做網站出來做,這一點到現在也沒變過由於看到公司網站被綁死,我當然不會走這條舊路一次買斷之後沒有後續服務,還要繳維護費用公司也許不缺錢,但它沒有心要繼續經營和進步了!ok,這是它的事但在這些條件下,我可以成立我的事業讓公司成為我最好的靠山哪天公司不行了,說不定就靠我了又或者,當我成熟經營出自己的客戶我也可以選擇任何一間工廠下單,不會被綁死目前是想要做一個tob的形象網站所以我是真的想找能幫我的工程師做網站我只是沒時間也欠缺經營網站的技術而這個網站是工程師幫我做的因此這個網站的經營權完全可以由您決定,我不爭經營權但如果您要把做好的網站交給我經營的話,我會非常樂意!有一些套版的網站,fb的粉絲團甚至是拍賣平臺都能進行,這些都能嘗試重點來了!為什麼我會說要把網站的經營權交給您?因為第一這個網站是您做的!所以您可以控制整個接單系統不會漏掉任何一張單但如果您要交給我,我非常樂意!只要您信得過我,那有什麼問題呢?第二怕我電話接單嗎?很簡單,網站上直接只留您的電話吧!這樣要下單的人只能透過您這就是為什麼我不能用我們公司的網站來做宣傳因為如果用我們公司的宣傳下單者就會直接找我們公司那您的網站就無法掌握下單者的資料來源我就無法分潤給您分紅的方式我已經想好,也跟公司談好了相信工程師一定能做出專業的網站但如果不想花太多時間只做套版網站,fb粉絲團,或是拍賣平臺也都可以我只能說這個市場如果不是我們來做那會是誰做走呢?答案是我的對手而我的對手甚至不在臺灣因為臺灣做包包的工廠已經剩沒幾間了分享一下團體單是這樣的如果能先有個tob的形象網站像我上週自己打電話找到一個客戶(大型上市公司)接了一張單3000個每個賺100元就賺三十萬了我是peter,非常需要專業的工程師幫忙我,感恩!我的電話:0911096871lineid:0911096871bytheway回應一下beaprayguy大您所謂我的下線夥伴們是完全不會想拿著您的網站去推銷的他們只會想做自己的網站,用自己的網站推銷原因很簡單他比您還擔心要是對方直接透過您的網站找您接單那做白工的就會是他我想公司不太可能公開帳目就算公開也可以做帳但當您可以親自掌握訂單來源的時候就不用擔心帳目的問題了因為每筆訂單您都可以親自確認而且當您有訂單在手的時候您反而可以選擇要下單的工廠感謝大家指教!歡迎大家給我更多更好的批評指教與建議,感謝大家!!",
    "time": "2017/05/22 00:50:54",
    "event": "slide"
  },
  {
    "category": "29",
    "app": "MoPTT",
    "id": "101",
    "context": "re:[發案]想做網站!※引述《beaprayguy(小羊快跑啊)》之銘言：:他不想負擔server要網站負責人管理一切。:若他的下線拿著你的網站去推銷。:並收到訂單，請問這個帳會算誰的的？:不公開帳目，這樣誰要合作做網站？:網站成本都要網站負責人cover:合理嗎？關於「公司網站被綁死」,以下xdraculax大有解釋xd不是啦!圖我們美工自己做好,只是要跟原圖做對換,要收500,這樣合理?如果我賣0元包包給您!而我評估發現您可以利用這個包包,帶給我長期的回饋大於我包包的成本,那我是願意的,重點是我要評估您如何利用我這個包包這就是一種投資的概念囉!經銷商我會去創業版找,但我也需要工程師這裡有規定只能一次買斷的商業模式?所以啊....我要找的就是有其他想法的工程師囉,不是您啊....隱藏什麼訊息?可以說明白嗎?此版性質是什麼?一次買斷?當然好!請問是什麼商品?讓我評估一下!謝謝!我是業務,靠嘴吃飯沒錯,是基本生存之道,另外什麼是維護約?沒聽過耶??太貴了啦!我付不起...sorry~~maybe~~不是啦!圖我們美工自己做好,只是要跟原圖做對換,要收500,這樣合理?謝謝!我剛纔看過了!可以考慮,感恩!網站做好就能接單啦!兼業務喔?有興趣的話當然ok啊!不一定喔,厲害的工程師會去創業版嗎?創業版有別的功能,之後我會用,嘿嘿!我不會改圖耶.....我是要做一個tob的形象網站啦!我有找到高手願意幫我,很開心!可以啊!可是就如同我請您做網站的條件,工廠的所有管理經營權都是在我身上喔!您會不會覺得一元白花呢?可以解釋一下嗎?我真的看不懂,但是很想笑xd有同感,謝謝!我是要做網站,通路開發是順便,那是我之後在創業版的下一步",
    "time": "2017/05/22 00:53:20",
    "event": "click"
  },
  {
    "category": "29",
    "app": "MoPTT",
    "id": "102",
    "context": "re:[發案]想做網站!※引述《beaprayguy(小羊快跑啊)》之銘言：:他不想負擔server要網站負責人管理一切。:若他的下線拿著你的網站去推銷。:並收到訂單，請問這個帳會算誰的的？:不公開帳目，這樣誰要合作做網站？:網站成本都要網站負責人cover:合理嗎？關於「公司網站被綁死」,以下xdraculax大有解釋xd不是啦!圖我們美工自己做好,只是要跟原圖做對換,要收500,這樣合理?如果我賣0元包包給您!而我評估發現您可以利用這個包包,帶給我長期的回饋大於我包包的成本,那我是願意的,重點是我要評估您如何利用我這個包包這就是一種投資的概念囉!經銷商我會去創業版找,但我也需要工程師這裡有規定只能一次買斷的商業模式?所以啊....我要找的就是有其他想法的工程師囉,不是您啊....隱藏什麼訊息?可以說明白嗎?此版性質是什麼?一次買斷?當然好!請問是什麼商品?讓我評估一下!謝謝!我是業務,靠嘴吃飯沒錯,是基本生存之道,另外什麼是維護約?沒聽過耶??太貴了啦!我付不起...sorry~~maybe~~不是啦!圖我們美工自己做好,只是要跟原圖做對換,要收500,這樣合理?謝謝!我剛纔看過了!可以考慮,感恩!網站做好就能接單啦!兼業務喔?有興趣的話當然ok啊!不一定喔,厲害的工程師會去創業版嗎?創業版有別的功能,之後我會用,嘿嘿!我不會改圖耶.....我是要做一個tob的形象網站啦!我有找到高手願意幫我,很開心!可以啊!可是就如同我請您做網站的條件,工廠的所有管理經營權都是在我身上喔!您會不會覺得一元白花呢?可以解釋一下嗎?我真的看不懂,但是很想笑xd有同感,謝謝!我是要做網站,通路開發是順便,那是我之後在創業版的下一步",
    "time": "2017/05/22 00:53:20",
    "event": "slide"
  }
]