[
  {
    "category": "3",
    "app": "MoPTT",
    "id": "15",
    "context": "[討論]大家喜歡哪一種奶?不知道是受到胸罩公司的影響還是真的有美學上的差異，所謂的美胸幾乎都強調要集中(這樣才會有事業線)託高(因為下垂不好看)但事實上天生的胸部不是只有這樣大家喜歡哪一種?",
    "time": "2017/05/21 22:59:52",
    "event": "click"
  },
  {
    "category": "3",
    "app": "MoPTT",
    "id": "16",
    "context": "[討論]大家喜歡哪一種奶?不知道是受到胸罩公司的影響還是真的有美學上的差異，所謂的美胸幾乎都強調要集中(這樣才會有事業線)託高(因為下垂不好看)但事實上天生的胸部不是只有這樣大家喜歡哪一種?",
    "time": "2017/05/21 22:59:52",
    "event": "slide"
  },
  {
    "category": "3",
    "app": "Chrome",
    "id": "29",
    "context": "re:[問卦]是不是有奶子就讚-看板gossiping-批踢踢實業坊這種臉這麼假的你們也看得下去我也是醉了是沒看過奶子逆???https://imgur.com/oxg4zunhttps://imgur.com/qe4cfhphttps://imgur.com/fgw2r68https://imgur.com/dcvgds8https://imgur.com/cobbw8mhttps://imgur.com/tuqdyrq",
    "time": "2017/05/21 23:17:43",
    "event": "click"
  },
  {
    "category": "3",
    "app": "Chrome",
    "id": "30",
    "context": "re:[問卦]是不是有奶子就讚-看板gossiping-批踢踢實業坊這種臉這麼假的你們也看得下去我也是醉了是沒看過奶子逆???https://imgur.com/oxg4zunhttps://imgur.com/qe4cfhphttps://imgur.com/fgw2r68https://imgur.com/dcvgds8https://imgur.com/cobbw8mhttps://imgur.com/tuqdyrq",
    "time": "2017/05/21 23:17:43",
    "event": "slide"
  }
]