[
  {
    "category": "4",
    "app": "MoPTT",
    "id": "17",
    "context": "[笑話]howhowfbhttps://www.facebook.com/howfunofficial/posts/1494524750598473渾然..渾然天成的joke...欸欸那個……有人現在在信義區att附近ㄇ我身上沒有半毛錢，然後機車停車費要40塊啦我機車領不出來……如果有人在附近可以跟你借40塊ㄇ明天必還感激不盡(つд⊂)",
    "time": "2017/05/21 23:03:57",
    "event": "click"
  },
  {
    "category": "4",
    "app": "MoPTT",
    "id": "18",
    "context": "[笑話]howhowfbhttps://www.facebook.com/howfunofficial/posts/1494524750598473渾然..渾然天成的joke...欸欸那個……有人現在在信義區att附近ㄇ我身上沒有半毛錢，然後機車停車費要40塊啦我機車領不出來……如果有人在附近可以跟你借40塊ㄇ明天必還感激不盡(つд⊂)",
    "time": "2017/05/21 23:03:57",
    "event": "slide"
  }
]