[
  {
    "category": "5",
    "app": "MoPTT",
    "id": "19",
    "context": "[ＸＤ]聖結石5月21影片更新啦!!!!https://youtu.be/bskermyc6c4聖結石5月21影片更新啦!!!!聖結石5月21影片更新啦!!!!這次是調相機的小趣事!!!!",
    "time": "2017/05/21 23:04:12",
    "event": "click"
  },
  {
    "category": "5",
    "app": "MoPTT",
    "id": "20",
    "context": "[ＸＤ]聖結石5月21影片更新啦!!!!https://youtu.be/bskermyc6c4聖結石5月21影片更新啦!!!!聖結石5月21影片更新啦!!!!這次是調相機的小趣事!!!!",
    "time": "2017/05/21 23:04:12",
    "event": "slide"
  }
]