[
  {
    "category": "6",
    "app": "MoPTT",
    "id": "21",
    "context": "[ＸＤ]【0521】影片狂新聞#066https://www.facebook.com/crazyck101/?fref=ts【0521】影片卡提諾狂新聞#066期●重複留言絕對無法抽獎！※幹話王再次刷新紀錄※非洲鱷魚帶牧師上天堂※我直直撞我好想喝冬瓜茶※萬中無一的繪畫奇才降世※強國騎士路上夯焦阿巴※影片尾還有彩蛋窩本集抽超狂【復仇者聯盟是界巡迴展】票券20張，讓你看展一秒變英雄!按讚加入卡提諾狂新聞粉絲團！搶先收到第一手狂訊https://www.facebook.com/crazyck101/卡提諾狂新聞網站https://goo.gl/vxz5v2卡提諾狂新聞全集https://goo.gl/2pechu卡提諾狂新聞youtubehttps://goo.gl/2edkkf補youtube連結https://www.youtube.com/watch?v=qopupxwvhaw",
    "time": "2017/05/21 23:06:12",
    "event": "slide"
  },
  {
    "category": "6",
    "app": "MoPTT",
    "id": "22",
    "context": "[ＸＤ]【0521】影片狂新聞#066https://www.facebook.com/crazyck101/?fref=ts【0521】影片卡提諾狂新聞#066期●重複留言絕對無法抽獎！※幹話王再次刷新紀錄※非洲鱷魚帶牧師上天堂※我直直撞我好想喝冬瓜茶※萬中無一的繪畫奇才降世※強國騎士路上夯焦阿巴※影片尾還有彩蛋窩本集抽超狂【復仇者聯盟是界巡迴展】票券20張，讓你看展一秒變英雄!按讚加入卡提諾狂新聞粉絲團！搶先收到第一手狂訊https://www.facebook.com/crazyck101/卡提諾狂新聞網站https://goo.gl/vxz5v2卡提諾狂新聞全集https://goo.gl/2pechu卡提諾狂新聞youtubehttps://goo.gl/2edkkf補youtube連結https://www.youtube.com/watch?v=qopupxwvhaw",
    "time": "2017/05/21 23:06:12",
    "event": "slide"
  }
]