[
  {
    "category": "7",
    "app": "MoPTT",
    "id": "23",
    "context": "[問題]playstation請問這算plus雲端存檔功能設定太差嗎==我一直都有買plus會員就算不跟人連線也是一直包會員主要也是因為存檔可以上傳雲端覺得方便假如哪天主機壞了存檔也還有得救我想應該有些人跟我的想法一樣吧只是今天我忽然覺得plus雲端存檔有一個設定非常的糟糕就是今天你主機沒有這款遊戲那你就沒辦法把存檔下載回來qq事情是這樣的去年我有玩幻痛後來也有把存檔傳到雲端上之後實體片賣人了qq這次特價剛好有幻痛合輯我也就買回來收藏爬文是說存檔可以繼承我之前有換過主機所以不像別的遊戲一樣就算刪除遊戲存檔還是在硬碟裡面結果我下載完遊戲要下載幻痛的存檔雲端只會顯示我沒安裝此遊戲程式好樣的所以我就完全沒得繼承有點怒瞬間不太爽玩=..=還好今天朋友說他那還有幻痛的遊戲片立刻去拿一片回來安裝才讓我從雲端把原本幻痛的存檔下載回來也順利繼承到合輯那如果今天朋友都沒有這片遊戲這樣不就變成我要不重玩要不就是在去買一片回來安裝抓存檔然後又再賣掉實體片這種沒安裝遊戲不讓下載回存檔的方式瞬間覺得根本來亂的!!雖然說不是人人都會賣掉舊的買合輯也不一定人人都會剛好在這段時間換主機但碰到的時候真的是感覺很不好還是說是遊戲程式的設計不良?讓雲端覺得我沒這款遊戲所以不讓我下載???相同的問題是否有發生在血源初版跟年度版或是黑魂初版跟年度版上???--火雞伯youtube實況https://goo.gl/9cqmgnfb小小的粉絲團https://www.facebook.com/liccacat/",
    "time": "2017/05/21 23:14:02",
    "event": "click"
  },
  {
    "category": "7",
    "app": "MoPTT",
    "id": "24",
    "context": "[問題]playstation請問這算plus雲端存檔功能設定太差嗎==我一直都有買plus會員就算不跟人連線也是一直包會員主要也是因為存檔可以上傳雲端覺得方便假如哪天主機壞了存檔也還有得救我想應該有些人跟我的想法一樣吧只是今天我忽然覺得plus雲端存檔有一個設定非常的糟糕就是今天你主機沒有這款遊戲那你就沒辦法把存檔下載回來qq事情是這樣的去年我有玩幻痛後來也有把存檔傳到雲端上之後實體片賣人了qq這次特價剛好有幻痛合輯我也就買回來收藏爬文是說存檔可以繼承我之前有換過主機所以不像別的遊戲一樣就算刪除遊戲存檔還是在硬碟裡面結果我下載完遊戲要下載幻痛的存檔雲端只會顯示我沒安裝此遊戲程式好樣的所以我就完全沒得繼承有點怒瞬間不太爽玩=..=還好今天朋友說他那還有幻痛的遊戲片立刻去拿一片回來安裝才讓我從雲端把原本幻痛的存檔下載回來也順利繼承到合輯那如果今天朋友都沒有這片遊戲這樣不就變成我要不重玩要不就是在去買一片回來安裝抓存檔然後又再賣掉實體片這種沒安裝遊戲不讓下載回存檔的方式瞬間覺得根本來亂的!!雖然說不是人人都會賣掉舊的買合輯也不一定人人都會剛好在這段時間換主機但碰到的時候真的是感覺很不好還是說是遊戲程式的設計不良?讓雲端覺得我沒這款遊戲所以不讓我下載???相同的問題是否有發生在血源初版跟年度版或是黑魂初版跟年度版上???--火雞伯youtube實況https://goo.gl/9cqmgnfb小小的粉絲團https://www.facebook.com/liccacat/",
    "time": "2017/05/21 23:14:02",
    "event": "slide"
  }
]