[
  {
    "category": "8",
    "app": "MoPTT",
    "id": "25",
    "context": "[問卦]明天要上班了心情很不好怎麼辦?哭哭一上班坐在電腦前面就想著中午要吃什麼好無聊喔......怎麼辦?",
    "time": "2017/05/21 23:15:22",
    "event": "click"
  },
  {
    "category": "8",
    "app": "MoPTT",
    "id": "26",
    "context": "[問卦]明天要上班了心情很不好怎麼辦?哭哭一上班坐在電腦前面就想著中午要吃什麼好無聊喔......怎麼辦?",
    "time": "2017/05/21 23:15:22",
    "event": "slide"
  }
]