[
  {
    "category": "9",
    "app": "MoPTT",
    "id": "27",
    "context": "[新聞]無印良品無極限　今年將開賣簡易別墅住宅http://www.appledaily.com.tw/realtimenews/article/new/20170520/1122807/日本無印良品muji預定在今年推出簡易住宅「mujihut」，售價每棟200~500萬日圓（50~126萬臺幣）。mujihut使用鋁和軟木等建材，能設置在山上和海邊，良品計劃預設消費者將其作為「別墅」使用，瞄準嚮往在大自然短暫居住的都會人士銷售，售價較市售別墅便宜許多。設計師深澤直人等3人設計了3種屋型，目前這3款小屋僅限定於日本販售。（即時新聞中心／綜合報導）",
    "time": "2017/05/21 23:15:50",
    "event": "click"
  },
  {
    "category": "9",
    "app": "MoPTT",
    "id": "28",
    "context": "[新聞]無印良品無極限　今年將開賣簡易別墅住宅http://www.appledaily.com.tw/realtimenews/article/new/20170520/1122807/日本無印良品muji預定在今年推出簡易住宅「mujihut」，售價每棟200~500萬日圓（50~126萬臺幣）。mujihut使用鋁和軟木等建材，能設置在山上和海邊，良品計劃預設消費者將其作為「別墅」使用，瞄準嚮往在大自然短暫居住的都會人士銷售，售價較市售別墅便宜許多。設計師深澤直人等3人設計了3種屋型，目前這3款小屋僅限定於日本販售。（即時新聞中心／綜合報導）",
    "time": "2017/05/21 23:15:50",
    "event": "slide"
  }
]