[
  {
    "category": "3",
    "app": "Messenger",
    "id": "96",
    "context": "你這周會去畢典嗎?去惠蓀堂嗎?",
    "time": "2017/06/06 12:12:42",
    "event": "slide"
  },
  {
    "category": "3",
    "app": "Messenger",
    "id": "97",
    "context": "嗯不會耶！怎麼了嗎～我想說去年參加過了，今年都不同屆學生",
    "time": "2017/06/06 12:12:42",
    "event": "slide"
  },
  {
    "category": "3",
    "app": "Messenger",
    "id": "99",
    "context": "你這周會去畢典嗎?去惠蓀堂嗎?嗯不會耶！怎麼了嗎～我想說去年參加過了，今年都不同屆學生",
    "time": "2017/06/06 12:12:42",
    "event": "slide"
  }
]