[
  {
    "category": "1",
    "app": "MoPTT",
    "id": "1",
    "context": "airpods耳機",
    "time": "2017/06/29 17:10:15",
    "event": "type"
  },
  {
    "category": "1",
    "app": "MoPTT",
    "id": "2",
    "context": "r:airpods耳機適合運動嗎?",
    "time": "2017/06/29 17:12:35",
    "event": "click"
  },
  {
    "category": "1",
    "app": "MoPTT",
    "id": "3",
    "context": "r:airpods耳機適合運動嗎?就我個人心得小回ㄧ下～也是3月初訂，4月中拿到買之前在板上爬了不少文本想7天試用期試試就退掉（真的爆貴-.-）但ㄧ試就回不去了...直接收編使用再鼓吹親友跟進xdhttp://i.imgur.com/lrqkxs4.jpghttp://i.imgur.com/jahu2ey.jpg以上是剛收到時的開箱～決定收編後在淘寶買了一堆配件xdhttp://i.imgur.com/jheuczp.jpg騎車怕安全帽卡著多少有掉的風險故還是買了掛繩，但還沒認真用過貼紙是想跟別人不一樣xd保護套是不想刮傷case但我有另外拿小束口袋裝，保護套其實有點多餘...※引述《urmp(是鬱非玉)》之銘言：:我是3月初訂，4月中到貨:有上網查過一些使用心得，但不多，且不少心得都寫不會掉:所以簡單的配戴earpods，測試確認甩頭也不會掉之後就下訂了:但結果不如預期:可能因為耳朵不是通用型(?)又屬於油性的關係，左耳配戴聽音樂約40分鐘後會鬆脫:這時只要搖頭airpods耳機就會掉下來;右耳更慘，戴上去就鬆掉...感覺這跟耳型很有關係我跟我弟戴原廠有線本來就也穩穩拿到airpods耳機後戴上頭亂甩亂晃也都沒掉試過戴整天待機邊做事也都穩穩想購入的人還是建議耳型跟原有線耳機合的再考慮:最後是買鯊魚鰭耳套，情況纔有所好轉，但配戴時不能吃東西跟跑步就是了:還好當初買他的目的本來就不是為了跑步:是為了能開車時接電話，所以還算能接受(但不太能吃東西好傷心):音色這部份我是木耳聽不出來，所以也不在意我也木耳～但本來就覺得原廠音質ok反而不愛入耳式耳機:自動耳朵偵測的這個功能還蠻不錯，但使用耳套之後→此功能無用化:電話接聽部份:如果正好有戴著airpods耳機接聽上沒有什麼問題:但電話來時沒戴著airpods耳機，但想使用airpods耳機講電話會有問題:電話來時如果把airpods耳機從盒子中拿出來，藍芽的圖案會亮起來之後再消失:→無法使用airpods耳機接聽電話:經過幾次的測試後，試出在這樣的情況下想使用airpods耳機講電話:電話響起→把airpods耳機拿出時，蓋子不能直接蓋上，要等一段時間:這樣才能使用airpods耳機講電話:這是我比較苦惱的一點:因為我買airpods耳機最主要的目的就是為了方便快速的接電話...:所以不是很滿意這部份...我用起來反而順手欸我很常講電話講一半，懶的再用手拿手機就直接從case裡拿ㄧ耳出來戴上耳朵大概3秒內就會自動連結，也會自動幫我把正在通話的聲音轉進耳機手機就可以放下了～講完再直接把耳機放回case（我都只拿單耳講電話聽音樂才2隻ㄧ起）耳機這部份不需開機關機能隨時連線的功能是我決定收編的最大理由另我把耳機設定敲2下放音樂（因跟siri不熟xd）這功能也超方便啊:唯一滿意的優點是:續航力這部份很滿意，之前有看過類似的藍芽耳機:相同續航力下，要價差不多要一萬臺幣我整天待機通話最久大概戴了78小時才沒電但丟回case裡騎實ㄧ下子又充飽飽續航力真沒話說:再來希望apple能新增的一個功能是，能用airpods耳機拍照!!!:(不考慮一下用盒子上的按鍵新增自拍功能嗎):大概就是這樣，希望對你有幫助。以上是我個人下手後真心大推～是很貴但跟iphone配合起來真的是方便的我嫑嫑別噓我騎車開車戴耳機通話每個人工作的業務需求不同至少用了airpods耳機比拿著手機通話安全多了感謝收看",
    "time": "2017/06/29 17:12:35",
    "event": "slide"
  },
  {
    "category": "1",
    "app": "MoPTT",
    "id": "4",
    "context": "r:airpods耳機通話品質如何？",
    "time": "2017/06/29 17:17:21",
    "event": "click"
  },
  {
    "category": "1",
    "app": "MoPTT",
    "id": "5",
    "context": "r:airpods耳機通話品質如何？看了一下大家針對通話品質都是在描述使用者的角色我本人常常會騎單車運動比較想要知道的是在跟我講電話的對方會不會聽到很大聲的風切聲導致聽不清楚我說的內容？另外也想請問好像都沒有二代的消息會不會針對使用著方式做改進譬如在airpods耳機上面就可以直接做音量調整前後首切換接聽電話等有專業人士知道嗎感謝--※發信站:批踢踢實業坊(ptt.cc),來自:220.141.163.48※瀏覽網頁版※",
    "time": "2017/06/29 17:17:22",
    "event": "slide"
  },
  {
    "category": "1",
    "app": "MoPTT",
    "id": "6",
    "context": "[情報]調查：高達98%用戶滿意airpods耳機，滿意度",
    "time": "2017/06/29 17:33:31",
    "event": "click"
  },
  {
    "category": "1",
    "app": "MoPTT",
    "id": "7",
    "context": "[情報]調查：高達98%用戶滿意airpods耳機，滿意度凌駕iphone、ipad等產品蘋果去年發表iphone7時一同亮相的無線耳機airpods耳機，儘管剛發表時各界的褒貶不一，但一份調查顯示高達98%的用戶對airpods耳機感到滿意，甚至超過過去iphone、ipad上市時的滿意度。市場研究機構creativestrategies與experian針對942名蘋果無線耳機airpods用戶進行調查之後發現，這些使用者對airpods耳機的滿意度高達98%，凌駕iphone、ipad與applewatch用戶當初對相關產品的滿意度。",
    "time": "2017/06/29 17:33:32",
    "event": "click"
  },
  {
    "category": "1",
    "app": "MoPTT",
    "id": "8",
    "context": "[問題]airpods藍芽耳機名稱改名",
    "time": "2017/06/29 17:35:26",
    "event": "click"
  },
  {
    "category": "1",
    "app": "MoPTT",
    "id": "9",
    "context": "[問題]airpods藍芽耳機名稱改名因為我蘋果還是舊版本，所以我的手機會自動默認airpods耳機,但是有天我耳機借我朋友使用，拿回來時就變成xxx的airpods耳機,有沒有可以把名字改回來的解法？不喜歡用別人的名字......先謝謝各位了--※發信站:批踢踢實業坊(ptt.cc),來自:39.8.64.61",
    "time": "2017/06/29 17:35:26",
    "event": "slide"
  },
  {
    "category": "1",
    "app": "MoPTT",
    "id": "10",
    "context": "[討論]airpods耳機forkkbox切換歌曲",
    "time": "2017/06/29 19:19:53",
    "event": "click"
  },
  {
    "category": "1",
    "app": "MoPTT",
    "id": "11",
    "context": "請問各位大大小弟有幸購入airpods耳機今天使用的時候有爬文敲打siri可以切換kkbox切換曲目不過似乎僅止於解鎖是否鎖定情況下無法切換上下首歌曲呢有請各位大大幫忙解惑",
    "time": "2017/06/29 19:19:53",
    "event": "slide"
  },
  {
    "category": "1",
    "app": "MoPTT",
    "id": "12",
    "context": "[問題]airpods耳機或藍芽裝置的通知聲音量的困擾",
    "time": "2017/06/29 19:19:58",
    "event": "click"
  },
  {
    "category": "1",
    "app": "MoPTT",
    "id": "13",
    "context": "[問題]airpods耳機或藍芽裝置的通知聲音量的困擾airpods耳機很不錯用沒錯但最近通知聲音量很困擾我大聲到嚇死人就例如聽音樂時是一半的音量突然來個通知時通知聲是最大級別的請問手機通知聲音量能否分別調降？（有連接藍芽和沒連接藍芽的時候）需要的是：外放時通知聲是最大聲接藍芽耳機時一般音量大小就可以了",
    "time": "2017/06/29 19:19:58",
    "event": "slide"
  },
  {
    "category": "1",
    "app": "MoPTT",
    "id": "14",
    "context": "[問題]airpods耳機充電盒電量顯示",
    "time": "2017/06/29 19:20:23",
    "event": "click"
  },
  {
    "category": "1",
    "app": "MoPTT",
    "id": "15",
    "context": "[問題]airpods耳機充電盒電量顯示今天剛入手了airpods耳機超興奮的可是充電盒一直停留在72%是為什麼有人也發生過這種問題嗎?",
    "time": "2017/06/29 19:20:23",
    "event": "slide"
  },
  {
    "category": "1",
    "app": "MoPTT",
    "id": "16",
    "context": "[問題]最近想購入airpods耳機但....",
    "time": "2017/06/29 19:20:32",
    "event": "click"
  },
  {
    "category": "1",
    "app": "MoPTT",
    "id": "17",
    "context": "[問題]最近想購入airpods耳機但....各位前輩早安因為用了五年的原廠耳機最近快壞了所以最近想購入airpods耳機但因為個人耳型關係，若直接戴上原廠耳機會很容易脫落後來發現了一個小技巧：在原廠耳機上套上一個耳機套（如圖，截自網路）http://i.imgur.com/8kcbvva.jpg即可因為增加厚度及摩擦力，使耳機不容易脫落那麼問題來了airpods耳機是使用無線藍芽若套上耳機套會不會影響到使用體驗呢？有沒有已購入airpods耳機的前輩能幫我試試看手機型號是iphone5ios10.3.1謝謝大家！",
    "time": "2017/06/29 19:20:32",
    "event": "slide"
  },
  {
    "category": "1",
    "app": "MoPTT",
    "id": "18",
    "context": "[問題]日本airpods耳機保固",
    "time": "2017/06/29 19:20:39",
    "event": "click"
  },
  {
    "category": "1",
    "app": "MoPTT",
    "id": "19",
    "context": "[問題]日本airpods耳機保固不想等六個禮拜了，剛好友人下週去日本。想說有現貨就請她帶一隻了，有爬文到手錶只能回日本修，想問一下在日本買airpods耳機帶回臺灣的人，請問如果有問題，臺灣apple能提供保固嗎？謝謝各位-----sentfromjpttonmyiphone--※發信站:批踢踢實業坊(ptt.cc),來自:49.214.192.227※瀏覽網頁版※",
    "time": "2017/06/29 19:20:39",
    "event": "slide"
  },
  {
    "category": "1",
    "app": "MoPTT",
    "id": "20",
    "context": "[新聞]健忘救星！ios10.3將新增尋找我的airpods耳機",
    "time": "2017/06/29 19:20:53",
    "event": "click"
  },
  {
    "category": "1",
    "app": "MoPTT",
    "id": "21",
    "context": "[新聞]健忘救星！ios10.3將新增尋找我的airpods耳機mobile01健忘救星！ios10.3將新增尋找我的airpods耳機功能https://goo.gl/x9o6en今天凌晨蘋果發佈了ios10.3的beta版，供開發者先行下載測試，在這個版本裡，跟使用者比較有關係的更新是，新增了用「尋找我的iphone」找airpods耳機的功能，找到之後，airpods耳機會發出----聲音提醒你，相信對airpods耳機的使用者來說，會是個實用的更新，畢竟airpods耳機是個很容易隨手就不知道放在哪的小東西。尋找iphone這功能，可以搜尋所有登入同一個appleid，且開機中的裝置，更新到ios10.3後，打開尋找我的iphone，可以發現多了一個airpods耳機的圖示，顯示airpods耳機的位置（如果airpods耳機還有電的話），為了讓定位更準確，可以的話iphone最好連接著wi-fi。。在地圖上看到airpods耳機的位置後，可以進一步讓airpods耳機發出聲音讓你找到，這聲音也會越來越大（聲音有點像蟋蟀叫）。而且在畫面上看到可以選擇一耳靜音，這是當你只有一耳不見時使用的。不過只有在airpods耳機和iphone正連線中時，才會發出聲音，如果耳機正放在盒子充電中，或離太遠，超過連線範圍，和iphone間斷線了，就無法發出聲音讓你聽音辨位，那怎辦？這時後就是靠地圖上顯示的位置，努力回憶一下了xd，尤其又顯示正在同一個地方時....網頁上也可以執行「尋找我的iphone」，如果不幸連手機都不知道放哪去時，在電腦上打開網頁進入http://www.icloud.com，還是可以找到登入裝置的位置，還是可以找到登入裝置的位置。目前還是beta版，之後發出正式版後，有airpods耳機的記得更新了～影片操作會更清楚。https://youtu.be/vtbniwy0658-------airpods耳機裡面又沒搭載agps，不知道用什麼方法來尋找??-----------※發信站:批踢踢實業坊(ptt.cc),來自:140.112.225.178※瀏覽網頁版※我想也是可能是定位在最後斷線的地理位址harry3875編輯140.112.225.17801/2515:04大概的意思就是此功能只能給你一個遺失範圍，並在你最靠近時連線到耳機並開始放送鳴聲harry3875編輯140.112.225.17801/2515:27",
    "time": "2017/06/29 19:20:53",
    "event": "slide"
  },
  {
    "category": "1",
    "app": "MoPTT",
    "id": "22",
    "context": "re:[心得]airpods耳機開箱&簡單使用心得",
    "time": "2017/06/29 19:21:13",
    "event": "click"
  },
  {
    "category": "1",
    "app": "MoPTT",
    "id": "23",
    "context": "re:[心得]airpods耳機開箱&簡單使用心得借題發表一下感想本人已經有一副bragithedash耳機，對不知道這副耳機的人稍微說一下bragi也是『真』無線耳機，定價299美金，臺灣無代理自己想辦法搞來臺灣一定要破萬，還沒保固一副bragi可以買兩副airpods耳機沒問題，所以airpods耳機很貴？科科進入主題，我是覺得要比較的話就拿同樣性質的耳機來比較所以我就拿我手上有的bragi跟airpods耳機比吧首先是大部分人最有疑問的音質直接說，如果是音質擺第一，真的不需要花五千多買airpods耳機也不需要花299美金以上買bragi這類產品絕對不是音質掛帥，以音質角度來看cp值超低音質的價值頂多是賣價的一半左右不到，想要音質你有其它更好的選擇但是網路上很少人酸bragi音質阿～反正它又不是蘋果出的whocares..再來說操作bragi可以透過觸控耳機表面方式直接換首、調整音量、暫停/開始和叫出siri只是手勢有點多，剛開始使用時還要稍微想一下，習慣之後非常方便這一點airpods耳機只能叫出siri或者暫停/開始真的是完敗，輸到脫褲以apple這麼注重使用者體驗的公司來說，真的是很不應該再來說配戴感我覺得bragi有點偏大，塞在耳朵裡面真的算不上舒適甚至帶久一點還有點痛，但也可能只是我的個案，畢竟每個人的耳型不同可是真的很牢固，完全不怕會飛出去airpods耳機基本上就跟earpod差不多，不過稍微再肥一點點戴起來確實有感覺一點點不一樣雖然好像不牢固的樣子，但實際上我怎麼搖頭晃腦就是不會掉，自己先暈吧所以除非受外力影響，不然走一走就掉出來的情形是不太可能發生的這一方面我覺得airpods耳機贏，畢竟戴久耳朵會痛的耳機，應該沒多少人會接受再來說外型我是覺得bragi還滿有科技感的，所以當初同類型的耳機裡我才選了bragi就因為我覺得它最好看至於airpods耳機，一個字，醜！跟apple出的充電保護殼一樣實在不敢相信是apple設計出來的東西，可以並稱apple雙醜了我真心覺得醜，所以我只會在家裡跟公司用，外出我還是會帶bragi縱然它讓我耳朵有點痛...再來說穩定性藍牙耳機最重要的一點就是穩定性bragi真的很差，fb專頁上很多nice的歪果人說訊號很差常常斷掉，嚴重的甚至手機放到褲子後面口袋就收不到我自己是沒這麼嚴重，但偶爾莫名其妙斷訊還是會至於airpods耳機，目前使用兩天，真的非常穩，沒斷過測試隔了兩個房間才會有斷訊的情況，bragi隔一個就會了其他的功能上，bragi有防水可以戴著游泳airpods耳機沒標榜防水，但有人測試丟到洗衣機30分鐘沖洗都沒事！bragi可以偵測心跳，但是誤差有點大，我完全不用它還內建4gb記憶體可以放歌，這樣出門跑步不用帶手機聽音樂airpods耳機想出門不帶手機聽音樂，只能跟applewatch配合了吧（不過我也有啦）然而airpods耳機最重要的一個功能，也是我當初會決定想要買的原因就是因為它跟蘋果裝置整合得很好，可以在手機、平板、電腦間無痛轉移不像其它的藍牙耳機轉移一次就重新連線一次，煩死了光這點我就買單了，因為我有兩支iphone，三臺ipad跟一臺mac實在很需要這個功能阿xd阿，補充一下，雖然官網說要ios10以上但沒有也可以用，只是就當成一般的藍牙耳機，沒有其他功能了以上，簡略的比較心得",
    "time": "2017/06/29 19:21:13",
    "event": "slide"
  }
]