[
  {
    "category": "15",
    "app": "Chrome",
    "id": "122",
    "context": "成功大學水利107碩士",
    "time": "2017/06/08 14:39:10",
    "event": "type"
  },
  {
    "category": "15",
    "app": "Chrome",
    "id": "123",
    "context": "成功大學水利107碩士-google搜尋",
    "time": "2017/06/08 14:39:10",
    "event": "click"
  },
  {
    "category": "15",
    "app": "Chrome",
    "id": "124",
    "context": "成功大學水利107碩士-google搜尋",
    "time": "2017/06/08 14:39:10",
    "event": "slide"
  },
  {
    "category": "15",
    "app": "Chrome",
    "id": "125",
    "context": "水利及海洋工程學系碩士班-水利及海洋工程學系成功大學碩士生入學招生資訊",
    "time": "2017/06/08 14:39:07",
    "event": "click"
  },
  {
    "category": "15",
    "app": "Chrome",
    "id": "126",
    "context": "水利及海洋工程學系碩士班-水利及海洋工程學系成功大學碩士生入學招生資訊",
    "time": "2017/06/08 14:39:07",
    "event": "slide"
  },
  {
    "category": "15",
    "app": "Chrome",
    "id": "127",
    "context": "成大水利107碩士-google搜尋",
    "time": "2017/06/08 14:39:10",
    "event": "slide"
  },
  {
    "category": "15",
    "app": "Chrome",
    "id": "128",
    "context": "水利及海洋工程學系首頁-水利及海洋工程學系成功大學碩士生入學招生資訊",
    "time": "2017/06/08 14:39:14",
    "event": "click"
  },
  {
    "category": "15",
    "app": "Chrome",
    "id": "129",
    "context": "水利及海洋工程學系首頁-水利及海洋工程學系成功大學碩士生入學招生資訊",
    "time": "2017/06/08 14:39:14",
    "event": "slide"
  },
  {
    "category": "15",
    "app": "Chrome",
    "id": "130",
    "context": "水利及海洋工程學系成功大學水利及海洋工程學系碩士班105學年度第2學期第1次碩士論文口試時間表(1060519更新)-水利及海洋工程學系",
    "time": "2017/06/08 14:39:24",
    "event": "click"
  },
  {
    "category": "15",
    "app": "Chrome",
    "id": "131",
    "context": "水利及海洋工程學系成功大學水利及海洋工程學系碩士班105學年度第2學期第1次碩士論文口試時間表(1060519更新)-水利及海洋工程學系",
    "time": "2017/06/08 14:39:24",
    "event": "slide"
  }
]