[
  {
    "category": "7",
    "app": "Chrome",
    "id": "86",
    "context": "水土保持規範",
    "time": "2017/06/08 14:19:55",
    "event": "type"
  },
  {
    "category": "7",
    "app": "Chrome",
    "id": "87",
    "context": "水土保持規範-google搜尋",
    "time": "2017/06/08 14:19:59",
    "event": "click"
  },
  {
    "category": "7",
    "app": "Chrome",
    "id": "88",
    "context": "水土保持規範-google搜尋",
    "time": "2017/06/08 14:20:00",
    "event": "slide"
  },
  {
    "category": "7",
    "app": "Chrome",
    "id": "89",
    "context": "行政院農業委員會水土保持局水土保持-全球資訊網行動版",
    "time": "2017/06/08 14:20:02",
    "event": "click"
  },
  {
    "category": "7",
    "app": "Chrome",
    "id": "90",
    "context": "行政院農業委員會水土保持局水土保持-全球資訊網行動版",
    "time": "2017/06/08 14:20:02",
    "event": "slide"
  },
  {
    "category": "7",
    "app": "Chrome",
    "id": "91",
    "context": "行政院農業委員會水土保持局-全球資訊網行動版_水土保持相關法規",
    "time": "2017/06/08 14:20:04",
    "event": "slide"
  },
  {
    "category": "7",
    "app": "Chrome",
    "id": "92",
    "context": "行政院農業委員會水土保持局-全球資訊網行動版_水土保持相關法規",
    "time": "2017/06/08 14:20:04",
    "event": "slide"
  },
  {
    "category": "7",
    "app": "Chrome",
    "id": "93",
    "context": "行政院農業委員會水土保持局水土保持-全球資訊網行動版",
    "time": "2017/06/08 14:20:23",
    "event": "click"
  },
  {
    "category": "7",
    "app": "Chrome",
    "id": "94",
    "context": "行政院農業委員會水土保持局水土保持-全球資訊網行動版",
    "time": "2017/06/08 14:20:23",
    "event": "slide"
  },
  {
    "category": "7",
    "app": "Chrome",
    "id": "95",
    "context": "行政院農業委員會水土保持局水土保持-全球資訊網行動版_水保電子書",
    "time": "2017/06/08 14:20:25",
    "event": "click"
  },
  {
    "category": "7",
    "app": "Chrome",
    "id": "96",
    "context": "行政院農業委員會水土保持局水土保持-全球資訊網行動版_水保電子書",
    "time": "2017/06/08 14:20:25",
    "event": "slide"
  },
  {
    "category": "7",
    "app": "Chrome",
    "id": "97",
    "context": "行政院農業委員會水土保持局水土保持-全球資訊網行動版",
    "time": "2017/06/08 14:20:27",
    "event": "click"
  },
  {
    "category": "7",
    "app": "Chrome",
    "id": "98",
    "context": "行政院農業委員會水土保持局水土保持-全球資訊網行動版",
    "time": "2017/06/08 14:20:27",
    "event": "slide"
  },
  {
    "category": "7",
    "app": "Chrome",
    "id": "99",
    "context": "行政院農業委員會水土保持局-全球資訊網行動版_水土保持相關法規",
    "time": "2017/06/08 14:20:31",
    "event": "click"
  },
  {
    "category": "7",
    "app": "Chrome",
    "id": "100",
    "context": "行政院農業委員會水土保持局-全球資訊網行動版_水土保持相關法規",
    "time": "2017/06/08 14:20:31",
    "event": "slide"
  },
  {
    "category": "7",
    "app": "Chrome",
    "id": "101",
    "context": "水土保持規範-google搜尋",
    "time": "2017/06/08 14:20:53",
    "event": "slide"
  },
  {
    "category": "7",
    "app": "Chrome",
    "id": "102",
    "context": "行政院農業委員會-所有條文(外部版)水土保持",
    "time": "2017/06/08 14:21:10",
    "event": "click"
  },
  {
    "category": "7",
    "app": "Chrome",
    "id": "103",
    "context": "行政院農業委員會-所有條文(外部版)水土保持",
    "time": "2017/06/08 14:21:10",
    "event": "slide"
  },
  {
    "category": "7",
    "app": "Chrome",
    "id": "104",
    "context": "水土保持規範-google搜尋",
    "time": "2017/06/08 14:33:44",
    "event": "slide"
  },
  {
    "category": "7",
    "app": "Chrome",
    "id": "105",
    "context": "行政院農業委員會水土保持局-全球資訊網行動版_水土保持相關法規",
    "time": "2017/06/08 14:33:46",
    "event": "click"
  },
  {
    "category": "7",
    "app": "Chrome",
    "id": "106",
    "context": "行政院農業委員會水土保持局-全球資訊網行動版_水土保持相關法規",
    "time": "2017/06/08 14:33:46",
    "event": "slide"
  },
  {
    "category": "7",
    "app": "Chrome",
    "id": "107",
    "context": "行政院農業委員會水土保持局-全球資訊網行動版水土保持",
    "time": "2017/06/08 14:33:50",
    "event": "click"
  },
  {
    "category": "7",
    "app": "Chrome",
    "id": "108",
    "context": "行政院農業委員會水土保持局-全球資訊網行動版水土保持",
    "time": "2017/06/08 14:33:50",
    "event": "slide"
  },
  {
    "category": "7",
    "app": "Chrome",
    "id": "109",
    "context": "水土保持局-google搜尋",
    "time": "2017/06/08 14:33:52",
    "event": "slide"
  }
]