[
  {
    "category": "1",
    "app": "Facebook",
    "id": "1",
    "context": "真的有驍勇善戰、不輸男子的亞馬遜女戰士考古研究證實，這些驍勇善戰的女性也抽大麻、刺青，而且不僅殺男人，也愛男人。亞馬遜女戰士在古代時名聲不佳。她們",
    "time": "2017/05/31 17:57:44",
    "event": "click"
  },
  {
    "category": "1",
    "app": "Facebook",
    "id": "2",
    "context": "真的有驍勇善戰、不輸男子的亞馬遜女戰士考古研究證實，這些驍勇善戰的女性也抽大麻、刺青，而且不僅殺男人，也愛男人。亞馬遜女戰士在古代時名聲不佳。她們",
    "time": "2017/05/31 17:57:44",
    "event": "slide"
  }
]