[
  {
    "category": "10",
    "app": "Facebook",
    "id": "30",
    "context": "「每次坐客運回臺北，心情就很沉重...」3個中南部囝仔在天龍國的蝸居日記(夏鑄九,營隊,休學,涵碧樓,...)-職場力-心靈成長-非讀book-商業週刊-商周.com",
    "time": "2017/05/31 18:04:20",
    "event": "click"
  },
  {
    "category": "10",
    "app": "Facebook",
    "id": "31",
    "context": "「每次坐客運回臺北，心情就很沉重...」3個中南部囝仔在天龍國的蝸居日記(夏鑄九,營隊,休學,涵碧樓,...)-職場力-心靈成長-非讀book-商業週刊-商周.com",
    "time": "2017/05/31 18:04:20",
    "event": "slide"
  },
  {
    "category": "10",
    "app": "Facebook",
    "id": "46",
    "context": "「每次坐客運回臺北，心情就很沉重...」",
    "time": "2017/05/31 18:12:40",
    "event": "click"
  },
  {
    "category": "10",
    "app": "Facebook",
    "id": "47",
    "context": "「每次坐客運回臺北，心情就很沉重...」3個中南部囝仔在天龍國的蝸居日記(夏鑄九,營隊,休學,涵碧樓,...)",
    "time": "2017/05/31 18:12:40",
    "event": "slide"
  }
]