[
  {
    "category": "11",
    "app": "Facebook",
    "id": "32",
    "context": "酷知識測驗：俏「皮」大測驗貼心提醒：以下圖片與正解無絕對關係喔，請以題目與選項作為主要判斷依據～～～內容摘錄自《5000個考倒老師的酷",
    "time": "2017/05/31 18:05:05",
    "event": "click"
  },
  {
    "category": "11",
    "app": "Facebook",
    "id": "33",
    "context": "酷知識測驗：俏「皮」大測驗貼心提醒：以下圖片與正解無絕對關係喔，請以題目與選項作為主要判斷依據～～～內容摘錄自《5000個考倒老師的酷",
    "time": "2017/05/31 18:05:05",
    "event": "slide"
  }
]