[
  {
    "category": "12",
    "app": "Facebook",
    "id": "34",
    "context": "sitcon夏令營2017年度，以「踏入資訊域，放眼開源界」為主軸，sitcon夏令營將於東海大學舉辦，承接開源鄉的概念，配合豐富的課程、座談會及社羣闖關，",
    "time": "2017/05/31 18:05:39",
    "event": "click"
  },
  {
    "category": "12",
    "app": "Facebook",
    "id": "35",
    "context": "sitcon夏令營2017年度，以「踏入資訊域，放眼開源界」為主軸，sitcon夏令營將於東海大學舉辦，承接開源鄉的概念，配合豐富的課程、座談會及社羣闖關，透過程式編寫管理、演算法思維、團隊合作等架構下學習，讓學員推開程式大門、踏入資訊領域，並認識「開源」世界的廣大，透過開源城的引導，甚至做出自己的聊天機器人，擁有截然不同的營隊體驗。",
    "time": "2017/05/31 18:05:39",
    "event": "slide"
  }
]