[
  {
    "category": "15",
    "app": "Facebook",
    "id": "40",
    "context": "風衣上的肩帶原來是這麼用的，白買了這麼多件風衣，不知道太浪費！-beautiesoflife",
    "time": "2017/05/31 18:07:20",
    "event": "click"
  },
  {
    "category": "15",
    "app": "Facebook",
    "id": "41",
    "context": "風衣上的肩帶原來是這麼用的，白買了這麼多件風衣，不知道太浪費！-beautiesoflife天氣在不斷回暖，但回寒的日子，很多人愛上了風衣。一路哥發現，風衣上有很多特別的地方，結果一查，來頭還不小！這些別有用心的小細節你得知道它存在的意義，來漲姿勢吧！風衣上的特別造型▼<不管潮流多麼變幻莫測，總有一些單品經典永恆，比如風衣。春天是風衣橫行的季節，每個人的衣櫥裡都少不了一件風衣來防風雨凹造型。但買了那麼多穿，你知道它上面奇特的構造是怎麼來的嗎？比如肩膀上的肩帶，袖口的袖帶，後背的布片……最初風衣是軍隊用衣，被叫做“戰壕衣”，所以風衣上的很多設計也是為了戰爭需要。到了現在，風衣上的很多細節都傳承下來了，來研究一下風衣上這些特別的造型。#肩帶#▼肩膀上的肩帶，人們管它叫epaulettes，最初是掛士兵肩章用的。把釦子解開把包包掛上去，再把釦子扣好就可以防止包包的肩帶滑掉了，還可以讓肩頸更加挺立呢！#袖帶#▼袖口的袖帶，綁緊它，可以防止風灌進衣服裡，防風保暖。另外，也有些人當時把手套掛在袖帶上，超級人性化。#防風布#▼風衣肩前，有多出的一塊布，叫做gunflap(槍皮瓣)。這塊佈在戰時主要是為了墊槍的，防止槍械的後坐力衝擊。現在更多的是裝飾作用。背面的防風片這塊布主要是為遮雨用的。下雨的時候，把腰帶束緊，雨水就順著後面的這塊布滴落，就不會把整個背部打濕了，還有一定的修身作用。#搭配#▼風衣流傳到現在，經過了無數時尚元素的洗禮，也變了新的模樣。顏色上不再是單一的卡其色，材質也更豐富了，就連風衣上的設計也有了改變。但風衣永遠都是換季首選單品，經典永不過時。▼搭配簡單緊身褲，牛仔褲▼搭配連衣裙、半身裙衛衣帽子上的繩子▼連帽衛衣是秋冬春三季都可以穿的單品，絕對的百搭又實用。當然連帽衛衣上的兩根帶子也是一個神祕的存在。有說掛鑰匙的還可以理解，那些說蹲廁所的時候可以用來堵鼻孔的是什麼鬼！這種宇宙無敵大的腦洞就讓一路哥給你補上吧~到了風大寒冷的冬天，帶上帽子把兩根繩子一拉收緊帽口，就能防風保暖了，很簡單的設計卻很暖。#繞圈圈法#▼步驟：取帽繩適當的長度上折並往下繞圈圈，將最後一小段塞到圈圈裡，完成！",
    "time": "2017/05/31 18:07:20",
    "event": "slide"
  }
]