[
  {
    "category": "16",
    "app": "Facebook",
    "id": "42",
    "context": "牠就是融化上萬人的「真貓版鞋貓劍客」，只要視線一對到牠的眼睛你就會被馴服成貓奴…",
    "time": "2017/05/31 18:09:36",
    "event": "click"
  },
  {
    "category": "16",
    "app": "Facebook",
    "id": "43",
    "context": "牠就是融化上萬人的「真貓版鞋貓劍客」，只要視線一對到牠的眼睛你就會被馴服成貓奴…最近，一隻叫做hosico的格蘭折耳貓紅遍網路。牠住在莫斯科，雖然沒有垂垂的耳朵，但憑藉圓滾滾的碧綠色眼睛，還有胖嘟嘟的臉蛋，成功萌化人心。▼主人專門為牠創建了instagram帳號，經常分享牠的照片，牠的粉絲也越來越多。▼hosico是一隻有性格的貓咪，尤其喜新厭舊。牠喜歡玩新玩具，一個星期後玩具變舊，就會被牠打入冷宮。▼牠不喜歡主人專門買來的玩具，反而對鞋帶、樹枝、紙團、網球等等很感興趣，從小就勤儉持家，很討人喜歡。▼牠從小被呵護，對陌生人、陌生的地方充滿恐懼，有時候把傢俱換地方擺放，牠都會被嚇一跳。▼因為身材圓潤，牠很難擠進紙箱，厭世的表情超好笑。家中有這樣一隻可愛的貓咪，主人的生活一定多姿多彩。看著牠碧綠的眼睛，大家只想狠狠寵愛牠，給牠更多的愛，世界上怎麼會有這麼萌的動物，真是太犯規了！",
    "time": "2017/05/31 18:09:36",
    "event": "slide"
  }
]