[
  {
    "category": "17",
    "app": "Facebook",
    "id": "44",
    "context": "男子撿到一窩「蜜蜂狗」,詢問獸醫品種，實情讓人憤怒",
    "time": "2017/05/31 18:10:02",
    "event": "click"
  },
  {
    "category": "17",
    "app": "Facebook",
    "id": "45",
    "context": "男子撿到一窩「蜜蜂狗」,詢問獸醫品種，實情讓人憤怒男子在路邊散步，聽到草叢內一片騷動，翻開草叢一看，發現了4隻小家夥。小家夥是一種狗狗，身上毛發很奇怪，紅黑相間，看起來十分像浣熊。男子覺得好奇，就把小家夥抱了出來，放在自己的揹包上。小家夥可能是病了，趴在地上沒有啥活力。加上很久沒吃東西，一隻小狗狗側躺在地上，好像快不行的樣子。男子趕緊把狗狗帶回了家，叫來了獸醫朋友，檢查一下情況。獸醫朋友當場看了就怒了，這是典型的染色狗。商家為了讓狗狗看起來品相好，就用染料給狗狗染色。其實這並不是“蜜蜂狗”，就是一隻土狗。染色後，狗狗的皮膚就會不舒服，不舒服就喜歡舔染色毛發，殊不知這些燃料都是有毒的，狗狗就會慢性中毒，通常活不過3個月。為了錢，狗販子真是什麼都做的出來。其實，狗狗被染色也是消費者的愚蠢造成的，消費者看到狗狗色彩稀奇，就會傾向於去買，直接鼓勵了這種行為。所以大家如果看到這種狗，千萬不要買。隻要看到這種狗賣不出去，商家就不會浪費成本去染色，因為染色也是要錢的。沒有買賣，就沒有傷害",
    "time": "2017/05/31 18:10:02",
    "event": "slide"
  }
]