[
  {
    "category": "18",
    "app": "Facebook",
    "id": "48",
    "context": "明天就將拿到身份證！》貢獻臺灣50年",
    "time": "2017/05/31 18:13:08",
    "event": "click"
  },
  {
    "category": "18",
    "app": "Facebook",
    "id": "49",
    "context": "明天就將拿到身份證！》貢獻臺灣50年，丁鬆筠神父心臟病過世，享壽75歲！(神父,松青,臺灣50,美語,身分證,聖地牙哥,扶養,...)",
    "time": "2017/05/31 18:13:08",
    "event": "slide"
  }
]