[
  {
    "category": "19",
    "app": "Line",
    "id": "50",
    "context": "我們導生聚就決定去敦煌了要什麼自己拿算宗銘的今天要上機?",
    "time": "2017/05/31 18:22:30",
    "event": "slide"
  },
  {
    "category": "19",
    "app": "Line",
    "id": "51",
    "context": "沒物理算作業百分比，下禮拜交",
    "time": "2017/05/31 18:22:30",
    "event": "type"
  },
  {
    "category": "19",
    "app": "Line",
    "id": "53",
    "context": "我們導生聚就決定去敦煌了要什麼自己拿算宗銘的今天要上機?沒物理算作業百分比，下禮拜交",
    "time": "2017/05/31 18:22:30",
    "event": "slide"
  }
]