[
  {
    "category": "2",
    "app": "Facebook",
    "id": "3",
    "context": "你的地理知識比國小五年級的學生強嗎？與今年「國家地理小蜜蜂」競賽那些年輕得獎者一起比賽，你的表現會是如何呢？華盛頓特區現場──請問：利比亞、葉門",
    "time": "2017/05/31 17:58:10",
    "event": "click"
  },
  {
    "category": "2",
    "app": "Facebook",
    "id": "4",
    "context": "你的地理知識比國小五年級的學生強嗎？與今年「國家地理小蜜蜂」競賽那些年輕得獎者一起比賽，你的表現會是如何呢？華盛頓特區現場──請問：利比亞、葉門",
    "time": "2017/05/31 17:58:10",
    "event": "slide"
  }
]