[
  {
    "category": "20",
    "app": "Line",
    "id": "54",
    "context": "有人要知道自己成績咩應該都知道了吧？",
    "time": "2017/05/31 18:22:33",
    "event": "slide"
  },
  {
    "category": "20",
    "app": "Line",
    "id": "55",
    "context": "好哦~~~~感謝你",
    "time": "2017/05/31 18:22:33",
    "event": "type"
  },
  {
    "category": "20",
    "app": "Line",
    "id": "57",
    "context": "有人要知道自己成績咩應該都知道了吧？好哦~~~~感謝你",
    "time": "2017/05/31 18:22:33",
    "event": "slide"
  }
]