[
  {
    "category": "3",
    "app": "Facebook",
    "id": "5",
    "context": "「換份新工作，我會做的更快樂」別傻了！飛機上的乘客教我的事｜經理人每個人總是覺得他們在另外的地方會比較快樂。從一份工作換到另一份工作，從一段婚姻跳進另一段婚姻，總是在找更多的東西，殊不知他們其實真正應該尋找的東西，就在",
    "time": "2017/05/31 17:59:55",
    "event": "click"
  },
  {
    "category": "3",
    "app": "Facebook",
    "id": "6",
    "context": "「換份新工作，我會做的更快樂」別傻了！飛機上的乘客教我的事｜經理人每個人總是覺得他們在另外的地方會比較快樂。從一份工作換到另一份工作，從一段婚姻跳進另一段婚姻，總是在找更多的東西，殊不知他們其實真正應該尋找的東西，就在",
    "time": "2017/05/31 17:59:55",
    "event": "slide"
  }
]