[
  {
    "category": "4",
    "app": "Facebook",
    "id": "7",
    "context": "新知-趣味外國人你不懂啦！十種亞洲人生活特有的小習慣最近twitter上的「#growingupasia」話題火熱，許多網友紛紛貼出對於亞洲人生活小習慣的觀察，有些人覺得有趣，有些人覺得難以理解，但其實追根究底，就是大家生活習慣及文化不同，因此，小編就整理出十種外國網友不懂的亞洲人生活，博君一笑的同時，其實也是一種文化交流啦！  1.煮米時，總愛用手指測水量雖然小編我在洗米時，有用量杯，但是量久了也是蠻煩的，幾次以後，就會知道大概落在哪個位置是剛好的，而手就是最好的驗證工具（永遠不會忘記帶）。2.餅乾罐裡裝的不是餅乾！好吧！這點小編承認，小時候看到家裡有餅乾鐵罐盒子時，都會感到很興奮，但開了幾次，失望了幾次以後，只要我發現鐵罐蓋邊邊沒有用透明膠封住，我就知道那一定是被我媽拿來裝其他東西了，「開獎」時失落感也就會少一點。3.用剪刀剪披薩前陣子小編逛某北歐賣場時，也興起要買一支披薩專用的滾輪刀，但是後來想想還是放回去，因為我一年吃披薩的次數一隻手就數得出來，就算很常吃，不想用剪刀，也是可以暫時用菜刀取代啦！（披薩不是主食纔是最大原因啦！）4.飯上總愛放不明的粉末這就有所不知了！想當年小編去國外唸書時，一定會帶某品牌的真空包裝肉鬆，淋在飯上，配著開水喝，不僅有飽足感，一餐也就簡單搞定了，簡直是窮學生的生命救星啊！5.東西保持越新越好套句媽媽愛說的話：「賺錢很辛苦！東西不好好愛惜的話，弄壞了就不會再買給你了！」這樣有解釋到外國人的疑惑嗎？6.盒子裡永遠裝的都跟包裝寫得不一樣！這個問題跟第二個有異曲同工之妙，冷凍庫裡的冰淇淋盒裝的是媽媽的冷凍肉，餅乾罐裡總是收納其他東西，套句小編媽媽的說法：「東西還能用就用啊！這不就是你們年輕人常講的，回收做環保、愛地球嗎？」7.洗衣機或乾洗機上總是會鋪東西小編強烈懷疑，鋪東西除了美觀，其實也是在曬東西吧？8.每個人童年都會有一張照片，是鳳梨頭造型！先澄清一下，這不叫鳳梨頭，是沖天炮頭好嗎？9.打蛋總是用筷子，不知道有打蛋器這種東西嗎？有錢當然可以去買打蛋器，只是既然一雙筷子就可以做到的事情，為什麼還要多買一樣東西佔空間呢？10.看到紅包時，總是很興奮這就真的是文化差異的不同了！最完美的結果，就是聖誕節收禮物，過年收紅包！哈",
    "time": "2017/05/31 18:00:37",
    "event": "click"
  },
  {
    "category": "4",
    "app": "Facebook",
    "id": "8",
    "context": "新知-趣味外國人你不懂啦！十種亞洲人生活特有的小習慣最近twitter上的「#growingupasia」話題火熱，許多網友紛紛貼出對於亞洲人生活小習慣的觀察，有些人覺得有趣，有些人覺得難以理解，但其實追根究底，就是大家生活習慣及文化不同，因此，小編就整理出十種外國網友不懂的亞洲人生活，博君一笑的同時，其實也是一種文化交流啦！  1.煮米時，總愛用手指測水量雖然小編我在洗米時，有用量杯，但是量久了也是蠻煩的，幾次以後，就會知道大概落在哪個位置是剛好的，而手就是最好的驗證工具（永遠不會忘記帶）。2.餅乾罐裡裝的不是餅乾！好吧！這點小編承認，小時候看到家裡有餅乾鐵罐盒子時，都會感到很興奮，但開了幾次，失望了幾次以後，只要我發現鐵罐蓋邊邊沒有用透明膠封住，我就知道那一定是被我媽拿來裝其他東西了，「開獎」時失落感也就會少一點。3.用剪刀剪披薩前陣子小編逛某北歐賣場時，也興起要買一支披薩專用的滾輪刀，但是後來想想還是放回去，因為我一年吃披薩的次數一隻手就數得出來，就算很常吃，不想用剪刀，也是可以暫時用菜刀取代啦！（披薩不是主食纔是最大原因啦！）4.飯上總愛放不明的粉末這就有所不知了！想當年小編去國外唸書時，一定會帶某品牌的真空包裝肉鬆，淋在飯上，配著開水喝，不僅有飽足感，一餐也就簡單搞定了，簡直是窮學生的生命救星啊！5.東西保持越新越好套句媽媽愛說的話：「賺錢很辛苦！東西不好好愛惜的話，弄壞了就不會再買給你了！」這樣有解釋到外國人的疑惑嗎？6.盒子裡永遠裝的都跟包裝寫得不一樣！這個問題跟第二個有異曲同工之妙，冷凍庫裡的冰淇淋盒裝的是媽媽的冷凍肉，餅乾罐裡總是收納其他東西，套句小編媽媽的說法：「東西還能用就用啊！這不就是你們年輕人常講的，回收做環保、愛地球嗎？」7.洗衣機或乾洗機上總是會鋪東西小編強烈懷疑，鋪東西除了美觀，其實也是在曬東西吧？8.每個人童年都會有一張照片，是鳳梨頭造型！先澄清一下，這不叫鳳梨頭，是沖天炮頭好嗎？9.打蛋總是用筷子，不知道有打蛋器這種東西嗎？有錢當然可以去買打蛋器，只是既然一雙筷子就可以做到的事情，為什麼還要多買一樣東西佔空間呢？10.看到紅包時，總是很興奮這就真的是文化差異的不同了！最完美的結果，就是聖誕節收禮物，過年收紅包！哈",
    "time": "2017/05/31 18:00:37",
    "event": "slide"
  }
]