[
  {
    "category": "6",
    "app": "Facebook",
    "id": "9",
    "context": "跟誰在一起舒服就和誰在一起！當你看清了一個人而不揭穿，你就懂得了原諒的意義；討厭一個人而不翻臉，你就懂得了尊重的內涵。活著，總有你看不慣的人，也總有看不慣你的人。你的成熟不是因為你活了多少年，走了多少路、經歷了多少失敗。而是因為你懂得了放棄，學會了寬容，明白了不爭。每人心中所承受的那些苦與痛，不是因為時間就沒有了感覺，而是懂得了說與不說都一樣。而是懂得了冷面相對和自我修復品味人生，到了現在的年齡，跟誰在一起舒服就和誰在一起！包括朋友也是，累了就躲遠一點。早已過了那個你不喜歡我，我也非要喜歡你的年齡，取悅別人遠不如讓快樂自己。難過了，不必告訴別人，別人永遠不會明白你的感受！有些疼痛，只能自己承受。難過了，任眼淚盡情的揮灑，讓生活展現最真實的自己！天那麼大，能包容你很多委屈。難過了，可以假裝快樂，帶給別人歡樂的同時，也能忘了自己的憂傷！又何必苦苦想念呢。\"本文章文字與內容由幾米愛好者所編寫，封面圖即為示意之用途，並非原作者幾米真正的含義，如想瞭解幾米的真正故事，請到幾米s.p.a.購買相關繪本收藏，感謝！\"",
    "time": "2017/05/31 18:01:15",
    "event": "click"
  },
  {
    "category": "6",
    "app": "Facebook",
    "id": "10",
    "context": "跟誰在一起舒服就和誰在一起！當你看清了一個人而不揭穿，你就懂得了原諒的意義；討厭一個人而不翻臉，你就懂得了尊重的內涵。活著，總有你看不慣的人，也總有看不慣你的人。你的成熟不是因為你活了多少年，走了多少路、經歷了多少失敗。而是因為你懂得了放棄，學會了寬容，明白了不爭。每人心中所承受的那些苦與痛，不是因為時間就沒有了感覺，而是懂得了說與不說都一樣。而是懂得了冷面相對和自我修復品味人生，到了現在的年齡，跟誰在一起舒服就和誰在一起！包括朋友也是，累了就躲遠一點。早已過了那個你不喜歡我，我也非要喜歡你的年齡，取悅別人遠不如讓快樂自己。難過了，不必告訴別人，別人永遠不會明白你的感受！有些疼痛，只能自己承受。難過了，任眼淚盡情的揮灑，讓生活展現最真實的自己！天那麼大，能包容你很多委屈。難過了，可以假裝快樂，帶給別人歡樂的同時，也能忘了自己的憂傷！又何必苦苦想念呢。\"本文章文字與內容由幾米愛好者所編寫，封面圖即為示意之用途，並非原作者幾米真正的含義，如想瞭解幾米的真正故事，請到幾米s.p.a.購買相關繪本收藏，感謝！\"",
    "time": "2017/05/31 18:01:15",
    "event": "slide"
  },
  {
    "category": "6",
    "app": "Facebook",
    "id": "17",
    "context": "一樣的心，不一樣的想法。一樣的錢，不一樣的花法。一樣的人們，不一樣的活法！人生的路，要活出自我，活出自信。我很喜歡這段話！「錢」離開人，廢紙一張；人離開「錢」，廢物一個。鷹，不需鼓掌，也在飛翔。小草，沒人心疼，也在成長。深山的野花，沒人欣賞，也在芬芳。做事不需人人都理解，只需盡心盡力，做人不需人人都喜歡，只需坦坦蕩蕩。堅持，註定有孤獨彷徨，質疑嘲笑，也都無妨。就算遍體鱗傷，也要撐起堅強，其實一世並不長，既然來了，就要活得漂亮！下面這些話，說的太漂亮了！山有山的高度，水有水的深度，沒必要攀比，你認為值得的，就去守候；你認為幸福的，就去珍惜。沒有不被評說的事，沒有不被猜測的人。做最真實最漂亮的自己，依心而行，無憾今生。人生1條路：走自己的路人生2件寶：身體好、心不老人生3種朋友：肯借錢給你、參加你的婚禮、參加你的葬禮。人生有4苦：輸不起、放不下。人生5句話，送給我敬愛的你：再難也要堅持，再好也要淡泊，再差也要自信，再多也要節省，再冷也要熱情。人生6財富：身體、知識、夢想、信念、自信、骨氣。\"本文章文字與內容由幾米愛好者所編寫，封面圖即為示意之用途，並非原作者幾米真正的含義，如想瞭解幾米的真正故事，請到幾米s.p.a.購買相關繪本收藏，感謝！\"",
    "time": "2017/05/31 18:02:54",
    "event": "click"
  },
  {
    "category": "6",
    "app": "Facebook",
    "id": "18",
    "context": "一樣的心，不一樣的想法。一樣的錢，不一樣的花法。一樣的人們，不一樣的活法！人生的路，要活出自我，活出自信。我很喜歡這段話！「錢」離開人，廢紙一張；人離開「錢」，廢物一個。鷹，不需鼓掌，也在飛翔。小草，沒人心疼，也在成長。深山的野花，沒人欣賞，也在芬芳。做事不需人人都理解，只需盡心盡力，做人不需人人都喜歡，只需坦坦蕩蕩。堅持，註定有孤獨彷徨，質疑嘲笑，也都無妨。就算遍體鱗傷，也要撐起堅強，其實一世並不長，既然來了，就要活得漂亮！下面這些話，說的太漂亮了！山有山的高度，水有水的深度，沒必要攀比，你認為值得的，就去守候；你認為幸福的，就去珍惜。沒有不被評說的事，沒有不被猜測的人。做最真實最漂亮的自己，依心而行，無憾今生。人生1條路：走自己的路人生2件寶：身體好、心不老人生3種朋友：肯借錢給你、參加你的婚禮、參加你的葬禮。人生有4苦：輸不起、放不下。人生5句話，送給我敬愛的你：再難也要堅持，再好也要淡泊，再差也要自信，再多也要節省，再冷也要熱情。人生6財富：身體、知識、夢想、信念、自信、骨氣。\"本文章文字與內容由幾米愛好者所編寫，封面圖即為示意之用途，並非原作者幾米真正的含義，如想瞭解幾米的真正故事，請到幾米s.p.a.購買相關繪本收藏，感謝！\"",
    "time": "2017/05/31 18:02:54",
    "event": "slide"
  },
  {
    "category": "6",
    "app": "Facebook",
    "id": "19",
    "context": "你認為值得的，就去守候；你認為幸福的，就去珍惜。沒有不被評說的事，沒有不被猜測的人。做最真實最漂亮的自己，依心而行，無憾今生。人生1條路：走自己的路人生2件寶：身體好、心不老人生3種朋友：肯借錢給你、參加你的婚禮、參加你的葬禮。人生有四苦：看不透、捨不得、輸不起、放不下。人生5句話，送給我敬愛的你：再難也要堅持，再好也要淡泊，再差也要自信，再多也要節省，再冷也要熱情。人生6財富：身體、知識、夢想、信念、自信、骨氣。\"本文章文字與內容由幾米愛好者所編寫，封面圖即為示意之用途，並非原作者幾米真正的含義，如想瞭解幾米的真正故事，請到幾米s.p.a.購買相關繪本收藏，感謝！\"",
    "time": "2017/05/31 18:02:58",
    "event": "click"
  },
  {
    "category": "6",
    "app": "Facebook",
    "id": "20",
    "context": "你認為值得的，就去守候；你認為幸福的，就去珍惜。沒有不被評說的事，沒有不被猜測的人。做最真實最漂亮的自己，依心而行，無憾今生。人生1條路：走自己的路人生2件寶：身體好、心不老人生3種朋友：肯借錢給你、參加你的婚禮、參加你的葬禮。人生有四苦：看不透、捨不得、輸不起、放不下。人生5句話，送給我敬愛的你：再難也要堅持，再好也要淡泊，再差也要自信，再多也要節省，再冷也要熱情。人生6財富：身體、知識、夢想、信念、自信、骨氣。\"本文章文字與內容由幾米愛好者所編寫，封面圖即為示意之用途，並非原作者幾米真正的含義，如想瞭解幾米的真正故事，請到幾米s.p.a.購買相關繪本收藏，感謝！\"",
    "time": "2017/05/31 18:02:58",
    "event": "slide"
  },
  {
    "category": "6",
    "app": "Facebook",
    "id": "21",
    "context": "跟誰在一起舒服就和誰在一起！當你看清了一個人而不揭穿，你就懂得了原諒的意義；討厭一個人而不翻臉，你就懂得了尊重的內涵。",
    "time": "2017/05/31 18:03:04",
    "event": "click"
  },
  {
    "category": "6",
    "app": "Facebook",
    "id": "22",
    "context": "跟誰在一起舒服就和誰在一起！當你看清了一個人而不揭穿，你就懂得了原諒的意義；討厭一個人而不翻臉，你就懂得了尊重的內涵。活著，總有你看不慣的人，也總有看不慣你的人。你的成熟不是因為你活了多少年，走了多少路、經歷了多少失敗。而是因為你懂得了放棄，學會了寬容，明白了不爭。每人心中所承受的那些苦與痛，不是因為時間就沒有了感覺，而是懂得了說與不說都一樣。有些暗傷，不是不在乎，而是懂得了冷面相對和自我修復品味人生，到了現在的年齡，跟誰在一起舒服就和誰在一起！包括朋友也是，累了就躲遠一點。早已過了那個你不喜歡我，我也非要喜歡你的年齡，取悅別人遠不如讓快樂自己。難過了，不必告訴別人，別人永遠不會明白你的感受！有些疼痛，只能自己承受。難過了，任眼淚盡情的揮灑，讓生活展現最真實的自己！天那麼大，能包容你很多委屈。用微笑宣泄悲傷，讓自己灑脫一點。哪怕是假裝，也要假裝成快樂的那一個！其實路是自己走的，再痛都要忍著。過去的不再回來，又何必苦苦想念呢。\"本文章文字與內容由幾米愛好者所編寫，封面圖即為示意之用途，並非原作者幾米真正的含義，如想瞭解幾米的真正故事，請到幾米s.p.a.購買相關繪本收藏，感謝！\"",
    "time": "2017/05/31 18:03:04",
    "event": "slide"
  },
  {
    "category": "6",
    "app": "Facebook",
    "id": "24",
    "context": "看懂了，感動看透了，心疼當你看懂一個人的時候，你會感動。當你看透一段情的時候，你會心寒。題記這個世界是公平的，也是不公平的。女人會記得讓她笑的男人，男人會記得讓他哭的女人。而最後，女人總會呆在讓她哭的男人身邊，男人卻留在讓他笑的女人身邊。",
    "time": "2017/05/31 18:03:30",
    "event": "click"
  },
  {
    "category": "6",
    "app": "Facebook",
    "id": "25",
    "context": "看懂了，感動看透了，心疼當你看懂一個人的時候，你會感動。當你看透一段情的時候，你會心寒。題記這個世界是公平的，也是不公平的。女人會記得讓她笑的男人，男人會記得讓他哭的女人。而最後，女人總會呆在讓她哭的男人身邊，男人卻留在讓他笑的女人身邊。所以，愛是說不明白的，也不要去追尋一定的結果，結果不過是某一段時間的總結，代表不了所有。愛情裏的患得患失，是通病，也是不可避免的。愛一個人，才會覺得卑微，也許不至於低到塵埃，卻也是放下了一切的尊嚴。任性因為在意，掙扎因為渴望。愛得深，所以傷得重。要得多，所以痛苦也會多。並非說無欲無求，只是要明白，真正屬於你的，不會離開。一個真正愛你的人，不會讓你難過。看懂一個人，不難。難的是，看懂一顆心。讓你傷心的，肯定是你在乎的。帶給你痛苦的，肯定是你離不開的。愛情不是對等，更不是付出就有回報。你的死心塌地，換不來不愛你的一心一意。你的關細心呵護，換不來不愛你的生死同路。其實，愛你的人，不會讓你痛。想你的人，不會讓你久等。凡事不要勉強，等不到就放手。捨得，有舍才會有得。放開求不來的溫暖，屬於你的溫柔，才會來到。每個人在這個世界都是一個半圓，總有另一個在某個角落等著你，所以不要怕，努力去珍惜吧，去愛珍惜你的人，去珍惜愛你的人吧。\"本文章文字與內容由幾米愛好者所編寫，封面圖即為示意之用途，並非原作者幾米真正的含義，如想瞭解幾米的真正故事，請到幾米s.p.a.購買相關繪本收藏，感謝！\"",
    "time": "2017/05/31 18:03:30",
    "event": "slide"
  },
  {
    "category": "6",
    "app": "Facebook",
    "id": "26",
    "context": "慢慢變老，最深的領悟(看完哭了！)慢慢地，我們都會變老，從起點走向終點，自然而必然。成長的途中，匆匆而又忙忙，跌跌而又撞撞，奔波而又小心，",
    "time": "2017/05/31 18:03:45",
    "event": "click"
  },
  {
    "category": "6",
    "app": "Facebook",
    "id": "27",
    "context": "慢慢變老，最深的領悟(看完哭了！)慢慢地，我們都會變老，從起點走向終點，自然而必然。成長的途中，匆匆而又忙忙，跌跌而又撞撞，奔波而又小心，勞累而又費心，一生，留下什麼，又得到什麼。細想，活著，就該盡力活好，別讓自己活得太累。想開、看淡，放鬆，人不可太精，事不可太勤，不要累人、累己、累心。記住，你好，全家才會安好。人生不過是一場旅行，你路過我，我路過你，然後各自向前，各自修行。在歲月中跋涉，每個人都有自己的故事，看淡心境才會秀麗，看開心情才會明媚。好好扮演自己的角色，做自己該做的事。生活不可能像你想像得那麼好，但也不會像你想像得那麼糟。人的脆弱和堅強都超乎自己的想像。有時，可能脆弱得一句話就淚流滿面，有時，也發現自己咬著牙走了很長的路。人的一生，註定要經歷很多。一段路上，朗朗的笑聲；一段路上，懵懂的堅持；一段路上，茫然的取捨；一段路上，成功的自信；一段路上，失敗的警醒每一段經歷註定珍貴，它必將令你憶起智慧，生命的豐盈在於心的慈悲，生活的美好緣於一顆平常心。不必雕琢，踏踏實實做事，簡簡單單做人。有的人本來幸福著，卻看起來很煩惱；有的人本來該煩惱，卻看起來很幸福。誰不想拿得起，放得下，把人生走得愉愉快快，有時，可能脆弱得一句話就淚流滿面，有時，也發現自己咬著牙走了很長的路。人的一生，註定要經歷很多。一段路上，朗朗的笑聲；一段路上，委屈的淚水；",
    "time": "2017/05/31 18:03:45",
    "event": "slide"
  },
  {
    "category": "6",
    "app": "Facebook",
    "id": "28",
    "context": "有時，可能脆弱得一句話就淚流滿面，有時，也發現自己咬著牙走了很長的路。人的一生，註定要經歷很多。一段路上，朗朗的笑聲；一段路上，委屈的淚水；",
    "time": "2017/05/31 18:03:57",
    "event": "click"
  },
  {
    "category": "6",
    "app": "Facebook",
    "id": "29",
    "context": "有時，可能脆弱得一句話就淚流滿面，有時，也發現自己咬著牙走了很長的路。人的一生，註定要經歷很多。一段路上，朗朗的笑聲；一段路上，委屈的淚水；",
    "time": "2017/05/31 18:03:57",
    "event": "slide"
  }
]