[
  {
    "category": "7",
    "app": "Facebook",
    "id": "11",
    "context": "umap。yourjourney,yourworldmap.–umade專屬世界地圖worldmap(臺灣限定版3色發行中！)-海軍藍世界地圖/2016pantone色-輕柔粉/湖水綠/客製/訂製款/揹包客必備/旅遊/worldmap/愛旅遊最佳禮物/臺灣地圖/易收納地圖/可標註地標/飛機(東京紐約加州英國曼谷香港上海舊金山矽谷la日本大阪京都峇裏島迪士尼環球影城巴黎)",
    "time": "2017/05/31 18:01:39",
    "event": "click"
  },
  {
    "category": "7",
    "app": "Facebook",
    "id": "12",
    "context": "umap。yourjourney,yourworldmap.–umade專屬世界地圖worldmap(臺灣限定版3色發行中！)-海軍藍世界地圖/2016pantone色-輕柔粉/湖水綠/客製/訂製款/揹包客必備/旅遊/worldmap/愛旅遊最佳禮物/臺灣地圖/易收納地圖/可標註地標/飛機(東京紐約加州英國曼谷香港上海舊金山矽谷la日本大阪京都峇裏島迪士尼環球影城巴黎)",
    "time": "2017/05/31 18:01:39",
    "event": "slide"
  }
]