[
  {
    "category": "8",
    "app": "Facebook",
    "id": "13",
    "context": "研究發現：真正「感情好的情侶」不會在臉書上放閃！",
    "time": "2017/05/31 18:02:37",
    "event": "click"
  },
  {
    "category": "8",
    "app": "Facebook",
    "id": "14",
    "context": "研究發現：真正「感情好的情侶」不會在臉書上放閃！現在點開你的社羣軟體，不管是臉書，還是ig，都可以一天到晚看到情侶在上面放閃，舉凡是親吻、對看、互餵對方吃東西，各式各樣的照片五花八門。但是這樣真的代表他們彼此的感情很好嗎？不過研究指出，其實真的感情好的情侶，是不會在社羣軟體上放閃的！來看看為什麼吧！1.當他們真的在這段關係中過得很開心，他們是活在當下享受此刻。這並不代表他們相處的時候不會拍任何照片，或是滑手機，而是說他們兩個人在一起的時候，根本已經無從分心去做其他的事了，更也不需要去寫什麼動態跟其他人說「他們兩個現在很好」。2.在網路上放閃的情侶，其實也無法從中獲得任何東西。在網路上對每個人分享你的個人問題，其實對於解決辦法一點效果也沒有，甚至還有可能讓你跟男/女友的感情關係更糟糕！3.真正的快樂，是與你愛的人擁有一段美好的關係。你不需要向他人證明什麼，因為臉書上的那些朋友的回應並不會帶給你快樂，真正感情好的快樂是從與另一半的相處中獲取。4.沒有人有這個必要向他人證明任何事。真正快樂的情侶都知道，只要他們彼此都開心，根本不需要向他人證明「我們真的很好」。5.更重要的是...研究顯示，其實那些沒有使用社羣軟體的情侶會比有使用的情侶過得還快樂，因為使用社羣軟體的人會常常拿他人的情侶關係做比較，更忘記了自己其實在現實生活中，其實可能過得比他人還快樂，而不是從比較中獲得樂趣！如果真的想在一段情侶關係中獲得快樂的話，網路上放閃並不是解決辦法！從溝通開始吧！也記得分享出去阿~~",
    "time": "2017/05/31 18:02:37",
    "event": "slide"
  }
]