[
  {
    "category": "9",
    "app": "Facebook",
    "id": "15",
    "context": "這個男子鼻子炸出來的「粉刺森林」讓大家秒吐，誇張的量讓大家都直呼要把鼻子砍掉重練！",
    "time": "2017/05/31 18:02:54",
    "event": "click"
  },
  {
    "category": "9",
    "app": "Facebook",
    "id": "16",
    "context": "這個男子鼻子炸出來的「粉刺森林」讓大家秒吐，誇張的量讓大家都直呼要把鼻子砍掉重練！大家平時都是怎樣清理鼻頭粉刺的？最近，國外一名網友分享了自己清理黑頭粉刺的過程。他不需要用工具，只要用力往上推一下鼻子，一堆粉刺就爭先恐後冒出來！",
    "time": "2017/05/31 18:02:54",
    "event": "slide"
  }
]