[
  {
    "category": "10",
    "app": "Chrome",
    "id": "52",
    "context": "4歲讓梨的孔融，長大後怎麼了？課本從來不敢講，「禮讓」神童對爸媽的真實心聲小時候大家都背過三字經，裡面那句「融四歲，能讓梨」肯定人人朗朗上口，結果一個被神格化的幼兒，禍害千百年，成了佳話美談也罷，...",
    "time": "2017/05/25 12:15:21",
    "event": "click"
  },
  {
    "category": "10",
    "app": "Chrome",
    "id": "53",
    "context": "4歲讓梨的孔融，長大後怎麼了？課本從來不敢講，「禮讓」神童對爸媽的真實心聲小時候大家都背過三字經，裡面那句「融四歲，能讓梨」肯定人人朗朗上口，結果一個被神格化的幼兒，禍害千百年，成了佳話美談也罷，...",
    "time": "2017/05/25 12:15:21",
    "event": "slide"
  }
]