[
  {
    "category": "11",
    "app": "Chrome",
    "id": "54",
    "context": "「孝順」二字到底害死多少臺灣人？一名未婚女性的淚水，值得20年後的你我警惕…「回來照顧老人家一個禮拜，你就會知道，什麼叫作人生……」一個人照顧尿失禁、鬧起脾氣來連飯都不願吃的年邁父親，究竟多讓人心力交瘁？一部短劇《媽媽不見了》...",
    "time": "2017/05/25 12:17:21",
    "event": "click"
  },
  {
    "category": "11",
    "app": "Chrome",
    "id": "55",
    "context": "「孝順」二字到底害死多少臺灣人？一名未婚女性的淚水，值得20年後的你我警惕…「回來照顧老人家一個禮拜，你就會知道，什麼叫作人生……」一個人照顧尿失禁、鬧起脾氣來連飯都不願吃的年邁父親，究竟多讓人心力交瘁？一部短劇《媽媽不見了》...",
    "time": "2017/05/25 12:17:21",
    "event": "slide"
  }
]