[
  {
    "category": "4",
    "app": "Chrome",
    "id": "31",
    "context": "聯合新聞網",
    "time": "2017/05/25 11:54:42",
    "event": "type"
  },
  {
    "category": "4",
    "app": "Chrome",
    "id": "32",
    "context": "聯合新聞網",
    "time": "2017/05/25 11:54:45",
    "event": "click"
  },
  {
    "category": "4",
    "app": "Chrome",
    "id": "33",
    "context": "聯合新聞網",
    "time": "2017/05/25 11:54:46",
    "event": "slide"
  },
  {
    "category": "4",
    "app": "Chrome",
    "id": "34",
    "context": "聯合新聞網：觸動未來新識力",
    "time": "2017/05/25 11:54:50",
    "event": "click"
  },
  {
    "category": "4",
    "app": "Chrome",
    "id": "35",
    "context": "聯合新聞網：觸動未來新識力",
    "time": "2017/05/25 11:54:51",
    "event": "slide"
  },
  {
    "category": "4",
    "app": "Chrome",
    "id": "38",
    "context": "聯合新聞網：觸動未來新識力",
    "time": "2017/05/25 11:58:56",
    "event": "slide"
  }
]