[
  {
    "category": "5",
    "app": "Chrome",
    "id": "36",
    "context": "葉丙成／臺灣，不該再漠視「人」的價值臺灣是個不尊重專業、也不重視人的價值的地方。在google打上各行各業的名稱再加上「過勞」，你會看到一堆的文章跟報導：",
    "time": "2017/05/25 11:57:42",
    "event": "click"
  },
  {
    "category": "5",
    "app": "Chrome",
    "id": "37",
    "context": "葉丙成／臺灣，不該再漠視「人」的價值臺灣是個不尊重專業、也不重視人的價值的地方。在google打上各行各業的名稱再加上「過勞」，你會看到一堆的文章跟報導：",
    "time": "2017/05/25 11:57:42",
    "event": "slide"
  }
]