[
  {
    "category": "6",
    "app": "Chrome",
    "id": "39",
    "context": "陸生演講惹議馬大留學生齊聲：以中國人為傲陸生致詞惹議馬大中國留學生楊舒平在全校畢業典禮的演講引起爭議，但馬大中國留學生、美國本土學生及當地華人理性看待；馬大中國留學生並於22日在校園發起「為中國自豪」(proudofchina)的集會，在尊重楊舒平表達權利的同時，也為馬大留學生「以中國人身分為傲」正名。",
    "time": "2017/05/25 11:59:17",
    "event": "click"
  },
  {
    "category": "6",
    "app": "Chrome",
    "id": "40",
    "context": "陸生演講惹議馬大留學生齊聲：以中國人為傲陸生致詞惹議馬大中國留學生楊舒平在全校畢業典禮的演講引起爭議，但馬大中國留學生、美國本土學生及當地華人理性看待；馬大中國留學生並於22日在校園發起「為中國自豪」(proudofchina)的集會，在尊重楊舒平表達權利的同時，也為馬大留學生「以中國人身分為傲」正名。",
    "time": "2017/05/25 11:59:17",
    "event": "slide"
  },
  {
    "category": "6",
    "app": "Chrome",
    "id": "41",
    "context": "諷陸沒民主、空氣糟被同胞罵辱華女留學生道歉|陸生致詞惹議大陸一名在美國馬裏蘭大學留學的女學生楊舒平（shupingyang），日前在畢業典禮致詞時讚揚，美國新鮮空氣令她感到無比自由，且欽佩人民有權在當地談論民主，暗諷大陸空氣品質惡劣、人民無法享受民主，此發言一出被陸網友罵翻，紛紛批她「諂媚美國」。",
    "time": "2017/05/25 12:01:27",
    "event": "click"
  },
  {
    "category": "6",
    "app": "Chrome",
    "id": "42",
    "context": "諷陸沒民主、空氣糟被同胞罵辱華女留學生道歉|陸生致詞惹議大陸一名在美國馬裏蘭大學留學的女學生楊舒平（shupingyang），日前在畢業典禮致詞時讚揚，美國新鮮空氣令她感到無比自由，且欽佩人民有權在當地談論民主，暗諷大陸空氣品質惡劣、人民無法享受民主，此發言一出被陸網友罵翻，紛紛批她「諂媚美國」。",
    "time": "2017/05/25 12:01:27",
    "event": "slide"
  },
  {
    "category": "6",
    "app": "Chrome",
    "id": "43",
    "context": "陸留學生演講變調言論自由空氣不敵民族主義口罩|陸生致詞惹議一場美國大學畢業典禮，由一位來自中國的畢業生代表致詞，中國留學生本該與有榮焉；未料來自昆明的楊舒平彰顯並實踐「自由言論」的一篇坦白演講辭，卻讓這件喜事變了調。",
    "time": "2017/05/25 12:03:17",
    "event": "click"
  },
  {
    "category": "6",
    "app": "Chrome",
    "id": "44",
    "context": "陸留學生演講變調言論自由空氣不敵民族主義口罩|陸生致詞惹議一場美國大學畢業典禮，由一位來自中國的畢業生代表致詞，中國留學生本該與有榮焉；未料來自昆明的楊舒平彰顯並實踐「自由言論」的一篇坦白演講辭，卻讓這件喜事變了調。",
    "time": "2017/05/25 12:03:17",
    "event": "slide"
  }
]