[
  {
    "category": "7",
    "app": "Chrome",
    "id": "45",
    "context": "runyourway全民奔向世大運2017臺北世界大學運動會合作宣傳夥伴，將藉由擴大通路參與、整合企業及平臺宣傳優勢，並結合青年之創新能量及發展動能，發展整合行銷宣傳及議題活動，引介臺北魅力、提供青年國際展示舞臺、擴大世大運整體宣傳、帶動實質消費，促進地方經濟之提升。",
    "time": "2017/05/25 12:05:47",
    "event": "click"
  },
  {
    "category": "7",
    "app": "Chrome",
    "id": "46",
    "context": "runyourway全民奔向世大運2017臺北世界大學運動會合作宣傳夥伴，將藉由擴大通路參與、整合企業及平臺宣傳優勢，並結合青年之創新能量及發展動能，發展整合行銷宣傳及議題活動，引介臺北魅力、提供青年國際展示舞臺、擴大世大運整體宣傳、帶動實質消費，促進地方經濟之提升。",
    "time": "2017/05/25 12:05:47",
    "event": "slide"
  },
  {
    "category": "7",
    "app": "Chrome",
    "id": "47",
    "context": "runyourway【活動簡介】|2017臺北世大運2017臺北世界大學運動會合作宣傳夥伴，將藉由擴大通路參與、整合企業及平臺宣傳優勢，並結合青年之創新能量及發展動能，發展整合行銷宣傳及議題活動，引介臺北魅力、提供青年國際展示舞臺、擴大世大運整體宣傳、帶動實質消費，促進地方經濟之提升。",
    "time": "2017/05/25 12:06:07",
    "event": "click"
  },
  {
    "category": "7",
    "app": "Chrome",
    "id": "48",
    "context": "runyourway【活動簡介】|2017臺北世大運2017臺北世界大學運動會合作宣傳夥伴，將藉由擴大通路參與、整合企業及平臺宣傳優勢，並結合青年之創新能量及發展動能，發展整合行銷宣傳及議題活動，引介臺北魅力、提供青年國際展示舞臺、擴大世大運整體宣傳、帶動實質消費，促進地方經濟之提升。",
    "time": "2017/05/25 12:06:07",
    "event": "slide"
  }
]