[
  {
    "category": "9",
    "app": "Chrome",
    "id": "50",
    "context": "米果：寫作的人，準備好去吃土了嗎？如果某篇文章在某網站發表過，那麼其他網站或紙媒要不就是象徵性支付幾百塊錢轉載費用，要不然就是要求免費轉載，理由不外乎「已經發表過」、「我們可以幫忙增加瀏覽數或曝光率」、「我們沒有預算」等等。但轉載文章的網站明明有賣廣告，印刷成紙本也供販售，不過這些廣告收入最終仍然會以「現階段還是慘淡經營、入不敷出」的理由作收，或是印刷成冊出售是為了推廣閱讀為理由，希望提供內容的寫作者要共體時艱。",
    "time": "2017/05/25 12:12:25",
    "event": "click"
  },
  {
    "category": "9",
    "app": "Chrome",
    "id": "51",
    "context": "米果：寫作的人，準備好去吃土了嗎？如果某篇文章在某網站發表過，那麼其他網站或紙媒要不就是象徵性支付幾百塊錢轉載費用，要不然就是要求免費轉載，理由不外乎「已經發表過」、「我們可以幫忙增加瀏覽數或曝光率」、「我們沒有預算」等等。但轉載文章的網站明明有賣廣告，印刷成紙本也供販售，不過這些廣告收入最終仍然會以「現階段還是慘淡經營、入不敷出」的理由作收，或是印刷成冊出售是為了推廣閱讀為理由，希望提供內容的寫作者要共體時艱。",
    "time": "2017/05/25 12:12:25",
    "event": "slide"
  }
]