[
  {
    "category": "5",
    "app": "Chrome",
    "id": "7",
    "context": "close",
    "time": "2017/07/02 19:48:24",
    "event": "click"
  },
  {
    "category": "5",
    "app": "Chrome",
    "id": "31",
    "context": "close",
    "time": "2017/07/02 19:53:40",
    "event": "click"
  },
  {
    "category": "5",
    "app": "Chrome",
    "id": "43",
    "context": "close",
    "time": "2017/07/02 19:58:00",
    "event": "click"
  },
  {
    "category": "5",
    "app": "Chrome",
    "id": "71",
    "context": "close",
    "time": "2017/07/02 20:15:26",
    "event": "click"
  },
  {
    "category": "5",
    "app": "Chrome",
    "id": "79",
    "context": "close",
    "time": "2017/07/02 20:20:12",
    "event": "click"
  },
  {
    "category": "5",
    "app": "Chrome",
    "id": "95",
    "context": "close",
    "time": "2017/07/02 20:30:12",
    "event": "click"
  }
]