[
  {
    "category": "6",
    "app": "Chrome",
    "id": "35",
    "context": "×關閉",
    "time": "2017/07/02 19:53:57",
    "event": "click"
  },
  {
    "category": "6",
    "app": "Chrome",
    "id": "36",
    "context": "關閉視窗",
    "time": "2017/07/02 19:54:05",
    "event": "click"
  },
  {
    "category": "6",
    "app": "Chrome",
    "id": "75",
    "context": "×關閉",
    "time": "2017/07/02 20:19:15",
    "event": "click"
  },
  {
    "category": "6",
    "app": "Chrome",
    "id": "81",
    "context": "×關閉",
    "time": "2017/07/02 20:20:16",
    "event": "click"
  }
]