[
  {
    "category": "1",
    "app": "Chrome",
    "id": "1",
    "context": "組合櫃",
    "time": "2017/07/07 17:06:35",
    "event": "type"
  },
  {
    "category": "1",
    "app": "Chrome",
    "id": "2",
    "context": "組合櫃",
    "time": "2017/07/07 17:06:36",
    "event": "slide"
  },
  {
    "category": "1",
    "app": "Chrome",
    "id": "3",
    "context": "組合櫃",
    "time": "2017/07/07 17:06:41",
    "event": "click"
  },
  {
    "category": "1",
    "app": "Chrome",
    "id": "4",
    "context": "momo衣櫃",
    "time": "2017/07/07 17:06:42",
    "event": "type"
  },
  {
    "category": "1",
    "app": "Chrome",
    "id": "5",
    "context": "momo衣櫃",
    "time": "2017/07/07 17:06:42",
    "event": "click"
  },
  {
    "category": "1",
    "app": "Chrome",
    "id": "6",
    "context": "momo衣櫃",
    "time": "2017/07/07 17:06:42",
    "event": "slide"
  },
  {
    "category": "1",
    "app": "Chrome",
    "id": "7",
    "context": "momo衣櫃",
    "time": "2017/07/07 17:06:44",
    "event": "type"
  },
  {
    "category": "1",
    "app": "Chrome",
    "id": "8",
    "context": "momo衣櫃",
    "time": "2017/07/07 17:06:45",
    "event": "slide"
  },
  {
    "category": "1",
    "app": "Chrome",
    "id": "9",
    "context": "momo衣櫃",
    "time": "2017/07/07 17:07:10",
    "event": "click"
  }
]