[
  {
    "category": "2",
    "app": "Chrome",
    "id": "10",
    "context": "臺南景點",
    "time": "2017/07/07 17:07:18",
    "event": "type"
  },
  {
    "category": "2",
    "app": "Chrome",
    "id": "11",
    "context": "臺南景點-google搜尋",
    "time": "2017/07/07 17:07:19",
    "event": "click"
  },
  {
    "category": "2",
    "app": "Chrome",
    "id": "12",
    "context": "臺南景點-google搜尋",
    "time": "2017/07/07 17:07:20",
    "event": "slide"
  },
  {
    "category": "2",
    "app": "Chrome",
    "id": "13",
    "context": "臺南景點|青青小熊＊旅遊札記",
    "time": "2017/07/07 17:07:26",
    "event": "click"
  },
  {
    "category": "2",
    "app": "Chrome",
    "id": "14",
    "context": "臺南景點-google搜尋",
    "time": "2017/07/07 17:07:26",
    "event": "slide"
  },
  {
    "category": "2",
    "app": "Chrome",
    "id": "15",
    "context": "臺南景點|青青小熊＊旅遊札記",
    "time": "2017/07/07 17:07:30",
    "event": "click"
  },
  {
    "category": "2",
    "app": "Chrome",
    "id": "16",
    "context": "臺南景點|青青小熊＊旅遊札記",
    "time": "2017/07/07 17:07:30",
    "event": "slide"
  },
  {
    "category": "2",
    "app": "Chrome",
    "id": "17",
    "context": "臺南冰店推薦》kokonikakigori‧日系文青風冰店~最新打卡景點",
    "time": "2017/07/07 17:07:53",
    "event": "click"
  },
  {
    "category": "2",
    "app": "Chrome",
    "id": "18",
    "context": "臺南冰店推薦》kokonikakigori‧日系文青風冰店~最新打卡景點|青青小熊＊旅遊札記",
    "time": "2017/07/07 17:07:54",
    "event": "slide"
  },
  {
    "category": "2",
    "app": "Chrome",
    "id": "19",
    "context": "臺南美食》食尚玩家推薦．發燒西瓜打牛奶針~蜂橙複合式餐飲",
    "time": "2017/07/07 17:09:39",
    "event": "click"
  },
  {
    "category": "2",
    "app": "Chrome",
    "id": "20",
    "context": "臺南冰店推薦》kokonikakigori‧日系文青風冰店~最新打卡景點|青青小熊＊旅遊札記",
    "time": "2017/07/07 17:09:40",
    "event": "slide"
  },
  {
    "category": "2",
    "app": "Chrome",
    "id": "21",
    "context": "臺南美食》食尚玩家推薦．發燒西瓜打牛奶針~蜂橙複合式餐飲||青青小熊＊旅遊札記",
    "time": "2017/07/07 17:09:41",
    "event": "click"
  },
  {
    "category": "2",
    "app": "Chrome",
    "id": "22",
    "context": "臺南美食》食尚玩家推薦．發燒西瓜打牛奶針~蜂橙複合式餐飲||青青小熊＊旅遊札記",
    "time": "2017/07/07 17:09:41",
    "event": "slide"
  },
  {
    "category": "2",
    "app": "Chrome",
    "id": "24",
    "context": "臺南美食》食尚玩家推薦．發燒西瓜打牛奶針~蜂橙複合式餐飲||青青小熊＊旅遊札記",
    "time": "2017/07/07 17:25:51",
    "event": "slide"
  },
  {
    "category": "2",
    "app": "Chrome",
    "id": "25",
    "context": "臺南龍貓公車站》大內龍貓公車站．可愛的龍貓公車出沒臺南大內|青青小熊＊旅遊札記",
    "time": "2017/07/07 17:26:24",
    "event": "click"
  },
  {
    "category": "2",
    "app": "Chrome",
    "id": "26",
    "context": "臺南龍貓公車站》大內龍貓公車站．可愛的龍貓公車出沒臺南大內|青青小熊＊旅遊札記yoke918.com/?p=3902",
    "time": "2017/07/07 17:26:25",
    "event": "slide"
  },
  {
    "category": "2",
    "app": "Chrome",
    "id": "27",
    "context": "臺南冰店推薦》kokonikakigori‧日系文青風冰店~最新打卡景點|青青小熊＊旅遊札記",
    "time": "2017/07/07 17:26:51",
    "event": "click"
  },
  {
    "category": "2",
    "app": "Chrome",
    "id": "28",
    "context": "臺南冰店推薦》kokonikakigori‧日系文青風冰店~最新打卡景點|青青小熊＊旅遊札記",
    "time": "2017/07/07 17:26:51",
    "event": "slide"
  },
  {
    "category": "2",
    "app": "Chrome",
    "id": "29",
    "context": "臺南必吃美食推薦》泰成水果行．草莓哈蜜瓜冰~有幸福滋味的冰品|青青小熊＊旅遊札記",
    "time": "2017/07/07 17:27:43",
    "event": "click"
  },
  {
    "category": "2",
    "app": "Chrome",
    "id": "30",
    "context": "臺南必吃美食推薦》泰成水果行．草莓哈蜜瓜冰~有幸福滋味的冰品|青青小熊＊旅遊札記",
    "time": "2017/07/07 17:27:58",
    "event": "slide"
  },
  {
    "category": "2",
    "app": "Chrome",
    "id": "31",
    "context": "臺南美食餐廳》kokonigreen．臺南人氣咖啡廳~充滿綠意的質感空間|青青小熊＊旅遊札記",
    "time": "2017/07/07 17:32:29",
    "event": "click"
  },
  {
    "category": "2",
    "app": "Chrome",
    "id": "32",
    "context": "臺南美食餐廳》kokonigreen．臺南人氣咖啡廳~充滿綠意的質感空間|青青小熊＊旅遊札記",
    "time": "2017/07/07 17:32:29",
    "event": "slide"
  }
]