[
  {
    "category": "1",
    "app": "MoPTT",
    "id": "1",
    "context": "[公告]nba樂透開獎樂透說明5/22(一)8:30塞爾蒂克@騎士g3　開獎順序：３＞２＝１1.綠賽獲勝：比賽結果、綠賽獲勝，開１。2.騎士獲勝：比賽結果、騎士獲勝，開２。3.特殊選項：比賽結果、比分差＞＝４０，開３。4.乾爹贊助：此選項不會開。下注情況1.綠賽獲勝:7972.騎士獲勝:128963.特殊選項:20124.乾爹贊助:3開獎時間:05/22/201711:02:29開獎結果:綠賽獲勝下注總額:1570800中獎比例:797張/15708張(0.050738)每張中獎彩券可得1872ptt幣05/22/201711:02:29開出:綠賽獲勝總額:1570800彩金/張:1872機率:0.05gaiaesque買了16張騎士獲勝boy1031買了5張騎士獲勝lafaka買了2張騎士獲勝fff6107買了1張騎士獲勝kbcurtis買了1張騎士獲勝a64186401買了1張騎士獲勝x330800買了1張特殊選項sasaki3630買了50張騎士獲勝gdpgdpgdp買了50張騎士獲勝cavendishjr買了1張騎士獲勝pinkcircleee買了2張騎士獲勝u8904002買了50張騎士獲勝恭喜sasaki3630買了1張綠賽獲勝,獲得1872ptt幣td2266買了40張騎士獲勝sasaki3630買了3張特殊選項nakibasara買了10張特殊選項gogosonny買了1張特殊選項wat753買了3張騎士獲勝anava買了4張騎士獲勝newedifier買了10張特殊選項kanakokidd買了1張騎士獲勝wind26買了3張騎士獲勝zhengmark買了5張騎士獲勝qbeagle買了2張特殊選項jerry83688買了1張特殊選項恭喜qbeagle買了1張綠賽獲勝,獲得1872ptt幣jerry83688買了2張騎士獲勝danielele買了2張騎士獲勝恭喜shun2249買了5張綠賽獲勝,獲得9360ptt幣shun2249買了5張特殊選項wonwon買了1張騎士獲勝denny87505xd買了1張騎士獲勝kk012321買了1張騎士獲勝laohn買了2張特殊選項kk012321買了1張特殊選項eeeabd買了2張騎士獲勝chinorz買了5張騎士獲勝citas買了1張騎士獲勝rossihsu買了100張騎士獲勝naivered買了1張騎士獲勝恭喜wiii買了1張綠賽獲勝,獲得1872ptt幣sai543買了2張騎士獲勝sai543買了1張特殊選項jianjian222買了5張騎士獲勝fangshu買了1張騎士獲勝z888888861買了4張騎士獲勝cchuang4買了1張騎士獲勝js1233買了5張騎士獲勝js1233買了5張特殊選項js1233買了1張乾爹贊助jinnie27221買了1張騎士獲勝恭喜zxooz買了5張綠賽獲勝,獲得9360ptt幣恭喜black2575買了1張綠賽獲勝,獲得1872ptt幣breakfast884買了1張騎士獲勝tonyfenny321買了40張騎士獲勝kenny1300175買了3張特殊選項恭喜kenny1300175買了1張綠賽獲勝,獲得1872ptt幣jason125457買了2張騎士獲勝jason125457買了2張特殊選項mazz買了7張騎士獲勝banque買了1張特殊選項mazz買了2張特殊選項bikaru買了1張騎士獲勝kinghusky買了2張騎士獲勝",
    "time": "2017/05/22 12:14:37",
    "event": "click"
  },
  {
    "category": "1",
    "app": "MoPTT",
    "id": "2",
    "context": "[公告]nba樂透開獎樂透說明5/22(一)8:30塞爾蒂克@騎士g3　開獎順序：３＞２＝１1.綠賽獲勝：比賽結果、綠賽獲勝，開１。2.騎士獲勝：比賽結果、騎士獲勝，開２。3.特殊選項：比賽結果、比分差＞＝４０，開３。4.乾爹贊助：此選項不會開。下注情況1.綠賽獲勝:7972.騎士獲勝:128963.特殊選項:20124.乾爹贊助:3開獎時間:05/22/201711:02:29開獎結果:綠賽獲勝下注總額:1570800中獎比例:797張/15708張(0.050738)每張中獎彩券可得1872ptt幣05/22/201711:02:29開出:綠賽獲勝總額:1570800彩金/張:1872機率:0.05gaiaesque買了16張騎士獲勝boy1031買了5張騎士獲勝lafaka買了2張騎士獲勝fff6107買了1張騎士獲勝kbcurtis買了1張騎士獲勝a64186401買了1張騎士獲勝x330800買了1張特殊選項sasaki3630買了50張騎士獲勝gdpgdpgdp買了50張騎士獲勝cavendishjr買了1張騎士獲勝pinkcircleee買了2張騎士獲勝u8904002買了50張騎士獲勝恭喜sasaki3630買了1張綠賽獲勝,獲得1872ptt幣td2266買了40張騎士獲勝sasaki3630買了3張特殊選項nakibasara買了10張特殊選項gogosonny買了1張特殊選項wat753買了3張騎士獲勝anava買了4張騎士獲勝newedifier買了10張特殊選項kanakokidd買了1張騎士獲勝wind26買了3張騎士獲勝zhengmark買了5張騎士獲勝qbeagle買了2張特殊選項jerry83688買了1張特殊選項恭喜qbeagle買了1張綠賽獲勝,獲得1872ptt幣jerry83688買了2張騎士獲勝danielele買了2張騎士獲勝恭喜shun2249買了5張綠賽獲勝,獲得9360ptt幣shun2249買了5張特殊選項wonwon買了1張騎士獲勝denny87505xd買了1張騎士獲勝kk012321買了1張騎士獲勝laohn買了2張特殊選項kk012321買了1張特殊選項eeeabd買了2張騎士獲勝chinorz買了5張騎士獲勝citas買了1張騎士獲勝rossihsu買了100張騎士獲勝naivered買了1張騎士獲勝恭喜wiii買了1張綠賽獲勝,獲得1872ptt幣sai543買了2張騎士獲勝sai543買了1張特殊選項jianjian222買了5張騎士獲勝fangshu買了1張騎士獲勝z888888861買了4張騎士獲勝cchuang4買了1張騎士獲勝js1233買了5張騎士獲勝js1233買了5張特殊選項js1233買了1張乾爹贊助jinnie27221買了1張騎士獲勝恭喜zxooz買了5張綠賽獲勝,獲得9360ptt幣恭喜black2575買了1張綠賽獲勝,獲得1872ptt幣breakfast884買了1張騎士獲勝tonyfenny321買了40張騎士獲勝kenny1300175買了3張特殊選項恭喜kenny1300175買了1張綠賽獲勝,獲得1872ptt幣jason125457買了2張騎士獲勝jason125457買了2張特殊選項mazz買了7張騎士獲勝banque買了1張特殊選項mazz買了2張特殊選項bikaru買了1張騎士獲勝kinghusky買了2張騎士獲勝",
    "time": "2017/05/22 12:14:37",
    "event": "slide"
  },
  {
    "category": "1",
    "app": "MoPTT",
    "id": "3",
    "context": "[討論]nbalbj今天故意輸球有兩個目的心機頗深明眼人都可以看出，姆斯在低命中狀態下，居然上場45分鐘。可見根本不是姆斯狀態不好而是回主場後故意放掉。真的這麼在乎勝負，總教練lue早就把lbj換下去了。lue也沒換賽隊明顯破釜沉舟，打髒球順便練板凳，而lbj還在場上遊蕩，他真的狀態不好？很顯然不是。lbj放掉比賽之餘，應該有兩個目的：1.讓賽隊起內鬨，造成團隊不合：今年塞爾提克隊能夠打入季後賽，一路過關斬將isaiahthomas絕對是功臣，也可以看到他打出的驚人效率。但是身高無法成長東區決賽開始就狂被打點。這場it受傷，反而讓球權平均分佈，那個容易被打點的人不在場上，賽隊才驚覺：原來我們可以打得這麼有活力，戰術執行得這麼徹底！休息區內，賽隊球員不禁回想：上一場比賽我們打得如此狼狽，是不是因為太在乎it太重視這個充滿活力的小個子，以至於沒看到it有如雙面刃，一方面貢獻球隊，一方面製造漏洞。於是賽隊開始內鬨。就算第4場it先發，請問誰能打從心底服從他？(有it在的比賽輸40分，沒it的比賽我們可以跟超級強隊一拚...it你該先發嗎？)這樣智將姆斯的計謀就成功了，賽隊在內鬨之餘，絕對不可能再打出第3戰這種活力姆斯又贏了，毫無意外的4：1晉級總冠軍賽。2.把壓力丟回勇士這邊：今年東西區都在創紀錄，比誰的勝分多，比誰組的天團豪華今天輸給超賽，騎士已經沒有12連勝了，騎士也是會敗給超賽這種重建中的球隊因此，就算沒辦法奪得總冠軍，也是合情合理的。一種先打預防針的概念。而勇士如果想創造偉大賽季，就必須把馬刺剃光頭，證明去年輸給騎士只是運氣不好，主將受傷。馬刺3大主將都已經不能再上場了，勇士如果還輸任何一場，該如何面對總冠軍對手騎士？(騎士故意讓一場給超賽欸)這種壓力不會小於去年73勝全票mvp打總冠軍，人在壓力下會失常的，騎士就在等勇士失常，太執著於勝利反而打得綁手綁腳。現在騎士沒有負擔了，勇士還在背負破紀錄季後賽全勝的十字架。智將lbj的八奇思考領域，思緒轉峯迴路轉精明精巧。普通人類在嘲笑姆斯烙賽之餘，有參透嗎？",
    "time": "2017/05/22 12:30:24",
    "event": "click"
  },
  {
    "category": "1",
    "app": "MoPTT",
    "id": "4",
    "context": "[討論]nbalbj今天故意輸球有兩個目的心機頗深明眼人都可以看出，姆斯在低命中狀態下，居然上場45分鐘。可見根本不是姆斯狀態不好而是回主場後故意放掉。真的這麼在乎勝負，總教練lue早就把lbj換下去了。lue也沒換賽隊明顯破釜沉舟，打髒球順便練板凳，而lbj還在場上遊蕩，他真的狀態不好？很顯然不是。lbj放掉比賽之餘，應該有兩個目的：1.讓賽隊起內鬨，造成團隊不合：今年塞爾提克隊能夠打入季後賽，一路過關斬將isaiahthomas絕對是功臣，也可以看到他打出的驚人效率。但是身高無法成長東區決賽開始就狂被打點。這場it受傷，反而讓球權平均分佈，那個容易被打點的人不在場上，賽隊才驚覺：原來我們可以打得這麼有活力，戰術執行得這麼徹底！休息區內，賽隊球員不禁回想：上一場比賽我們打得如此狼狽，是不是因為太在乎it太重視這個充滿活力的小個子，以至於沒看到it有如雙面刃，一方面貢獻球隊，一方面製造漏洞。於是賽隊開始內鬨。就算第4場it先發，請問誰能打從心底服從他？(有it在的比賽輸40分，沒it的比賽我們可以跟超級強隊一拚...it你該先發嗎？)這樣智將姆斯的計謀就成功了，賽隊在內鬨之餘，絕對不可能再打出第3戰這種活力姆斯又贏了，毫無意外的4：1晉級總冠軍賽。2.把壓力丟回勇士這邊：今年東西區都在創紀錄，比誰的勝分多，比誰組的天團豪華今天輸給超賽，騎士已經沒有12連勝了，騎士也是會敗給超賽這種重建中的球隊因此，就算沒辦法奪得總冠軍，也是合情合理的。一種先打預防針的概念。而勇士如果想創造偉大賽季，就必須把馬刺剃光頭，證明去年輸給騎士只是運氣不好，主將受傷。馬刺3大主將都已經不能再上場了，勇士如果還輸任何一場，該如何面對總冠軍對手騎士？(騎士故意讓一場給超賽欸)這種壓力不會小於去年73勝全票mvp打總冠軍，人在壓力下會失常的，騎士就在等勇士失常，太執著於勝利反而打得綁手綁腳。現在騎士沒有負擔了，勇士還在背負破紀錄季後賽全勝的十字架。智將lbj的八奇思考領域，思緒轉峯迴路轉精明精巧。普通人類在嘲笑姆斯烙賽之餘，有參透嗎？",
    "time": "2017/05/22 12:30:24",
    "event": "slide"
  },
  {
    "category": "1",
    "app": "MoPTT",
    "id": "5",
    "context": "[專欄]nbamanuginobili的「不老魔法」lys西區決賽勇士vs.馬刺g3，馬刺40歲後衛manuginobili替補上場18分鐘，9投7中攻下全隊最高21分，可惜還是挽救不了馬刺局勢。馬刺在沒有退路的g3，108：120不敵勇士，七戰四勝系列賽陷入0：3困境。manu在g3比賽中，一記快攻前進，在運球行進間manu把球從防守球員davidwest胯下運過後繼續運球，完成突破上籃，這一記漂亮突破被做成今年季後賽經典highlight。像魔術般穿越防守球員，那是一種籃球最古老技藝，或者說是一種「魔法」，只有40歲manu可以如此輕鬆、簡單的完成。單場21分是2016年3月以來，manu個人單場最高得分，靠著manu上半場14分支撐，馬刺展現勢均力敵戰力咬住比分，沒有讓勇士有喘息空間。但40歲的manu，他還是只有20-25分鐘的耐戰力，第四節當勇士用投籃和速度迅速拉開比分差距時，manu就沒有再上場，比賽情勢不再，波波教練很清楚比賽走勢和走向，波波沒有再打出manu這張擁有無比魔力的老王牌，他知道馬刺已經失去整體情勢。波波教練對manu這場球的出色表現，他說了一句最深刻評論，「我們都知道他會這些招數，對他來說，這樣的表現一點都不讓人驚訝…」。勇士太強大，馬刺傷兵太多，比賽情勢和局勢都很困難，manu非常清楚。這樣的比賽，這種臨場表現和效率，只有manu可以完成，他的鬼切突破，絕妙傳球，無法預測的突破、方向、出手、節奏，以及不斷神來一筆的進攻創意，還是讓球迷看得目瞪口呆。espn球評jeffvangundy認為，manu展現出來的是一種籃球「魔法」。儘管系列賽再艱困，manu不老傳奇的表演和魔術戲法讓馬刺球迷非常感動，他可以再打一年的。manu說，「我還是那個manu，對灰熊系列賽連續15投不中的球員，有時候我會表現很糟，但有時候我會打出很好的比賽。」更關鍵重點是，manu將不會因為馬刺有沒有奪冠，他個人的狀況好與不好，去決定自己是不是要再繼續徵戰nba，再打一季。manu今年夏天約滿將成為自由球員，manu會不會再打下去，刺迷都很關心。「我不會因為今年最後一場0分或20分，狀況好與不好，去決定我要不要退休，這需要整體考量，我現在只想專注在比賽」manu說。西區決賽g4manu還會展現他獨一無二的魔力和神乎其技，放下比賽勝負，忘記馬刺系列賽0：3落後，好好期待manu的表演吧!體考量，我現在只想專注在比賽」manu說。西區決賽g4manu還會展現他獨一無二的魔力和神乎其技，放下比賽勝負，忘記馬刺系列賽0：3落後，好好期待manu的表演吧!https://tinyurl.com/n6e8543",
    "time": "2017/05/22 12:31:55",
    "event": "click"
  },
  {
    "category": "1",
    "app": "MoPTT",
    "id": "6",
    "context": "[專欄]nbamanuginobili的「不老魔法」lys西區決賽勇士vs.馬刺g3，馬刺40歲後衛manuginobili替補上場18分鐘，9投7中攻下全隊最高21分，可惜還是挽救不了馬刺局勢。馬刺在沒有退路的g3，108：120不敵勇士，七戰四勝系列賽陷入0：3困境。manu在g3比賽中，一記快攻前進，在運球行進間manu把球從防守球員davidwest胯下運過後繼續運球，完成突破上籃，這一記漂亮突破被做成今年季後賽經典highlight。像魔術般穿越防守球員，那是一種籃球最古老技藝，或者說是一種「魔法」，只有40歲manu可以如此輕鬆、簡單的完成。單場21分是2016年3月以來，manu個人單場最高得分，靠著manu上半場14分支撐，馬刺展現勢均力敵戰力咬住比分，沒有讓勇士有喘息空間。但40歲的manu，他還是只有20-25分鐘的耐戰力，第四節當勇士用投籃和速度迅速拉開比分差距時，manu就沒有再上場，比賽情勢不再，波波教練很清楚比賽走勢和走向，波波沒有再打出manu這張擁有無比魔力的老王牌，他知道馬刺已經失去整體情勢。波波教練對manu這場球的出色表現，他說了一句最深刻評論，「我們都知道他會這些招數，對他來說，這樣的表現一點都不讓人驚訝…」。勇士太強大，馬刺傷兵太多，比賽情勢和局勢都很困難，manu非常清楚。這樣的比賽，這種臨場表現和效率，只有manu可以完成，他的鬼切突破，絕妙傳球，無法預測的突破、方向、出手、節奏，以及不斷神來一筆的進攻創意，還是讓球迷看得目瞪口呆。espn球評jeffvangundy認為，manu展現出來的是一種籃球「魔法」。儘管系列賽再艱困，manu不老傳奇的表演和魔術戲法讓馬刺球迷非常感動，他可以再打一年的。manu說，「我還是那個manu，對灰熊系列賽連續15投不中的球員，有時候我會表現很糟，但有時候我會打出很好的比賽。」更關鍵重點是，manu將不會因為馬刺有沒有奪冠，他個人的狀況好與不好，去決定自己是不是要再繼續徵戰nba，再打一季。manu今年夏天約滿將成為自由球員，manu會不會再打下去，刺迷都很關心。「我不會因為今年最後一場0分或20分，狀況好與不好，去決定我要不要退休，這需要整體考量，我現在只想專注在比賽」manu說。西區決賽g4manu還會展現他獨一無二的魔力和神乎其技，放下比賽勝負，忘記馬刺系列賽0：3落後，好好期待manu的表演吧!體考量，我現在只想專注在比賽」manu說。西區決賽g4manu還會展現他獨一無二的魔力和神乎其技，放下比賽勝負，忘記馬刺系列賽0：3落後，好好期待manu的表演吧!https://tinyurl.com/n6e8543",
    "time": "2017/05/22 12:31:55",
    "event": "slide"
  },
  {
    "category": "1",
    "app": "Facebook",
    "id": "7",
    "context": "【影片】一擊致命！bradley超大心臟獻0.1秒三分絕殺-haters-黑特籃球nba新聞影片圖片分享社區波士頓塞爾提克隊上演翻盤好戲。雖然厄文得到29分，但lebron13投4中只有11分，smart得到27分，bradley...",
    "time": "2017/05/22 12:34:37",
    "event": "click"
  },
  {
    "category": "1",
    "app": "Facebook",
    "id": "8",
    "context": "【影片】一擊致命！bradley超大心臟獻0.1秒三分絕殺-haters-黑特籃球nba新聞影片圖片分享社區波士頓塞爾提克隊上演翻盤好戲。雖然厄文得到29分，但lebron13投4中只有11分，smart得到27分，bradley...",
    "time": "2017/05/22 12:34:37",
    "event": "slide"
  },
  {
    "category": "1",
    "app": "MoPTT",
    "id": "9",
    "context": "[討論]nbathe不讓今天不讓了什麼?各位午安想討論一下the不讓今天不讓了什麼呢？有人說今天是the讓-讓塞爾提克輕敵-讓矮湯沒面子-讓勇士輕敵-讓自己。放鬆。一下但我覺得the不讓今年從the跨進化成the不讓是有歷史意義的上一場也證明the不讓就是不讓打到你塞爾提克變智障還是要繼續虐所以今天到底是不讓了什麼呢？-不讓騎士諸將放鬆-不讓連勝繼續-不讓大家看清楚騎士的策略-其他大家理性討論看看",
    "time": "2017/05/22 12:37:57",
    "event": "click"
  },
  {
    "category": "1",
    "app": "MoPTT",
    "id": "10",
    "context": "[討論]nbathe不讓今天不讓了什麼?各位午安想討論一下the不讓今天不讓了什麼呢？有人說今天是the讓-讓塞爾提克輕敵-讓矮湯沒面子-讓勇士輕敵-讓自己。放鬆。一下但我覺得the不讓今年從the跨進化成the不讓是有歷史意義的上一場也證明the不讓就是不讓打到你塞爾提克變智障還是要繼續虐所以今天到底是不讓了什麼呢？-不讓騎士諸將放鬆-不讓連勝繼續-不讓大家看清楚騎士的策略-其他大家理性討論看看",
    "time": "2017/05/22 12:37:57",
    "event": "slide"
  },
  {
    "category": "1",
    "app": "MoPTT",
    "id": "11",
    "context": "[花邊]nba老巴：若lbj今年奪冠，他就跟kobe同水準barkley：若lbj今年奪冠，他就跟kobe同一水準虎撲籃球5月22日訊在今日的節目裏，charlesbarkley談到了lebronjames，他稱如果james本賽季可以戰勝勇士而奪冠的話，他會把james放到kobebryant那個水準上。“我告訴了人們，如果他能夠在本賽季奪冠，我也許會把他移到kobebryant那個水準上去，kobe贏了5個總冠軍，lbj有3個，如果他可以擊敗勇士奪冠的話，現在他和kobe在我這裏的位置差不多，kobe稍微排名高一些，因為他的冠軍數更多，如果他（james）能夠在本賽季擊敗實力強勁的勇士奪冠，我也許會把他放到跟非常優秀的kobe同一個位置。”barkley說道。騎士今日在主場對陣塞爾提克，這是雙方東部決賽系列賽的第三場比賽，現在騎士大比分2-0領先塞爾提克。（注：本新聞是老巴賽前說的）(編輯：李昌隆)https://voice.hupu.com/nba/2162361.html備註：好吧，老巴引戰xd",
    "time": "2017/05/22 12:38:52",
    "event": "click"
  },
  {
    "category": "1",
    "app": "MoPTT",
    "id": "12",
    "context": "[花邊]nba老巴：若lbj今年奪冠，他就跟kobe同水準barkley：若lbj今年奪冠，他就跟kobe同一水準虎撲籃球5月22日訊在今日的節目裏，charlesbarkley談到了lebronjames，他稱如果james本賽季可以戰勝勇士而奪冠的話，他會把james放到kobebryant那個水準上。“我告訴了人們，如果他能夠在本賽季奪冠，我也許會把他移到kobebryant那個水準上去，kobe贏了5個總冠軍，lbj有3個，如果他可以擊敗勇士奪冠的話，現在他和kobe在我這裏的位置差不多，kobe稍微排名高一些，因為他的冠軍數更多，如果他（james）能夠在本賽季擊敗實力強勁的勇士奪冠，我也許會把他放到跟非常優秀的kobe同一個位置。”barkley說道。騎士今日在主場對陣塞爾提克，這是雙方東部決賽系列賽的第三場比賽，現在騎士大比分2-0領先塞爾提克。（注：本新聞是老巴賽前說的）(編輯：李昌隆)https://voice.hupu.com/nba/2162361.html備註：好吧，老巴引戰xd",
    "time": "2017/05/22 12:38:52",
    "event": "slide"
  }
]