[
  {
    "category": "10",
    "app": "MoPTT",
    "id": "33",
    "context": "[問題]關於流血問題如題假設現在我戴舊版虛空心靈，然後用熔岩打擊配上火之化身，傷害全部都是火傷，這樣還有辦法觸發流血嗎？還是可以觸發但是沒有傷害？--※發信站:批踢踢實業坊(ptt.cc),來自:101.15.98.90※瀏覽網頁版※yuyugh2015編輯101.15.98.9005/2206:43",
    "time": "2017/05/22 13:03:20",
    "event": "click"
  },
  {
    "category": "10",
    "app": "MoPTT",
    "id": "34",
    "context": "[問題]關於流血問題如題假設現在我戴舊版虛空心靈，然後用熔岩打擊配上火之化身，傷害全部都是火傷，這樣還有辦法觸發流血嗎？還是可以觸發但是沒有傷害？--※發信站:批踢踢實業坊(ptt.cc),來自:101.15.98.90※瀏覽網頁版※yuyugh2015編輯101.15.98.9005/2206:43",
    "time": "2017/05/22 13:03:20",
    "event": "slide"
  }
]