[
  {
    "category": "2",
    "app": "MoPTT",
    "id": "13",
    "context": "[閒聊]lolzz教你如何戰爆酸民!!現在戰成這樣我真的看不下去!!!!!我今天要來好好嘴嘴酸民了!!!!關於bpmeta的部分我要來幫閃電狼後勤說話!酸民最大的問題就是不知民間疾苦，只會在後面爽爽嘴人。不知道前線的壓力有多大...。我說實在啦!看比賽這麼久了也知道酸民的酸點很搞笑。就讓我zz來教你如何戰爆酸民!!每一個人都可以抄!我們一起戰爆!--------------------------------------------------------------------酸點1︰每次閃電狼meta都在抄lpllck。zz的駁論︰x!你不抄最強賽區的meta，那怎麼會贏?閃電狼現在不抄，那麼ahqjtm17這些隊伍還是會猛抄阿!不抄能打得贏他們?出得了國??事實上我覺得最大的問題就是抄不夠徹底，抄得好我想就跟韓國隊伍一樣強了。酸點2︰選手不練角，角色拿不出來。zz的駁論︰x!說拿就拿喔。你修八堂課就能變財經專家??酸點3︰牛排bp爛。zz的駁論︰x!牛排bp爛那麼全lms有誰bp好到能讓鄉民稱讚的?叉燒?綠茶?小峯?fb教練?全都沒有嘛!再來bp這種東西就是教練與選手討論後的成果不必全牽拖牛排。我認為拉!與其檢討bp爛不如想想為什麼陣容bp無法達成理想中的模樣。酸點4︰閃電狼選手不愛動腦，遊戲打起來單調無趣，不夠多變，被人摸透。zz的駁論︰x!笑死人了!!選手要動什麼腦?你以為是要參加超級大富翁嗎?動腦咧xd而且會動腦會讀書，那就能打好lol哪這麼容易?lol還是重操作重反應的遊戲拉!要是會動腦就能打好lol112就不會只在主播臺出現了。酸民一直酸選手學歷差，很笨。但問題是學歷好就能當好選手?怎可能!又不是爐石這種遊戲先不說五大名校這種，我們去一些風評不錯國立學校找選手，也是找不出幾個頂尖的拉!你不信?那你看yooo東山就知道了。他們會讀書動腦阿但實力就是三流選手跑不掉的酸民該認清現實!有些人就是有打電動的才能，即使他們學歷爛，鄉民也不該歧視他們。酸點5︰反觀g2zz的駁論︰真的是又來了!fw的iem冠軍怎麼不反觀一下，是吹捧一個亞軍真的是笑死人了!!!g2打得好我們該稱讚!但這不該成為鞭fw的理由。g2能拿出他們自己的meta，但這不代表他們就更好畢竟g2最終也只拿下一場，實力而論，就算吹到最高最高也只比kt強一場而已酸民的吹捧也也過譽了。fw的確是打敗過g2的隊伍我們不應妄自菲薄自己的賽區長他人志氣滅自己威風。以後我們還是能打敗這些歐美綜藝隊伍的，只要把亞洲的meta實施徹底的話。酸點6︰fw陣容差，該換人了，人情電競...etczz的駁論︰x!真的是很搞笑耶!說換就換!你以為是在打手遊??cyo老師真的說得好!覺得比他厲害的快報名!先不說韓服鑽1我覺得打到鑽4也能試試拉不過我想酸民只會出張嘴拉xd或者是被mmd打爆!韓服菁英耶!!好啦!退而求其次從別隊找好了!x!你以為別隊都是智障??要是別隊知道有比mmd更強的上路那早就自己珍藏了還會送給fw資敵?別傻了他們還是對手好嗎?好拉!就算有隊伍缺錢真的蠢到送人好了。那陣容這樣排好了zivkarsamaplebettyswordart這樣有比現在陣容更強?你們真心覺得這陣容可以保證世界賽不再止步8、16強?真的該認清現實拉!mmd跟ziv同等級想找到能換mmd的至少也要比ziv強才能換酸點7︰不管拉!我94要酸948794酸zz的駁論︰zzzzz左轉不送!這酸點沒有回應的價值!!各位鄉民!這就是能夠戰爆酸民的祕技!讓我們一起戰爆酸民吧!!!--※發信站:批踢踢實業坊(ptt.cc),來自:125.224.132.21※瀏覽網頁版※這就是本版素質!不必心虛拉!你抄100分的考卷當然拿100分阿!你還會手抖抄錯?至少同分阿!新竹中學耶!屌勝一堆lol酸民吧!人總有狀態起伏沒什麼!你們酸民才森777酸民真的欠酸!腦粉我覺得很正常!事實上腦粉愈多對lms發展纔好!反什麼串?我只反酸民!唉!真的是良知太少了...",
    "time": "2017/05/22 12:40:09",
    "event": "click"
  },
  {
    "category": "2",
    "app": "MoPTT",
    "id": "14",
    "context": "[閒聊]lolzz教你如何戰爆酸民!!現在戰成這樣我真的看不下去!!!!!我今天要來好好嘴嘴酸民了!!!!關於bpmeta的部分我要來幫閃電狼後勤說話!酸民最大的問題就是不知民間疾苦，只會在後面爽爽嘴人。不知道前線的壓力有多大...。我說實在啦!看比賽這麼久了也知道酸民的酸點很搞笑。就讓我zz來教你如何戰爆酸民!!每一個人都可以抄!我們一起戰爆!--------------------------------------------------------------------酸點1︰每次閃電狼meta都在抄lpllck。zz的駁論︰x!你不抄最強賽區的meta，那怎麼會贏?閃電狼現在不抄，那麼ahqjtm17這些隊伍還是會猛抄阿!不抄能打得贏他們?出得了國??事實上我覺得最大的問題就是抄不夠徹底，抄得好我想就跟韓國隊伍一樣強了。酸點2︰選手不練角，角色拿不出來。zz的駁論︰x!說拿就拿喔。你修八堂課就能變財經專家??酸點3︰牛排bp爛。zz的駁論︰x!牛排bp爛那麼全lms有誰bp好到能讓鄉民稱讚的?叉燒?綠茶?小峯?fb教練?全都沒有嘛!再來bp這種東西就是教練與選手討論後的成果不必全牽拖牛排。我認為拉!與其檢討bp爛不如想想為什麼陣容bp無法達成理想中的模樣。酸點4︰閃電狼選手不愛動腦，遊戲打起來單調無趣，不夠多變，被人摸透。zz的駁論︰x!笑死人了!!選手要動什麼腦?你以為是要參加超級大富翁嗎?動腦咧xd而且會動腦會讀書，那就能打好lol哪這麼容易?lol還是重操作重反應的遊戲拉!要是會動腦就能打好lol112就不會只在主播臺出現了。酸民一直酸選手學歷差，很笨。但問題是學歷好就能當好選手?怎可能!又不是爐石這種遊戲先不說五大名校這種，我們去一些風評不錯國立學校找選手，也是找不出幾個頂尖的拉!你不信?那你看yooo東山就知道了。他們會讀書動腦阿但實力就是三流選手跑不掉的酸民該認清現實!有些人就是有打電動的才能，即使他們學歷爛，鄉民也不該歧視他們。酸點5︰反觀g2zz的駁論︰真的是又來了!fw的iem冠軍怎麼不反觀一下，是吹捧一個亞軍真的是笑死人了!!!g2打得好我們該稱讚!但這不該成為鞭fw的理由。g2能拿出他們自己的meta，但這不代表他們就更好畢竟g2最終也只拿下一場，實力而論，就算吹到最高最高也只比kt強一場而已酸民的吹捧也也過譽了。fw的確是打敗過g2的隊伍我們不應妄自菲薄自己的賽區長他人志氣滅自己威風。以後我們還是能打敗這些歐美綜藝隊伍的，只要把亞洲的meta實施徹底的話。酸點6︰fw陣容差，該換人了，人情電競...etczz的駁論︰x!真的是很搞笑耶!說換就換!你以為是在打手遊??cyo老師真的說得好!覺得比他厲害的快報名!先不說韓服鑽1我覺得打到鑽4也能試試拉不過我想酸民只會出張嘴拉xd或者是被mmd打爆!韓服菁英耶!!好啦!退而求其次從別隊找好了!x!你以為別隊都是智障??要是別隊知道有比mmd更強的上路那早就自己珍藏了還會送給fw資敵?別傻了他們還是對手好嗎?好拉!就算有隊伍缺錢真的蠢到送人好了。那陣容這樣排好了zivkarsamaplebettyswordart這樣有比現在陣容更強?你們真心覺得這陣容可以保證世界賽不再止步8、16強?真的該認清現實拉!mmd跟ziv同等級想找到能換mmd的至少也要比ziv強才能換酸點7︰不管拉!我94要酸948794酸zz的駁論︰zzzzz左轉不送!這酸點沒有回應的價值!!各位鄉民!這就是能夠戰爆酸民的祕技!讓我們一起戰爆酸民吧!!!--※發信站:批踢踢實業坊(ptt.cc),來自:125.224.132.21※瀏覽網頁版※這就是本版素質!不必心虛拉!你抄100分的考卷當然拿100分阿!你還會手抖抄錯?至少同分阿!新竹中學耶!屌勝一堆lol酸民吧!人總有狀態起伏沒什麼!你們酸民才森777酸民真的欠酸!腦粉我覺得很正常!事實上腦粉愈多對lms發展纔好!反什麼串?我只反酸民!唉!真的是良知太少了...",
    "time": "2017/05/22 12:40:09",
    "event": "slide"
  },
  {
    "category": "2",
    "app": "MoPTT",
    "id": "17",
    "context": "[問題]lolmsi過後的後勤問題經過msi大浪脫褲子後各種預測各個賽區被脫褲子後來到了msi會外賽-檢討大賽現在全部人都在問後勤問題現在有明星隊但那是屬於選手的我以為有大丸跟cyo、牛排的後勤已經算是明星等級經過了msi後好像大家都不同意請問有沒有lms最滿意後勤組合呢？--※發信站:批踢踢實業坊(ptt.cc),來自:49.217.225.190※瀏覽網頁版※",
    "time": "2017/05/22 12:44:45",
    "event": "click"
  },
  {
    "category": "2",
    "app": "MoPTT",
    "id": "18",
    "context": "[問題]lolmsi過後的後勤問題經過msi大浪脫褲子後各種預測各個賽區被脫褲子後來到了msi會外賽-檢討大賽現在全部人都在問後勤問題現在有明星隊但那是屬於選手的我以為有大丸跟cyo、牛排的後勤已經算是明星等級經過了msi後好像大家都不同意請問有沒有lms最滿意後勤組合呢？--※發信站:批踢踢實業坊(ptt.cc),來自:49.217.225.190※瀏覽網頁版※",
    "time": "2017/05/22 12:44:45",
    "event": "slide"
  }
]