[
  {
    "category": "3",
    "app": "MoPTT",
    "id": "15",
    "context": "[閒聊]lol湯米fb原文網址：https://goo.gl/dr6vabhttp://imgur.com/ntnfrnf來巴西沒有遇到搶劫，但在回去的前一天(;′口`)(;′口`)(;′口`)我的6+啊啊啊啊啊啊啊啊啊啊啊啊！求新莊或臺北技術、評價好的螢幕更換...24號一到臺灣我馬上要換(′；ω；‵)-------------------------------------------------------------------------看來回臺灣喝茶前還有一筆開銷要花呢",
    "time": "2017/05/22 12:42:15",
    "event": "click"
  },
  {
    "category": "3",
    "app": "MoPTT",
    "id": "16",
    "context": "[閒聊]lol湯米fb原文網址：https://goo.gl/dr6vabhttp://imgur.com/ntnfrnf來巴西沒有遇到搶劫，但在回去的前一天(;′口`)(;′口`)(;′口`)我的6+啊啊啊啊啊啊啊啊啊啊啊啊！求新莊或臺北技術、評價好的螢幕更換...24號一到臺灣我馬上要換(′；ω；‵)-------------------------------------------------------------------------看來回臺灣喝茶前還有一筆開銷要花呢",
    "time": "2017/05/22 12:42:15",
    "event": "slide"
  },
  {
    "category": "3",
    "app": "MoPTT",
    "id": "19",
    "context": "[毅力]笑話觀止16一記者正在採訪一間精神病院的院長：「你們用什麼方法確定患者是否完全康復呢？」院長說：「我們會做一個測驗：在一個浴缸盛滿水，旁邊放一個湯勺和一個大碗，讓他們把缸裏的水排出去。」記者不以為然說：「那當然是用大碗啦！」院長看了他一眼，慢慢的說：「正常人應該是直接拔掉塞子的。」本文以記者和院長的對話描述了一個關於精神病患者的測試不料記者不打自招，其智商程度令人解頤同時也證明瞭院長是個釣魚高手整體而言可說是相當符合板旨--作者ilikeroc(u文起司)看板joke標題[猜謎]很分的隔線板主在推文中出現我一個月不發笑話賞析：平時非常低調的板主突然出現推文卻沒人推爆，可見這板主多沒存在感，整體而言可說是相當符合板旨",
    "time": "2017/05/22 12:48:25",
    "event": "click"
  },
  {
    "category": "3",
    "app": "MoPTT",
    "id": "20",
    "context": "[毅力]笑話觀止16一記者正在採訪一間精神病院的院長：「你們用什麼方法確定患者是否完全康復呢？」院長說：「我們會做一個測驗：在一個浴缸盛滿水，旁邊放一個湯勺和一個大碗，讓他們把缸裏的水排出去。」記者不以為然說：「那當然是用大碗啦！」院長看了他一眼，慢慢的說：「正常人應該是直接拔掉塞子的。」本文以記者和院長的對話描述了一個關於精神病患者的測試不料記者不打自招，其智商程度令人解頤同時也證明瞭院長是個釣魚高手整體而言可說是相當符合板旨--作者ilikeroc(u文起司)看板joke標題[猜謎]很分的隔線板主在推文中出現我一個月不發笑話賞析：平時非常低調的板主突然出現推文卻沒人推爆，可見這板主多沒存在感，整體而言可說是相當符合板旨",
    "time": "2017/05/22 12:48:25",
    "event": "slide"
  }
]