[
  {
    "category": "5",
    "app": "MoPTT",
    "id": "23",
    "context": "[閒聊]amd反思顯卡市場糟糕表現：內部分歧太大amd反思顯卡市場糟糕表現：內部分歧太大http://www.ithome.com/html/digi/309902.htm由於北極星出色的銷售表現，目前amd在299美元以下的市場份額大幅上升，而總的顯卡市場份額也從原來的20%提升至28%。當然對於目前的amd來說，高端顯卡的缺乏實在是一個大大的遺憾，而現在amd顯卡部分負責人raja就反思了amd在高端顯卡市場上節節敗退的原因。根據raja的說法，5年前，amd內部經歷了一點調整，部分專家認為，桌面獨顯在市場上失勢是必然，用戶將多數轉向移動和集成顯卡領域。於是因此這個論調，amd對於高端顯卡的研發並不予以重視，無論是研發經費還是後期的營銷都遠不如cpu部門。但是市場上的現實卻狠狠地打擊了amd一下，nvidia高端顯卡的大放異彩讓amd逐漸認識到高端顯卡的重要性，而raja也認為未來的pc用戶基本都是玩家。於是現在amd計劃推出一款新的vega遊戲顯卡來搶佔高端市場，未來還將有更多的遊戲顯卡推出。--老黃：感謝amd放生高階市場。讓我股價爽爽賺",
    "time": "2017/05/22 12:50:53",
    "event": "click"
  },
  {
    "category": "5",
    "app": "MoPTT",
    "id": "24",
    "context": "[閒聊]amd反思顯卡市場糟糕表現：內部分歧太大amd反思顯卡市場糟糕表現：內部分歧太大http://www.ithome.com/html/digi/309902.htm由於北極星出色的銷售表現，目前amd在299美元以下的市場份額大幅上升，而總的顯卡市場份額也從原來的20%提升至28%。當然對於目前的amd來說，高端顯卡的缺乏實在是一個大大的遺憾，而現在amd顯卡部分負責人raja就反思了amd在高端顯卡市場上節節敗退的原因。根據raja的說法，5年前，amd內部經歷了一點調整，部分專家認為，桌面獨顯在市場上失勢是必然，用戶將多數轉向移動和集成顯卡領域。於是因此這個論調，amd對於高端顯卡的研發並不予以重視，無論是研發經費還是後期的營銷都遠不如cpu部門。但是市場上的現實卻狠狠地打擊了amd一下，nvidia高端顯卡的大放異彩讓amd逐漸認識到高端顯卡的重要性，而raja也認為未來的pc用戶基本都是玩家。於是現在amd計劃推出一款新的vega遊戲顯卡來搶佔高端市場，未來還將有更多的遊戲顯卡推出。--老黃：感謝amd放生高階市場。讓我股價爽爽賺",
    "time": "2017/05/22 12:50:53",
    "event": "slide"
  }
]