[
  {
    "category": "6",
    "app": "MoPTT",
    "id": "25",
    "context": "[新聞]民調六都滿意度　陳菊第一柯文哲墊底民調六都滿意度　陳菊第一柯文哲墊底蘋果2017年05月22日11:56凱達格蘭基金會董事長高志鵬今主持「六都市長施政滿意度記者會」，結果顯示，在六都首長滿意度方面，民眾對高雄市長陳菊的滿意度為75.4%居首，臺北市長柯文哲則是44.6%墊底。高志鵬今主持新臺灣國策智庫「六都市長施政滿意度暨主要政治人物好感度民調記者會」，並邀趨勢民調中心總經理吳世昌、成功大學政治系暨政經所副教授蒙志成、凱達格蘭基金會執行長陳致中共同與會。在六都首長滿意度方面，陳菊的滿意度為75.4%居首、其次為桃園市長鄭文燦的˙74.1%、臺南市長賴清德的72.4%、臺中市長林佳龍的55.6%、新北市長朱立倫53.4%、柯文哲44.6%。新臺灣國策智庫去年12月縣市長就職兩週年時的民調，陳菊滿意度為71.3%最高，接下來依序為賴清德的滿意度67.8%、鄭文燦的滿意度59.9%、林佳龍的滿意度52.5%、朱立倫的滿意度51%、柯文哲的滿意度39.3%。這項調查針對居住在六都年滿20歲的一般民眾，採用電話調查、隨機抽樣方式，在5月6日至11日。各縣市共計完成4892份有效樣本，在95%的信心水準下，抽樣誤差為正負1.4個百分點。（陳雅芃／臺北報導）http://www.appledaily.com.tw/realtimenews/article/new/20170522/1123616/",
    "time": "2017/05/22 12:54:50",
    "event": "click"
  },
  {
    "category": "6",
    "app": "MoPTT",
    "id": "26",
    "context": "[新聞]民調六都滿意度　陳菊第一柯文哲墊底民調六都滿意度　陳菊第一柯文哲墊底蘋果2017年05月22日11:56凱達格蘭基金會董事長高志鵬今主持「六都市長施政滿意度記者會」，結果顯示，在六都首長滿意度方面，民眾對高雄市長陳菊的滿意度為75.4%居首，臺北市長柯文哲則是44.6%墊底。高志鵬今主持新臺灣國策智庫「六都市長施政滿意度暨主要政治人物好感度民調記者會」，並邀趨勢民調中心總經理吳世昌、成功大學政治系暨政經所副教授蒙志成、凱達格蘭基金會執行長陳致中共同與會。在六都首長滿意度方面，陳菊的滿意度為75.4%居首、其次為桃園市長鄭文燦的˙74.1%、臺南市長賴清德的72.4%、臺中市長林佳龍的55.6%、新北市長朱立倫53.4%、柯文哲44.6%。新臺灣國策智庫去年12月縣市長就職兩週年時的民調，陳菊滿意度為71.3%最高，接下來依序為賴清德的滿意度67.8%、鄭文燦的滿意度59.9%、林佳龍的滿意度52.5%、朱立倫的滿意度51%、柯文哲的滿意度39.3%。這項調查針對居住在六都年滿20歲的一般民眾，採用電話調查、隨機抽樣方式，在5月6日至11日。各縣市共計完成4892份有效樣本，在95%的信心水準下，抽樣誤差為正負1.4個百分點。（陳雅芃／臺北報導）http://www.appledaily.com.tw/realtimenews/article/new/20170522/1123616/",
    "time": "2017/05/22 12:54:50",
    "event": "slide"
  }
]