[
  {
    "category": "7",
    "app": "MoPTT",
    "id": "27",
    "context": "[問卦]the要唸「了」還是「哩」？如標題本魯妹以前學英文時老師說如果the後面接的詞首是母音就要唸「哩」否則要唸「了」可4粗惹社會之後發現很多人「了」跟「哩」根本隨性唸阿譬如有人會唸「哩」hamburger「了」egg「哩」mostamazingexperience「了」agreementbetweenaandb之類的到底the該怎麼判斷要怎麼唸啊？嘸八卦某@@",
    "time": "2017/05/22 12:55:32",
    "event": "click"
  },
  {
    "category": "7",
    "app": "MoPTT",
    "id": "28",
    "context": "[問卦]the要唸「了」還是「哩」？如標題本魯妹以前學英文時老師說如果the後面接的詞首是母音就要唸「哩」否則要唸「了」可4粗惹社會之後發現很多人「了」跟「哩」根本隨性唸阿譬如有人會唸「哩」hamburger「了」egg「哩」mostamazingexperience「了」agreementbetweenaandb之類的到底the該怎麼判斷要怎麼唸啊？嘸八卦某@@",
    "time": "2017/05/22 12:55:32",
    "event": "slide"
  }
]