[
  {
    "category": "8",
    "app": "MoPTT",
    "id": "29",
    "context": "[問卦]一樓帥哥五樓白癡是真的嗎？聽過一個都市傳說，ptt的一樓有90%機率是帥哥，而五樓有90%是北七，請問這是真的嗎？",
    "time": "2017/05/22 12:58:56",
    "event": "click"
  },
  {
    "category": "8",
    "app": "MoPTT",
    "id": "30",
    "context": "[問卦]一樓帥哥五樓白癡是真的嗎？聽過一個都市傳說，ptt的一樓有90%機率是帥哥，而五樓有90%是北七，請問這是真的嗎？",
    "time": "2017/05/22 12:58:56",
    "event": "slide"
  }
]