[
  {
    "category": "2",
    "app": "Chrome",
    "id": "13",
    "context": "106學年度中興羽球排名賽",
    "time": "2017/06/07 13:07:52",
    "event": "type"
  },
  {
    "category": "2",
    "app": "Chrome",
    "id": "14",
    "context": "106學年度中興羽球排名賽-google搜尋",
    "time": "2017/06/07 13:07:52",
    "event": "click"
  },
  {
    "category": "2",
    "app": "Chrome",
    "id": "15",
    "context": "106學年度中興羽球排名賽-google搜尋",
    "time": "2017/06/07 13:07:52",
    "event": "slide"
  },
  {
    "category": "2",
    "app": "Chrome",
    "id": "16",
    "context": "106學年度中興羽球排名賽-首頁|facebook",
    "time": "2017/06/07 13:07:57",
    "event": "click"
  },
  {
    "category": "2",
    "app": "Chrome",
    "id": "17",
    "context": "106學年度中興羽球排名賽-首頁",
    "time": "2017/06/07 13:07:57",
    "event": "slide"
  },
  {
    "category": "2",
    "app": "Chrome",
    "id": "18",
    "context": "羽球筆記羽球筆記提供您簡易舉辦羽球賽事，輕鬆查詢羽球比賽資訊，依球技分組的全國羽球分級賽事等您來挑戰喔",
    "time": "2017/06/07 13:08:28",
    "event": "click"
  },
  {
    "category": "2",
    "app": "Chrome",
    "id": "19",
    "context": "羽球筆記羽球筆記提供您簡易舉辦羽球賽事，輕鬆查詢羽球比賽資訊，依球技分組的全國羽球分級賽事等您來挑戰喔",
    "time": "2017/06/07 13:08:28",
    "event": "slide"
  },
  {
    "category": "2",
    "app": "Chrome",
    "id": "26",
    "context": "106中興校內排名賽賽程圖表",
    "time": "2017/06/07 13:12:20",
    "event": "click"
  },
  {
    "category": "2",
    "app": "Chrome",
    "id": "27",
    "context": "106中興校內排名賽賽程圖表.pdf-google雲端硬碟",
    "time": "2017/06/07 13:12:20",
    "event": "slide"
  }
]