[
  {
    "category": "4",
    "app": "Chrome",
    "id": "46",
    "context": "麥田圈",
    "time": "2017/06/07 13:19:18",
    "event": "type"
  },
  {
    "category": "4",
    "app": "Chrome",
    "id": "47",
    "context": "麥田圈",
    "time": "2017/06/07 13:19:18",
    "event": "click"
  },
  {
    "category": "4",
    "app": "Chrome",
    "id": "48",
    "context": "麥田圈",
    "time": "2017/06/07 13:19:18",
    "event": "slide"
  },
  {
    "category": "4",
    "app": "Chrome",
    "id": "49",
    "context": "麥田圈有進化論　從平面粗糙變3Ｄ圖案||nownews今日新聞　英科學家破解謎題",
    "time": "2017/06/07 13:17:23",
    "event": "click"
  },
  {
    "category": "4",
    "app": "Chrome",
    "id": "50",
    "context": "麥田圈有進化論　從平面粗糙變3Ｄ圖案||nownews今日新聞　英科學家破解謎題",
    "time": "2017/06/07 13:17:23",
    "event": "slide"
  },
  {
    "category": "4",
    "app": "Chrome",
    "id": "51",
    "context": "麥田圈",
    "time": "2017/06/07 13:19:18",
    "event": "slide"
  },
  {
    "category": "4",
    "app": "Chrome",
    "id": "52",
    "context": "人類到底能不能做麥田圈？結果讓人跌破眼鏡-中時電子報",
    "time": "2017/06/07 13:19:29",
    "event": "click"
  },
  {
    "category": "4",
    "app": "Chrome",
    "id": "53",
    "context": "人類到底能不能做麥田圈？結果讓人跌破眼鏡-中時電子報",
    "time": "2017/06/07 13:19:29",
    "event": "slide"
  },
  {
    "category": "4",
    "app": "Chrome",
    "id": "54",
    "context": "麥田圈",
    "time": "2017/06/07 13:21:23",
    "event": "slide"
  },
  {
    "category": "4",
    "app": "Chrome",
    "id": "55",
    "context": "義大利麥田圈解碼了！訊息駭人，給人類明顯警告！|新唐人電視臺(手機版)",
    "time": "2017/06/07 13:21:36",
    "event": "click"
  },
  {
    "category": "4",
    "app": "Chrome",
    "id": "56",
    "context": "義大利麥田圈解碼了！訊息駭人，給人類明顯警告！|新唐人電視臺(手機版)",
    "time": "2017/06/07 13:21:36",
    "event": "slide"
  },
  {
    "category": "4",
    "app": "Chrome",
    "id": "57",
    "context": "麥田圈",
    "time": "2017/06/07 13:24:09",
    "event": "slide"
  }
]