[
  {
    "category": "5",
    "app": "Chrome",
    "id": "58",
    "context": "世界謎案",
    "time": "2017/06/07 13:25:15",
    "event": "type"
  },
  {
    "category": "5",
    "app": "Chrome",
    "id": "59",
    "context": "世界謎案",
    "time": "2017/06/07 13:25:15",
    "event": "click"
  },
  {
    "category": "5",
    "app": "Chrome",
    "id": "60",
    "context": "世界謎案",
    "time": "2017/06/07 13:25:15",
    "event": "slide"
  },
  {
    "category": "5",
    "app": "Chrome",
    "id": "61",
    "context": "世界十大謎案---「殺人魔王傑克」",
    "time": "2017/06/07 13:25:19",
    "event": "click"
  },
  {
    "category": "5",
    "app": "Chrome",
    "id": "62",
    "context": "世界十大謎案---「殺人魔王傑克」",
    "time": "2017/06/07 13:25:19",
    "event": "slide"
  },
  {
    "category": "5",
    "app": "Chrome",
    "id": "63",
    "context": "世界謎案",
    "time": "2017/06/07 13:44:17",
    "event": "slide"
  },
  {
    "category": "5",
    "app": "Chrome",
    "id": "64",
    "context": "15個歷史上不管怎麼樣都解不開的離奇謎案",
    "time": "2017/06/07 13:44:24",
    "event": "click"
  },
  {
    "category": "5",
    "app": "Chrome",
    "id": "65",
    "context": "15個歷史上不管怎麼樣都解不開的離奇謎案",
    "time": "2017/06/07 13:44:24",
    "event": "slide"
  }
]