[
  {
    "category": "1",
    "app": "Dcard",
    "id": "1",
    "context": "中興美食",
    "time": "2017/07/07 16:51:39",
    "event": "type"
  },
  {
    "category": "1",
    "app": "Dcard",
    "id": "2",
    "context": "大家來推薦中興美食~~不知道大家喜歡學校附近那些食物?個人的話~~比較挑可是也沒有很挑只要覺得吃起來還ok就列進來【早餐】※女宿夏一跳早餐店(南門路上全國影印店對面、中華滷味隔壁)※大門幸福苜蓿芽早餐",
    "time": "2017/07/07 16:51:42",
    "event": "click"
  },
  {
    "category": "1",
    "app": "Dcard",
    "id": "3",
    "context": "大家來推薦中興美食~~不知道大家喜歡學校附近那些食物?個人的話~~比較挑可是也沒有很挑只要覺得吃起來還ok就列進來【早餐】※女宿夏一跳早餐店(南門路上全國影印店對面、中華滷味隔壁)※大門幸福苜蓿芽早餐在甜甜圈麵包店隔壁【午餐、晚餐】※女宿極品軒南門路影印店隔壁的義大利麵(newpasta)櫻木拉麵國光自助餐燒臘便當店青中華滷味※大門香香韓村鬆餅人(興大滷味旁邊)龍記滷味面對面珍餚聽說很推但還沒去朝聖※男宿方向(因為不常去男宿接只能推高工附近)惡魔雞排正忠排骨飯※忠孝路小胖卦包49元披薩※大買家→很推這條路上的美食真心好吃臺北江推日式湯頭和味噌湯頭$125和旺鍋燒意麵牛奶、泡菜、燕餃意麵$60鍋燒意麵$50牛家莊推粗麵條好吃但是要等比較久肉燥乾麵(巷子裡的牛排店、阿亮鹹酥雞隔壁)",
    "time": "2017/07/07 16:51:42",
    "event": "slide"
  },
  {
    "category": "1",
    "app": "Dcard",
    "id": "4",
    "context": "[推](文稍長)中興美食~珍餚快餐店今天中午，不到12點的珍餚又擠滿一堆人親切的阿姨看到我就知道我要吃\"香煎排骨and加飯加菜\"由於人真的很多，我等了約莫快10分鐘吧阿姨居然多送我一顆滷蛋!在這個不景氣的年代，65元可以吃到",
    "time": "2017/07/07 16:53:51",
    "event": "click"
  },
  {
    "category": "1",
    "app": "Dcard",
    "id": "5",
    "context": "[推](文稍長)中興美食~珍餚快餐店今天中午，不到12點的珍餚又擠滿一堆人親切的阿姨看到我就知道我要吃\"香煎排骨and加飯加菜\"由於人真的很多，我等了約莫快10分鐘吧阿姨居然多送我一顆滷蛋!在這個不景氣的年代，65元可以吃到如此豐盛的午餐，令人淚牛滿面來談談它的菜單吧～香煎排骨-65元用的是真肉的排骨(不像很多便當店都是用下腳料絞肉合成的)飯菜也是絕對可以讓人吃飽的份量營養又不失美味，價錢相當實惠，在下的最愛無骨腿排-70元趕時間者可以選擇此項肉大塊厚實，美味程度也不輸前者，推!!!肉燥飯-35元35元肉燥飯裡居然有高麗菜跟滷蛋欸~~不會讓人覺得太油膩，適合手頭緊時點來吃非常經濟實惠!!而且在店內用餐，可以一直加飯加菜，又有提供飲料and湯上次拉贊時，阿姨很阿莎力給了200如此有人情味的店，提供大家參考~by材料小當家",
    "time": "2017/07/07 16:53:51",
    "event": "slide"
  },
  {
    "category": "1",
    "app": "Dcard",
    "id": "6",
    "context": "中興美食",
    "time": "2017/07/07 16:54:05",
    "event": "click"
  },
  {
    "category": "1",
    "app": "Dcard",
    "id": "7",
    "context": "興大美食",
    "time": "2017/07/07 16:54:13",
    "event": "type"
  },
  {
    "category": "1",
    "app": "Dcard",
    "id": "8",
    "context": "興大美食異國料理?附上曾經的美食介紹文https://www.dcard.tw/f/all/p/106916113?ref=ioshttp://i.imgur.com/yszhr5w.jpg這張照片是二訪吃的",
    "time": "2017/07/07 16:54:24",
    "event": "click"
  },
  {
    "category": "1",
    "app": "Dcard",
    "id": "9",
    "context": "興大美食異國料理?附上曾經的美食介紹文這張照片是二訪吃的因為上次跟老闆的反應改善了決定好東西與大家分享???海鮮披薩????奶油松露幹貝燉飯???咖哩香酥雞腿燉飯?巴斯克蔬菜燉雞??喜歡吃起司?️的一定要點披薩不然你會後悔因為超好吃幹貝燉飯幹貝老闆也給的很大方推一個??這是一訪吃的??挪威鮭魚義大利麵?托斯卡尼香草雞肉?燉飯??一開始看菜單覺得這個價位可能是微波食品沒有任何期望一吃太好吃了cp質高而且好便宜三餐吃這個我都願意?是剛從豐原搬來臺中南區✌?️第一次吃覺得份量略少，所以有跟老闆反應但因為這個價錢已經超便宜了cp質很高了二訪份量改進許多??附餐飲料也好好喝可惜好甜可以調甜度我覺得半糖剛剛好??結案我會變常客??????以上最便宜的餐點$140最貴的$200不收服務費老闆又親切?：doublex異國創意料理?：臺中市南區明德街（明德高中旁）?：$75-$350",
    "time": "2017/07/07 16:54:24",
    "event": "slide"
  },
  {
    "category": "1",
    "app": "Dcard",
    "id": "10",
    "context": "#興大美食異國料理????附上曾經的美食介紹文https://www.dcard.tw/f/all/p/106916113?ref=ioshttp://i.imgur.com/yszhr5w.jpg這張照片是二訪吃的",
    "time": "2017/07/07 16:55:10",
    "event": "click"
  },
  {
    "category": "1",
    "app": "Dcard",
    "id": "11",
    "context": "#興大美食異國料理????附上曾經的美食介紹文這張照片是二訪吃的因為上次跟老闆的反應改善了決定好東西與大家分享???海鮮披薩????奶油松露幹貝燉飯???咖哩香酥雞腿燉飯?巴斯克蔬菜燉雞??喜歡吃起司?️的一定要點披薩不然你會後悔因為超好吃幹貝燉飯幹貝老闆也給的很大方推一個??這是一訪吃的??挪威鮭魚義大利麵?托斯卡尼香草雞肉?燉飯??一開始看菜單覺得這個價位可能是微波食品沒有任何期望一吃太好吃了cp質高而且好便宜三餐吃這個我都願意?是剛從豐原搬來臺中南區✌?️第一次吃覺得份量略少，所以有跟老闆反應但因為這個價錢已經超便宜了cp質很高了二訪份量改進許多??附餐飲料也好好喝可惜好甜可以調甜度我覺得半糖剛剛好??結案我會變常客??????以上最便宜的餐點$140最貴的$200不收服務費老闆又親切?：doublex異國創意料理?：臺中市南區明德街（明德高中旁）?：$75-$350",
    "time": "2017/07/07 16:55:11",
    "event": "slide"
  }
]