[
  {
    "category": "1",
    "app": "HTCBrowser",
    "id": "1",
    "context": "冠軍女兒電影評價",
    "time": "2017/05/25 10:43:45",
    "event": "type"
  },
  {
    "category": "1",
    "app": "HTCBrowser",
    "id": "2",
    "context": "冠軍女兒電影評價",
    "time": "2017/05/25 10:43:46",
    "event": "click"
  },
  {
    "category": "1",
    "app": "HTCBrowser",
    "id": "3",
    "context": "冠軍女兒電影評價",
    "time": "2017/05/25 10:43:46",
    "event": "slide"
  },
  {
    "category": "1",
    "app": "HTCBrowser",
    "id": "4",
    "context": "電影「冠軍女兒」本尊出現！三千金不當男人附屬品，全是世界金牌瑪哈維亞果真成功栽培出四位傑出女兒！大女兒吉塔（geetaphogat）已經拿到英聯邦運動會女子摔跤55公斤級比賽冠軍...(印度,教育,摔跤,運動,比賽,電影,冠軍,金牌,真人實事)",
    "time": "2017/05/25 10:43:52",
    "event": "click"
  },
  {
    "category": "1",
    "app": "HTCBrowser",
    "id": "5",
    "context": "電影「冠軍女兒」本尊出現！三千金不當男人附屬品，全是世界金牌瑪哈維亞果真成功栽培出四位傑出女兒！大女兒吉塔（geetaphogat）已經拿到英聯邦運動會女子摔跤55公斤級比賽冠軍...(印度,教育,摔跤,運動,比賽,電影,冠軍,金牌,真人實事)",
    "time": "2017/05/25 10:43:53",
    "event": "slide"
  },
  {
    "category": "1",
    "app": "HTCBrowser",
    "id": "6",
    "context": "電影時間簡史理學理論",
    "time": "2017/05/25 10:49:25",
    "event": "type"
  },
  {
    "category": "1",
    "app": "HTCBrowser",
    "id": "7",
    "context": "電影時間簡史理學理論",
    "time": "2017/05/25 10:49:26",
    "event": "click"
  },
  {
    "category": "1",
    "app": "HTCBrowser",
    "id": "8",
    "context": "電影時間簡史理學理論",
    "time": "2017/05/25 10:49:27",
    "event": "slide"
  },
  {
    "category": "1",
    "app": "HTCBrowser",
    "id": "9",
    "context": "電影abriefhistoryoftime《時間簡史》",
    "time": "2017/05/25 10:49:55",
    "event": "click"
  },
  {
    "category": "1",
    "app": "HTCBrowser",
    "id": "10",
    "context": "電影abriefhistoryoftime-wikipedia《時間簡史》",
    "time": "2017/05/25 10:49:57",
    "event": "slide"
  },
  {
    "category": "1",
    "app": "HTCBrowser",
    "id": "21",
    "context": "電影海灘救護隊",
    "time": "2017/05/25 11:02:00",
    "event": "type"
  },
  {
    "category": "1",
    "app": "HTCBrowser",
    "id": "22",
    "context": "電影海灘救護隊",
    "time": "2017/05/25 11:02:03",
    "event": "click"
  },
  {
    "category": "1",
    "app": "HTCBrowser",
    "id": "23",
    "context": "電影海灘救護隊",
    "time": "2017/05/25 11:02:03",
    "event": "slide"
  },
  {
    "category": "1",
    "app": "HTCBrowser",
    "id": "24",
    "context": "海灘救護隊《海灘救護隊》是一部2017年美國動作喜劇片，由塞斯·高登執導，改編自1989年同名電視劇。電影主演包括巨石強森、柴克·艾弗隆、亞歷珊卓·妲妲裏奧、凱莉·洛貝琪、艾芬妮許·哈德拉、琵豔卡·喬普拉、漢尼拔·布瑞斯、葉海亞·阿巴杜-馬汀二世和強·巴斯。",
    "time": "2017/05/25 11:02:10",
    "event": "click"
  },
  {
    "category": "1",
    "app": "HTCBrowser",
    "id": "25",
    "context": "海灘救護隊《海灘救護隊》是一部2017年美國動作喜劇片，由塞斯·高登執導，改編自1989年同名電視劇。電影主演包括巨石強森、柴克·艾弗隆、亞歷珊卓·妲妲裏奧、凱莉·洛貝琪、艾芬妮許·哈德拉、琵豔卡·喬普拉、漢尼拔·布瑞斯、葉海亞·阿巴杜-馬汀二世和強·巴斯。",
    "time": "2017/05/25 11:02:11",
    "event": "slide"
  },
  {
    "category": "1",
    "app": "HTCBrowser",
    "id": "26",
    "context": "電影海灘救護隊",
    "time": "2017/05/25 11:02:27",
    "event": "click"
  },
  {
    "category": "1",
    "app": "HTCBrowser",
    "id": "27",
    "context": "電影海灘救護隊",
    "time": "2017/05/25 11:02:28",
    "event": "slide"
  },
  {
    "category": "1",
    "app": "HTCBrowser",
    "id": "28",
    "context": "電影《海灘救護隊》片場根本是魔鬼健身中心！柴克艾弗隆被爆一喊卡就有這樣的瘋狂舉動|beautimode創意生活風格網好萊塢電影《海灘救護隊》（baywatch）可以說是今年最養眼的電影之一，光是看到巨石強森、柴克艾弗隆碩大的肌肉，想必影迷們都興奮到不行！不過電影裡面的其中一位女星kellyrohrbach日前受訪的時候爆料，這部電影的拍攝現場根本像是個魔鬼健身中心，還偷爆柴克艾弗隆的料，詳細內容快往下看：",
    "time": "2017/05/25 11:02:39",
    "event": "click"
  },
  {
    "category": "1",
    "app": "HTCBrowser",
    "id": "29",
    "context": "電影《海灘救護隊》片場根本是魔鬼健身中心！柴克艾弗隆被爆一喊卡就有這樣的瘋狂舉動|beautimode創意生活風格網好萊塢電影《海灘救護隊》（baywatch）可以說是今年最養眼的電影之一，光是看到巨石強森、柴克艾弗隆碩大的肌肉，想必影迷們都興奮到不行！不過電影裡面的其中一位女星kellyrohrbach日前受訪的時候爆料，這部電影的拍攝現場根本像是個魔鬼健身中心，還偷爆柴克艾弗隆的料，詳細內容快往下看：",
    "time": "2017/05/25 11:02:40",
    "event": "slide"
  },
  {
    "category": "1",
    "app": "HTCBrowser",
    "id": "30",
    "context": "電影海灘救護隊",
    "time": "2017/05/25 11:04:50",
    "event": "click"
  },
  {
    "category": "1",
    "app": "HTCBrowser",
    "id": "31",
    "context": "電影海灘救護隊",
    "time": "2017/05/25 11:04:51",
    "event": "slide"
  },
  {
    "category": "1",
    "app": "HTCBrowser",
    "id": "32",
    "context": "電影神鬼奇航",
    "time": "2017/05/25 11:04:56",
    "event": "slide"
  },
  {
    "category": "1",
    "app": "HTCBrowser",
    "id": "33",
    "context": "電影神鬼奇航",
    "time": "2017/05/25 11:04:57",
    "event": "click"
  },
  {
    "category": "1",
    "app": "HTCBrowser",
    "id": "34",
    "context": "電影神鬼奇航",
    "time": "2017/05/25 11:04:57",
    "event": "slide"
  },
  {
    "category": "1",
    "app": "HTCBrowser",
    "id": "35",
    "context": "電影《吃吃的愛》強碰《神鬼奇航5》　小Ｓ推洗腦神曲吸票│tvbs新聞網蔡康永執導，小s徐熙娣主演的電影《吃吃的愛》5/24晚間舉辦首映，小s發下豪語「票房超過《神鬼奇航5》就三點全裸」。",
    "time": "2017/05/25 11:05:08",
    "event": "click"
  },
  {
    "category": "1",
    "app": "HTCBrowser",
    "id": "36",
    "context": "電影《吃吃的愛》強碰《神鬼奇航5》　小Ｓ推洗腦神曲吸票│tvbs新聞網蔡康永執導，小s徐熙娣主演的電影《吃吃的愛》5/24晚間舉辦首映，小s發下豪語「票房超過《神鬼奇航5》就三點全裸」。",
    "time": "2017/05/25 11:05:09",
    "event": "slide"
  },
  {
    "category": "1",
    "app": "HTCBrowser",
    "id": "37",
    "context": "電影神鬼奇航",
    "time": "2017/05/25 11:05:29",
    "event": "slide"
  },
  {
    "category": "1",
    "app": "HTCBrowser",
    "id": "38",
    "context": "電影神鬼奇航5死無對證",
    "time": "2017/05/25 11:05:49",
    "event": "click"
  },
  {
    "category": "1",
    "app": "HTCBrowser",
    "id": "39",
    "context": "電影神鬼奇航5死無對證",
    "time": "2017/05/25 11:05:49",
    "event": "slide"
  },
  {
    "category": "1",
    "app": "HTCBrowser",
    "id": "40",
    "context": "【討論】電影加勒比海盜神鬼奇航：死無對證討論集中串(有心得也請發表於此)",
    "time": "2017/05/25 11:06:11",
    "event": "click"
  },
  {
    "category": "1",
    "app": "HTCBrowser",
    "id": "41",
    "context": "【討論】電影加勒比海盜神鬼奇航：死無對證討論集中串(有心得也請發表於此)",
    "time": "2017/05/25 11:06:11",
    "event": "slide"
  },
  {
    "category": "1",
    "app": "HTCBrowser",
    "id": "42",
    "context": "re:【討論】電影加勒比海盜神鬼奇航：死無對證討論集中串(有心得也請發表於此)",
    "time": "2017/05/25 11:07:49",
    "event": "click"
  },
  {
    "category": "1",
    "app": "HTCBrowser",
    "id": "43",
    "context": "re:【討論】電影加勒比海盜神鬼奇航：死無對證討論集中串(有心得也請發表於此)",
    "time": "2017/05/25 11:07:50",
    "event": "slide"
  },
  {
    "category": "1",
    "app": "HTCBrowser",
    "id": "44",
    "context": "電影娛樂新視界",
    "time": "2017/05/25 11:10:15",
    "event": "click"
  },
  {
    "category": "1",
    "app": "HTCBrowser",
    "id": "45",
    "context": "電影娛樂新視界",
    "time": "2017/05/25 11:10:16",
    "event": "slide"
  },
  {
    "category": "1",
    "app": "HTCBrowser",
    "id": "46",
    "context": "【討論】電影x戰警：天啟討論集中串(有心得也請發表於此)",
    "time": "2017/05/25 11:11:06",
    "event": "click"
  },
  {
    "category": "1",
    "app": "HTCBrowser",
    "id": "47",
    "context": "【討論】電影x戰警：天啟討論集中串(有心得也請發表於此)",
    "time": "2017/05/25 11:11:07",
    "event": "slide"
  },
  {
    "category": "1",
    "app": "HTCBrowser",
    "id": "48",
    "context": "re:【討論】電影x戰警：天啟討論集中串(有心得也請發表於此)",
    "time": "2017/05/25 11:12:53",
    "event": "click"
  },
  {
    "category": "1",
    "app": "HTCBrowser",
    "id": "49",
    "context": "re:【討論】電影x戰警：天啟討論集中串(有心得也請發表於此)",
    "time": "2017/05/25 11:12:54",
    "event": "slide"
  },
  {
    "category": "1",
    "app": "HTCBrowser",
    "id": "50",
    "context": "【討論】電影x戰警：天啟討論集中串(有心得也請發表於此)",
    "time": "2017/05/25 11:13:57",
    "event": "click"
  },
  {
    "category": "1",
    "app": "HTCBrowser",
    "id": "51",
    "context": "【討論】電影x戰警：天啟討論集中串(有心得也請發表於此)",
    "time": "2017/05/25 11:13:58",
    "event": "slide"
  },
  {
    "category": "1",
    "app": "HTCBrowser",
    "id": "52",
    "context": "電影娛樂新視界",
    "time": "2017/05/25 11:14:02",
    "event": "slide"
  },
  {
    "category": "1",
    "app": "HTCBrowser",
    "id": "53",
    "context": "【討論】電影銀河守護者二(星際異攻隊二)討論集中串(有心得也請發表於此)",
    "time": "2017/05/25 11:14:14",
    "event": "click"
  },
  {
    "category": "1",
    "app": "HTCBrowser",
    "id": "54",
    "context": "【討論】電影銀河守護者二(星際異攻隊二)討論集中串(有心得也請發表於此)",
    "time": "2017/05/25 11:14:15",
    "event": "slide"
  },
  {
    "category": "1",
    "app": "HTCBrowser",
    "id": "55",
    "context": "re:【討論】電影銀河守護者二討論集中串(有心得也請發表於此)",
    "time": "2017/05/25 11:16:06",
    "event": "click"
  },
  {
    "category": "1",
    "app": "HTCBrowser",
    "id": "56",
    "context": "re:【討論】電影銀河守護者二討論集中串(有心得也請發表於此)",
    "time": "2017/05/25 11:16:07",
    "event": "slide"
  },
  {
    "category": "1",
    "app": "HTCBrowser",
    "id": "57",
    "context": "【討論】電影銀河守護者二(星際異攻隊二)討論集中串(有心得也請發表於此)",
    "time": "2017/05/25 11:18:22",
    "event": "slide"
  },
  {
    "category": "1",
    "app": "HTCBrowser",
    "id": "58",
    "context": "電影娛樂新視界",
    "time": "2017/05/25 11:18:24",
    "event": "slide"
  },
  {
    "category": "1",
    "app": "HTCBrowser",
    "id": "59",
    "context": "【情報】電影海灘救護隊-亞歷珊卓妲妲裏奧【誠意十足】向臺灣粉絲問候~",
    "time": "2017/05/25 11:18:54",
    "event": "click"
  },
  {
    "category": "1",
    "app": "HTCBrowser",
    "id": "60",
    "context": "【情報】電影海灘救護隊-亞歷珊卓妲妲裏奧【誠意十足】向臺灣粉絲問候~",
    "time": "2017/05/25 11:18:55",
    "event": "slide"
  },
  {
    "category": "1",
    "app": "HTCBrowser",
    "id": "61",
    "context": "電影娛樂新視界",
    "time": "2017/05/25 11:19:19",
    "event": "slide"
  },
  {
    "category": "1",
    "app": "HTCBrowser",
    "id": "62",
    "context": "【情報】哈哈星爺要拍功夫二的電影啦還會親自上演",
    "time": "2017/05/25 11:19:25",
    "event": "click"
  },
  {
    "category": "1",
    "app": "HTCBrowser",
    "id": "63",
    "context": "【情報】哈哈星爺要拍功夫二的電影啦還會親自上演",
    "time": "2017/05/25 11:19:25",
    "event": "slide"
  },
  {
    "category": "1",
    "app": "HTCBrowser",
    "id": "64",
    "context": "電影娛樂新視界",
    "time": "2017/05/25 11:19:58",
    "event": "slide"
  },
  {
    "category": "1",
    "app": "HTCBrowser",
    "id": "65",
    "context": "【心得】《逃出絕命鎮》電影分析討論：請多準備幾副茶具(全文劇透)",
    "time": "2017/05/25 11:20:34",
    "event": "click"
  },
  {
    "category": "1",
    "app": "HTCBrowser",
    "id": "66",
    "context": "【心得】《逃出絕命鎮》電影分析討論：請多準備幾副茶具(全文劇透)",
    "time": "2017/05/25 11:20:34",
    "event": "slide"
  },
  {
    "category": "1",
    "app": "HTCBrowser",
    "id": "67",
    "context": "電影娛樂新視界",
    "time": "2017/05/25 11:26:16",
    "event": "slide"
  },
  {
    "category": "1",
    "app": "HTCBrowser",
    "id": "68",
    "context": "【情報】電影x-23不受控的也太可愛！休傑克曼&達芙妮基恩領獎感言笑翻全場在【羅根】電影中搭檔演出父女的「金鋼狼」休傑克曼與「x-23」達芙妮基恩，今年在第26屆mtv電視電影大獎獲頒最佳銀幕搭檔。獲知得獎的當下，達芙妮與羅根老爸先是深深大擁抱，兩人大手牽小手一同走上臺領獎，但休傑克曼得獎第一句話都還沒講完，達芙妮基恩就直接打斷他的感言：「嘿！嘿，你已經演金鋼狼演了17年，整部電影我的臺詞連一半的比例都不到，你還想發表感言？不行！」直率可愛的達芙妮直接拿走準備好的小抄先說：「我要謝謝mtv，還有我在西班牙的媽媽，祝你母親節快樂。」貼心的舉動先是讓全場鼓掌，一旁的休傑克曼不段暗示她記得要提到導演詹姆斯曼戈，沒想到達芙妮直接問：「你小抄上怎麼沒寫到你的爸爸媽媽？」，沒想到才提完導演詹姆斯以及「x教授」派翠克史都華，達芙妮就說：「呃，你寫得好無聊…」直率可愛的達芙妮直接拿走準備好的小抄先說：「我要謝謝mtv，還有我在西班牙的媽媽，祝你母親節快樂。」貼心的舉動先是讓全場鼓掌，一旁的休傑克曼不段暗示她記得要提到導演詹姆斯曼戈，沒想到達芙妮直接問：「你小抄上怎麼沒寫到你的爸爸媽媽？」，沒想到才提完導演詹姆斯以及「x教授」派翠克史都華，達芙妮就說：「呃，你寫得好無聊…」",
    "time": "2017/05/25 11:26:28",
    "event": "click"
  },
  {
    "category": "1",
    "app": "HTCBrowser",
    "id": "69",
    "context": "【情報】電影x-23不受控的也太可愛！休傑克曼&達芙妮基恩領獎感言笑翻全場在【羅根】電影中搭檔演出父女的「金鋼狼」休傑克曼與「x-23」達芙妮基恩，今年在第26屆mtv電視電影大獎獲頒最佳銀幕搭檔。獲知得獎的當下，達芙妮與羅根老爸先是深深大擁抱，兩人大手牽小手一同走上臺領獎，但休傑克曼得獎第一句話都還沒講完，達芙妮基恩就直接打斷他的感言：「嘿！嘿，你已經演金鋼狼演了17年，整部電影我的臺詞連一半的比例都不到，你還想發表感言？不行！」直率可愛的達芙妮直接拿走準備好的小抄先說：「我要謝謝mtv，還有我在西班牙的媽媽，祝你母親節快樂。」貼心的舉動先是讓全場鼓掌，一旁的休傑克曼不段暗示她記得要提到導演詹姆斯曼戈，沒想到達芙妮直接問：「你小抄上怎麼沒寫到你的爸爸媽媽？」，沒想到才提完導演詹姆斯以及「x教授」派翠克史都華，達芙妮就說：「呃，你寫得好無聊…」直率可愛的達芙妮直接拿走準備好的小抄先說：「我要謝謝mtv，還有我在西班牙的媽媽，祝你母親節快樂。」貼心的舉動先是讓全場鼓掌，一旁的休傑克曼不段暗示她記得要提到導演詹姆斯曼戈，沒想到達芙妮直接問：「你小抄上怎麼沒寫到你的爸爸媽媽？」，沒想到才提完導演詹姆斯以及「x教授」派翠克史都華，達芙妮就說：「呃，你寫得好無聊…」",
    "time": "2017/05/25 11:26:29",
    "event": "slide"
  },
  {
    "category": "1",
    "app": "HTCBrowser",
    "id": "70",
    "context": "電影娛樂新視界",
    "time": "2017/05/25 11:27:44",
    "event": "slide"
  },
  {
    "category": "1",
    "app": "HTCBrowser",
    "id": "71",
    "context": "【心得】讓人在這90分鐘喘不過氣的《驗屍官》最近臺灣上映了一部叫《驗屍官》的恐怖片電影，其實一開始看到名字還以為是港片，看到預告才恍然大悟原來這部是洋片！電影內容在講述一對驗屍官父子要解剖調查一具無名女屍，而隨著解剖的進行，越來越多的謎團，以及詭異的狀況隨之發生…，這部電影有大量解剖屍體、內臟的畫面，去看之前要先想想自己是否能夠受的了這樣的血腥畫面。這部片的場景和演員都蠻少的，場景就圍繞在主角家的地下室，而演員基本上就只有驗屍官倆父子和那具無名女屍，其他配角幾乎都只有出場一下而已，不過電影在氣氛營造上還蠻不錯的，絲毫不減電影的恐怖感。整部電影可以分為前後兩部份，我自己很喜歡前半段驗屍解剖的場景，可以看到平常較少見的驗屍場面，也很佩服驗屍官的專業，而且這段氣氛非常到位，始終讓我處於一種高度緊張的狀況，一直在想是不是下一秒就要發生什麼事了？後半段開始氣氛越來越詭異，到最後驗屍官父子終於發現事情不對，而劇情也正式進入恐怖片的驚嚇階段，並且就這樣毫無冷場的持續到電影結束。其實相較於後半段的驚嚇片段，我個人比較喜歡前半段的驚悚懸疑，可能是因為後半段嚇人手法跟其他恐怖片比較相似，都是透過音效或瞬間畫面來嚇人，而前半段比較少有刻意要嚇你的片段，但卻總讓人有感到恐怖，喘不過氣的感覺。而我沒想到的是，主角將女屍眼睛打開的這個動作，會讓整個氣氛變得非常不一樣，畫面瞬間就變得讓人非常有壓力，而整部電影就從女屍眼睛打開這一刻開始，都是處於高度驚悚的劇情，中間沒有一刻讓你暫緩心情的空閒，就這樣一直持續到了電影結尾。看完電影後，老實說還蠻累的，因為中間幾乎沒有讓你喘息的片段，從頭緊張到尾，但是電影最後謎團稍微解開後，又讓我有想重看一次，看看會不會有什麼新發現的衝動。雖然個人覺得後半段劇情很一般，但我很喜歡前期的氣氛營造，也蠻期待會不會有續集，來揭開更多的謎團。",
    "time": "2017/05/25 11:28:04",
    "event": "click"
  },
  {
    "category": "1",
    "app": "HTCBrowser",
    "id": "72",
    "context": "【心得】讓人在這90分鐘喘不過氣的《驗屍官》最近臺灣上映了一部叫《驗屍官》的恐怖片電影，其實一開始看到名字還以為是港片，看到預告才恍然大悟原來這部是洋片！電影內容在講述一對驗屍官父子要解剖調查一具無名女屍，而隨著解剖的進行，越來越多的謎團，以及詭異的狀況隨之發生…，這部電影有大量解剖屍體、內臟的畫面，去看之前要先想想自己是否能夠受的了這樣的血腥畫面。這部片的場景和演員都蠻少的，場景就圍繞在主角家的地下室，而演員基本上就只有驗屍官倆父子和那具無名女屍，其他配角幾乎都只有出場一下而已，不過電影在氣氛營造上還蠻不錯的，絲毫不減電影的恐怖感。整部電影可以分為前後兩部份，我自己很喜歡前半段驗屍解剖的場景，可以看到平常較少見的驗屍場面，也很佩服驗屍官的專業，而且這段氣氛非常到位，始終讓我處於一種高度緊張的狀況，一直在想是不是下一秒就要發生什麼事了？後半段開始氣氛越來越詭異，到最後驗屍官父子終於發現事情不對，而劇情也正式進入恐怖片的驚嚇階段，並且就這樣毫無冷場的持續到電影結束。其實相較於後半段的驚嚇片段，我個人比較喜歡前半段的驚悚懸疑，可能是因為後半段嚇人手法跟其他恐怖片比較相似，都是透過音效或瞬間畫面來嚇人，而前半段比較少有刻意要嚇你的片段，但卻總讓人有感到恐怖，喘不過氣的感覺。而我沒想到的是，主角將女屍眼睛打開的這個動作，會讓整個氣氛變得非常不一樣，畫面瞬間就變得讓人非常有壓力，而整部電影就從女屍眼睛打開這一刻開始，都是處於高度驚悚的劇情，中間沒有一刻讓你暫緩心情的空閒，就這樣一直持續到了電影結尾。看完電影後，老實說還蠻累的，因為中間幾乎沒有讓你喘息的片段，從頭緊張到尾，但是電影最後謎團稍微解開後，又讓我有想重看一次，看看會不會有什麼新發現的衝動。雖然個人覺得後半段劇情很一般，但我很喜歡前期的氣氛營造，也蠻期待會不會有續集，來揭開更多的謎團。",
    "time": "2017/05/25 11:28:04",
    "event": "slide"
  },
  {
    "category": "1",
    "app": "HTCBrowser",
    "id": "73",
    "context": "電影娛樂新視界",
    "time": "2017/05/25 11:28:04",
    "event": "slide"
  },
  {
    "category": "1",
    "app": "HTCBrowser",
    "id": "74",
    "context": "【討論】林正英那一部僵屍片電影大家覺得最經典或有趣!?林正英那一部僵屍片電影大家覺得最經典或有趣!?我個人推\"靈幻先生\".....這部裡的九叔!感覺實力較寫實.....而且這部電影裡是不是林正英演道士裡\"第一次\"有徒弟死掉的!?另外比較可惜的是\"馬賊幫\"描述只有口頭帶過......只知道這羣人是所謂的\"術士\"(偏邪那種)但戲裡感覺得出來!!他們非常珍惜自己的族羣(由其是女妖剩下的同夥被炸死時!!她是非常生氣的)吳耀漢演的\"兩光道士\"也演的頗有趣!!雖然他這角色實力不比九叔,但茅山術法他也是\"略懂略懂\"還有印象最深的!!!裡面的\"女鬼\"都好正點啊(想上!!誤)",
    "time": "2017/05/25 11:28:17",
    "event": "click"
  },
  {
    "category": "1",
    "app": "HTCBrowser",
    "id": "75",
    "context": "【討論】林正英那一部僵屍片電影大家覺得最經典或有趣!?林正英那一部僵屍片電影大家覺得最經典或有趣!?我個人推\"靈幻先生\".....這部裡的九叔!感覺實力較寫實.....而且這部電影裡是不是林正英演道士裡\"第一次\"有徒弟死掉的!?另外比較可惜的是\"馬賊幫\"描述只有口頭帶過......只知道這羣人是所謂的\"術士\"(偏邪那種)但戲裡感覺得出來!!他們非常珍惜自己的族羣(由其是女妖剩下的同夥被炸死時!!她是非常生氣的)吳耀漢演的\"兩光道士\"也演的頗有趣!!雖然他這角色實力不比九叔,但茅山術法他也是\"略懂略懂\"還有印象最深的!!!裡面的\"女鬼\"都好正點啊(想上!!誤)",
    "time": "2017/05/25 11:28:17",
    "event": "slide"
  },
  {
    "category": "1",
    "app": "HTCBrowser",
    "id": "76",
    "context": "電影娛樂新視界",
    "time": "2017/05/25 11:29:16",
    "event": "slide"
  },
  {
    "category": "1",
    "app": "HTCBrowser",
    "id": "77",
    "context": "電影神鬼奇航5死無對證影評",
    "time": "2017/05/25 11:31:23",
    "event": "type"
  },
  {
    "category": "1",
    "app": "HTCBrowser",
    "id": "78",
    "context": "電影神鬼奇航5死無對證影評",
    "time": "2017/05/25 11:31:24",
    "event": "click"
  },
  {
    "category": "1",
    "app": "HTCBrowser",
    "id": "79",
    "context": "電影神鬼奇航5死無對證影評",
    "time": "2017/05/25 11:31:24",
    "event": "slide"
  },
  {
    "category": "1",
    "app": "HTCBrowser",
    "id": "80",
    "context": "[好雷]神鬼奇航5：死無對證電影影評-看板movie-批踢踢實業坊",
    "time": "2017/05/25 11:31:32",
    "event": "click"
  },
  {
    "category": "1",
    "app": "HTCBrowser",
    "id": "81",
    "context": "[好雷]神鬼奇航5：死無對證電影影評-看板movie-批踢踢實業坊",
    "time": "2017/05/25 11:31:32",
    "event": "slide"
  },
  {
    "category": "1",
    "app": "HTCBrowser",
    "id": "82",
    "context": "電影神鬼奇航5死無對證影評",
    "time": "2017/05/25 11:32:38",
    "event": "slide"
  },
  {
    "category": "1",
    "app": "HTCBrowser",
    "id": "83",
    "context": "強尼戴普險拒演電影《神鬼奇航5》竟然只因這個理由...！-自由娛樂強尼戴普被《神鬼奇航》編劇爆料差點因片中出現了「女性反派角色」而拒演《神鬼奇航5：死無對證》。（翻攝自collider）〔記者陳昱均／綜合報導〕好萊塢男星「強哥」強尼戴普，最近忙著宣傳新片《神鬼奇航5：死無對證》，不過同時他私下的一些負面個人行為接連被爆出，狂加上與前財務管理公司之間的官司問題，接連",
    "time": "2017/05/25 11:32:54",
    "event": "click"
  },
  {
    "category": "1",
    "app": "HTCBrowser",
    "id": "84",
    "context": "強尼戴普險拒演電影《神鬼奇航5》竟然只因這個理由...！-自由娛樂強尼戴普被《神鬼奇航》編劇爆料差點因片中出現了「女性反派角色」而拒演《神鬼奇航5：死無對證》。（翻攝自collider）〔記者陳昱均／綜合報導〕好萊塢男星「強哥」強尼戴普，最近忙著宣傳新片《神鬼奇航5：死無對證》，不過同時他私下的一些負面個人行為接連被爆出，狂加上與前財務管理公司之間的官司問題，接連",
    "time": "2017/05/25 11:32:55",
    "event": "slide"
  },
  {
    "category": "1",
    "app": "HTCBrowser",
    "id": "85",
    "context": "電影神鬼奇航5死無對證影評",
    "time": "2017/05/25 11:33:54",
    "event": "slide"
  },
  {
    "category": "1",
    "app": "HTCBrowser",
    "id": "86",
    "context": "《神鬼奇航5》電影片源被勒索駭客偷走啦！迪士尼霸氣宣佈：我們是不會支付贖金的！|techorange我們為什麼挑選這篇文章】過幾天你說不定就會在網路上看到《神鬼奇航5》的電影bt種子了，相信各位好讀者是不會下載的吧><。現在有駭客入侵了迪士尼，把《神鬼奇航5》整部電影下載走了，威[...]",
    "time": "2017/05/25 11:34:17",
    "event": "click"
  },
  {
    "category": "1",
    "app": "HTCBrowser",
    "id": "87",
    "context": "《神鬼奇航5》電影片源被勒索駭客偷走啦！迪士尼霸氣宣佈：我們是不會支付贖金的！|techorange我們為什麼挑選這篇文章】過幾天你說不定就會在網路上看到《神鬼奇航5》的電影bt種子了，相信各位好讀者是不會下載的吧><。現在有駭客入侵了迪士尼，把《神鬼奇航5》整部電影下載走了，威[...]",
    "time": "2017/05/25 11:34:19",
    "event": "slide"
  },
  {
    "category": "1",
    "app": "HTCBrowser",
    "id": "88",
    "context": "電影神鬼奇航5死無對證影評",
    "time": "2017/05/25 11:34:59",
    "event": "slide"
  }
]