[
  {
    "category": "1",
    "app": "Dcard",
    "id": "1",
    "context": "筆電",
    "time": "2017/07/07 15:59:42",
    "event": "type"
  },
  {
    "category": "1",
    "app": "Dcard",
    "id": "2",
    "context": "#問#筆電#asus筆電推薦最近覺得舊電腦快壞掉了，而且又很重要一直帶上帶下，所以想說換一臺電腦，需求：1.輕（1.6kg以下），2.希望是asus的，3.平常只是一般的文書處理偶爾看影片，預算大約20000-25000，因為覺得需要用蠻久的所以不想買太低階的",
    "time": "2017/07/07 16:00:16",
    "event": "click"
  },
  {
    "category": "1",
    "app": "Dcard",
    "id": "3",
    "context": "#問#筆電#asus筆電推薦最近覺得舊電腦快壞掉了而且又很重要一直帶上帶下所以想說換一臺電腦需求：1.輕（1.6kg以下）2.希望是asus的3.平常只是一般的文書處理偶爾看影片預算大約20000-25000因為覺得需要用蠻久的所以不想買太低階的上網找了一些資料目前的目標有這些ux305cak401ubux360caux330ca想問問大家對於上面四臺的評價或是有無推薦的謝謝了",
    "time": "2017/07/07 16:00:19",
    "event": "slide"
  },
  {
    "category": "1",
    "app": "Dcard",
    "id": "4",
    "context": "#問賣筆電有點衝動買了一臺筆電，發現其實沒有必要用到這麼高的規格（被洗腦），想轉售有推薦的地方嗎以及大約可以賣多少..，有加裝128gssd拆dvd機，還有多買4gram、螢幕保護貼，約30000購入希望不要虧太多",
    "time": "2017/07/07 16:00:43",
    "event": "click"
  },
  {
    "category": "1",
    "app": "Dcard",
    "id": "5",
    "context": "#問賣筆電有點衝動買了一臺筆電發現其實沒有必要用到這麼高的規格（被洗腦）想轉售有推薦的地方嗎以及大約可以賣多少..有加裝128gssd拆dvd機還有多買4gram、螢幕保護貼約30000購入希望不要虧太多在北部?",
    "time": "2017/07/07 16:00:46",
    "event": "slide"
  },
  {
    "category": "1",
    "app": "Dcard",
    "id": "6",
    "context": "#筆電一直很想購入筆電但是看超久很猶豫到底要不要花大錢買macbook（爬文是說很好用一用就回不去了）（要買的話推哪一臺啊？），還是買最近臺灣大哥大有優惠的，asuszenbookux410uq（這臺自己爬文是看到滿多人說性能不錯的但是我個人是比較不喜歡他的外觀那紋路真的很像鍋蓋但如果真的很好用我就還是會考慮）",
    "time": "2017/07/07 16:01:21",
    "event": "click"
  },
  {
    "category": "1",
    "app": "Dcard",
    "id": "7",
    "context": "#筆電一直很想購入筆電但是看超久很猶豫到底要不要花大錢買macbook（爬文是說很好用一用就回不去了）（要買的話推哪一臺啊？）還是買最近臺灣大哥大有優惠的asuszenbookux410uq（這臺自己爬文是看到滿多人說性能不錯的但是我個人是比較不喜歡他的外觀那紋路真的很像鍋蓋但如果真的很好用我就還是會考慮）這臺有人用過嗎？到底好不好用啊？還是有推哪一臺嗎？還是那個品牌嗎？嗯我是學生想用來做報告平常看看劇其實沒有很大需求所以一直很猶豫要不要花重金？買電腦有需要注意些什麼嗎？",
    "time": "2017/07/07 16:01:34",
    "event": "slide"
  },
  {
    "category": "1",
    "app": "Dcard",
    "id": "8",
    "context": "筆電選擇想請問各位學長姊，如果未來因為課程需求會用到adobeillustrator或是會使用3d繪圖軟體，筆電的效能大概要多少？謝謝",
    "time": "2017/07/07 16:02:05",
    "event": "click"
  },
  {
    "category": "1",
    "app": "Dcard",
    "id": "9",
    "context": "筆電選擇想請問各位學長姊，如果未來因為課程需求會用到adobeillustrator或是會使用3d繪圖軟體，筆電的效能大概要多少？謝謝?",
    "time": "2017/07/07 16:02:06",
    "event": "slide"
  },
  {
    "category": "1",
    "app": "Dcard",
    "id": "10",
    "context": "#問適合的筆電最近想找一臺適合我需求的筆電，我找到了兩臺覺得不錯的筆電，但不確定跟我需求有沒有合適，就是這兩臺，先不論價錢的部分，以我需求的部分來看的話，因為看不懂內建等等之類的數據，所以請幫我鑑定這兩臺哪個適合我的需求",
    "time": "2017/07/07 16:02:10",
    "event": "click"
  },
  {
    "category": "1",
    "app": "Dcard",
    "id": "11",
    "context": "#問適合的筆電最近想找一臺適合我需求的筆電我找到了兩臺覺得不錯的筆電但不確定跟我需求有沒有合適就是這兩臺，先不論價錢的部分以我需求的部分來看的話，因為看不懂內建等等之類的數據，所以請幫我鑑定這兩臺哪個適合我的需求我的需求：1.我會使用剪輯影片（威力）、音樂（goldwave)2.我使用相片編輯、製作海報、節目單等3.速度要快4.會聽音樂、看影片，所以音質、畫質要好5.電腦容量要大麻煩專業的大大們幫我鑑定了～謝謝！",
    "time": "2017/07/07 16:02:13",
    "event": "slide"
  },
  {
    "category": "1",
    "app": "Dcard",
    "id": "12",
    "context": "#筆電選購問題最近想要換新筆電，預算在25k內可以小爆一點，平常會打報告看youtube玩點線上遊戲，目前是看到這兩臺設備好像都差不多，請問哪個品牌會比較好呢？小弟是電腦白癡如果各位高手有推薦其他的筆電也可以推薦我感謝各位大大！",
    "time": "2017/07/07 16:02:28",
    "event": "click"
  },
  {
    "category": "1",
    "app": "Dcard",
    "id": "13",
    "context": "#筆電選購問題最近想要換新筆電預算在25k內可以小爆一點平常會打報告看youtube玩點線上遊戲目前是看到這兩臺設備好像都差不多請問哪個品牌會比較好呢?小弟是電腦白癡如果各位高手有推薦其他的筆電也可以推薦我感謝各位大大!",
    "time": "2017/07/07 16:02:30",
    "event": "slide"
  },
  {
    "category": "1",
    "app": "Dcard",
    "id": "14",
    "context": "#acer#筆電有個疑問就是為什麼我把筆電關機了，但電源登還一直亮著，但我之後按開機鍵螢幕卻沒有亮，想問這種情況是在更新嗎？還是有什麼問題",
    "time": "2017/07/07 16:02:43",
    "event": "click"
  },
  {
    "category": "1",
    "app": "Dcard",
    "id": "15",
    "context": "#acer#筆電有個疑問就是為什麼我把筆電關機了，但電源登還一直亮著，但我之後按開機鍵螢幕卻沒有亮，想問這種情況是在更新嗎？還是有什麼問題",
    "time": "2017/07/07 16:02:43",
    "event": "slide"
  },
  {
    "category": "1",
    "app": "Dcard",
    "id": "16",
    "context": "#筆電選購筆電最近去逛了資訊展，想要購買一臺筆電，目前選手有這幾位~~麻煩各位大大給我點意見，主要用途：看影片、做報告、photoshop跟ai還有一些製作影片的軟體，主要是希望有8g然後預算25000以內~",
    "time": "2017/07/07 16:03:07",
    "event": "click"
  },
  {
    "category": "1",
    "app": "Dcard",
    "id": "17",
    "context": "#筆電選購筆電最近去逛了資訊展，想要購買一臺筆電目前選手有這幾位~~麻煩各位大大給我點意見主要用途:看影片、做報告、photoshop跟ai還有一些製作影片的軟體主要是希望有8g然後預算25000以內~有看到好幾臺4g但功能買喜歡的超猶豫要買8g還是4g或是各位有沒有可以推薦的型號給我當參考謝謝~~順便弱弱的問一下筆電裡面都有包含完整的office系統嗎?",
    "time": "2017/07/07 16:03:08",
    "event": "slide"
  },
  {
    "category": "1",
    "app": "Dcard",
    "id": "18",
    "context": "最近在考慮要換筆電，請問板上的大家有推薦換哪個品牌或是哪一臺筆電嗎？感謝，---------補----------，對不起我那時候真的忘記說了預算或是用途，然後我還真的沒有爬文，抱歉，我預算大概是30000以內可以接受，用途主要是希望玩線上遊戲或是單機遊戲可以不要很卡就好#筆電請問筆電哪個品牌的比較好",
    "time": "2017/07/07 16:04:01",
    "event": "click"
  },
  {
    "category": "1",
    "app": "Dcard",
    "id": "19",
    "context": "#筆電請問筆電哪個品牌的比較好最近在考慮要換筆電，請問板上的大家有推薦換哪個品牌或是哪一臺筆電嗎?感謝---------補----------對不起我那時候真的忘記說了預算或是用途然後我還真的沒有爬文，抱歉??我預算大概是30000以內可以接受，用途主要是希望玩線上遊戲或是單機遊戲可以不要很卡就好然後感謝有貼上推薦筆電圖片的人",
    "time": "2017/07/07 16:04:01",
    "event": "slide"
  },
  {
    "category": "1",
    "app": "Dcard",
    "id": "20",
    "context": "#筆電#顯卡cpu差別男同學想問一下各位前輩，小弟最近想換掉從國中陪我到現在的桌電，買臺新筆電，因為自己空閒時會玩個單機大作跟線上遊戲，例如gtav、巫師3、pubg之類的，特效能夠中低順跑就好，想請問一下顯卡1050-4g跟1050ti-2g哪個好？",
    "time": "2017/07/07 16:04:10",
    "event": "click"
  },
  {
    "category": "1",
    "app": "Dcard",
    "id": "21",
    "context": "#筆電#顯卡cpu差別想問一下各位前輩小弟最近想換掉從國中陪我到現在的桌電買臺新筆電因為自己空閒時會玩個單機大作跟線上遊戲例如gtav、巫師3、pubg之類的特效能夠中低順跑就好想請問一下顯卡1050-4g跟1050ti-2g哪個好？cpu用i5就夠了還是要上到i7？另外只有記憶體8g會不會跑不動pubg？這款遊戲蠻吃記憶體的、有需要加到16g嗎？對了，我不想再組一臺新電腦我知道以我的預算應該可以到r5+1060or1070可是真的太不方便了家裡沒有人有空寒暑假幫我把桌電搬來搬去加上我不會開車，家人又不準我騎機車把電腦從臺中帶回老家qq麻煩各位大大了",
    "time": "2017/07/07 16:04:10",
    "event": "slide"
  },
  {
    "category": "1",
    "app": "Dcard",
    "id": "22",
    "context": "筆電",
    "time": "2017/07/07 16:04:35",
    "event": "type"
  },
  {
    "category": "1",
    "app": "Dcard",
    "id": "23",
    "context": "#詢問#筆電推薦大家好～之前買了臺一萬多的文書機，操了兩年多變得超級盪><，今年暑假因為實習需要常攜帶電腦，會用的程式通常就word和ppt，有時候會一次開n個文件，或者用用adobe和威力導演，預算約兩萬到三萬，請問有什麼推薦的筆電嗎？",
    "time": "2017/07/07 16:04:46",
    "event": "click"
  },
  {
    "category": "1",
    "app": "Dcard",
    "id": "24",
    "context": "#詢問#筆電推薦大家好～之前買了臺一萬多的文書機操了兩年多變得超級盪><今年暑假因為實習需要常攜帶電腦會用的程式通常就word和ppt有時候會一次開n個文件或者用用adobe和威力導演預算約兩萬到三萬請問有什麼推薦的筆電嗎？謝謝大家(>﹏<)目前物色到的是ux410和macbookair",
    "time": "2017/07/07 16:04:46",
    "event": "slide"
  },
  {
    "category": "1",
    "app": "Dcard",
    "id": "25",
    "context": "#問#筆電推薦內有選手目前使用筆電只會用來文書處理、上網等，不確定未來會不會用到專業方面的軟體，也希望能夠耐用，別一兩年就出問題。昨天去看筆電時店員依照我的需求推薦了以下這兩臺，也有考慮macbookair想請各位給個建議感謝",
    "time": "2017/07/07 16:08:05",
    "event": "click"
  },
  {
    "category": "1",
    "app": "Dcard",
    "id": "26",
    "context": "#問#筆電推薦內有選手目前使用筆電只會用來文書處理、上網等，不確定未來會不會用到專業方面的軟體，也希望能夠耐用，別一兩年就出問題。昨天去看筆電時店員依照我的需求推薦了以下這兩臺，也有考慮macbookair想請各位給個建議感謝?1號選手2號選手3號選手macbookair",
    "time": "2017/07/07 16:08:06",
    "event": "slide"
  },
  {
    "category": "1",
    "app": "Dcard",
    "id": "27",
    "context": "筆電",
    "time": "2017/07/07 16:08:29",
    "event": "click"
  },
  {
    "category": "1",
    "app": "Dcard",
    "id": "28",
    "context": "筆電品牌",
    "time": "2017/07/07 16:08:32",
    "event": "type"
  },
  {
    "category": "1",
    "app": "Dcard",
    "id": "29",
    "context": "#問推薦的筆電品牌小女子想買筆電了，想請問各位有沒有推薦的筆電品牌，我比較想買asus或是acer，這兩個品牌大家有比較推薦哪一個呢，哪一個系列的呢，我的需求是，打報告wd.ppt，打遊戲，看劇，希望不要當當的",
    "time": "2017/07/07 16:08:35",
    "event": "click"
  },
  {
    "category": "1",
    "app": "Dcard",
    "id": "30",
    "context": "#問推薦的筆電品牌小女子想買筆電了想請問各位有沒有推薦的筆電品牌我比較想買asus或是acer這兩個品牌大家有比較推薦哪一個呢哪一個系列的呢我的需求是打報告wd.ppt打遊戲看劇希望不要當當的螢幕大一點不要太小然後比較輕的預算2萬5以下----------長庚王詩安----------",
    "time": "2017/07/07 16:08:36",
    "event": "slide"
  },
  {
    "category": "1",
    "app": "Dcard",
    "id": "31",
    "context": "#問筆電品牌型號選擇ㄜ小弟我最近想買筆電去逛過nova後，原本是想買asusgl552vw，但那邊人說那臺問題很多，推薦msi的gt72，敢請問各位大大還有推薦的嗎？只是想打lol而已跑的順就好，價格三萬附",
    "time": "2017/07/07 16:10:54",
    "event": "click"
  },
  {
    "category": "1",
    "app": "Dcard",
    "id": "32",
    "context": "#問筆電品牌型號選擇ㄜ小弟我最近想買筆電去逛過nova後，原本是想買asusgl552vw，但那邊人說那臺問題很多，推薦msi的gt72，敢請問各位大大還有推薦的嗎？只是想打lol而已跑的順就好，價格三萬附近",
    "time": "2017/07/07 16:10:54",
    "event": "slide"
  },
  {
    "category": "1",
    "app": "Dcard",
    "id": "33",
    "context": "筆電",
    "time": "2017/07/07 16:11:40",
    "event": "type"
  },
  {
    "category": "1",
    "app": "Dcard",
    "id": "34",
    "context": "#筆電購買選擇想請問板上各位大大，因為電腦壞了不能修，想直接買一臺，基本上就是文書之類的工作，偶爾玩一點線上遊戲，想請問適合在asus校園福利社買嗎？下面兩臺是我比較過後最符合需求的，請問較建議哪臺？或者有其他推薦的嗎？需要再擴充嗎",
    "time": "2017/07/07 16:11:59",
    "event": "click"
  },
  {
    "category": "1",
    "app": "Dcard",
    "id": "35",
    "context": "#筆電購買選擇想請問板上各位大大，因為電腦壞了不能修，想直接買一臺，基本上就是文書之類的工作，偶爾玩一點線上遊戲想請問適合在asus校園福利社買嗎？下面兩臺是我比較過後最符合需求的，請問較建議哪臺？或者有其他推薦的嗎？需要再擴充嗎先謝謝了",
    "time": "2017/07/07 16:11:59",
    "event": "slide"
  },
  {
    "category": "1",
    "app": "Dcard",
    "id": "36",
    "context": "問筆電選擇#autocad#3d繪圖最近因工作需求要學習autocad，之後還會學習一些工程類的3d繪圖，工作用筆電應該會比較方便，平常就是打打lol聽音樂看電影，一些文書機就能滿足的需求，未來\"可能\"會學習一些影片剪接製作，但又不想之後還要一直換電腦所以想說換好一點",
    "time": "2017/07/07 16:13:24",
    "event": "click"
  },
  {
    "category": "1",
    "app": "Dcard",
    "id": "37",
    "context": "問筆電選擇#autocad#3d繪圖最近因工作需求要學習autocad之後還會學習一些工程類的3d繪圖工作用筆電應該會比較方便平常就是打打lol聽音樂看電影一些文書機就能滿足的需求未來\"可能\"會學習一些影片剪接製作但又不想之後還要一直換電腦所以想說換好一點預算30000左右超過一些無妨有什麼cp值高的筆電推薦嗎??",
    "time": "2017/07/07 16:13:26",
    "event": "slide"
  },
  {
    "category": "1",
    "app": "Dcard",
    "id": "38",
    "context": "問#筆電個人對電腦無知，最近想要購入筆電，預算大概30000內，大概能夠順暢跑暴雪的，其他功能應該不用擔心，不知道有沒有推薦！，求解拜託",
    "time": "2017/07/07 16:13:45",
    "event": "click"
  },
  {
    "category": "1",
    "app": "Dcard",
    "id": "39",
    "context": "#問#asus筆電開機後出問題今天下午因為電腦越跑越慢，一個火大就把他弄回原廠的樣子，把該裝的東西裝回去，裝到學校授權的office的時候，因為要重開機才能啟動，結果開機後就一直維持在這個畫面不動，遊標是可以移動的，可是卻不能點任何東西",
    "time": "2017/07/07 16:13:48",
    "event": "click"
  },
  {
    "category": "1",
    "app": "Dcard",
    "id": "40",
    "context": "#問#asus筆電開機後出問題今天下午因為電腦越跑越慢一個火大就把他弄回原廠的樣子把該裝的東西裝回去裝到學校授權的office的時候因為要重開機才能啟動結果開機後就一直維持在這個畫面不動遊標是可以移動的可是卻不能點任何東西想按開始關機都無法維持這樣三個多小時了強制關機回來還是這樣...求神人救救民女...",
    "time": "2017/07/07 16:13:49",
    "event": "slide"
  },
  {
    "category": "1",
    "app": "Dcard",
    "id": "41",
    "context": "#問筆電打字會亂跳如題，我的筆電在打字的時候，不管英文還是中文，打一個或兩個字時，打字那一橫都會跳到最前面去，例如：今天禮拜一，就會變成，一拜禮今天，但是內建小鍵盤就不會有這樣的問題，是我鍵盤壞了嗎？而且有時候我在瀏覽頁面",
    "time": "2017/07/07 16:14:05",
    "event": "click"
  },
  {
    "category": "1",
    "app": "Dcard",
    "id": "42",
    "context": "#問筆電打字會亂跳如題我的筆電在打字的時候不管英文還是中文打一個或兩個字時打字那一橫都會跳到最前面去例如：今天禮拜一就會變成一拜禮今天但是內建小鍵盤就不會有這樣的問題是我鍵盤壞了嗎？而且有時候我在瀏覽頁面他會自動跳到最上面不管怎麼拉就是會回到最上面不過只會短暫的發生打字的問題比較困擾我不曉得各位有沒有方法可以提供我解決這個問題感謝感謝",
    "time": "2017/07/07 16:14:06",
    "event": "slide"
  },
  {
    "category": "1",
    "app": "Dcard",
    "id": "43",
    "context": "帶著筆電到教學七樓佔電腦位置？==，真的很無言，學校有冷氣的公共空間這麼多，為何還要帶著筆電到自由上機教室佔位置，有刷卡佔位子也就算了，沒刷卡還佔位子就真的很讓人生氣==",
    "time": "2017/07/07 16:15:03",
    "event": "click"
  },
  {
    "category": "1",
    "app": "Dcard",
    "id": "44",
    "context": "帶著筆電到教學七樓佔電腦位置？==真的很無言學校有冷氣的公共空間這麼多為何還要帶著筆電到自由上機教室佔位置有刷卡佔位子也就算了沒刷卡還佔位子就真的很讓人生氣==",
    "time": "2017/07/07 16:15:05",
    "event": "slide"
  },
  {
    "category": "1",
    "app": "Dcard",
    "id": "45",
    "context": "#問#筆電#推薦請問價格28000上下，有什麼推薦的筆電？！，蘋果的不要，感謝。原因會用不習慣。喜傑獅、acer、asus、sony等廠牌都可以，需求要跑得動dj軟體、線上遊戲、打報告、瀏覽網頁、等，不用像鬥陣或lol效能全開。",
    "time": "2017/07/07 16:15:11",
    "event": "click"
  },
  {
    "category": "1",
    "app": "Dcard",
    "id": "46",
    "context": "#問#筆電#推薦請問價格28000上下，有什麼推薦的筆電？！蘋果的不要，感謝。原因會用不習慣。喜傑獅、acer、asus、sony等廠牌都可以需求要跑得動dj軟體、線上遊戲、打報告、瀏覽網頁、等，不用像鬥陣或lol效能全開。",
    "time": "2017/07/07 16:15:11",
    "event": "slide"
  },
  {
    "category": "1",
    "app": "Dcard",
    "id": "47",
    "context": "#筆電#推薦版上經常都有讓人推薦筆電的文，讓我突然有想法發一篇主動推薦筆電的文，廢話不多說，讓主角上場。今天要推薦的就是spectrex360-13（第三代），推薦的理由主要是以下幾點啦。1、很多人上來求推薦都是上網、做報告（含輕度剪片）還有玩點不太大型的遊戲（lol之類的），這臺的效能絕對夠用。而且一些周邊的規格也是給好給滿，例如ac8265無線網卡，一流的觸控板、不錯的鍵盤等等。",
    "time": "2017/07/07 16:15:20",
    "event": "click"
  },
  {
    "category": "1",
    "app": "Dcard",
    "id": "48",
    "context": "#筆電#推薦版上經常都有讓人推薦筆電的文，讓我突然有想法發一篇主動推薦筆電的文，廢話不多說，讓主角上場。今天要推薦的就是spectrex360-13(第三代)，推薦的理由主要是以下幾點啦。1、很多人上來求推薦都是上網、做報告（含輕度剪片）還有玩點不太大型的遊戲（lol之類的），這臺的效能絕對夠用。而且一些周邊的規格也是給好給滿，例如ac8265無線網卡，一流的觸控板、不錯的鍵盤等等。2、既然買筆電，便攜性也很重要，1.27kg的重量、360度轉軸、超過9小時的wifi瀏覽時間，便攜性上乘。3、相對均衡的接口設計，直接上圖。4、適中的價格，圖上的剛好就是高、低規格各一臺。高規：7500u+16g+1tpm961ntd57900低規：7200u+8g+512gpm961ntd459005、顏值極高……不過不是圖上那個顏色。因為各種原因沒買到顏值高的那個配色我也是覺得遺憾。",
    "time": "2017/07/07 16:15:21",
    "event": "slide"
  },
  {
    "category": "1",
    "app": "Dcard",
    "id": "49",
    "context": "筆電",
    "time": "2017/07/07 16:16:08",
    "event": "click"
  },
  {
    "category": "1",
    "app": "Dcard",
    "id": "50",
    "context": "20k筆電",
    "time": "2017/07/07 16:16:20",
    "event": "type"
  },
  {
    "category": "1",
    "app": "Dcard",
    "id": "51",
    "context": "#問求20k筆電推薦各位好，因為之前在steam買了死亡復甦，想換一臺能跑得動3d遊戲的筆電，爬文之後目前有三臺在考慮希望各位大大能夠給一些建議或提供一些更好的選項><1.acere5-574g 2.asu",
    "time": "2017/07/07 16:16:23",
    "event": "click"
  },
  {
    "category": "1",
    "app": "Dcard",
    "id": "52",
    "context": "#問求20k筆電推薦各位好，因為之前在steam買了死亡復甦，想換一臺能跑得動3d遊戲的筆電，爬文之後目前有三臺在考慮希望各位大大能夠給一些建議或提供一些更好的選項><1.acere5-574g 2.asusx556ur3.acerk50-20-575n處理器跟顯卡好像都是intelcorei5-6200u跟nvidia940m2g獨顯，只是asus是930m規格都差不多，所以不知道哪臺比較好@@不過爬完文好像都說acer的散熱差平常用途就是文書處理打打報告，看影片，跟打打爐石，也不常玩，所以目前是不考慮20k以上的筆電，不過小爆一兩千還可以接受(有看到推v5-591有點心動><)先謝謝各位大大了!!!",
    "time": "2017/07/07 16:16:33",
    "event": "slide"
  },
  {
    "category": "1",
    "app": "Chrome",
    "id": "53",
    "context": "20k筆電",
    "time": "2017/07/07 16:18:32",
    "event": "type"
  },
  {
    "category": "1",
    "app": "Chrome",
    "id": "54",
    "context": "20k筆電推薦",
    "time": "2017/07/07 16:18:33",
    "event": "click"
  },
  {
    "category": "1",
    "app": "Chrome",
    "id": "55",
    "context": "20k筆電推薦-google搜尋",
    "time": "2017/07/07 16:18:33",
    "event": "click"
  },
  {
    "category": "1",
    "app": "Chrome",
    "id": "56",
    "context": "[選購]15-20k筆電高cp推薦-看板nb-shopping-批踢踢實業坊",
    "time": "2017/07/07 16:18:36",
    "event": "click"
  },
  {
    "category": "1",
    "app": "Chrome",
    "id": "57",
    "context": "[選購]15-20k筆電高cp推薦-看板nb-shopping-批踢踢實業坊",
    "time": "2017/07/07 16:19:07",
    "event": "slide"
  },
  {
    "category": "1",
    "app": "Chrome",
    "id": "58",
    "context": "20k筆電推薦-google搜尋",
    "time": "2017/07/07 16:19:21",
    "event": "click"
  },
  {
    "category": "1",
    "app": "Chrome",
    "id": "59",
    "context": "20k筆電推薦-google搜尋",
    "time": "2017/07/07 16:19:22",
    "event": "slide"
  },
  {
    "category": "1",
    "app": "Chrome",
    "id": "60",
    "context": "[選購]預算20k左右筆電推薦-看板nb-shopping-批踢踢實業坊",
    "time": "2017/07/07 16:19:23",
    "event": "click"
  },
  {
    "category": "1",
    "app": "Chrome",
    "id": "61",
    "context": "[選購]預算20k左右筆電推薦-看板nb-shopping-批踢踢實業坊",
    "time": "2017/07/07 16:19:35",
    "event": "slide"
  },
  {
    "category": "1",
    "app": "Chrome",
    "id": "62",
    "context": "20k筆電推薦-google搜尋",
    "time": "2017/07/07 16:21:30",
    "event": "click"
  },
  {
    "category": "1",
    "app": "Chrome",
    "id": "63",
    "context": "20k筆電推薦-google搜尋",
    "time": "2017/07/07 16:21:30",
    "event": "slide"
  },
  {
    "category": "1",
    "app": "Chrome",
    "id": "64",
    "context": "筆電消費經驗分享-求20k筆電推薦，希望能跑3d遊戲(求順就好)-筆電討論區-mobile01行動版",
    "time": "2017/07/07 16:21:39",
    "event": "click"
  },
  {
    "category": "1",
    "app": "Chrome",
    "id": "65",
    "context": "筆電消費經驗分享-求20k筆電推薦，希望能跑3d遊戲(求順就好)-筆電討論區-mobile01行動版",
    "time": "2017/07/07 16:21:43",
    "event": "slide"
  },
  {
    "category": "1",
    "app": "Chrome",
    "id": "66",
    "context": "20k筆電推薦-google搜尋",
    "time": "2017/07/07 16:21:44",
    "event": "click"
  },
  {
    "category": "1",
    "app": "Chrome",
    "id": "67",
    "context": "20k筆電推薦-google搜尋",
    "time": "2017/07/07 16:21:44",
    "event": "slide"
  },
  {
    "category": "1",
    "app": "Chrome",
    "id": "68",
    "context": "【選購】20k筆電推薦-筆電買賣-web批踢踢-webptt.com",
    "time": "2017/07/07 16:21:54",
    "event": "click"
  },
  {
    "category": "1",
    "app": "Chrome",
    "id": "69",
    "context": "想請大家推薦20k以內的筆電-欣亞數位-...",
    "time": "2017/07/07 16:22:47",
    "event": "click"
  },
  {
    "category": "1",
    "app": "Chrome",
    "id": "70",
    "context": "想請大家推薦20k以內的筆電~-筆電詢價分享-欣亞數位電腦欣亞排排購-手機版-poweredbydiscuz!",
    "time": "2017/07/07 16:22:48",
    "event": "slide"
  },
  {
    "category": "1",
    "app": "Chrome",
    "id": "71",
    "context": "20k筆電推薦-google搜尋",
    "time": "2017/07/07 16:23:13",
    "event": "click"
  },
  {
    "category": "1",
    "app": "Chrome",
    "id": "72",
    "context": "20k筆電推薦-google搜尋",
    "time": "2017/07/07 16:23:13",
    "event": "slide"
  },
  {
    "category": "1",
    "app": "Chrome",
    "id": "73",
    "context": "20k筆電推薦",
    "time": "2017/07/07 16:23:16",
    "event": "click"
  },
  {
    "category": "1",
    "app": "Chrome",
    "id": "74",
    "context": "20k筆電推薦-google搜尋",
    "time": "2017/07/07 16:23:17",
    "event": "slide"
  },
  {
    "category": "1",
    "app": "Chrome",
    "id": "75",
    "context": "201720k筆電推薦-google搜尋",
    "time": "2017/07/07 16:23:22",
    "event": "click"
  },
  {
    "category": "1",
    "app": "Chrome",
    "id": "76",
    "context": "201720k筆電推薦-google搜尋",
    "time": "2017/07/07 16:23:22",
    "event": "slide"
  },
  {
    "category": "1",
    "app": "Chrome",
    "id": "77",
    "context": "筆電消費經驗分享-20k筆電推薦購買請益-筆電討論區-mobile01",
    "time": "2017/07/07 16:23:29",
    "event": "click"
  },
  {
    "category": "1",
    "app": "Chrome",
    "id": "78",
    "context": "筆電消費經驗分享-20k筆電推薦購買請益-筆電討論區-mobile01行動版",
    "time": "2017/07/07 16:23:31",
    "event": "slide"
  },
  {
    "category": "1",
    "app": "Chrome",
    "id": "79",
    "context": "201720k筆電推薦-google搜尋",
    "time": "2017/07/07 16:23:57",
    "event": "click"
  },
  {
    "category": "1",
    "app": "Chrome",
    "id": "80",
    "context": "201720k筆電推薦-google搜尋",
    "time": "2017/07/07 16:23:57",
    "event": "slide"
  },
  {
    "category": "1",
    "app": "Chrome",
    "id": "81",
    "context": "[比較]20k左右筆電推薦ikaridptt批踢踢實業坊",
    "time": "2017/07/07 16:24:02",
    "event": "click"
  },
  {
    "category": "1",
    "app": "Chrome",
    "id": "82",
    "context": "[比較]20k左右筆電推薦ikaridptt批踢踢實業坊",
    "time": "2017/07/07 16:24:05",
    "event": "slide"
  },
  {
    "category": "1",
    "app": "Chrome",
    "id": "83",
    "context": "201720k筆電推薦-google搜尋",
    "time": "2017/07/07 16:24:16",
    "event": "click"
  },
  {
    "category": "1",
    "app": "Chrome",
    "id": "84",
    "context": "201720k筆電推薦-google搜尋",
    "time": "2017/07/07 16:24:17",
    "event": "slide"
  },
  {
    "category": "1",
    "app": "Chrome",
    "id": "85",
    "context": "原價屋@酷！pc•檢視主題-15-20k筆電推薦",
    "time": "2017/07/07 16:24:22",
    "event": "click"
  },
  {
    "category": "1",
    "app": "Chrome",
    "id": "86",
    "context": "原價屋@酷！pc•檢視主題-15-20k筆電推薦",
    "time": "2017/07/07 16:24:42",
    "event": "slide"
  },
  {
    "category": "1",
    "app": "Chrome",
    "id": "87",
    "context": "201720k筆電推薦-google搜尋",
    "time": "2017/07/07 16:24:42",
    "event": "click"
  },
  {
    "category": "1",
    "app": "Chrome",
    "id": "88",
    "context": "201720k筆電推薦-google搜尋",
    "time": "2017/07/07 16:24:43",
    "event": "slide"
  },
  {
    "category": "1",
    "app": "Chrome",
    "id": "89",
    "context": "[選購]推薦20k以下大學生用筆電-筆電買賣-ptt-pttman.com",
    "time": "2017/07/07 16:24:53",
    "event": "click"
  },
  {
    "category": "1",
    "app": "Chrome",
    "id": "90",
    "context": "[選購]推薦20k以下大學生用筆電-筆電買賣-ptt-pttman.com",
    "time": "2017/07/07 16:24:53",
    "event": "slide"
  },
  {
    "category": "1",
    "app": "Chrome",
    "id": "91",
    "context": "[選購]預算20k左右筆電推薦|pttweb",
    "time": "2017/07/07 16:27:47",
    "event": "click"
  },
  {
    "category": "1",
    "app": "Chrome",
    "id": "92",
    "context": "[選購]預算20k左右筆電推薦|pttweb",
    "time": "2017/07/07 16:27:47",
    "event": "slide"
  },
  {
    "category": "1",
    "app": "Chrome",
    "id": "93",
    "context": "201720k筆電推薦-google搜尋",
    "time": "2017/07/07 16:27:57",
    "event": "click"
  },
  {
    "category": "1",
    "app": "Chrome",
    "id": "94",
    "context": "201720k筆電推薦-google搜尋",
    "time": "2017/07/07 16:27:57",
    "event": "slide"
  },
  {
    "category": "1",
    "app": "Chrome",
    "id": "95",
    "context": "下一頁",
    "time": "2017/07/07 16:28:03",
    "event": "click"
  },
  {
    "category": "1",
    "app": "Chrome",
    "id": "96",
    "context": "201720k筆電推薦-google搜尋",
    "time": "2017/07/07 16:28:03",
    "event": "slide"
  },
  {
    "category": "1",
    "app": "Chrome",
    "id": "97",
    "context": "201720k筆電推薦-google搜尋",
    "time": "2017/07/07 16:28:03",
    "event": "click"
  },
  {
    "category": "1",
    "app": "Chrome",
    "id": "98",
    "context": "201720k筆電推薦-google搜尋",
    "time": "2017/07/07 16:28:03",
    "event": "slide"
  },
  {
    "category": "1",
    "app": "Chrome",
    "id": "99",
    "context": "輕薄1.6kg↓-pchome24h購物",
    "time": "2017/07/07 16:28:05",
    "event": "click"
  },
  {
    "category": "1",
    "app": "Chrome",
    "id": "100",
    "context": "筆電輕薄1.6kg↓-pchome24h購物",
    "time": "2017/07/07 16:28:08",
    "event": "slide"
  },
  {
    "category": "1",
    "app": "Chrome",
    "id": "101",
    "context": "201720k筆電推薦-google搜尋",
    "time": "2017/07/07 16:28:53",
    "event": "click"
  },
  {
    "category": "1",
    "app": "Chrome",
    "id": "102",
    "context": "201720k筆電推薦-google搜尋",
    "time": "2017/07/07 16:28:53",
    "event": "slide"
  },
  {
    "category": "1",
    "app": "Chrome",
    "id": "103",
    "context": "如何選購適合自己的筆記型電腦？筆電推薦與比較@電癮院::痞客邦pixnet::",
    "time": "2017/07/07 16:28:58",
    "event": "click"
  },
  {
    "category": "1",
    "app": "Chrome",
    "id": "104",
    "context": "如何選購適合自己的筆記型電腦？筆電推薦與比較@電癮院::痞客邦pixnet::",
    "time": "2017/07/07 16:28:59",
    "event": "slide"
  },
  {
    "category": "1",
    "app": "Chrome",
    "id": "105",
    "context": "201720k筆電推薦-google搜尋",
    "time": "2017/07/07 16:29:42",
    "event": "slide"
  },
  {
    "category": "1",
    "app": "Chrome",
    "id": "106",
    "context": "201720k筆電推薦-google搜尋",
    "time": "2017/07/07 16:29:42",
    "event": "click"
  },
  {
    "category": "1",
    "app": "Chrome",
    "id": "107",
    "context": "201720k筆電推薦-google搜尋",
    "time": "2017/07/07 16:29:42",
    "event": "slide"
  },
  {
    "category": "1",
    "app": "Chrome",
    "id": "108",
    "context": "下一頁",
    "time": "2017/07/07 16:29:44",
    "event": "click"
  },
  {
    "category": "1",
    "app": "Chrome",
    "id": "109",
    "context": "201720k筆電推薦-google搜尋",
    "time": "2017/07/07 16:29:44",
    "event": "click"
  },
  {
    "category": "1",
    "app": "Chrome",
    "id": "110",
    "context": "[選購]推薦20k以下大學生用筆電-nb-shopping-webptt批踢踢網頁版",
    "time": "2017/07/07 16:29:50",
    "event": "click"
  },
  {
    "category": "1",
    "app": "Chrome",
    "id": "111",
    "context": "[選購]推薦20k以下大學生用筆電-nb-shopping-webptt批踢踢網頁版",
    "time": "2017/07/07 16:29:53",
    "event": "slide"
  },
  {
    "category": "1",
    "app": "Chrome",
    "id": "112",
    "context": "201720k筆電推薦-google搜尋",
    "time": "2017/07/07 16:29:58",
    "event": "slide"
  },
  {
    "category": "1",
    "app": "Chrome",
    "id": "113",
    "context": "201720k筆電推薦-google搜尋",
    "time": "2017/07/07 16:29:58",
    "event": "click"
  },
  {
    "category": "1",
    "app": "Chrome",
    "id": "114",
    "context": "201720k筆電推薦-google搜尋",
    "time": "2017/07/07 16:29:58",
    "event": "slide"
  },
  {
    "category": "1",
    "app": "Chrome",
    "id": "115",
    "context": "[選購]求推薦15k~20k影音文書筆電|ptt鄉民日報",
    "time": "2017/07/07 16:30:04",
    "event": "click"
  },
  {
    "category": "1",
    "app": "Chrome",
    "id": "116",
    "context": "[選購]求推薦15k~20k影音文書筆電|ptt鄉民日報",
    "time": "2017/07/07 16:30:59",
    "event": "slide"
  },
  {
    "category": "1",
    "app": "Chrome",
    "id": "117",
    "context": "201720k筆電推薦-google搜尋",
    "time": "2017/07/07 16:31:07",
    "event": "slide"
  },
  {
    "category": "1",
    "app": "Chrome",
    "id": "118",
    "context": "201720k筆電推薦-google搜尋",
    "time": "2017/07/07 16:31:07",
    "event": "click"
  },
  {
    "category": "1",
    "app": "Chrome",
    "id": "119",
    "context": "201720k筆電推薦-google搜尋",
    "time": "2017/07/07 16:31:07",
    "event": "slide"
  },
  {
    "category": "1",
    "app": "Chrome",
    "id": "120",
    "context": "re:【選購】預算20k左右筆電推薦-筆電買賣-web批踢踢-webptt.com",
    "time": "2017/07/07 16:31:14",
    "event": "click"
  },
  {
    "category": "1",
    "app": "Chrome",
    "id": "121",
    "context": "201720k筆電推薦-google搜尋",
    "time": "2017/07/07 16:32:34",
    "event": "click"
  },
  {
    "category": "1",
    "app": "Chrome",
    "id": "122",
    "context": "20k左右筆電-筆電詢價分享-欣亞數位電腦欣亞排排購-poweredbydiscuz!archiver",
    "time": "2017/07/07 16:32:39",
    "event": "click"
  },
  {
    "category": "1",
    "app": "Chrome",
    "id": "123",
    "context": "20k左右筆電-筆電詢價分享-欣亞數位電腦欣亞排排購-poweredbydiscuz!archiver",
    "time": "2017/07/07 16:32:39",
    "event": "slide"
  },
  {
    "category": "1",
    "app": "Chrome",
    "id": "124",
    "context": "201720k筆電推薦-google搜尋",
    "time": "2017/07/07 16:32:51",
    "event": "click"
  },
  {
    "category": "1",
    "app": "Chrome",
    "id": "125",
    "context": "201720k筆電推薦-google搜尋",
    "time": "2017/07/07 16:32:51",
    "event": "slide"
  },
  {
    "category": "1",
    "app": "Chrome",
    "id": "126",
    "context": "下一頁",
    "time": "2017/07/07 16:32:58",
    "event": "click"
  },
  {
    "category": "1",
    "app": "Chrome",
    "id": "127",
    "context": "201720k筆電推薦-google搜尋",
    "time": "2017/07/07 16:32:58",
    "event": "slide"
  },
  {
    "category": "1",
    "app": "Chrome",
    "id": "128",
    "context": "201720k筆電推薦-google搜尋",
    "time": "2017/07/07 16:32:58",
    "event": "click"
  },
  {
    "category": "1",
    "app": "Chrome",
    "id": "129",
    "context": "201720k筆電推薦-google搜尋",
    "time": "2017/07/07 16:32:58",
    "event": "slide"
  },
  {
    "category": "1",
    "app": "Chrome",
    "id": "130",
    "context": "201720k筆電推薦-google搜尋",
    "time": "2017/07/07 16:33:15",
    "event": "click"
  },
  {
    "category": "1",
    "app": "Chrome",
    "id": "131",
    "context": "201720k筆電推薦-google搜尋",
    "time": "2017/07/07 16:33:15",
    "event": "slide"
  },
  {
    "category": "1",
    "app": "Chrome",
    "id": "132",
    "context": "201720k筆電推薦-google搜尋",
    "time": "2017/07/07 16:33:16",
    "event": "click"
  },
  {
    "category": "1",
    "app": "Chrome",
    "id": "133",
    "context": "201720k筆電推薦-google搜尋",
    "time": "2017/07/07 16:33:16",
    "event": "slide"
  },
  {
    "category": "1",
    "app": "Chrome",
    "id": "134",
    "context": "20k筆電推薦-google搜尋",
    "time": "2017/07/07 16:33:17",
    "event": "click"
  },
  {
    "category": "1",
    "app": "Chrome",
    "id": "135",
    "context": "20k筆電推薦-google搜尋",
    "time": "2017/07/07 16:33:17",
    "event": "slide"
  }
]