[
  {
    "category": "1",
    "app": "Facebook",
    "id": "1",
    "context": "野生洪金寶在宜蘭！沒架子「白汗衫就出門」│洪金寶帶著老婆高麗虹，在25日出席坎城影展亞洲電影分會論壇開幕活動後，隨後展開休假行程，選定的地點，竟然就是咱們寶島！有不少網友都紛紛在臉書上曬出自己捕捉到「野生洪金寶夫妻」的照",
    "time": "2017/06/01 11:04:25",
    "event": "click"
  },
  {
    "category": "1",
    "app": "Facebook",
    "id": "2",
    "context": "野生洪金寶在宜蘭！沒架子「白汗衫就出門」│洪金寶帶著老婆高麗虹，在25日出席坎城影展亞洲電影分會論壇開幕活動後，隨後展開休假行程，選定的地點，竟然就是咱們寶島！有不少網友都紛紛在臉書上曬出自己捕捉到「野生洪金寶夫妻」的照",
    "time": "2017/06/01 11:04:25",
    "event": "slide"
  }
]