[
  {
    "category": "10",
    "app": "MoPTT",
    "id": "47",
    "context": "re:[問卦]為什麼女人在懷孕的時候最美※引述《chanyii(圈一)》之銘言：:常常聽到人家說:女人在懷孕的時候最美:因為小弟我還沒結婚:沒辦法體會:想問問板上有人能解釋一下嗎:有沒有身為人夫的要現身說法一下:自己老婆懷孕的時候:在你眼裡真的是她最美的時候嗎?:沒有要戰:沒有要戰:沒有要戰不要說還沒結婚不知道，基本上只要你老婆還沒懷孕，你一定也不知道，當初大叔看廣告...哇..孕婦總是面露微笑輕拍肚皮，母性光輝爆棚，老公在旁邊輕撫，這馬李個簡直聖光噴出腦門，讓我深受感召後來發現老婆懷孕後，最好是整天輕拍肚皮啦，沒有爐洨揍你就不錯了，女人一懷孕，因為身體不適，心裡不爽，四肢又會水腫，整個人情緒容易高高低低，不找你這個搞出人命的傢伙出來出氣要找誰....鬧鬧情緒啦，突然給你乾嚎個兩聲說她好辛苦啦，蝦咪為什麼你可以這麼爽都是她受苦之類的，反正這個時候就是忍忍讓讓就過去了，你總不能說出來單挑吧..老婆懷孕時會看你不管在幹嘛都不爽我在旁邊打電動呵呵笑，她不爽我在旁邊看卡通哈哈笑，她很不爽我在旁邊看漫畫科科笑，她非常不爽反正這時你幹嘛老婆都會不爽就是了....話轉回來，問一下當老爸的鄉民，應該都會有經驗，老婆因為懷孕，身材開始走樣時，多少都會有各種求哄求安撫的針對性問題出現，這個時候就是考驗男人的智慧，跟你講一失足成千古恨，回錯話就等哭聲....別說大叔豪洨你咱家大嬸懷孕中期，就會故意在我面前整理以前的衣服，然後用非常大的音量自言自語:唉....這些衣服我都穿不下了，以後小孩生了也不知道有沒有機會穿這個時候千萬不要學大叔當初心直口快，說什麼妳這幾件明明度蜜月時就穿不下了這種白爛話，話一出口，我真的深深後悔為什麼要自己找麻煩qaq如果只是講:寶貝..以後小孩生完妳就穿得下了這種口惠而不實的一開始哄幾句有用，後面根本就像是薩滿插個安撫圖騰，立刻被菁英怪老婆拆光好嗎大叔後來悟到人生真理，老婆一來這招，馬上皮夾信用卡款一款，老婆就拉出去選孕婦裝，讓她挑好挑滿挑到爽，鼓勵她多買，說這件穿起來一點都看不出來是孕婦耶的幹話....女人的購衣癖不會因為懷孕而消失，你斷了她這興趣，小心她又沒事跟自己肚子自言自語說把拔不愛我們了你馬的買買買!!!!都買!!!!還有老婆懷孕最大的樂趣，就是告訴你胎兒有踢踢啦，有在動啦，說良心話，胎兒打嗝我感覺得出來，懷孕後期胎兒踢腿我也感覺得出來，可是中前期我真的是感覺不出來啊qq~~~~妹子的授精卵是能感覺到什麼....我真的感覺不出來啊~~~~可是我還要裝成一付歡喜愉悅又帶點小驚訝的神情說啊啊啊..真的有感覺耶腦婆......六週我真的從肚皮外感覺不到任何波動啊qq這扯遠了，有陪伴經歷過就知道，中期開始，孕婦就會開始腰痠，水腫，脾氣也變得非常暴躁，要怎麼形容那種暴躁，大概就是一頭餓了一週的母老虎，好不容易獵了頭山豬，結果被你從嘴邊搶走的那種暴躁這時當腦公的一定要多擔待啦，因為孕婦這時情緒真的有夠不穩定，一下擔心胎兒會不會不健康，一下哭說自己變粉醜，一下罵說為什麼要內射....喵哩個當初不是討論好說要生的嗎q.q與其這個時候說老婆好漂漂之類的，不如幫老婆輕輕揉揉腰，牽她去散步，幫她按摩按摩四肢，或是主動帶她去逛婦幼百貨，買什麼擦妊娠紋的乳霜，答應生完買塑身衣(馬的這個實在是有夠貴)或是出國之類的總之就是不要讓老婆困在懷孕很辛苦，然後老公只會打電動呵呵笑的情境，認真說，孕婦要是真的搞到憂鬱，我保證你會生不如死人家都願意為了你忍受懷孕帶來的各種不適與壓力，她願意為你這樣犧牲就是她最美的時刻了啦....都說成這樣，應該是不會被算帳了....這個不提有時與其一直稱讚孕婦多美，不如用行動表達，我相信每個孕婦即使懷孕時看老公再怎麼不爽，也會因為你的包容跟支持而感念在心的，雖然你可能會買好幾件孕婦裝....跟生完後預計要穿的衣服@@...........最後來分享安撫懷孕老婆最有用的一句話，至少對我來說很有用現在的辛苦，等小孩出來後，等小孩長大開口叫妳一聲嘛嘛後，就會全部得到回報與老婆懷孕正在鬧脾氣的鄉民共勉之.....--老婆：這間的珍奶很難喝，你還敢買來喝喔....我　：我都敢娶妳了，還有什麼不敢的老婆：你給我過來！！",
    "time": "2017/06/01 12:58:10",
    "event": "click"
  },
  {
    "category": "10",
    "app": "MoPTT",
    "id": "48",
    "context": "re:[問卦]為什麼女人在懷孕的時候最美※引述《chanyii(圈一)》之銘言：:常常聽到人家說:女人在懷孕的時候最美:因為小弟我還沒結婚:沒辦法體會:想問問板上有人能解釋一下嗎:有沒有身為人夫的要現身說法一下:自己老婆懷孕的時候:在你眼裡真的是她最美的時候嗎?:沒有要戰:沒有要戰:沒有要戰不要說還沒結婚不知道，基本上只要你老婆還沒懷孕，你一定也不知道，當初大叔看廣告...哇..孕婦總是面露微笑輕拍肚皮，母性光輝爆棚，老公在旁邊輕撫，這馬李個簡直聖光噴出腦門，讓我深受感召後來發現老婆懷孕後，最好是整天輕拍肚皮啦，沒有爐洨揍你就不錯了，女人一懷孕，因為身體不適，心裡不爽，四肢又會水腫，整個人情緒容易高高低低，不找你這個搞出人命的傢伙出來出氣要找誰....鬧鬧情緒啦，突然給你乾嚎個兩聲說她好辛苦啦，蝦咪為什麼你可以這麼爽都是她受苦之類的，反正這個時候就是忍忍讓讓就過去了，你總不能說出來單挑吧..老婆懷孕時會看你不管在幹嘛都不爽我在旁邊打電動呵呵笑，她不爽我在旁邊看卡通哈哈笑，她很不爽我在旁邊看漫畫科科笑，她非常不爽反正這時你幹嘛老婆都會不爽就是了....話轉回來，問一下當老爸的鄉民，應該都會有經驗，老婆因為懷孕，身材開始走樣時，多少都會有各種求哄求安撫的針對性問題出現，這個時候就是考驗男人的智慧，跟你講一失足成千古恨，回錯話就等哭聲....別說大叔豪洨你咱家大嬸懷孕中期，就會故意在我面前整理以前的衣服，然後用非常大的音量自言自語:唉....這些衣服我都穿不下了，以後小孩生了也不知道有沒有機會穿這個時候千萬不要學大叔當初心直口快，說什麼妳這幾件明明度蜜月時就穿不下了這種白爛話，話一出口，我真的深深後悔為什麼要自己找麻煩qaq如果只是講:寶貝..以後小孩生完妳就穿得下了這種口惠而不實的一開始哄幾句有用，後面根本就像是薩滿插個安撫圖騰，立刻被菁英怪老婆拆光好嗎大叔後來悟到人生真理，老婆一來這招，馬上皮夾信用卡款一款，老婆就拉出去選孕婦裝，讓她挑好挑滿挑到爽，鼓勵她多買，說這件穿起來一點都看不出來是孕婦耶的幹話....女人的購衣癖不會因為懷孕而消失，你斷了她這興趣，小心她又沒事跟自己肚子自言自語說把拔不愛我們了你馬的買買買!!!!都買!!!!還有老婆懷孕最大的樂趣，就是告訴你胎兒有踢踢啦，有在動啦，說良心話，胎兒打嗝我感覺得出來，懷孕後期胎兒踢腿我也感覺得出來，可是中前期我真的是感覺不出來啊qq~~~~妹子的授精卵是能感覺到什麼....我真的感覺不出來啊~~~~可是我還要裝成一付歡喜愉悅又帶點小驚訝的神情說啊啊啊..真的有感覺耶腦婆......六週我真的從肚皮外感覺不到任何波動啊qq這扯遠了，有陪伴經歷過就知道，中期開始，孕婦就會開始腰痠，水腫，脾氣也變得非常暴躁，要怎麼形容那種暴躁，大概就是一頭餓了一週的母老虎，好不容易獵了頭山豬，結果被你從嘴邊搶走的那種暴躁這時當腦公的一定要多擔待啦，因為孕婦這時情緒真的有夠不穩定，一下擔心胎兒會不會不健康，一下哭說自己變粉醜，一下罵說為什麼要內射....喵哩個當初不是討論好說要生的嗎q.q與其這個時候說老婆好漂漂之類的，不如幫老婆輕輕揉揉腰，牽她去散步，幫她按摩按摩四肢，或是主動帶她去逛婦幼百貨，買什麼擦妊娠紋的乳霜，答應生完買塑身衣(馬的這個實在是有夠貴)或是出國之類的總之就是不要讓老婆困在懷孕很辛苦，然後老公只會打電動呵呵笑的情境，認真說，孕婦要是真的搞到憂鬱，我保證你會生不如死人家都願意為了你忍受懷孕帶來的各種不適與壓力，她願意為你這樣犧牲就是她最美的時刻了啦....都說成這樣，應該是不會被算帳了....這個不提有時與其一直稱讚孕婦多美，不如用行動表達，我相信每個孕婦即使懷孕時看老公再怎麼不爽，也會因為你的包容跟支持而感念在心的，雖然你可能會買好幾件孕婦裝....跟生完後預計要穿的衣服@@...........最後來分享安撫懷孕老婆最有用的一句話，至少對我來說很有用現在的辛苦，等小孩出來後，等小孩長大開口叫妳一聲嘛嘛後，就會全部得到回報與老婆懷孕正在鬧脾氣的鄉民共勉之.....--老婆：這間的珍奶很難喝，你還敢買來喝喔....我　：我都敢娶妳了，還有什麼不敢的老婆：你給我過來！！",
    "time": "2017/06/01 12:58:10",
    "event": "slide"
  }
]