[
  {
    "category": "12",
    "app": "MoPTT",
    "id": "51",
    "context": "[爆卦]韓國無限電視臺已4k開播就在昨天三臺無線臺kbsmbcsbs4kuhd開播https://youtu.be/kr_-xfmu-ms無線臺4k開始播映領先全球就連日本也輸了臺灣更是看不到車尾燈韓國真的是強網路快電視無線臺更是發展快速臺灣只有公視勉強追上",
    "time": "2017/06/01 13:02:25",
    "event": "click"
  },
  {
    "category": "12",
    "app": "MoPTT",
    "id": "52",
    "context": "[爆卦]韓國無限電視臺已4k開播就在昨天三臺無線臺kbsmbcsbs4kuhd開播https://youtu.be/kr_-xfmu-ms無線臺4k開始播映領先全球就連日本也輸了臺灣更是看不到車尾燈韓國真的是強網路快電視無線臺更是發展快速臺灣只有公視勉強追上",
    "time": "2017/06/01 13:02:25",
    "event": "slide"
  }
]