[
  {
    "category": "13",
    "app": "MoPTT",
    "id": "53",
    "context": "[問卦]比特幣出來就開始挖礦的人現在在想什麼?比特幣一種電子加密貨幣在2008年由中本聰發表的論文中提出其一同出現的區塊鏈技術更能廣泛應用在各領域再加上它的去中心化(銀行或第三方機構)、隱密性、安全性，使得交易更加迅速、方便且貨幣由密碼技術產生與轉移數量有限無法任意增發2009年中本聰開發軟體首次挖礦而得50比特幣由此比特幣金融體系誕生但也由於比特幣的的去中心化隱密性跟安全性常常成為非法交易的媒介------------------------------------------------------------------------------前幾日是比特幣披薩日7週年一位工程師花了10000btc買了兩張披薩時至今日買披薩的應該不爽到極點賣披薩的爽翻天假如沒有脫手的話以現今的匯率值約7億臺幣小魯前幾天google阿想瞭解看看比特幣跟挖礦的概念5年前的文章惹剛好有臺灣網友在發挖礦教學那時還看的到他挖到50btc跟25btc不等假如都沒脫手放到現在就是當時一挖就是幾百萬的概念qq?有沒有比特幣剛出來就開始挖礦的人現在在想什麼的八卦o'_'o?買房看車?",
    "time": "2017/06/01 13:02:49",
    "event": "click"
  },
  {
    "category": "13",
    "app": "MoPTT",
    "id": "54",
    "context": "[問卦]比特幣出來就開始挖礦的人現在在想什麼?比特幣一種電子加密貨幣在2008年由中本聰發表的論文中提出其一同出現的區塊鏈技術更能廣泛應用在各領域再加上它的去中心化(銀行或第三方機構)、隱密性、安全性，使得交易更加迅速、方便且貨幣由密碼技術產生與轉移數量有限無法任意增發2009年中本聰開發軟體首次挖礦而得50比特幣由此比特幣金融體系誕生但也由於比特幣的的去中心化隱密性跟安全性常常成為非法交易的媒介------------------------------------------------------------------------------前幾日是比特幣披薩日7週年一位工程師花了10000btc買了兩張披薩時至今日買披薩的應該不爽到極點賣披薩的爽翻天假如沒有脫手的話以現今的匯率值約7億臺幣小魯前幾天google阿想瞭解看看比特幣跟挖礦的概念5年前的文章惹剛好有臺灣網友在發挖礦教學那時還看的到他挖到50btc跟25btc不等假如都沒脫手放到現在就是當時一挖就是幾百萬的概念qq?有沒有比特幣剛出來就開始挖礦的人現在在想什麼的八卦o'_'o?買房看車?",
    "time": "2017/06/01 13:02:49",
    "event": "slide"
  }
]