[
  {
    "category": "16",
    "app": "Messenger",
    "id": "13",
    "context": "傳送",
    "time": "2017/06/01 12:11:36",
    "event": "click"
  },
  {
    "category": "16",
    "app": "Messenger",
    "id": "16",
    "context": "傳送",
    "time": "2017/06/01 12:12:55",
    "event": "click"
  },
  {
    "category": "16",
    "app": "Messenger",
    "id": "20",
    "context": "傳送",
    "time": "2017/06/01 12:13:30",
    "event": "click"
  },
  {
    "category": "16",
    "app": "Messenger",
    "id": "26",
    "context": "傳送",
    "time": "2017/06/01 12:43:19",
    "event": "click"
  },
  {
    "category": "16",
    "app": "Messenger",
    "id": "32",
    "context": "傳送",
    "time": "2017/06/01 12:44:08",
    "event": "click"
  },
  {
    "category": "16",
    "app": "Messenger",
    "id": "35",
    "context": "傳送",
    "time": "2017/06/01 12:44:21",
    "event": "click"
  }
]