[
  {
    "category": "2",
    "app": "MoPTT",
    "id": "3",
    "context": "[徵才]臺南新創公司徵後端backend工程師公司名稱，統編(中華民國以外註冊可免填):英屬開曼羣島商錼創科技股份有限公司臺灣分公司(playnitrideinc)公司地址(填寫詳細至號):臺南市東區大同路二段615號7f職缺:後端軟體工程師職缺能力經歷要求:資訊相關科系佳※所需條件：1.三年以上後端程式開發經驗2.至少熟悉一種以上後臺開發語言：php,node.js,python…3.熟悉資料庫系統，mysql尤佳4.具有串接restfulapi的開發經驗5.熟git版本控制6.樂於溝通及分享，能與pm和app工程師合作並設計實作良好雲端程式及api※加分項目：1.有mvc架構或其它framework之使用經驗2.物聯網相關產品開發經驗3.熟aws雲端架構，對雲端部署有經驗4.熟軟體工程,物件導向,designpattern5.對前端技術有興趣或相關經驗員工是否需自備工具?(是/否):否：公司配全新macpro筆電薪資(月薪):50k以上,根據學經歷再往上談薪資(保證最低年薪，必填項目):14個月年終獎金計算方式:全薪計算****以下工時與加班費必填，不填刪文水桶****工時:每日工作時間:基本上是09:00~18:00(八小時)中午休息(12:00~1:00)也可自行調配,只要一天滿8小時即可,一週要挑幾天在家遠端工作也行每週工作時間:8*5=40加班費制度：照勞基法規定工作環境及公司簡介：工作環境自由,休息室附有零食飲料吃到飽,只要工作可以完成基本上是自由發揮,組織扁平,同事都年輕（平均30幾）,沒有老屁股,有任何想法意見都可以提出來討論～本公司目前有幾個發展中的重點主題所以有不同團隊,本團隊有4人主要是負責物聯網及雲端工作福利:在錼創，我們除了完全符合勞基法的規範之外，更高度重視員工及員工家庭間和融。提供同仁貼心的關懷與照顧，讓同仁享有各式各樣不同的貼心福利。讓員工取得工作與家庭在錼創，我們更重視員工工作的自主性，提供良好的工作環境及下班後的休閒活動，確保員反正基本上該有的福利保障不敢說最好,但該有的都有(每隔一段時間都會找捷安特舉辦幾天的自行車環島,體力不能太差,不然就只能坐保姆車)公司分紅與獎金:中秋/端午/過年：0.5/0.5/1另每年有簽約金（可談）有賺錢可另外分紅(目前剛起步,希望大家有志一同打拼到有分紅...)人資或徵才聯絡方式:請透過104投遞履歷：https://www.104.com.tw/job/?jobno=5dohy&jobsource=checkc也可以投子公司錼新所開104職缺,是同一個：https://www.104.com.tw/job/?jobno=5dose&jobsource=n104bank1&hotjob_chr=排版不是很好,感謝收看～",
    "time": "2017/06/01 11:12:47",
    "event": "click"
  },
  {
    "category": "2",
    "app": "MoPTT",
    "id": "4",
    "context": "[徵才]臺南新創公司徵後端backend工程師公司名稱，統編(中華民國以外註冊可免填):英屬開曼羣島商錼創科技股份有限公司臺灣分公司(playnitrideinc)公司地址(填寫詳細至號):臺南市東區大同路二段615號7f職缺:後端軟體工程師職缺能力經歷要求:資訊相關科系佳※所需條件：1.三年以上後端程式開發經驗2.至少熟悉一種以上後臺開發語言：php,node.js,python…3.熟悉資料庫系統，mysql尤佳4.具有串接restfulapi的開發經驗5.熟git版本控制6.樂於溝通及分享，能與pm和app工程師合作並設計實作良好雲端程式及api※加分項目：1.有mvc架構或其它framework之使用經驗2.物聯網相關產品開發經驗3.熟aws雲端架構，對雲端部署有經驗4.熟軟體工程,物件導向,designpattern5.對前端技術有興趣或相關經驗員工是否需自備工具?(是/否):否：公司配全新macpro筆電薪資(月薪):50k以上,根據學經歷再往上談薪資(保證最低年薪，必填項目):14個月年終獎金計算方式:全薪計算****以下工時與加班費必填，不填刪文水桶****工時:每日工作時間:基本上是09:00~18:00(八小時)中午休息(12:00~1:00)也可自行調配,只要一天滿8小時即可,一週要挑幾天在家遠端工作也行每週工作時間:8*5=40加班費制度：照勞基法規定工作環境及公司簡介：工作環境自由,休息室附有零食飲料吃到飽,只要工作可以完成基本上是自由發揮,組織扁平,同事都年輕（平均30幾）,沒有老屁股,有任何想法意見都可以提出來討論～本公司目前有幾個發展中的重點主題所以有不同團隊,本團隊有4人主要是負責物聯網及雲端工作福利:在錼創，我們除了完全符合勞基法的規範之外，更高度重視員工及員工家庭間和融。提供同仁貼心的關懷與照顧，讓同仁享有各式各樣不同的貼心福利。讓員工取得工作與家庭在錼創，我們更重視員工工作的自主性，提供良好的工作環境及下班後的休閒活動，確保員反正基本上該有的福利保障不敢說最好,但該有的都有(每隔一段時間都會找捷安特舉辦幾天的自行車環島,體力不能太差,不然就只能坐保姆車)公司分紅與獎金:中秋/端午/過年：0.5/0.5/1另每年有簽約金（可談）有賺錢可另外分紅(目前剛起步,希望大家有志一同打拼到有分紅...)人資或徵才聯絡方式:請透過104投遞履歷：https://www.104.com.tw/job/?jobno=5dohy&jobsource=checkc也可以投子公司錼新所開104職缺,是同一個：https://www.104.com.tw/job/?jobno=5dose&jobsource=n104bank1&hotjob_chr=排版不是很好,感謝收看～",
    "time": "2017/06/01 11:12:47",
    "event": "slide"
  },
  {
    "category": "2",
    "app": "MoPTT",
    "id": "5",
    "context": "[心得]dcardwebdeveloperintern2017面試心得(文長)先介紹自己高職應屆畢業生，中字輩大學準大一程式設計經驗7年，web技術這兩年半斷斷續續在學習作業寫visitors和matching文章很長，分為事前、一面、二面、心得，流程可以寫的都寫，所以會很多字。事前：學長問我matching那題的想法討論一下後被慫恿去投履歷雖然不太會寫web不過很喜歡看dcard所以還是投了，然後很意外的進了面試。討論後判斷可能是因為有寫matching。一面：因為提早20分鐘到，所以有提早開始面試坐下來後面試官先給我一瓶無糖紅茶，心裡蠻開心的這裡有兩個面試官，一個是webteamleader，兩個人都很好一開始先做自我介紹，再來開始問問題，氣氛很像聊天基本上是看履歷和個人網站在問問題一開始先討論我的作品因為我跟back-end有關的作品只放了3個，但技術也用了3個所以node.js、php、django都有問到，主要是問我做了些甚麼這樣比較可惜的是我比較有趣的project都沒被問，可能領域差太多吧xd再來是問我社羣經歷，這邊的感覺很像平常和朋友聊天的感覺基本上就是我會講自己被推坑的故事，面試官聽到最後直接表示：「是個擅長推坑的學長呢」之類的，然後大家就一起笑xd也有講自己學到的東西，例如我最開始甚麼都聽不懂，到最後可以聽懂很多(然後問我聽懂甚麼)聊完這個就問了些技術，主要是問我資料庫規劃的部份因為我web不強，沒接受過正式的資料庫教育，所以是拿親身經歷來講，也有問遇到的效能瓶頸和解法這裡講的非常抖，我都覺得想找個洞鑽進去了再來是問我有沒有用過現有的雲端運算服務，我說我沒有信用卡不能用，不過接案的時候有連過案主的aws主機面試官：「叫推你坑的學長貢獻信用卡啦！」於是3個人又笑了起來...(超歡樂的面試)最後發現好像沒甚麼問題問，不是teamleader的那個面試官就決定問我我的作業主要是問matching，我講完想法後，提出不同情境下我會想到的作法也問為甚麼不能用特徵去做learning，並得到我可以接受的解答其實我到這裡才活過來，因為對我來說聊演算法會比聊web有趣很多最後讓我提問，就去逛工作環境，也順便get一件dcard的t-shirt！這裡一定要說...工作環境超棒的！！！比我想的和聽到的還要棒很多！！！整體的感覺很像校園，而且是很大學的那種！！！我覺得我在逛的時候超級吵，因為太興奮了會一直發出聲音#離開後的隔天，就收到二面通知，原本問是下週一，蠻意外自己會進也很意外通知來的這麼快。二面：和ceo一對一concall，我穿著睡衣本來不想開視訊，結果還是開了#一開始聽不到對方聲音，第一次使用zoom有障礙的我，開著螢幕分享讓ceo手把手教我怎麼調設定正式開始後也是先自我介紹，我介紹到國中階段就被打斷了直接跳來問作業，一開始直接說我的作業寫錯了，然後發現原來他看錯題了www不過我其實兩題都是寫錯的，先講第1題基本上，這是的美好的誤會，我英文太爛讀錯題目，確認真正的題目意思後，我稍微想一下問說：「直覺的想法是rmq，如果要優化的話可以寫成segmenttree，不過這裡的case來說應該rmq就夠了對吧？」我有發現ceo挑眉了一下www然後問我複雜度分析，我就兩個都分析了分析完他也跟我講，實際上可以做到o(n)，然後我們在這裡討論了很久他突然問我我的興趣，我說下象棋、看動畫、看小說，他就問我如果要我設計一個象棋的ai我會怎麼設計很直接的回答期望值作法，順便講優缺點、優化方式、自己想法這裡他沒有給我feedback，而是回到第1題作業但是講一講我就被打斷了，因為他主要是想問我我的matching作法一樣說我是錯的，這裡我很意外，但他給我一組specialcase後我知道我完蛋了，因為很難去改於是他請我現場設計一個演算法，我問他能不能給我想一下，他說好，給我5分鐘前面2分鐘腦袋很空，覺得自己完蛋了，為甚麼沒想到這種case後面沈澱一下，突然蹦出很多個想法，整理一下後還是決定開口((因為剩下一分鐘rrrrr一開始我的想法講的很虛擬，但ceo人很好，不斷鼓勵我講下去，所以我有講出蠻完整的東西講完也有提一下可以怎麼優化，然後問他dcard現有的算法是甚麼發現和我的幾乎一樣，只是多了一個步驟，但聽完我是反問一個特殊情境，看的出來他思考了一下，就結束這回合(?再來他請我問問題，我也問了一下他的理念和最初想法，聽到他的背景和故事，覺得很感動因為我發現我自己沒走錯路，發現自己沒有之前在板上被嗆的時候大家講的那麼糟糕他回答完直接跟我說，他很想發我offer，但他可能要回去和team裡面討論，因為我未來的學校離臺北很遠，他們想要的是之後可以待下來的人，我開學後基本上不能進辦公室，討論起來很有問題這裡我提了一下remoteworking(其實一面也有提)，發現是還沒有先例，而且這樣討論事情會很有障礙，不過他還是會回去問一下team，但先告訴我一下不要抱太大期待聽完心裡其實很開心，因為我知道我不是實力不夠被刷，而是距離問題，而且知道自己可能會被刷掉後我瞬間超大膽的問了問題我直接問：「為甚麼我不管領域、專案、能力都和你們要的人差那麼多，甚至一面的時候被問的問題答的很糟糕，而且作業還寫兩題錯兩題，我卻可以進到這一關？我相信有很多比我優秀的人，像ptt上就有看到一個明顯比我?ceo好像有點愣住，可能沒想到我會這麼直接吧，不過他也很快的給予我我想要的答案基本上就是，我可以進到這關可能是因為我有寫matching（和學長說的一樣...）至少我願意挑戰別人不敢挑戰的東西，再來是，雖然我的實務經驗真的比較少，但他們需要的人最重要的是充滿熱忱和寫程式的心，而另一點是，然後就結束這場面試，事後我還透過學長找到ceo的fb，跟他說謝謝xd心得：這次的面試，基本上算是巧合+運氣+緣份造成的第一次面試，讓我知道自己在web領域上的不足第二次面試，讓我回憶起寫演算法競賽的樂趣，讓我得到很多東西，也解答悶在心裡很久的問題我沒有想過自己可以進到最後一關，雖然知道自己拿不到offer，但我覺得面試的對話得到的收穫就很足夠最後，如果大家有機會進入dcard，建議可以去試試，不管是資深的teamleader或是很強很幽默人很好的ceo，相信都能給予很大的突破和很快樂的工作生活。",
    "time": "2017/06/01 11:13:58",
    "event": "click"
  },
  {
    "category": "2",
    "app": "MoPTT",
    "id": "6",
    "context": "[心得]dcardwebdeveloperintern2017面試心得(文長)先介紹自己高職應屆畢業生，中字輩大學準大一程式設計經驗7年，web技術這兩年半斷斷續續在學習作業寫visitors和matching文章很長，分為事前、一面、二面、心得，流程可以寫的都寫，所以會很多字。事前：學長問我matching那題的想法討論一下後被慫恿去投履歷雖然不太會寫web不過很喜歡看dcard所以還是投了，然後很意外的進了面試。討論後判斷可能是因為有寫matching。一面：因為提早20分鐘到，所以有提早開始面試坐下來後面試官先給我一瓶無糖紅茶，心裡蠻開心的這裡有兩個面試官，一個是webteamleader，兩個人都很好一開始先做自我介紹，再來開始問問題，氣氛很像聊天基本上是看履歷和個人網站在問問題一開始先討論我的作品因為我跟back-end有關的作品只放了3個，但技術也用了3個所以node.js、php、django都有問到，主要是問我做了些甚麼這樣比較可惜的是我比較有趣的project都沒被問，可能領域差太多吧xd再來是問我社羣經歷，這邊的感覺很像平常和朋友聊天的感覺基本上就是我會講自己被推坑的故事，面試官聽到最後直接表示：「是個擅長推坑的學長呢」之類的，然後大家就一起笑xd也有講自己學到的東西，例如我最開始甚麼都聽不懂，到最後可以聽懂很多(然後問我聽懂甚麼)聊完這個就問了些技術，主要是問我資料庫規劃的部份因為我web不強，沒接受過正式的資料庫教育，所以是拿親身經歷來講，也有問遇到的效能瓶頸和解法這裡講的非常抖，我都覺得想找個洞鑽進去了再來是問我有沒有用過現有的雲端運算服務，我說我沒有信用卡不能用，不過接案的時候有連過案主的aws主機面試官：「叫推你坑的學長貢獻信用卡啦！」於是3個人又笑了起來...(超歡樂的面試)最後發現好像沒甚麼問題問，不是teamleader的那個面試官就決定問我我的作業主要是問matching，我講完想法後，提出不同情境下我會想到的作法也問為甚麼不能用特徵去做learning，並得到我可以接受的解答其實我到這裡才活過來，因為對我來說聊演算法會比聊web有趣很多最後讓我提問，就去逛工作環境，也順便get一件dcard的t-shirt！這裡一定要說...工作環境超棒的！！！比我想的和聽到的還要棒很多！！！整體的感覺很像校園，而且是很大學的那種！！！我覺得我在逛的時候超級吵，因為太興奮了會一直發出聲音#離開後的隔天，就收到二面通知，原本問是下週一，蠻意外自己會進也很意外通知來的這麼快。二面：和ceo一對一concall，我穿著睡衣本來不想開視訊，結果還是開了#一開始聽不到對方聲音，第一次使用zoom有障礙的我，開著螢幕分享讓ceo手把手教我怎麼調設定正式開始後也是先自我介紹，我介紹到國中階段就被打斷了直接跳來問作業，一開始直接說我的作業寫錯了，然後發現原來他看錯題了www不過我其實兩題都是寫錯的，先講第1題基本上，這是的美好的誤會，我英文太爛讀錯題目，確認真正的題目意思後，我稍微想一下問說：「直覺的想法是rmq，如果要優化的話可以寫成segmenttree，不過這裡的case來說應該rmq就夠了對吧？」我有發現ceo挑眉了一下www然後問我複雜度分析，我就兩個都分析了分析完他也跟我講，實際上可以做到o(n)，然後我們在這裡討論了很久他突然問我我的興趣，我說下象棋、看動畫、看小說，他就問我如果要我設計一個象棋的ai我會怎麼設計很直接的回答期望值作法，順便講優缺點、優化方式、自己想法這裡他沒有給我feedback，而是回到第1題作業但是講一講我就被打斷了，因為他主要是想問我我的matching作法一樣說我是錯的，這裡我很意外，但他給我一組specialcase後我知道我完蛋了，因為很難去改於是他請我現場設計一個演算法，我問他能不能給我想一下，他說好，給我5分鐘前面2分鐘腦袋很空，覺得自己完蛋了，為甚麼沒想到這種case後面沈澱一下，突然蹦出很多個想法，整理一下後還是決定開口((因為剩下一分鐘rrrrr一開始我的想法講的很虛擬，但ceo人很好，不斷鼓勵我講下去，所以我有講出蠻完整的東西講完也有提一下可以怎麼優化，然後問他dcard現有的算法是甚麼發現和我的幾乎一樣，只是多了一個步驟，但聽完我是反問一個特殊情境，看的出來他思考了一下，就結束這回合(?再來他請我問問題，我也問了一下他的理念和最初想法，聽到他的背景和故事，覺得很感動因為我發現我自己沒走錯路，發現自己沒有之前在板上被嗆的時候大家講的那麼糟糕他回答完直接跟我說，他很想發我offer，但他可能要回去和team裡面討論，因為我未來的學校離臺北很遠，他們想要的是之後可以待下來的人，我開學後基本上不能進辦公室，討論起來很有問題這裡我提了一下remoteworking(其實一面也有提)，發現是還沒有先例，而且這樣討論事情會很有障礙，不過他還是會回去問一下team，但先告訴我一下不要抱太大期待聽完心裡其實很開心，因為我知道我不是實力不夠被刷，而是距離問題，而且知道自己可能會被刷掉後我瞬間超大膽的問了問題我直接問：「為甚麼我不管領域、專案、能力都和你們要的人差那麼多，甚至一面的時候被問的問題答的很糟糕，而且作業還寫兩題錯兩題，我卻可以進到這一關？我相信有很多比我優秀的人，像ptt上就有看到一個明顯比我?ceo好像有點愣住，可能沒想到我會這麼直接吧，不過他也很快的給予我我想要的答案基本上就是，我可以進到這關可能是因為我有寫matching（和學長說的一樣...）至少我願意挑戰別人不敢挑戰的東西，再來是，雖然我的實務經驗真的比較少，但他們需要的人最重要的是充滿熱忱和寫程式的心，而另一點是，然後就結束這場面試，事後我還透過學長找到ceo的fb，跟他說謝謝xd心得：這次的面試，基本上算是巧合+運氣+緣份造成的第一次面試，讓我知道自己在web領域上的不足第二次面試，讓我回憶起寫演算法競賽的樂趣，讓我得到很多東西，也解答悶在心裡很久的問題我沒有想過自己可以進到最後一關，雖然知道自己拿不到offer，但我覺得面試的對話得到的收穫就很足夠最後，如果大家有機會進入dcard，建議可以去試試，不管是資深的teamleader或是很強很幽默人很好的ceo，相信都能給予很大的突破和很快樂的工作生活。",
    "time": "2017/06/01 11:13:58",
    "event": "slide"
  },
  {
    "category": "2",
    "app": "MoPTT",
    "id": "7",
    "context": "[閒聊]「系統又好又快又穩」這又是一篇閒聊廢文我知道這不是我個板…但算我求你們讓我發洩一下#201611月公司正在提議購買生產管控的系統Ｍ：決定了！Ｈ：以後我們就要改用Ｆ的系統！Ｆ：這個系統又好又快又穩定，會需要你們配合我：可以，請問什麼時候可以建設好?Ｆ：1月Ｃ：瞭解，那我們先處理分內事務，等你們建置好後便開始合作Ｗ：(小聲)看來可以解脫啦Ｗ會這樣說，是因為自從Ｍ跟Ｈ幾次自爆被客戶罵個半死之後他就接近單幹一個管控系統減少出包然而系統只能防呆不能防笨更不能防賤丟過來的問題往往是人造成的笨問題跟賤問題甚至還有搞不清楚生產流程就認定系統出問題實際上Ｗ系統上線後出包明顯降低因為常常收到電話通知「可不可以跳過管控」Ｃ跟我則抽空幫忙，因為我們在銜接新產品的開發與驗證#20171月Ｃ：請問你們的系統完成嗎？Ｆ：（無回應）Ｍ：Ｗ你還是繼續開發管控系統喔Ｗ：為什麼？Ｈ：Ｆ他們要延到過年，最多是3月我：不是說好1月可以上線？Ｍ：系統很複雜，並不容易Ｃ：好，那就等完過年Ｈ：Ｗ過年那幾天要oncall喔，我去放假了～（離線）Ｗ：……我：別鳥他從那幾次自爆後，Ｗ似乎就成了ＭＨ的替代窗口先不提說Ｗ跟ＭＨ不同部門，毫無上下關係還常常電話和wechat通知就當交代完畢甚至工作進度表都沒去更新─這還是他們提的這段時間我剛把我主管留下的新產品驗證程式碼大改寫除了修正效能、追加驗證項目的發想與實作，還要趕在初次生產前可以測試與使用為了避免缺失的產品流出又額外寫了程式可以進行線上比對Ｗ撥空幫忙弄了database與webapi以進行存取Ｃ則是研究新產品使用的晶片，重新編寫溝通用的介面畢竟原本那個根本不是給普通人用的是，因為主管莫名被ＧＧ了（201612月底），無論是什麼原因肯定是無聊的原因新產品還在追加，我也追加的在寫新的驗證Ｗ在他系統上線後工作量不多（無意義電話變超多）我就請他改了webapi與databaseschema以便應對更多的產品再找個時機把整個服務轉到主管申請的遺珠的aws上因為原本使用的database在2月開始讀取少說15秒，嚴重可以timeout除此以外我又弄了一個簡易版的監控後臺以便追蹤生產狀況再順手製作幾個小工具來減少生產上的勞務負擔也與Ｃ重新設計了軟體流程，降低錯誤發生的機率來提升產能Ｃ寫的介面也趁勢上線了，小小顛簸了幾次但夠穩定中間穿插了別的產品的app開發但這位同仁對於流程與設備本來就很清楚，可以說毫無壓力#20175月我：那個系統Ｆ：好了！來開會討論怎麼合作吧！這個開會就讓我跟Ｃ出差，Ｗ我則是強烈跟上頭要求他留下來一方面出差的不是什麼好地方另一方面我在移植Ｗ寫的功能時遇到嚴謹的狀況─移植的那臺電腦網路速度實在太可怕我需要有人在臺灣幫忙開會我跟Ｗ被調侃寫的功能不穩不快不夠好，他們的系統一天產能多少多少我們都沒有實際看過統計資料，但反正要轉交了，我們也懶得計較而且Ｆ系統開始上線後，我、Ｗ和Ｃ還會跟著忙早點解脫最好工作項目有不少舊產品的控管新產品的導入生產線的狀況追蹤軟體流程的設計如果需要，app的開發幹拎涼，這跟我們原本做的有三小不同喔，原來不同在於我們沒實作的地方，是Ｆ他們來做工作項目也不少喔零件購買的登記零件進貨的登記零件庫存的登記零件組裝的登記零件配銷的登記這些東西都有紀錄才能追啊，還能跟公司正在用的erp整合捏幹拎涼2，我們從20166月就在問公司買的erp的帳號了啦這個東西掛在Ｍ跟Ｈ下，結果他們一問三不知我們連接觸的機會都沒有最好是可以實作啦算了，人家整合了erp想必也有一定成果至少確定怎麼樣使用他們的系統吧Ｆ：可以討論看來是還沒弄好?我：你們來我們系統讀取資料ok嗎?Ｆ：為了不要影響你們系統的效能，我覺得你們把資料傳給我們比較好Ｃ：沒問題，你們打算用什麼樣的方式接？　　sql直接給database，還是類似我們webservice的api？Ｆ：檔案交換蛤？Ｃ：你的檔案交換是指？Ｆ：檔案放在特定資料夾，我們的系統會去抓我：那我們進行驗證呢？Ｆ：也是檔案交換，我們系統會去抓文件後改檔名與儲存結果你是在開玩笑吧我：所以意思就是說我得先存檔，等個0.5秒再去抓？Ｆ：這樣硬碟有紀錄擔保，而且速度也很快，1秒以內就能處理完畢這位老大，我0.5秒都嫌慢了，你跟我講1秒?而且這又不是回傳大量資料，這是回傳true和false欸",
    "time": "2017/06/01 11:15:59",
    "event": "click"
  },
  {
    "category": "2",
    "app": "MoPTT",
    "id": "8",
    "context": "[閒聊]「系統又好又快又穩」這又是一篇閒聊廢文我知道這不是我個板…但算我求你們讓我發洩一下#201611月公司正在提議購買生產管控的系統Ｍ：決定了！Ｈ：以後我們就要改用Ｆ的系統！Ｆ：這個系統又好又快又穩定，會需要你們配合我：可以，請問什麼時候可以建設好?Ｆ：1月Ｃ：瞭解，那我們先處理分內事務，等你們建置好後便開始合作Ｗ：(小聲)看來可以解脫啦Ｗ會這樣說，是因為自從Ｍ跟Ｈ幾次自爆被客戶罵個半死之後他就接近單幹一個管控系統減少出包然而系統只能防呆不能防笨更不能防賤丟過來的問題往往是人造成的笨問題跟賤問題甚至還有搞不清楚生產流程就認定系統出問題實際上Ｗ系統上線後出包明顯降低因為常常收到電話通知「可不可以跳過管控」Ｃ跟我則抽空幫忙，因為我們在銜接新產品的開發與驗證#20171月Ｃ：請問你們的系統完成嗎？Ｆ：（無回應）Ｍ：Ｗ你還是繼續開發管控系統喔Ｗ：為什麼？Ｈ：Ｆ他們要延到過年，最多是3月我：不是說好1月可以上線？Ｍ：系統很複雜，並不容易Ｃ：好，那就等完過年Ｈ：Ｗ過年那幾天要oncall喔，我去放假了～（離線）Ｗ：……我：別鳥他從那幾次自爆後，Ｗ似乎就成了ＭＨ的替代窗口先不提說Ｗ跟ＭＨ不同部門，毫無上下關係還常常電話和wechat通知就當交代完畢甚至工作進度表都沒去更新─這還是他們提的這段時間我剛把我主管留下的新產品驗證程式碼大改寫除了修正效能、追加驗證項目的發想與實作，還要趕在初次生產前可以測試與使用為了避免缺失的產品流出又額外寫了程式可以進行線上比對Ｗ撥空幫忙弄了database與webapi以進行存取Ｃ則是研究新產品使用的晶片，重新編寫溝通用的介面畢竟原本那個根本不是給普通人用的是，因為主管莫名被ＧＧ了（201612月底），無論是什麼原因肯定是無聊的原因新產品還在追加，我也追加的在寫新的驗證Ｗ在他系統上線後工作量不多（無意義電話變超多）我就請他改了webapi與databaseschema以便應對更多的產品再找個時機把整個服務轉到主管申請的遺珠的aws上因為原本使用的database在2月開始讀取少說15秒，嚴重可以timeout除此以外我又弄了一個簡易版的監控後臺以便追蹤生產狀況再順手製作幾個小工具來減少生產上的勞務負擔也與Ｃ重新設計了軟體流程，降低錯誤發生的機率來提升產能Ｃ寫的介面也趁勢上線了，小小顛簸了幾次但夠穩定中間穿插了別的產品的app開發但這位同仁對於流程與設備本來就很清楚，可以說毫無壓力#20175月我：那個系統Ｆ：好了！來開會討論怎麼合作吧！這個開會就讓我跟Ｃ出差，Ｗ我則是強烈跟上頭要求他留下來一方面出差的不是什麼好地方另一方面我在移植Ｗ寫的功能時遇到嚴謹的狀況─移植的那臺電腦網路速度實在太可怕我需要有人在臺灣幫忙開會我跟Ｗ被調侃寫的功能不穩不快不夠好，他們的系統一天產能多少多少我們都沒有實際看過統計資料，但反正要轉交了，我們也懶得計較而且Ｆ系統開始上線後，我、Ｗ和Ｃ還會跟著忙早點解脫最好工作項目有不少舊產品的控管新產品的導入生產線的狀況追蹤軟體流程的設計如果需要，app的開發幹拎涼，這跟我們原本做的有三小不同喔，原來不同在於我們沒實作的地方，是Ｆ他們來做工作項目也不少喔零件購買的登記零件進貨的登記零件庫存的登記零件組裝的登記零件配銷的登記這些東西都有紀錄才能追啊，還能跟公司正在用的erp整合捏幹拎涼2，我們從20166月就在問公司買的erp的帳號了啦這個東西掛在Ｍ跟Ｈ下，結果他們一問三不知我們連接觸的機會都沒有最好是可以實作啦算了，人家整合了erp想必也有一定成果至少確定怎麼樣使用他們的系統吧Ｆ：可以討論看來是還沒弄好?我：你們來我們系統讀取資料ok嗎?Ｆ：為了不要影響你們系統的效能，我覺得你們把資料傳給我們比較好Ｃ：沒問題，你們打算用什麼樣的方式接？　　sql直接給database，還是類似我們webservice的api？Ｆ：檔案交換蛤？Ｃ：你的檔案交換是指？Ｆ：檔案放在特定資料夾，我們的系統會去抓我：那我們進行驗證呢？Ｆ：也是檔案交換，我們系統會去抓文件後改檔名與儲存結果你是在開玩笑吧我：所以意思就是說我得先存檔，等個0.5秒再去抓？Ｆ：這樣硬碟有紀錄擔保，而且速度也很快，1秒以內就能處理完畢這位老大，我0.5秒都嫌慢了，你跟我講1秒?而且這又不是回傳大量資料，這是回傳true和false欸",
    "time": "2017/06/01 11:15:59",
    "event": "slide"
  },
  {
    "category": "2",
    "app": "MoPTT",
    "id": "9",
    "context": "[請益]junioroffer請益工作經歷一年多最近收到一間大公司的offer猶豫要不要去請教一下各位大大意見原公司:軟體服務業主管賞識蠻有機會升小主管後調薪接觸的技術較新巨量資料機器學習相關這一年公司明顯沒什麼賺錢薪資福利較差中租迪和:租賃業似乎很賺錢年終不低系統開發給內部使用感覺技術較保守offer比目前月薪多2千而已不過以年薪算會多10幾萬猶豫的點在有機會往管理職走與大公司的福利以及怕離開軟體業會跟業界有技術落差再麻煩大家給小弟一點建議謝謝",
    "time": "2017/06/01 11:16:25",
    "event": "click"
  },
  {
    "category": "2",
    "app": "MoPTT",
    "id": "10",
    "context": "[請益]junioroffer請益工作經歷一年多最近收到一間大公司的offer猶豫要不要去請教一下各位大大意見原公司:軟體服務業主管賞識蠻有機會升小主管後調薪接觸的技術較新巨量資料機器學習相關這一年公司明顯沒什麼賺錢薪資福利較差中租迪和:租賃業似乎很賺錢年終不低系統開發給內部使用感覺技術較保守offer比目前月薪多2千而已不過以年薪算會多10幾萬猶豫的點在有機會往管理職走與大公司的福利以及怕離開軟體業會跟業界有技術落差再麻煩大家給小弟一點建議謝謝",
    "time": "2017/06/01 11:16:25",
    "event": "slide"
  },
  {
    "category": "2",
    "app": "MoPTT",
    "id": "55",
    "context": "[閒聊]「系統又好又快又穩」這又是一篇閒聊廢文我知道這不是我個板…但算我求你們讓我發洩一下#201611月公司正在提議購買生產管控的系統Ｍ：決定了！Ｈ：以後我們就要改用Ｆ的系統！Ｆ：這個系統又好又快又穩定，會需要你們配合我：可以，請問什麼時候可以建設好?Ｆ：1月Ｃ：瞭解，那我們先處理分內事務，等你們建置好後便開始合作Ｗ：(小聲)看來可以解脫啦Ｗ會這樣說，是因為自從Ｍ跟Ｈ幾次自爆被客戶罵個半死之後他就接近單幹一個管控系統減少出包然而系統只能防呆不能防笨更不能防賤丟過來的問題往往是人造成的笨問題跟賤問題甚至還有搞不清楚生產流程就認定系統出問題實際上Ｗ系統上線後出包明顯降低因為常常收到電話通知「可不可以跳過管控」Ｃ跟我則抽空幫忙，因為我們在銜接新產品的開發與驗證#20171月Ｃ：請問你們的系統完成嗎？Ｆ：（無回應）Ｍ：Ｗ你還是繼續開發管控系統喔Ｗ：為什麼？Ｈ：Ｆ他們要延到過年，最多是3月我：不是說好1月可以上線？Ｍ：系統很複雜，並不容易Ｃ：好，那就等完過年Ｈ：Ｗ過年那幾天要oncall喔，我去放假了～（離線）Ｗ：……我：別鳥他從那幾次自爆後，Ｗ似乎就成了ＭＨ的替代窗口先不提說Ｗ跟ＭＨ不同部門，毫無上下關係還常常電話和wechat通知就當交代完畢甚至工作進度表都沒去更新─這還是他們提的這段時間我剛把我主管留下的新產品驗證程式碼大改寫除了修正效能、追加驗證項目的發想與實作，還要趕在初次生產前可以測試與使用為了避免缺失的產品流出又額外寫了程式可以進行線上比對Ｗ撥空幫忙弄了database與webapi以進行存取Ｃ則是研究新產品使用的晶片，重新編寫溝通用的介面畢竟原本那個根本不是給普通人用的是，因為主管莫名被ＧＧ了（201612月底），無論是什麼原因肯定是無聊的原因新產品還在追加，我也追加的在寫新的驗證Ｗ在他系統上線後工作量不多（無意義電話變超多）我就請他改了webapi與databaseschema以便應對更多的產品再找個時機把整個服務轉到主管申請的遺珠的aws上因為原本使用的database在2月開始讀取少說15秒，嚴重可以timeout除此以外我又弄了一個簡易版的監控後臺以便追蹤生產狀況再順手製作幾個小工具來減少生產上的勞務負擔也與Ｃ重新設計了軟體流程，降低錯誤發生的機率來提升產能Ｃ寫的介面也趁勢上線了，小小顛簸了幾次但夠穩定中間穿插了別的產品的app開發但這位同仁對於流程與設備本來就很清楚，可以說毫無壓力#20175月我：那個系統Ｆ：好了！來開會討論怎麼合作吧！這個開會就讓我跟Ｃ出差，Ｗ我則是強烈跟上頭要求他留下來一方面出差的不是什麼好地方另一方面我在移植Ｗ寫的功能時遇到嚴謹的狀況─移植的那臺電腦網路速度實在太可怕我需要有人在臺灣幫忙開會我跟Ｗ被調侃寫的功能不穩不快不夠好，他們的系統一天產能多少多少我們都沒有實際看過統計資料，但反正要轉交了，我們也懶得計較而且Ｆ系統開始上線後，我、Ｗ和Ｃ還會跟著忙早點解脫最好工作項目有不少舊產品的控管新產品的導入生產線的狀況追蹤軟體流程的設計如果需要，app的開發幹拎涼，這跟我們原本做的有三小不同喔，原來不同在於我們沒實作的地方，是Ｆ他們來做工作項目也不少喔零件購買的登記零件進貨的登記零件庫存的登記零件組裝的登記零件配銷的登記這些東西都有紀錄才能追啊，還能跟公司正在用的erp整合捏幹拎涼2，我們從20166月就在問公司買的erp的帳號了啦這個東西掛在Ｍ跟Ｈ下，結果他們一問三不知我們連接觸的機會都沒有最好是可以實作啦算了，人家整合了erp想必也有一定成果至少確定怎麼樣使用他們的系統吧Ｆ：可以討論看來是還沒弄好?我：你們來我們系統讀取資料ok嗎?Ｆ：為了不要影響你們系統的效能，我覺得你們把資料傳給我們比較好Ｃ：沒問題，你們打算用什麼樣的方式接？　　sql直接給database，還是類似我們webservice的api？Ｆ：檔案交換蛤？Ｃ：你的檔案交換是指？Ｆ：檔案放在特定資料夾，我們的系統會去抓我：那我們進行驗證呢？Ｆ：也是檔案交換，我們系統會去抓文件後改檔名與儲存結果你是在開玩笑吧我：所以意思就是說我得先存檔，等個0.5秒再去抓？Ｆ：這樣硬碟有紀錄擔保，而且速度也很快，1秒以內就能處理完畢這位老大，我0.5秒都嫌慢了，你跟我講1秒?而且這又不是回傳大量資料，這是回傳true和false欸",
    "time": "2017/06/01 13:08:22",
    "event": "click"
  },
  {
    "category": "2",
    "app": "MoPTT",
    "id": "56",
    "context": "[閒聊]「系統又好又快又穩」這又是一篇閒聊廢文我知道這不是我個板…但算我求你們讓我發洩一下#201611月公司正在提議購買生產管控的系統Ｍ：決定了！Ｈ：以後我們就要改用Ｆ的系統！Ｆ：這個系統又好又快又穩定，會需要你們配合我：可以，請問什麼時候可以建設好?Ｆ：1月Ｃ：瞭解，那我們先處理分內事務，等你們建置好後便開始合作Ｗ：(小聲)看來可以解脫啦Ｗ會這樣說，是因為自從Ｍ跟Ｈ幾次自爆被客戶罵個半死之後他就接近單幹一個管控系統減少出包然而系統只能防呆不能防笨更不能防賤丟過來的問題往往是人造成的笨問題跟賤問題甚至還有搞不清楚生產流程就認定系統出問題實際上Ｗ系統上線後出包明顯降低因為常常收到電話通知「可不可以跳過管控」Ｃ跟我則抽空幫忙，因為我們在銜接新產品的開發與驗證#20171月Ｃ：請問你們的系統完成嗎？Ｆ：（無回應）Ｍ：Ｗ你還是繼續開發管控系統喔Ｗ：為什麼？Ｈ：Ｆ他們要延到過年，最多是3月我：不是說好1月可以上線？Ｍ：系統很複雜，並不容易Ｃ：好，那就等完過年Ｈ：Ｗ過年那幾天要oncall喔，我去放假了～（離線）Ｗ：……我：別鳥他從那幾次自爆後，Ｗ似乎就成了ＭＨ的替代窗口先不提說Ｗ跟ＭＨ不同部門，毫無上下關係還常常電話和wechat通知就當交代完畢甚至工作進度表都沒去更新─這還是他們提的這段時間我剛把我主管留下的新產品驗證程式碼大改寫除了修正效能、追加驗證項目的發想與實作，還要趕在初次生產前可以測試與使用為了避免缺失的產品流出又額外寫了程式可以進行線上比對Ｗ撥空幫忙弄了database與webapi以進行存取Ｃ則是研究新產品使用的晶片，重新編寫溝通用的介面畢竟原本那個根本不是給普通人用的是，因為主管莫名被ＧＧ了（201612月底），無論是什麼原因肯定是無聊的原因新產品還在追加，我也追加的在寫新的驗證Ｗ在他系統上線後工作量不多（無意義電話變超多）我就請他改了webapi與databaseschema以便應對更多的產品再找個時機把整個服務轉到主管申請的遺珠的aws上因為原本使用的database在2月開始讀取少說15秒，嚴重可以timeout除此以外我又弄了一個簡易版的監控後臺以便追蹤生產狀況再順手製作幾個小工具來減少生產上的勞務負擔也與Ｃ重新設計了軟體流程，降低錯誤發生的機率來提升產能Ｃ寫的介面也趁勢上線了，小小顛簸了幾次但夠穩定中間穿插了別的產品的app開發但這位同仁對於流程與設備本來就很清楚，可以說毫無壓力#20175月我：那個系統Ｆ：好了！來開會討論怎麼合作吧！這個開會就讓我跟Ｃ出差，Ｗ我則是強烈跟上頭要求他留下來一方面出差的不是什麼好地方另一方面我在移植Ｗ寫的功能時遇到嚴謹的狀況─移植的那臺電腦網路速度實在太可怕我需要有人在臺灣幫忙開會我跟Ｗ被調侃寫的功能不穩不快不夠好，他們的系統一天產能多少多少我們都沒有實際看過統計資料，但反正要轉交了，我們也懶得計較而且Ｆ系統開始上線後，我、Ｗ和Ｃ還會跟著忙早點解脫最好工作項目有不少舊產品的控管新產品的導入生產線的狀況追蹤軟體流程的設計如果需要，app的開發幹拎涼，這跟我們原本做的有三小不同喔，原來不同在於我們沒實作的地方，是Ｆ他們來做工作項目也不少喔零件購買的登記零件進貨的登記零件庫存的登記零件組裝的登記零件配銷的登記這些東西都有紀錄才能追啊，還能跟公司正在用的erp整合捏幹拎涼2，我們從20166月就在問公司買的erp的帳號了啦這個東西掛在Ｍ跟Ｈ下，結果他們一問三不知我們連接觸的機會都沒有最好是可以實作啦算了，人家整合了erp想必也有一定成果至少確定怎麼樣使用他們的系統吧Ｆ：可以討論看來是還沒弄好?我：你們來我們系統讀取資料ok嗎?Ｆ：為了不要影響你們系統的效能，我覺得你們把資料傳給我們比較好Ｃ：沒問題，你們打算用什麼樣的方式接？　　sql直接給database，還是類似我們webservice的api？Ｆ：檔案交換蛤？Ｃ：你的檔案交換是指？Ｆ：檔案放在特定資料夾，我們的系統會去抓我：那我們進行驗證呢？Ｆ：也是檔案交換，我們系統會去抓文件後改檔名與儲存結果你是在開玩笑吧我：所以意思就是說我得先存檔，等個0.5秒再去抓？Ｆ：這樣硬碟有紀錄擔保，而且速度也很快，1秒以內就能處理完畢這位老大，我0.5秒都嫌慢了，你跟我講1秒?而且這又不是回傳大量資料，這是回傳true和false欸",
    "time": "2017/06/01 13:08:22",
    "event": "slide"
  }
]