[
  {
    "category": "3",
    "app": "Messenger",
    "id": "11",
    "context": "有人要收標準自殺頭ㄟ幹我一頂賣太便宜40他要120收我這頂",
    "time": "2017/06/01 12:11:31",
    "event": "slide"
  },
  {
    "category": "3",
    "app": "Messenger",
    "id": "12",
    "context": "120三小...",
    "time": "2017/06/01 12:11:35",
    "event": "type"
  },
  {
    "category": "3",
    "app": "Messenger",
    "id": "14",
    "context": "有人要收標準自殺頭ㄟ幹我一頂賣太便宜40他要120收我這頂120三小...",
    "time": "2017/06/01 12:11:37",
    "event": "slide"
  },
  {
    "category": "3",
    "app": "Messenger",
    "id": "15",
    "context": "你本來賣40喔",
    "time": "2017/06/01 12:12:50",
    "event": "type"
  },
  {
    "category": "3",
    "app": "Messenger",
    "id": "17",
    "context": "有人要收標準自殺頭ㄟ幹我一頂賣太便宜40他要120收我這頂120三小...你本來賣40喔",
    "time": "2017/06/01 12:12:56",
    "event": "slide"
  },
  {
    "category": "3",
    "app": "Messenger",
    "id": "18",
    "context": "有人要收標準自殺頭ㄟ幹我一頂賣太便宜40他要120收我這頂120三小...你本來賣40喔沒啊有已經賣掉了一頂40",
    "time": "2017/06/01 12:13:26",
    "event": "slide"
  },
  {
    "category": "3",
    "app": "Messenger",
    "id": "19",
    "context": "...120賣啊",
    "time": "2017/06/01 12:13:29",
    "event": "type"
  },
  {
    "category": "3",
    "app": "Messenger",
    "id": "21",
    "context": "有人要收標準自殺頭ㄟ幹我一頂賣太便宜40他要120收我這頂120三小...你本來賣40喔沒啊有已經賣掉了一頂40...120賣啊",
    "time": "2017/06/01 12:13:31",
    "event": "slide"
  },
  {
    "category": "3",
    "app": "Messenger",
    "id": "24",
    "context": "有人要收標準自殺頭ㄟ幹我一頂賣太便宜40他要120收我這頂120三小...你本來賣40喔沒啊有已經賣掉了一頂40...120賣啊賣啊今天晚上交易這頂好像收28",
    "time": "2017/06/01 12:43:10",
    "event": "slide"
  },
  {
    "category": "3",
    "app": "Messenger",
    "id": "25",
    "context": "好好喔",
    "time": "2017/06/01 12:43:18",
    "event": "type"
  },
  {
    "category": "3",
    "app": "Messenger",
    "id": "27",
    "context": "有人要收標準自殺頭ㄟ幹我一頂賣太便宜40他要120收我這頂120三小...你本來賣40喔沒啊有已經賣掉了一頂40...120賣啊賣啊今天晚上交易這頂好像收28好好喔",
    "time": "2017/06/01 12:43:21",
    "event": "slide"
  },
  {
    "category": "3",
    "app": "Messenger",
    "id": "30",
    "context": "有人要收標準自殺頭ㄟ幹我一頂賣太便宜40他要120收我這頂120三小...你本來賣40喔沒啊有已經賣掉了一頂40...120賣啊賣啊今天晚上交易這頂好像收28好好喔反正標準也是垃圾場了有人要就賣掉你也不會去玩附魔大概差一點點傷害1.2千dps一點點而已",
    "time": "2017/06/01 12:44:08",
    "event": "slide"
  },
  {
    "category": "3",
    "app": "Messenger",
    "id": "31",
    "context": "你面版本來多少",
    "time": "2017/06/01 12:44:08",
    "event": "type"
  },
  {
    "category": "3",
    "app": "Messenger",
    "id": "33",
    "context": "有人要收標準自殺頭ㄟ幹我一頂賣太便宜40他要120收我這頂120三小...你本來賣40喔沒啊有已經賣掉了一頂40...120賣啊賣啊今天晚上交易這頂好像收28好好喔反正標準也是垃圾場了有人要就賣掉你也不會去玩附魔大概差一點點傷害1.2千dps一點點而已好像才四萬吧一層這樣很高了欸外國人好像12萬",
    "time": "2017/06/01 12:44:08",
    "event": "slide"
  },
  {
    "category": "3",
    "app": "Messenger",
    "id": "34",
    "context": "反正之後也不能玩了打沒免疫毒的都很快",
    "time": "2017/06/01 12:44:20",
    "event": "type"
  },
  {
    "category": "3",
    "app": "Messenger",
    "id": "36",
    "context": "有人要收標準自殺頭ㄟ幹我一頂賣太便宜40他要120收我這頂120三小...你本來賣40喔沒啊有已經賣掉了一頂40...120賣啊賣啊今天晚上交易這頂好像收28好好喔反正標準也是垃圾場了有人要就賣掉你也不會去玩附魔大概差一點點傷害1.2千dps一點點而已好像才四萬吧一層這樣很高了欸外國人好像12萬反正之後也不能玩了打沒免疫毒的都很快",
    "time": "2017/06/01 12:44:22",
    "event": "slide"
  }
]