[
  {
    "category": "4",
    "app": "MoPTT",
    "id": "22",
    "context": "[花邊]陳建州估騎士4比3奪冠　詹姆士fmvpnba(nationalbasketballassociation，美國職業籃球聯賽)2016-17球季總冠軍賽，將於明天上午9點在勇士主場甲骨文球場開打，將連3季和詹姆士(lebronjames)領軍的騎士爭冠，《蘋果體育》找來名家談談他們眼中今年的總冠軍球隊會是哪一支，誰又是他們心目中的總冠軍賽mvp。陳建州富邦勇士副領隊騎士4比3奪冠　fmvp：詹姆士騎士在今年季後賽的表現真的太恐怖，尤其是詹姆士狀況調整的好到誇張，當然勇士也很不錯，但是詹姆士的表現實在太具主宰力，而且他們在東區決賽第3戰輸了那場比賽(後來證實是感冒)，感覺起來好像是佈好的局一樣，給了騎士所有球員警惕，不能全靠他一人打天下，下一戰當他陷入犯規麻煩只能在板凳上觀戰，就換爾文跳出來接管比賽。我之所以會看好騎士，除詹姆士外，另一個關鍵就是勇士總教練柯爾因為背傷，總冠軍賽能不能復出還不知道，柯爾最厲害的不光是戰術層面，還有他安撫、激勵球員的功力，在處理球員心理問題上，柯爾比目前代理總教練布朗高明多了，如果勇士少了他坐鎮，在戰情吃緊當下，我相信對騎士相對更有利。有人認為，勇士有很多球員都能分擔防守詹姆士，但我認為，季後賽比得是球員心理素質，現在詹姆士拚的不光是眼前總冠軍，還要創造屬於他的歷史和定位，在這強大的動機驅動下，只要騎士能夠連霸，詹姆士肯定是總冠軍賽mvp的不二人選。http://www.appledaily.com.tw/realtimenews/article/sports/20170601/1130223/",
    "time": "2017/06/01 12:43:00",
    "event": "click"
  },
  {
    "category": "4",
    "app": "MoPTT",
    "id": "23",
    "context": "[花邊]陳建州估騎士4比3奪冠　詹姆士fmvpnba(nationalbasketballassociation，美國職業籃球聯賽)2016-17球季總冠軍賽，將於明天上午9點在勇士主場甲骨文球場開打，將連3季和詹姆士(lebronjames)領軍的騎士爭冠，《蘋果體育》找來名家談談他們眼中今年的總冠軍球隊會是哪一支，誰又是他們心目中的總冠軍賽mvp。陳建州富邦勇士副領隊騎士4比3奪冠　fmvp：詹姆士騎士在今年季後賽的表現真的太恐怖，尤其是詹姆士狀況調整的好到誇張，當然勇士也很不錯，但是詹姆士的表現實在太具主宰力，而且他們在東區決賽第3戰輸了那場比賽(後來證實是感冒)，感覺起來好像是佈好的局一樣，給了騎士所有球員警惕，不能全靠他一人打天下，下一戰當他陷入犯規麻煩只能在板凳上觀戰，就換爾文跳出來接管比賽。我之所以會看好騎士，除詹姆士外，另一個關鍵就是勇士總教練柯爾因為背傷，總冠軍賽能不能復出還不知道，柯爾最厲害的不光是戰術層面，還有他安撫、激勵球員的功力，在處理球員心理問題上，柯爾比目前代理總教練布朗高明多了，如果勇士少了他坐鎮，在戰情吃緊當下，我相信對騎士相對更有利。有人認為，勇士有很多球員都能分擔防守詹姆士，但我認為，季後賽比得是球員心理素質，現在詹姆士拚的不光是眼前總冠軍，還要創造屬於他的歷史和定位，在這強大的動機驅動下，只要騎士能夠連霸，詹姆士肯定是總冠軍賽mvp的不二人選。http://www.appledaily.com.tw/realtimenews/article/sports/20170601/1130223/--※發信站:批踢踢實業坊(ptt.cc),來自:111.241.215.87※瀏覽網頁版※zzyyxx77編輯111.241.215.5106/0109:21",
    "time": "2017/06/01 12:43:00",
    "event": "slide"
  },
  {
    "category": "4",
    "app": "MoPTT",
    "id": "28",
    "context": "[專欄]總冠軍賽最具「主宰力」球星是…lys總冠軍賽最具「主宰力」球星是…by李亦伸-2017-05-31nba總冠軍賽g1臺北時間6月2日開打，誰是今年總冠軍賽舞臺上第一號球星?誰又是最具比賽「統治力」球星?espn請來前nba球星antiniodavid選出今年總冠軍賽最佳球員，第一是jebronjames，第二是kevindurant，第三是stephencurry，第四是kyrieirving，第五是kevinlove。draymondgreen和klaythompson排不進前五。不管是三巨頭騎士還是四巨頭勇士，從球星和比賽統治力來看，騎士一點都沒有輸勇士，如果再把騎士板凳球員的三分、進攻效率值拉上來比較，騎士天賦和人手、陣容深度甚至更勝勇士。但我認為勇士的「整體性和進攻會優於騎士」，這是雙方球星對等扯平，防守扯平的均勢下，勇士比騎士多了一些進攻選擇和得分方式，這也是勇士最終可以勝出的關鍵。騎士過度依靠lebronjames，完全仰賴三巨頭的發揮支撐，這是騎士優勢，但也是某種程度上的罩門，一旦lebron手感不好，殺入禁區佔不到便宜，或者kyrieirving的進攻、狀況當機，騎士幾乎沒有任何填補漏洞的武器。比較起來，lebronjames確實是當今nba第一人，也是今年總冠軍舞臺上最有統治力球星，這也是為什麼charlesbarkley、shaqo’neal、scottiepippen普遍看好騎士奪冠的主因。kevindurant將成為勇士進攻決勝武器，以及防守端和籃板、禁區防守最重要的支撐之一，這是勇士今年奪冠被看好度更勝上季的關鍵。總冠軍系列賽前，我必須提出來，外界和專家都普遍低估並忽略stephencurry，他纔是勇士能不能從騎士手中奪回nba總冠軍的「靈魂」。勇士上季為什麼會連輸三場，被騎士翻盤?主因就是騎士lbj和kyrie持續大爆發，但回到勇士身上，勇士最終連敗三場，最最重要的原因就是curry打得太不聰明，失誤偏高，更重要的是進攻過於單調。curry上季總冠軍賽太執著於三分外線出手，一直想要在擋拆後用三分射死對手，終結比賽，這種不聰明的節奏和失序，亂了勇士進攻效率和佈局，更打亂自己手感和進攻節奏，更慘的是：給了騎士更多可趁之機。經過上季總冠軍賽被翻盤輸球的教訓，今年curry學會更聰明打球，保持耐心，增加切入、分球、攻擊比重，只要他打得夠聰明，把握耐心，充分掌握比賽節奏，把隊友、勇士、自己的進攻優勢和武器透過傳導，不斷創造出更好的出手空間和機會，curry就能完成救贖和復仇。curry有可能成為今年總冠軍賽最有主宰力的球星，他的統治力或許不如lebron，但他主宰比賽能力和打球智慧已經再進化，他纔是今年勇士隊陣中最好的球星和最關鍵決勝球員。kd是勇士終極殺器，但主宰勇士比賽和控制節奏的人是curry，curry也能幫助勇士順利奪冠，同時將kd送上決賽mvp位置。http://media.pbplus.me/17589",
    "time": "2017/06/01 12:43:48",
    "event": "click"
  },
  {
    "category": "4",
    "app": "MoPTT",
    "id": "29",
    "context": "[專欄]總冠軍賽最具「主宰力」球星是…lys總冠軍賽最具「主宰力」球星是…by李亦伸-2017-05-31nba總冠軍賽g1臺北時間6月2日開打，誰是今年總冠軍賽舞臺上第一號球星?誰又是最具比賽「統治力」球星?espn請來前nba球星antiniodavid選出今年總冠軍賽最佳球員，第一是jebronjames，第二是kevindurant，第三是stephencurry，第四是kyrieirving，第五是kevinlove。draymondgreen和klaythompson排不進前五。不管是三巨頭騎士還是四巨頭勇士，從球星和比賽統治力來看，騎士一點都沒有輸勇士，如果再把騎士板凳球員的三分、進攻效率值拉上來比較，騎士天賦和人手、陣容深度甚至更勝勇士。但我認為勇士的「整體性和進攻會優於騎士」，這是雙方球星對等扯平，防守扯平的均勢下，勇士比騎士多了一些進攻選擇和得分方式，這也是勇士最終可以勝出的關鍵。騎士過度依靠lebronjames，完全仰賴三巨頭的發揮支撐，這是騎士優勢，但也是某種程度上的罩門，一旦lebron手感不好，殺入禁區佔不到便宜，或者kyrieirving的進攻、狀況當機，騎士幾乎沒有任何填補漏洞的武器。比較起來，lebronjames確實是當今nba第一人，也是今年總冠軍舞臺上最有統治力球星，這也是為什麼charlesbarkley、shaqo’neal、scottiepippen普遍看好騎士奪冠的主因。kevindurant將成為勇士進攻決勝武器，以及防守端和籃板、禁區防守最重要的支撐之一，這是勇士今年奪冠被看好度更勝上季的關鍵。總冠軍系列賽前，我必須提出來，外界和專家都普遍低估並忽略stephencurry，他纔是勇士能不能從騎士手中奪回nba總冠軍的「靈魂」。勇士上季為什麼會連輸三場，被騎士翻盤?主因就是騎士lbj和kyrie持續大爆發，但回到勇士身上，勇士最終連敗三場，最最重要的原因就是curry打得太不聰明，失誤偏高，更重要的是進攻過於單調。curry上季總冠軍賽太執著於三分外線出手，一直想要在擋拆後用三分射死對手，終結比賽，這種不聰明的節奏和失序，亂了勇士進攻效率和佈局，更打亂自己手感和進攻節奏，更慘的是：給了騎士更多可趁之機。經過上季總冠軍賽被翻盤輸球的教訓，今年curry學會更聰明打球，保持耐心，增加切入、分球、攻擊比重，只要他打得夠聰明，把握耐心，充分掌握比賽節奏，把隊友、勇士、自己的進攻優勢和武器透過傳導，不斷創造出更好的出手空間和機會，curry就能完成救贖和復仇。curry有可能成為今年總冠軍賽最有主宰力的球星，他的統治力或許不如lebron，但他主宰比賽能力和打球智慧已經再進化，他纔是今年勇士隊陣中最好的球星和最關鍵決勝球員。kd是勇士終極殺器，但主宰勇士比賽和控制節奏的人是curry，curry也能幫助勇士順利奪冠，同時將kd送上決賽mvp位置。http://media.pbplus.me/17589",
    "time": "2017/06/01 12:43:48",
    "event": "slide"
  }
]