[
  {
    "category": "5",
    "app": "MoPTT",
    "id": "37",
    "context": "re:[閒聊]站內信真的有用？有人來信問我說，站內信有用嗎？真的約的到嗎？我就來回一下這篇系列文吧！我的答案是：有用！約得到！！以下為個人見解，勿砲勿戰謝謝！=============分隔線=============我個人認為約得到的前提是，不是為了約炮而約炮雖然寄站內信，最終的目的為何大家都心知肚明，但至少不要寄罐頭訊息，亂槍打鳥，認真的爬一下文，瞭解過後再寄信，看了也舒服的多！精蟲衝腦的人，寄站內信的內容，看起來滿滿的都是精蟲，在螢幕裡面遊啊遊的.....不趕快把信刪掉超怕手機被黏住！想馬上可以約出來的？那我建議還是用約炮軟體吧從我們開始發文到現在，總共收過幾封信我倒是真的沒去算過，但是有留通訊軟體聊天的粗估約40～50位，有耐心跟我們聊天讓我們願意出來碰面的不超過十位真正能跟我們一起互動的，截至目前為止只有兩位！而這兩位到現在都還有保持互動的關係，玩得方式也不是像一般單純的約炮，這纔是我們要的感覺！我相信如果真的要約炮，這裏是確實約得到，只是寄信的內容真的很重要，運氣也佔了七八成！同一個人寄同樣的內容，可能當下心情不好直接刪除，也有可能當下想聊聊天想玩一玩，就小聊一下後續聊的內容合不合得來也很重要，從頭到尾都在聊色的...可以正經一點嗎？都沒有別的可以聊了嗎？一直在要照片的...聊到有fu自然會給，不用一直要聊沒兩句就要碰面、目的性太強的，pass！有的人一定會說，要約炮還要聊天多麻煩啊，不就是各取所需嗎？沒錯！男人所需的是射精的那瞬間，可是女人享受的是整個過程，沒有熟悉、沒有聊過天、沒有溝通過彼此要的是什麼，只是單純的肉慾宣洩，這不是我們要的感覺！！！什麼臉蛋、身材、身高通通不是我要的重點！我看的只有「感覺」感覺好什麼都沒問題，感覺不好什麼都免談但這也是最難達到的！這次就不附圖了，每次附圖都被模糊焦點試試看不附的話回應會有多慘吧xdddd",
    "time": "2017/06/01 12:47:42",
    "event": "click"
  },
  {
    "category": "5",
    "app": "MoPTT",
    "id": "38",
    "context": "re:[閒聊]站內信真的有用？有人來信問我說，站內信有用嗎？真的約的到嗎？我就來回一下這篇系列文吧！我的答案是：有用！約得到！！以下為個人見解，勿砲勿戰謝謝！=============分隔線=============我個人認為約得到的前提是，不是為了約炮而約炮雖然寄站內信，最終的目的為何大家都心知肚明，但至少不要寄罐頭訊息，亂槍打鳥，認真的爬一下文，瞭解過後再寄信，看了也舒服的多！精蟲衝腦的人，寄站內信的內容，看起來滿滿的都是精蟲，在螢幕裡面遊啊遊的.....不趕快把信刪掉超怕手機被黏住！想馬上可以約出來的？那我建議還是用約炮軟體吧從我們開始發文到現在，總共收過幾封信我倒是真的沒去算過，但是有留通訊軟體聊天的粗估約40～50位，有耐心跟我們聊天讓我們願意出來碰面的不超過十位真正能跟我們一起互動的，截至目前為止只有兩位！而這兩位到現在都還有保持互動的關係，玩得方式也不是像一般單純的約炮，這纔是我們要的感覺！我相信如果真的要約炮，這裏是確實約得到，只是寄信的內容真的很重要，運氣也佔了七八成！同一個人寄同樣的內容，可能當下心情不好直接刪除，也有可能當下想聊聊天想玩一玩，就小聊一下後續聊的內容合不合得來也很重要，從頭到尾都在聊色的...可以正經一點嗎？都沒有別的可以聊了嗎？一直在要照片的...聊到有fu自然會給，不用一直要聊沒兩句就要碰面、目的性太強的，pass！有的人一定會說，要約炮還要聊天多麻煩啊，不就是各取所需嗎？沒錯！男人所需的是射精的那瞬間，可是女人享受的是整個過程，沒有熟悉、沒有聊過天、沒有溝通過彼此要的是什麼，只是單純的肉慾宣洩，這不是我們要的感覺！！！什麼臉蛋、身材、身高通通不是我要的重點！我看的只有「感覺」感覺好什麼都沒問題，感覺不好什麼都免談但這也是最難達到的！這次就不附圖了，每次附圖都被模糊焦點試試看不附的話回應會有多慘吧xdddd",
    "time": "2017/06/01 12:47:42",
    "event": "slide"
  }
]