[
  {
    "category": "6",
    "app": "MoPTT",
    "id": "39",
    "context": "[耍冷]湖中女神有一天樵夫去砍樹不小心把斧頭掉在湖裡這時湖中女神出現了女神：請問你掉的是金斧頭銀斧頭還是這把普通的斧頭呢？樵夫：我想幹妳女神：喔幹你好老實喔",
    "time": "2017/06/01 12:51:04",
    "event": "click"
  },
  {
    "category": "6",
    "app": "MoPTT",
    "id": "40",
    "context": "[耍冷]湖中女神有一天樵夫去砍樹不小心把斧頭掉在湖裡這時湖中女神出現了女神：請問你掉的是金斧頭銀斧頭還是這把普通的斧頭呢？樵夫：我想幹妳女神：喔幹你好老實喔",
    "time": "2017/06/01 12:51:04",
    "event": "slide"
  }
]