[
  {
    "category": "7",
    "app": "MoPTT",
    "id": "41",
    "context": "[情報]psplus12+2商店連結:https://goo.gl/svz6ri看起來今天才新上架網頁裡沒寫活動期限，只能看晚點會不會更新了前陣子才買一年份+槍彈，最近psn活動真的有點多再這樣下去不知道會包到民國幾年",
    "time": "2017/06/01 12:53:34",
    "event": "click"
  },
  {
    "category": "7",
    "app": "MoPTT",
    "id": "42",
    "context": "[情報]psplus12+2商店連結:https://goo.gl/svz6ri看起來今天才新上架網頁裡沒寫活動期限，只能看晚點會不會更新了前陣子才買一年份+槍彈，最近psn活動真的有點多再這樣下去不知道會包到民國幾年",
    "time": "2017/06/01 12:53:34",
    "event": "slide"
  }
]