[
  {
    "category": "8",
    "app": "MoPTT",
    "id": "43",
    "context": "re:[問題]最後生還者好難※引述《arrange(米狗)》之銘言：:玩到下水道:喬爾亨利跟山姆艾莉分開:然後遇到一堆跑者+循聲者4:請教我血只有三小格，炸彈1個，煙霧彈2個:長槍子彈2，短槍8:磚塊0:急救箱0:彈簧刀1:這樣要怎麼過:我是不是不可能過了:這遊戲好難，玩的好生氣:資源少少又沒辦法買血瓶:自己做急救箱，老是少碎布，酒精:想開門，又沒有資源做彈簧刀:玩的好生氣，為什麼大家這麼推:資源不開攻略去找都找不到，可是我只想順順玩遊戲啊，為什麼玩個遊戲還要搭配攻略:這不是手殘遊戲，為什麼會玩的這麼苦:我是不是不適合玩這種遊戲:被循聲者氣到想摔手把，沒玩過這麼爛拾荒遊戲，只能撿資源改造:子彈還沒辦法自己做，運氣好掉個兩顆給你:沒地圖一直迷路，死了也不會補血:永遠血在三格以下:我把難度從生還者改簡單了，可是也沒用啊:只有三格血，包包武器0要怎麼玩:大家這麼推，拿一堆大獎的遊戲:我怎麼會玩的這麼火:sorry簡單難度路上都可能有整把彈簧刀可以撿，資源應該會多到滿出來，我一開始也是normal玩的很嘔，中間才調成簡單，暗殺潛行再不上手，滿滿的資源起碼比較安心。下水道這段跑者太多我好像是拿散彈硬幹的，生還者難度好像都改成大量循聲者(？反而可以慢慢走到底另外看原po的敘述，可能你跟我一樣喜歡暗殺或摸掉敵人的成就感(古墓ormgs)，但最後生還者是潛行非常、非常、非常吃重的遊戲，如果有玩mgs應該會有一點感覺，這個遊戲很多時候是不建議你殺光敵人(感染者)的，人類例外，因為人類最可怕所以都該殺(咳)假如一直玩的很挫折，建議就用簡單跑完故事就好，劇情和系統營造的壓迫感已經很大了，相性不佳的話建議不用那麼自虐，若是到後期還是掌握不到暗殺/潛行及磚塊大法的感覺的話，看完劇情就夠了，反之你玩出訣竅來了自然會去挑戰高難度。每個人喜歡的遊戲，相性不佳的話建議不用那麼自虐，若是到後期還是掌握不到暗殺/潛行及磚塊大法的感覺的話，看完劇情就夠了，反之你玩出訣竅來了自然會去挑戰高難度。每個人喜歡的遊戲類型不同，我也承認它是個好遊戲，但跟我的口味不合，tlouspartii可能就會pass了，頑皮狗還是祕境這種歡樂game我比較喜歡qwq",
    "time": "2017/06/01 12:54:14",
    "event": "click"
  },
  {
    "category": "8",
    "app": "MoPTT",
    "id": "44",
    "context": "re:[問題]最後生還者好難※引述《arrange(米狗)》之銘言：:玩到下水道:喬爾亨利跟山姆艾莉分開:然後遇到一堆跑者+循聲者4:請教我血只有三小格，炸彈1個，煙霧彈2個:長槍子彈2，短槍8:磚塊0:急救箱0:彈簧刀1:這樣要怎麼過:我是不是不可能過了:這遊戲好難，玩的好生氣:資源少少又沒辦法買血瓶:自己做急救箱，老是少碎布，酒精:想開門，又沒有資源做彈簧刀:玩的好生氣，為什麼大家這麼推:資源不開攻略去找都找不到，可是我只想順順玩遊戲啊，為什麼玩個遊戲還要搭配攻略:這不是手殘遊戲，為什麼會玩的這麼苦:我是不是不適合玩這種遊戲:被循聲者氣到想摔手把，沒玩過這麼爛拾荒遊戲，只能撿資源改造:子彈還沒辦法自己做，運氣好掉個兩顆給你:沒地圖一直迷路，死了也不會補血:永遠血在三格以下:我把難度從生還者改簡單了，可是也沒用啊:只有三格血，包包武器0要怎麼玩:大家這麼推，拿一堆大獎的遊戲:我怎麼會玩的這麼火:sorry簡單難度路上都可能有整把彈簧刀可以撿，資源應該會多到滿出來，我一開始也是normal玩的很嘔，中間才調成簡單，暗殺潛行再不上手，滿滿的資源起碼比較安心。下水道這段跑者太多我好像是拿散彈硬幹的，生還者難度好像都改成大量循聲者(？反而可以慢慢走到底另外看原po的敘述，可能你跟我一樣喜歡暗殺或摸掉敵人的成就感(古墓ormgs)，但最後生還者是潛行非常、非常、非常吃重的遊戲，如果有玩mgs應該會有一點感覺，這個遊戲很多時候是不建議你殺光敵人(感染者)的，人類例外，因為人類最可怕所以都該殺(咳)假如一直玩的很挫折，建議就用簡單跑完故事就好，劇情和系統營造的壓迫感已經很大了，相性不佳的話建議不用那麼自虐，若是到後期還是掌握不到暗殺/潛行及磚塊大法的感覺的話，看完劇情就夠了，反之你玩出訣竅來了自然會去挑戰高難度。每個人喜歡的遊戲，相性不佳的話建議不用那麼自虐，若是到後期還是掌握不到暗殺/潛行及磚塊大法的感覺的話，看完劇情就夠了，反之你玩出訣竅來了自然會去挑戰高難度。每個人喜歡的遊戲類型不同，我也承認它是個好遊戲，但跟我的口味不合，tlouspartii可能就會pass了，頑皮狗還是祕境這種歡樂game我比較喜歡qwq",
    "time": "2017/06/01 12:54:14",
    "event": "slide"
  }
]