[
  {
    "category": "1",
    "app": "Line",
    "id": "1",
    "context": "那你先休息吧！不。我要堅強的爬起來去醫院看醫生=-=好哦！心疼了。。乖老公等我回來！我去打針啦",
    "time": "2017/06/05 16:35:11",
    "event": "slide"
  },
  {
    "category": "2",
    "app": "Line",
    "id": "2",
    "context": "好哦去吧",
    "time": "2017/06/05 16:35:17",
    "event": "type"
  },
  {
    "category": "1",
    "app": "Line",
    "id": "4",
    "context": "那你先休息吧！不。我要堅強的爬起來去醫院看醫生=-=好哦！心疼了。。乖老公等我回來！我去打針啦好哦去吧",
    "time": "2017/06/05 16:35:20",
    "event": "slide"
  }
]