[
  {
    "category": "10",
    "app": "Chrome",
    "id": "25",
    "context": "#圖簡易壽喜燒-dcard這兩天雨下超級大的，要外出買三餐有夠困難，所以就就近去全聯買了一些簡單的食材來煮壽喜燒啦！以下食材可以替換成自己喜歡的蔬菜，食材：小白菜、青江菜，玉米筍、鱈魚丸，雪白菇、豬肉片，洋蔥、白蘿蔔，寬粉絲、火鍋用豆腐",
    "time": "2017/06/05 16:42:10",
    "event": "click"
  },
  {
    "category": "10",
    "app": "Chrome",
    "id": "26",
    "context": "#圖簡易壽喜燒-dcard這兩天雨下超級大的，要外出買三餐有夠困難，所以就就近去全聯買了一些簡單的食材來煮壽喜燒啦！以下食材可以替換成自己喜歡的蔬菜，食材：小白菜、青江菜，玉米筍、鱈魚丸，雪白菇、豬肉片，洋蔥、白蘿蔔，寬粉絲、火鍋用豆腐",
    "time": "2017/06/05 16:42:10",
    "event": "slide"
  },
  {
    "category": "10",
    "app": "Chrome",
    "id": "28",
    "context": "8種泰國泡麵+3種越南泡麵#評比-dcard上次在公館的泰國小館前面買了泰國泡麵+越南泡麵回去。（其實原本以為都是泰國泡麵，回來之後才發現有3種越南泡麵），泰國小館非常有名，在汀州路上，因為不打算推薦餐廳美食，有需要去那邊買再自己查店址囉，這是所有泡麵排排站照，有些口味應該可以在超市找到。",
    "time": "2017/06/05 16:44:29",
    "event": "click"
  },
  {
    "category": "10",
    "app": "Chrome",
    "id": "29",
    "context": "8種泰國泡麵+3種越南泡麵#評比-dcard上次在公館的泰國小館前面買了泰國泡麵+越南泡麵回去。（其實原本以為都是泰國泡麵，回來之後才發現有3種越南泡麵），泰國小館非常有名，在汀州路上，因為不打算推薦餐廳美食，有需要去那邊買再自己查店址囉，這是所有泡麵排排站照，有些口味應該可以在超市找到。",
    "time": "2017/06/05 16:44:29",
    "event": "slide"
  },
  {
    "category": "10",
    "app": "Chrome",
    "id": "31",
    "context": "全聯/綠豆涼菓子-dcard大家好，第一次在美食版發文如果有什麼不妥還請多多包涵指教，看到還沒有人分享的樣子所以就來發了，前一陣子看到有一篇分享古早味的傳統點心，因為不知道為什麼我超愛古早味點心的，愛到連我媽都說我有一顆古早胃",
    "time": "2017/06/05 16:47:39",
    "event": "click"
  },
  {
    "category": "10",
    "app": "Chrome",
    "id": "32",
    "context": "全聯/綠豆涼菓子-dcard大家好，第一次在美食版發文如果有什麼不妥還請多多包涵指教，看到還沒有人分享的樣子所以就來發了，前一陣子看到有一篇分享古早味的傳統點心，因為不知道為什麼我超愛古早味點心的，愛到連我媽都說我有一顆古早胃",
    "time": "2017/06/05 16:47:39",
    "event": "slide"
  }
]