[
  {
    "category": "11",
    "app": "Facebook",
    "id": "34",
    "context": "貓媽生下小貓20天後，終於肯叼回家，下一刻場面忍不住痛哭！-coco大馬站▲這隻挺起大肚子的貓媽，叫大白，是我餵養的一隻流浪貓。2個月後，大白鼓鼓的肚子軟了，它做了媽媽。▲每天吃飯，仍然像過去一樣，等別人吃完才會去吃，無論相貌和性格，它都非常像自己的外祖母，一樣的小心謹慎。等啊，等啊，它已經等了好久，兩位咋還吃不完呢，眼看著碗裡的飯都要光了。",
    "time": "2017/06/05 16:49:18",
    "event": "click"
  },
  {
    "category": "11",
    "app": "Facebook",
    "id": "35",
    "context": "貓媽生下小貓20天後，終於肯叼回家，下一刻場面忍不住痛哭！-coco大馬站▲這隻挺起大肚子的貓媽，叫大白，是我餵養的一隻流浪貓。2個月後，大白鼓鼓的肚子軟了，它做了媽媽。▲每天吃飯，仍然像過去一樣，等別人吃完才會去吃，無論相貌和性格，它都非常像自己的外祖母，一樣的小心謹慎。等啊，等啊，它已經等了好久，兩位咋還吃不完呢，眼看著碗裡的飯都要光了。",
    "time": "2017/06/05 16:49:18",
    "event": "slide"
  },
  {
    "category": "11",
    "app": "Facebook",
    "id": "36",
    "context": "小浣熊突然深情款款地望著喵喵，沒想到下一秒的舉動....讓看的人瞬間笑到噴飯！-coco大馬站小浣熊都有個看見什麼東西就想拿去水裡洗的奇怪習慣，也曾經鬧出不少悲劇！看牠雙手隨時準備好要洗東西的樣...",
    "time": "2017/06/05 16:54:40",
    "event": "click"
  },
  {
    "category": "11",
    "app": "Facebook",
    "id": "37",
    "context": "小浣熊突然深情款款地望著喵喵，沒想到下一秒的舉動....讓看的人瞬間笑到噴飯！-coco大馬站小浣熊都有個看見什麼東西就想拿去水裡洗的奇怪習慣，也曾經鬧出不少悲劇！看牠雙手隨時準備好要洗東西的樣...",
    "time": "2017/06/05 16:54:40",
    "event": "slide"
  },
  {
    "category": "11",
    "app": "Facebook",
    "id": "38",
    "context": "《全職摸貓工作》全天下最適合貓奴的工作-coco01天啊！看得我超想應徵的！一個人有沒有養貓～看他摸貓咪的手勢就知道，常摸貓咪的人知道怎麼摸可以讓貓老大們最舒爽，愛爾蘭都柏林這間專門替貓咪看診的獸醫院「justcatsveterinaryclin",
    "time": "2017/06/05 16:55:33",
    "event": "click"
  },
  {
    "category": "11",
    "app": "Facebook",
    "id": "39",
    "context": "《全職摸貓工作》全天下最適合貓奴的工作-coco01天啊！看得我超想應徵的！一個人有沒有養貓～看他摸貓咪的手勢就知道，常摸貓咪的人知道怎麼摸可以讓貓老大們最舒爽，愛爾蘭都柏林這間專門替貓咪看診的獸醫院「justcatsveterinaryclin",
    "time": "2017/06/05 16:55:33",
    "event": "slide"
  }
]