[
  {
    "category": "12",
    "app": "Facebook",
    "id": "40",
    "context": "這個寶寶一出生臉上就有「上帝給的禮物」爆紅，長大後的樣子已經融化一堆粉絲了！–shareu趣味新聞土耳其有一位28歲的媽媽ceyda生下了寶寶Çinar，想不到寶寶的臉上有一個漂亮愛心形狀的胎記，讓c",
    "time": "2017/06/05 16:56:12",
    "event": "click"
  },
  {
    "category": "12",
    "app": "Facebook",
    "id": "41",
    "context": "這個寶寶一出生臉上就有「上帝給的禮物」爆紅，長大後的樣子已經融化一堆粉絲了！–shareu趣味新聞土耳其有一位28歲的媽媽ceyda生下了寶寶Çinar，想不到寶寶的臉上有一個漂亮愛心形狀的胎記，讓c",
    "time": "2017/06/05 16:56:12",
    "event": "slide"
  }
]