[
  {
    "category": "13",
    "app": "Facebook",
    "id": "42",
    "context": "小男孩不知道媽媽已經去世了還趴在棺木上癡癡望著她，當阿姨聽到他問出「這一個問題」心臟都快裂開了…爸爸和媽媽是孩子成長的過程中不可或缺的角色，因此對一個小小年紀不黯世事的孩子來說，失去媽媽是多麼悲傷的事…。近來有一張菲律賓小男孩趴在媽媽棺木前的照片讓人心碎，拍攝照片的是小男孩的阿姨，只見小男孩靜靜趴在棺木前思念母親，而阿姨拍下了他和媽媽最後的合照……。喪禮中，小男孩小心趴在媽媽的棺木前，看著母親熟睡的容顏。他的阿姨在臉書寫下：你要怎麼解釋你的小孩問說：「為什麼我不能睡在媽媽旁邊？」。這是多麼讓人心碎的一句話，儘管他對死亡的定義還懵懵懂懂，但他的童言童語無不讓人心痛。阿姨還寫到：「他自己推著椅子，爬上去擁抱媽媽，看到這幕時，我頓時心痛到難以言喻…」。",
    "time": "2017/06/05 16:57:43",
    "event": "click"
  },
  {
    "category": "13",
    "app": "Facebook",
    "id": "43",
    "context": "小男孩不知道媽媽已經去世了還趴在棺木上癡癡望著她，當阿姨聽到他問出「這一個問題」心臟都快裂開了…爸爸和媽媽是孩子成長的過程中不可或缺的角色，因此對一個小小年紀不黯世事的孩子來說，失去媽媽是多麼悲傷的事…。近來有一張菲律賓小男孩趴在媽媽棺木前的照片讓人心碎，拍攝照片的是小男孩的阿姨，只見小男孩靜靜趴在棺木前思念母親，而阿姨拍下了他和媽媽最後的合照……。喪禮中，小男孩小心趴在媽媽的棺木前，看著母親熟睡的容顏。他的阿姨在臉書寫下：你要怎麼解釋你的小孩問說：「為什麼我不能睡在媽媽旁邊？」。這是多麼讓人心碎的一句話，儘管他對死亡的定義還懵懵懂懂，但他的童言童語無不讓人心痛。阿姨還寫到：「他自己推著椅子，爬上去擁抱媽媽，看到這幕時，我頓時心痛到難以言喻…」。",
    "time": "2017/06/05 16:57:43",
    "event": "slide"
  }
]