[
  {
    "category": "4",
    "app": "Chrome",
    "id": "5",
    "context": "註冊dcard",
    "time": "2017/06/05 16:36:10",
    "event": "click"
  },
  {
    "category": "4",
    "app": "Chrome",
    "id": "6",
    "context": "dcard不想錯過任何有趣的話題嗎？趕快加入我們吧！",
    "time": "2017/06/05 16:36:10",
    "event": "slide"
  },
  {
    "category": "4",
    "app": "Chrome",
    "id": "24",
    "context": "dcard不想錯過任何有趣的話題嗎？趕快加入我們吧！",
    "time": "2017/06/05 16:41:44",
    "event": "slide"
  },
  {
    "category": "4",
    "app": "Chrome",
    "id": "27",
    "context": "dcard不想錯過任何有趣的話題嗎？趕快加入我們吧！",
    "time": "2017/06/05 16:44:04",
    "event": "slide"
  },
  {
    "category": "4",
    "app": "Chrome",
    "id": "30",
    "context": "dcard不想錯過任何有趣的話題嗎？趕快加入我們吧！",
    "time": "2017/06/05 16:47:17",
    "event": "slide"
  },
  {
    "category": "4",
    "app": "Chrome",
    "id": "33",
    "context": "dcard不想錯過任何有趣的話題嗎？趕快加入我們吧！",
    "time": "2017/06/05 16:48:41",
    "event": "slide"
  }
]