[
  {
    "category": "5",
    "app": "Chrome",
    "id": "7",
    "context": "電影板-dcard",
    "time": "2017/06/05 16:36:15",
    "event": "click"
  },
  {
    "category": "5",
    "app": "Chrome",
    "id": "8",
    "context": "電影板-dcard",
    "time": "2017/06/05 16:36:16",
    "event": "slide"
  },
  {
    "category": "5",
    "app": "Chrome",
    "id": "9",
    "context": "#舊電影#一言心得ai人工智慧-dcard簡約的一句心得......，一生只愛一個人...好累。（主角是一名機器人，由於硬碟設定的限制，一生只會愛一個人。），簡單來說，這是一部帶著熊熊千里尋母的故事，途中遇見保母機器人、情人機器人，令我印象最深刻個是保母機器人由於機器的設定，到死前一刻，依然對自己保母這個職業視為最重要的一部份，對於如此，喜乎？憂乎？但至少這是我們無法勝過機器人的這一塊。",
    "time": "2017/06/05 16:36:44",
    "event": "click"
  },
  {
    "category": "5",
    "app": "Chrome",
    "id": "10",
    "context": "#舊電影#一言心得ai人工智慧-dcard簡約的一句心得......，一生只愛一個人...好累。（主角是一名機器人，由於硬碟設定的限制，一生只會愛一個人。），簡單來說，這是一部帶著熊熊千里尋母的故事，途中遇見保母機器人、情人機器人，令我印象最深刻個是保母機器人由於機器的設定，到死前一刻，依然對自己保母這個職業視為最重要的一部份，對於如此，喜乎？憂乎？但至少這是我們無法勝過機器人的這一塊。",
    "time": "2017/06/05 16:36:44",
    "event": "slide"
  },
  {
    "category": "5",
    "app": "Chrome",
    "id": "11",
    "context": "電影板-dcard",
    "time": "2017/06/05 16:37:08",
    "event": "slide"
  }
]