[
  {
    "category": "8",
    "app": "Chrome",
    "id": "16",
    "context": "考試板-dcard",
    "time": "2017/06/05 16:39:01",
    "event": "click"
  },
  {
    "category": "8",
    "app": "Chrome",
    "id": "17",
    "context": "考試板-dcard",
    "time": "2017/06/05 16:39:01",
    "event": "slide"
  },
  {
    "category": "8",
    "app": "Chrome",
    "id": "18",
    "context": "#公告標題請加上分類#轉學考、#國考、#重考、#考古題-dcard要考試但是隻唸了封面嗎？要考試但是忍不住滑dcard嗎？要考試但是心早就放假去了嗎？（*´∀`）~，我們都知道的，所以dcard開「考試版」囉！，為了讓後續逛版的人方便閱讀查找，所以請大家在標題統一格式",
    "time": "2017/06/05 16:39:04",
    "event": "click"
  },
  {
    "category": "8",
    "app": "Chrome",
    "id": "19",
    "context": "#公告標題請加上分類#轉學考、#國考、#重考、#考古題-dcard要考試但是隻唸了封面嗎？要考試但是忍不住滑dcard嗎？要考試但是心早就放假去了嗎？（*´∀`）~，我們都知道的，所以dcard開「考試版」囉！，為了讓後續逛版的人方便閱讀查找，所以請大家在標題統一格式",
    "time": "2017/06/05 16:39:04",
    "event": "slide"
  }
]