[
  {
    "category": "9",
    "app": "Chrome",
    "id": "20",
    "context": "蘋果日報—即時新聞",
    "time": "2017/06/05 16:39:56",
    "event": "click"
  },
  {
    "category": "9",
    "app": "Chrome",
    "id": "21",
    "context": "蘋果日報—即時新聞",
    "time": "2017/06/05 16:39:56",
    "event": "slide"
  },
  {
    "category": "9",
    "app": "Chrome",
    "id": "22",
    "context": "蘋果地產網｜首頁｜蘋果日報",
    "time": "2017/06/05 16:40:35",
    "event": "click"
  },
  {
    "category": "9",
    "app": "Chrome",
    "id": "23",
    "context": "蘋果地產網｜首頁｜蘋果日報",
    "time": "2017/06/05 16:40:35",
    "event": "slide"
  }
]