[
  {
    "category": "1",
    "app": "Dcard",
    "id": "1",
    "context": "#花蓮#圖隱藏版甜品日本媽媽點心花蓮真的有很多好吃的，要真的耐心慢慢找最近在ig上滑美食，就讓我發現到一個超可愛的甜品一查之下是一個在住宅區的一家在賣手工點心一個日本媽媽嫁到臺灣花蓮和她老公一起在賣喔話不多說，只好立馬衝去買了店面",
    "time": "2017/07/05 16:22:24",
    "event": "click"
  },
  {
    "category": "1",
    "app": "Dcard",
    "id": "2",
    "context": "#花蓮#圖隱藏版甜品日本媽媽點心花蓮真的有很多好吃的，要真的耐心慢慢找最近在ig上滑美食，就讓我發現到一個超可愛的甜品一查之下是一個在住宅區的一家在賣手工點心一個日本媽媽嫁到臺灣花蓮和她老公一起在賣喔話不多說，只好立馬衝去買了店面招牌果凍藍色—海洋果凍紅色—太陽果凍白色—蜂蜜檸檬奶酪顏色很漂亮很可愛吧，別擔心這不是色素老闆說是用各種水果和水果汁做出來的，很好吃😋蜂蜜凹蛋糕（8寸）我覺得我一個女孩可以吃完，哈哈很薄，還有流漿汁推水果果凍奇異果，葡萄，葡萄柚原來這家可以宅配甜品喔，除了奶酪和布丁不能宅配。可以上他們的臉書詢問😜不用去花蓮也可以買到啦～～（這些果凍都是我後來在臺北訂購的）臉書：日本媽媽點心地址：花蓮縣花蓮市延平街74巷口營業時間：下午2點到傍晚7點賣完就沒了喔～～下次還想去花蓮吃☺️哦，對了！他們只能外帶哦～",
    "time": "2017/07/05 16:22:24",
    "event": "slide"
  }
]