[
  {
    "category": "3",
    "app": "Dcard",
    "id": "5",
    "context": "你有dcard嗎？最近跟一個女生聊天聊得感覺不錯，昨天想說問她有沒有dcard，如果有的話以後還有個共同話題，我們都是講電話不打字的，因為我們都懶，而且用講的肯定比用打的多，所以我昨天問她說你有dcard嗎，她竟然回我",
    "time": "2017/07/05 16:25:29",
    "event": "click"
  },
  {
    "category": "3",
    "app": "Dcard",
    "id": "6",
    "context": "你有dcard嗎？最近跟一個女生聊天聊得感覺不錯昨天想說問她有沒有dcard如果有的話以後還有個共同話題我們都是講電話不打字的因為我們都懶而且用講的肯定比用打的多所以我昨天問她說你有dcard嗎她竟然回我.............我只有ccup......瞬間我終於知道什麼叫做空氣凝結了",
    "time": "2017/07/05 16:25:31",
    "event": "slide"
  }
]