[
  {
    "category": "4",
    "app": "Dcard",
    "id": "7",
    "context": "真的是童言童語嗎？發錯版告知一下，會刪謝謝，/，早上睡過頭和朋友約臺北碰面，很匆忙的出門但還是錯過一班車，想說去附近的便利商店買點東西吃，看了一下app下班車大約15分鐘，就抓了牛奶和涼麵結帳，本身不吃辣所以就拿了大滿足涼麵（麻醬）",
    "time": "2017/07/05 16:25:38",
    "event": "click"
  },
  {
    "category": "4",
    "app": "Dcard",
    "id": "8",
    "context": "真的是童言童語嗎？發錯版告知一下，會刪謝謝/早上睡過頭和朋友約臺北碰面很匆忙的出門但還是錯過一班車想說去附近的便利商店買點東西吃看了一下app下班車大約15分鐘就抓了牛奶和涼麵結帳本身不吃辣所以就拿了大滿足涼麵(麻醬)在座位區開始享用這時來了一個弟弟口中唸著沒位置沒位置就大聲的喊他媽媽我想說我等個車而已4人座很浪費(2人座的都滿了)就招手和那個媽媽說可以坐我對面媽媽來之後也沒說謝謝就算了弟弟開始吃著冰批評周遭的人ex:那些叔叔怎麼那麼邋遢(那是附近建案的工人)喝一杯飲料為什麼要坐位置那個姐姐腳好長好噁心(那個女生至少170超正的被你說成這樣)那個阿姨妝好濃好奇怪(這個女生我沒看到因為坐在我正後方)就是各種評語頂多吐出一兩句能聽的但都是稱讚他媽媽……此時此刻我只覺得傻眼他媽媽也不管也不阻止就任由他兒子大聲批評app的提醒跳出表示車子五分鐘後進站我只好速速把剩下2/3的麵塞進肚子裡一站起來……小腹凸出來了???我丟完垃圾要走出去等車時那個弟弟說話了！那個姐姐肚子很凸很醜像阿嬤！那個姐姐肚子很凸很醜像阿嬤！那個姐姐肚子很凸很醜像阿嬤！整個臉一陣青一陣白他媽媽還笑出來！顧不得等車了！走過去說“弟弟，你這樣講話很不好！”弟弟還回我說我只是小孩！一瞬間聽到理智斷裂的聲音“弟弟，你仗著你是小孩說話不負責，不代表我就應該要原諒你，你這叫故意的不是叫童言無忌，換句話說叫白目！”我也沒讓媽媽反駁的機會她一開口我就馬上接話“這位阿姨，好心讓位也不懂的說聲謝謝！任由小孩在這肆意批評，你覺得人家叫你阿嬤你開心嗎？工人休息有錯嗎？你的房子誰蓋的？不懂的尊重他人還不教導小孩何謂尊重，真的是我看過最沒家教的小孩！”他媽媽馬上回我說小孩子童言童語幹嘛計較心眼很小之類的真的是怒火直接爆炸和他說?“童言無忌不是用在沒有家教沒有教養的家庭裡！”然後我就走出去等車了！短短幾分鐘的對話讓我超憤怒的！車快到時工人們也剛好走出來還和我說謝謝?怎麼會有這樣的媽教出這樣的小孩這真的是童言童語嗎？好歹小時候我媽還會威脅我閉嘴然後和人家說小孩子不懂事?",
    "time": "2017/07/05 16:25:39",
    "event": "slide"
  }
]