[
  {
    "category": "5",
    "app": "Dcard",
    "id": "9",
    "context": "#二更兒子射後不理，妳身為媽媽卻⋯⋯⋯不好意思在這邊回覆大家，再獻上一次道歉用這種標題，還有我是新聘教師要等到九月才會教到那小弟弟，我已經先記住了，並不會欺負他啦！只是會特別輔導他！，然後b22如果怕狗的話可以趕走他這個是合理的，但今天這條流浪狗窩知道，他很喜歡翻垃圾來吃而已並不會攻擊人，而且最讓我生氣的是他是把bb彈打在狗身上，好幾槍！我才會去制止！",
    "time": "2017/07/05 16:26:50",
    "event": "click"
  },
  {
    "category": "5",
    "app": "Dcard",
    "id": "10",
    "context": "#二更兒子射後不理，妳身為媽媽卻⋯⋯⋯不好意思在這邊回覆大家，再獻上一次道歉用這種標題???還有我是新聘教師要等到九月才會教到那小弟弟，我已經先記住了，並不會欺負他啦！只是會特別輔導他！然後b22如果怕狗的話可以趕走他這個是合理的，但今天這條流浪狗窩知道，他很喜歡翻垃圾來吃而已並不會攻擊人，而且最讓我生氣的是他是把bb彈打在狗身上，好幾槍！我才會去制止！那隻狗都很可憐的在唉唉叫了！至於為什麼摔槍只是被氣到了，因為她媽媽一直叫我流氓，也就想說演給她看嘍！本人是因為要當兵了才剃頭，項鍊是保平安的玉項鍊，木屐是日本買回來穿來散步的哈哈！但叼著菸確實不對，要戒了哈哈???其實會打這篇文章並沒有要怪小朋友，其實真正要怪的是家長，所以我並不會因爲那小孩的行為我就對他有偏見，往後如果有教到他，會從課堂上切入讓他瞭解不該去欺負動物而已！還有我本人脾氣算不錯，不然不會去當小學老師哈哈???！只是當下他媽媽的口氣讓我很受不了！好啦這邊正文開始這事情發生在前天晚上，我吃完晚餐帶著我家的狗狗去散步，路上發現有個國小屁孩拿著bb槍在射流浪狗，我立馬上前阻止結果這小屁孩卻繼續射，我火一來就直接把他的槍搶走，他就開始叫媽媽，他媽媽從家裡出來後就說：你在幹什麼？臭流氓！幹嘛欺負我兒子。我心裡os：馬的我只是留個平頭帶個項鍊，天氣熱穿著吊嘎跟木屐然後嘴巴叼根菸就被說是流氓了我就說阿姨你小孩拿bb槍射狗當好玩，我制止他後他不聽我才把他的槍搶走，還有我不是流氓！他媽媽就回嗆：長這樣還說不是流氓，那隻流浪狗很討厭每次都翻我家的垃圾，我兒子只是在玩不小心射到，你搶他玩具幹嘛！耍流氓喔！面對這種恐龍家長我也沒話說了，直接把槍摔爛，然後說多少錢我賠給你，錢掏出來以後我就說，我每天都會來這裡散步，如果讓我再看到你兒子射狗，我就再摔一次，就走了！這種家長真的無法溝通，流浪狗做錯了什麼？他們從小就沒有人教導他如何生活，他們只能憑自己的本能去生活去翻垃圾吃，你還因為討厭他而合理化自己兒子的行為！後來調查了一下他是哪間小學哪一班的，因為我們這裡是鄉下小鎮，很容易打聽，將將好就是我九月開始要去授課的小學，就不要讓我教到你，讓你知道什麼是流氓教師！在面試時校長也說我長得不太像老師，我說這是一大優點，現在的小孩子很皮很難教，我長得比較兇一點他們才會乖乖聽話！最後跟大家道歉，用這種標題把大家騙進來哈哈！簽名檔就用個：長相兇惡的小學老師吧！",
    "time": "2017/07/05 16:26:52",
    "event": "slide"
  }
]