[
  {
    "category": "6",
    "app": "Dcard",
    "id": "11",
    "context": "美妝",
    "time": "2017/07/05 16:27:11",
    "event": "click"
  },
  {
    "category": "6",
    "app": "Dcard",
    "id": "12",
    "context": "黑特更想要紋眉的各位請注意⚠️對於我這個極度手殘的人，原先以為紋眉完就可以擺脫困擾，沒想到卻是悲劇的開始...，這是第一次剛用完的照片⬆️，很明顯就是眉毛高低不一樣、粗細不一樣、長度也不一樣，這跟原先紋眉師再幫我紋眉前化的眉型，其實是有差距的",
    "time": "2017/07/05 16:27:15",
    "event": "click"
  },
  {
    "category": "6",
    "app": "Dcard",
    "id": "13",
    "context": "黑特更想要紋眉的各位請注意⚠️對於我這個極度手殘的人原先以為紋眉完就可以擺脫困擾沒想到卻是悲劇的開始...這是第一次剛用完的照片⬆️很明顯就是眉毛高低不一樣、粗細不一樣、長度也不一樣???這跟原先紋眉師再幫我紋眉前化的眉型其實是有差距的抱歉請原諒當時沒拍照片，無法給各位比較而且用完結痂過程，我也一直有滲血的情況，我不知道這是我個人體質問題還是...？但問過身邊有紋眉的朋友都沒有這種狀況過第一次結痂掉完時眉毛底下很明顯有一條線，感覺就像是紋眉師當初所化的框行之後有跟紋眉師反映那條線的問題第二次回去補眉時我詢問紋眉師那條線要怎麼修阿？她說：沒關係妳先躺下我來用我相信她的專業，我就沒在多問什麼第二次剛用完的照片⬆️結痂掉完那條線還是存在著，我原先一直以為是留疤了直到前幾天去醫美想雷射洗眉時醫生看到我眉毛那條線的問題告知我這並不是留疤而是當初紋眉師的失誤她使用膚色的去蓋，而且膚色即使雷射也會有反效果這裏附上網路尋找到的相關文章??醫生也認為我去詢問清楚當初紋眉師的施作手法並反映此問題較好附上跟紋眉師之後的對話⬇️⬇️⬇️我對於紋眉這件事我是認同的但對於紋眉師用膚色去蓋這件事我敢保證，紋眉師並沒有告知我使用的方式也沒告知我蓋上膚色之後會造成的影響如果她有告知我當初就不會選擇蓋膚色了！其實我今天也沒有要求紋眉師要賠償什麼，只想要紋眉師坦承自己的缺失並道歉難到很難嗎？⚠️提醒之後還有想要紋眉的各位記得一定要清楚自己紋眉師所使用的方法跟原料7/5更新感謝b89幫我給該店家差評關於店家控訴幾點我在這裡統一回復訊息1.首先先道歉，我在文章沒有告知我紋眉的時間，這件事確實已經1年了，在紋眉後我前後補眉2次皆有反映關於那條線的問題在這補上1年當中跟紋眉師的對話⬇️我的今天會po這個文的原因是因為上星期去諮詢醫美想雷射洗眉時，醫生告知我眉毛那條線是店家的使用膚色顏料補色，如雷射的話防曬沒做好還會造成反黑，我跟店家反映，店家的回覆的對話訊息皆在一開始的內文裡2.價格的部分我確實搞錯，因為當時我是眉毛跟眼線一起用的，這部分我也道歉眉毛：12000眼線：6000當初是同時用的印象中好像有優惠10003.對於店家要對我提出名譽損害，這點我就真的很不解了，我確實有簽同意書同意店家施作但是同意書並沒有告知會使用膚色顏料，再者同意書皆要一式兩份，該給我的那份店家當初也並未提供，這樣在法律上應該算沒有效用的這部分我不知道我認解有沒有錯誤還希望有法律系的卡友幫我解答4.我今天控訴她的皆是她使用膚色顏料蓋色，是沒有經過我的同意，也沒有告知我會有什麼影響！對於這個我應該也可以像店家要求精神賠償吧???5.最後這段時間裡除了給該店家補眉之外，我並沒有再給其它美容業者或是醫美補眉或是洗眉的動作，只有在上星期跟醫美諮詢簽名檔：眉毛失敗的女子??‍♀️??‍♀️??‍♀️",
    "time": "2017/07/05 16:27:19",
    "event": "slide"
  },
  {
    "category": "6",
    "app": "Dcard",
    "id": "14",
    "context": "我愛粉紅?眼妝分享大概沒認真畫眼妝100年，今天終於硬是早起化妝了（值得鼓勵啪啪啪），整體長這個樣子～完全pinkupinku，這好像是我第一次畫拿麼粉的眼妝，參與粉紅派對的夥伴們有～1⃣️innisfree#matte34",
    "time": "2017/07/05 16:30:25",
    "event": "click"
  },
  {
    "category": "6",
    "app": "Dcard",
    "id": "15",
    "context": "我愛粉紅?眼妝分享大概沒認真畫眼妝100年今天終於硬是早起化妝了(值得鼓勵啪啪啪)整體長這個樣子～完全pinkupinku這好像是我第一次畫拿麼粉的眼妝參與粉紅派對的夥伴們有～1⃣️innisfree#matte342⃣️colourpop#makingmoves3⃣️colourpop#comeandgetit4⃣️innisfree#matte145⃣️colourpop#fringe?diorlacquerstick#740原本想連口紅都擦粉色系但我真的無法再接受更多pinku惹...所以拿這支橘紅色平衡一下接著是分解圖～(分解圖也超久沒畫手指呈現半殘狀態今天這張花了我15分鐘..)1⃣️從眼尾往前畫稍微加深眼窩處再從眼角往下帶到下眼皮1/22⃣️範圍是雙眼皮摺線內畫完再用暈染刷將上面的界線模糊還有跟1⃣️自然融合3⃣️用手指點在和2⃣️相同範圍處4⃣️用點的將這個深色點在眼尾加強深邃度可稍微帶一點到下眼皮最尾端(不要太多會有點髒髒)5⃣️畫在下眼皮前1/2也可打亮眼頭(今天天氣很糟糕所以我不想打亮眼頭)6⃣️畫眼線(我沒畫因為我快遲到了qq)(建議可以加個咖啡色的內眼線)夾睫毛刷睫毛7⃣️完成?整體妝感是這樣(嘴巴那個不是沒塗好是反光)(硬要放兩張)揪4仄樣?",
    "time": "2017/07/05 16:30:28",
    "event": "slide"
  },
  {
    "category": "6",
    "app": "Dcard",
    "id": "16",
    "context": "東京jomalone省很大我是jm腦殘粉️，趁著這次暑假還沒充斥一堆屁孩的時候?，趕緊來個日本東京自由行??，當然不能錯過亞洲最便宜的東急plaza銀座️，這間百貨8、9樓是給觀光客大買特買的免稅店，持happygo還可以換1000日圓折價券",
    "time": "2017/07/05 16:31:19",
    "event": "click"
  },
  {
    "category": "6",
    "app": "Dcard",
    "id": "17",
    "context": "東京jomalone省很大我是jm腦殘粉❤️趁著這次暑假還沒充斥一堆屁孩的時候?趕緊來個日本東京自由行??當然不能錯過亞洲最便宜的東急plaza銀座☺️這間百貨8、9樓是給觀光客大買特買的免稅店持happygo還可以換1000日圓折價券??小弟我是7/1去百貨剛好遇到summersale❤️❤️❤️一到百貨就立馬衝到jm櫃第一件事當然先看價格30ml6400日圓/100ml12800日圓匯率我用0.27來算（我都換到0.26多??30ml大約臺幣1700/100ml大約臺幣3400這樣已經超級便宜結果遇到好心臺灣人跟我們講可以去拿優惠卷（happygo）我們去櫃檯詢問服務人員又偷偷給我們一張優惠卷（叫我們不要跟別人講???再來就是????doremifaso（最左邊兩罐是我帶去的）我買了4罐30ml3罐100ml折了1000又打95折總共是59800日圓大約臺幣16000❤️❤️❤️如果在臺灣專櫃買是23500整整便宜了7500可以再買3支30ml?紙袋還有世界浮誇的蝴蝶?最重要的還可以免費寄送到機場讓你不用提大包小包逛街?到機場過海關才領也不用擔心超重☺️唯一的遺憾是那邊沒有茶系列??總之就是便宜便宜最便宜☺️☺️小的下臺一鞠躬-英國梨破壞大師",
    "time": "2017/07/05 16:31:27",
    "event": "slide"
  },
  {
    "category": "6",
    "app": "Dcard",
    "id": "18",
    "context": "這兩款防曬乳所含防腐劑超標(文長)以下皆轉自媽咪拜，懶得看內文請直接跳文末總結，消基會日前針對市售防曬品作spf測試，結果顯示有6件商品測試結果低於商品標示值，恐怕造成消費者購買的防曬產品打折扣。本次測試摘要，1.採樣：本次防曬產品測試樣品為2017年3月間，於雙北市地區連鎖大賣場、生活用品店及藥粧店購買，共計25件樣品，其中11件為液狀、14件為乳狀。",
    "time": "2017/07/05 16:32:07",
    "event": "click"
  },
  {
    "category": "6",
    "app": "Dcard",
    "id": "19",
    "context": "這兩款防曬乳所含防腐劑超標(文長)以下皆轉自媽咪拜http://mamibuy.com.tw/talk/article/87837?utm_source=fb-used&utm_campaign=regular&utm_medium=post懶得看內文請直接跳文末總結消基會日前針對市售防曬品作spf測試，結果顯示有6件商品測試結果低於商品標示值，恐怕造成消費者購買的防曬產品打折扣。本次測試摘要1.採樣：本次防曬產品測試樣品為2017年3月間，於雙北市地區連鎖大賣場、生活用品店及藥粧店購買，共計25件樣品，其中11件為液狀、14件為乳狀。2.標示調查：均符合《化粧品衛生管理條例》。3.價格調查：25件樣品每毫升（公克）單價介於2〜16元。4.對羥基苯甲酸酯防腐劑（paraben）測試（7項）：7件檢出含paraben，含量均低於1％。5.化學性防曬劑成分測試（4項）：23件含桂皮酸鹽（octinoxate）、氧苯酮（oxybenzone）、奧克立林（octocrylene）或甲基水楊醇（homosalate）化學性防曬劑。6.物理性防曬劑成分調查（2項）：7件含氧化鋅（zincoxide），2件含二氧化鈦（titaniumdioxide）。7.防曬係數spf測試：19件樣品spf防曬係數測試結果符合標示值，6件樣品較低於標示值。15號:上山採藥輕油水感全效uv防曬精華spf50+16號:蒂芬妮亞零負擔輕透水防曬(臉+身體)spf5017號:媚點透顏防曬粧前乳spf50+18號:艾杜紗全效防曬凝露spf50+19號:曼秀雷敦sunplay防曬乳液（戶外玩樂型）25號:雪芙蘭防曬熊厲害寶貝防曬乳液比較本次於相同測試條件下測得25件樣品spf係數，其中標示防曬係數「50」～「50＋」共19件樣品，標示「20」～「30+」共6件樣品，測試結果有19件樣品與標示值符合，有6件樣品低於標示值，包括編號15號「上山採藥輕油水感全效uv防曬精華」、16號「零負擔輕透水防曬」、17號「媚點透顏防曬粧前乳」、18號「艾杜紗全效防曬凝露」、19號「曼秀雷敦sunplay防曬乳液（戶外玩樂型）」及25號「雪芙蘭防曬熊厲害寶貝防曬乳液」，其中3件為國產，1件為中國大陸產品，2件為日本產品。推測差異原因包括：調配不均、配方不實、zno（tio2）粒子不是奈米級、不同的檢測方法等。於臨界波長370nm的透光度測試，有12件樣品的透光度低於5％，有效防護波長290〜370nmuvb及部分uva紫外線。6個月以下嬰兒，這兩款防曬乳不要用！本會於2007年間曾進行市售防曬產品標示調查，與本次調查結果比較，發現國內市售防曬產品標示已有顯著改善，有利消費者購買時參考。在單價部分因品牌、內容物等的差異，則有8倍的價差。檢視本次防腐劑paraben成分測試，均符合現行「化粧品防腐劑成分使用基準表」的規定。提醒消費者的是，「化粧品防腐劑成分使用基準表」修訂後將於2018年4月1日生效，未來paraben防腐劑於非立即沖洗掉的產品，不得使用於3歲以下孩童之尿布部位，其中丁酯（butyl）及丙酯（propyl）paraben類的防腐劑修訂後的規定總量為0.14％，甲酯（methyl）及乙酯（ethyl）paraben類修訂後的規定總量為0.4％（單獨使用）及0.8％（混合使用）。paraben對嬰幼兒的危害比較嚴重，有些國家因此不允許嬰幼兒的化粧品中使用該種防腐劑，如丹麥禁止使用丙酯和丁酯paraben類的防腐劑，用於3歲以下兒童使用的化粧品。本次測試paraben防腐劑中有2件樣品，此2項防腐劑含量超過修訂後的規定總量0.14％，包括編號2號「香蕉船兒童系列防曬乳液spf50+pa++++」及13號「olay高效隔離防曬乳（加強型）」，可能引發過敏反應影響健康，建議最好不要用於6個月以下的嬰兒。本次測試25件樣品中octinoxate、oxybenzone、octocrylene及homosalate4種化學性防曬成分，ewg研究質疑這4項物質的安全性。本次測試樣品中有3件添加oxybenzone為主要成分，研究指出氧苯酮會滲透皮膚並引起光敏感及與激素失調過敏症有關，並且還被稱為「滲透增強劑」，指它可以幫助其他成分更容易地穿透皮膚，甚至可能導致皮膚癌，美國規範6％及歐盟10％或更低才認為是安全的，瑞典研究則指出不適合2歲以下幼童使用。本次測試25件中有20件樣品添加octinoxate做為主要成分，其對皮膚刺激性小，但有研究指出其會擾亂荷爾蒙、造成皮膚老化，並產生自由基破壞皮膚細胞。octocrylene會與其他紫外線吸收劑一併使用，可以達到較高的spf值，但其暴露在紫外線光下，吸收紫外線後，會被分解且釋放出氧自由基，可能破壞細胞導致突變。homosalate可以吸收uvb波段光線，有研究表明其對激素有微弱影響，產生有毒代謝產物，一般要求用量不得超過10％（與國內規範相同）。另外，25件樣品有近半數添加防曬成分種類達5種之多，防曬成分佔樣品體積約2成，有9件物理及化學防曬成分混合使用，雖都於規範限量內使用，但過於複雜的成分，長時間使用於皮膚上並透過皮膚吸收，尤其本次測試的4種防曬成分，有研究指出可能對健康有妨礙，消費者在選購及使用上應考量自身皮膚狀況，審慎選擇。國內現行防曬產品管理規定，防曬化粧品除二氧化鈦成分以一般化粧品管理外，其餘防曬劑成分係以含藥化粧品管理，上市前須向衛生福利部辦理查驗登記，如該防曬類化粧品有標示防曬係數（如「spf」、「pa+…」、「★…」等），應檢附防曬效能測定報告試驗文件等資料，供食藥署審查，以確認其防曬效能，經覈准並領有許可證字號後，始得製造、輸入或販售，並且有「化粧品防曬係數spf測試（人體測試）技術規範指引」供企業參考，然而人體測試耗時，且檢測費用極高，單靠業者自行管理，恐不夠周延，相關單位應進行抽驗，始能確保業者提供的測試報告真實性。根據美國《消費者報告》發現60％被測試的防曬霜中有43％不能達到標籤上的spf聲明，另外需提醒消費者的是，spf值經常會令人誤解，以為數值愈高，防曬效果就愈好，然而較高的spf等級不一定提供更大的保護免受紫外線照射而造成皮膚損傷，需考慮其對抗uva的能力，目前國內最多的uva防護標示為參考日本化粧品工業聯合會（jcia）經「人體測試」uva防護效能檢測方法標示的「pa」及英國boots公司提出「體外試驗」檢測方法，以「★」標示的uva防護效能。消費者在選購時經常以spf值、「pa」為首要參考因素，因此相關單位應儘快研議一套完整的規範，讓防曬產品由上市前的審查，至末端的查驗工作都能受到管理，以保障消費者的權利和安全。spf係數與「pa」一樣，除了現有規範外，國內尚未公告與國際完全接軌的標準測試方法及調查結果，市面上商品的防曬係數及相關資訊標示依據的真實性消費者無從得知，若參考國外現有測試方法，考慮地理環境、陽光照射及人種皮膚等因素，以國外的測試方法得到的結果，與國內的測試結果可能不同，建議相關單位應儘速研議適合國內的測試方法及進行市面上的商品抽驗。消費者選購防曬乳的注意事項為確保消費者的消費安全，經由本次測試，消基會提出下列建議：1. 即使擦了防曬產品也不應肆無忌憚地曝曬在太陽底下，多數防曬產品應在20分鐘前提前擦用，另外應優先搭配具防曬功能的帽子、洋傘、長袖服裝等，可減少防曬產品的使用量。2. 選購防曬產品除了spf及「pa」等防曬效能外，應檢視成分是否安全，尤其為兒童選擇防曬產品更應重視成分的安全，建議可以選購致敏性較低的物理性或偏物理性的混和性防曬產品。3. 夏季陽光強烈，且溫度高，日照長，應儘量避免在陽光強烈的時間外出。4. 塗抹防曬品要適量（2mg/cm2），且依活動強度及環境條件，適時（一般2小時，夏天戶外水上活動為1小時，室內環境則可長達6小時）。5. 紫外線並非夏天才會出現，在室內暴露到長波段uva的機會愈高，因此平時就應注意防曬。--------------------------------結論<<以下6件產品的防曬係數低於包裝標示值>>上山採藥輕油水感全效uv防曬精華spf50+蒂芬妮亞零負擔輕透水防曬(臉+身體)spf50媚點透顏防曬粧前乳spf50+艾杜紗全效防曬凝露spf50+曼秀雷敦sunplay防曬乳液(戶外玩樂型)spf50+雪芙蘭防曬熊厲害寶貝防曬乳液spf30<<以下2件產品含有paraben防腐劑,超標>>香蕉船兒童系列防曬乳液spf50+歐蕾高效隔離防曬乳液(加強型)spf50文中沒提到的產品不代表100%安全無慮現在的防曬產品很多都添加複合型的防曬成分,長期使用下對健康是有影響的個人認為最好的防曬是衣物類陽傘等等,往身上抹的東西是越少越好雖然多數防曬品的成分都在安全值內,但是積少成多從保養品,然後防曬乳,最後化妝品,無形間就讓防腐劑無上限的往身上疊加久了即使沒有嚴重過敏,也會讓皮膚負擔過重,加速老化病變等等",
    "time": "2017/07/05 16:32:10",
    "event": "slide"
  },
  {
    "category": "6",
    "app": "Dcard",
    "id": "20",
    "context": "#圖我的solone眼影終於集滿21顆啦！solone眼影的特色就是顯色、便宜、選擇多，但很飛粉~，常常優惠，讓人不小心就買太多了，這次出的新色很繽紛可愛，有燒所以就全買了，但買最多的還是上一波的顏色~超美，先來看我的眼影盤，我來特寫一下那個鳶尾花紫，上面拍的太藍了~",
    "time": "2017/07/05 16:32:47",
    "event": "click"
  },
  {
    "category": "6",
    "app": "Dcard",
    "id": "21",
    "context": "#圖我的solone眼影終於集滿21顆啦！solone眼影的特色就是顯色、便宜、選擇多，但很飛粉~常常優惠，讓人不小心就買太多了這次出的新色很繽紛可愛，有燒?所以就全買了，但買最多的還是上一波的顏色~超美先來看我的眼影盤我來特寫一下那個鳶尾花紫，上面拍的太藍了~再來看他們的色號~以及手部試色的對比。號碼對著看這裡來補充一下它們的質地及名稱02深邃可可----絲絨光25晨光橘霧----珠光39金耀光芒----璀璨47可可金莎----絲絨光48日落暖橘----霧面49拿鐵咖啡----霧面50夢幻漾粉----霧面51微醺桃紅----霧面52勃根地紅----霧面53蜜桃糖霜----霧面54秋日杏黃----霧面55楓葉磚紅----霧面58紫醉金迷----絲絨光59皎潔月色----絲絨光60奶油太妃----霧面61黃檸慕斯----霧面62雪藏玫瑰----霧面63薄荷糖霜----絲絨光64靜謐湖水----霧面65紫鳶尾花----霧面66藍伯爵茶----絲絨光再來就是眼影在眼睛上的效果啦1.夕陽眼妝（54+55+52+39）我最喜歡的~~~~~2.黃x紫（61+65）這是solone在fb分享的畫法，就來試試看嗯……我是不會這樣出門啦3.黃x綠（61+63）大自然風???？4.粉x紫x藍綠（62+64+66）完全不知所云的配色啊這個xd只是玩玩看而已~粉色很不顯色……（這個可以略過xd）5.桃紅眼妝（50+51+52）比較清淡的紅~試色的時候覺得這次新出的繽紛顏色很美，但配色真的不簡單啊……黃和粉也很不顯色……有點失望qq同場加映最近買的超美的missha編織眼影！手部試色眼妝（哦這眼影真的閃的很美，也很好暈染，大愛）謝謝各位！-購物狂人-",
    "time": "2017/07/05 16:32:51",
    "event": "slide"
  },
  {
    "category": "6",
    "app": "Dcard",
    "id": "22",
    "context": "#圖#cos用妝容換性別？換年齡？—絕命毒師妝容過程哈囉大家好~我是冷冽，不知道有沒有人看過「絕命毒師」這部美國影集，它的內容是在講一位高中老師（walterwhite）跟他以前的學生一起製毒販毒的故事️，我很久以前就想試男主角的妝了，只是一直懶得動手",
    "time": "2017/07/05 16:33:52",
    "event": "click"
  },
  {
    "category": "6",
    "app": "Dcard",
    "id": "23",
    "context": "#圖#cos用妝容換性別？換年齡？—絕命毒師妝容過程哈囉大家好~我是冷冽✨不知道有沒有人看過「絕命毒師」這部美國影集它的內容是在講一位高中老師(walterwhite)跟他以前的學生一起製毒販毒的故事❤️我很久以前就想試男主角的妝了，只是一直懶得動手???前不久一時興起就找了影集的劇照來試了一下mr.white的妝想說乾脆把化妝的過程簡單拍幾張照放上來分享一下這樣?那麼下面從素顏開始放照?總之先上底妝?上完底妝後長這樣?但是照片看不太出差別???我一開始先上了眉毛?然後如果你好奇頭上的網子是什麼那是髮網，戴假髮要用的?接著把一些陰影定位出來這個角色的眼妝我下手比較重除了因為他臉上皺紋較多之外，mr.white在後期的性格也給觀眾明顯比前期粗獷的感覺然後因為我畫任何cos妝都是照著演員、角色的照片去畫的所以眉毛沒有對稱、兩隻眼睛畫法不一樣...等等的問題真的不是畫錯，是我參考的照片就長那樣啦?再來就是額頭上的皺紋、眼袋及眼妝每一個筆畫都要分輕重拿雙眼皮來講，我有時候不會畫整條假雙會依照角色的眼型跟陰影去調整線條的粗細跟明顯度（對沒錯，我本身是內雙，但我沒貼，我都是用畫的?）再來打上鼻影跟臉部的一些皺紋鼻影我滿常先打深再用手磨掉的然後鼻影也是一樣要照角色的鼻型去做修飾之後再加上鬍子?這時候已經把鼻影用手磨淡了?鬍子不是全黑?我是先大面積打了明暗之後，再修細節如果你覺得這句話有點耳熟.....你好，我高中是美工科的???全臉修容打亮之後再修一下細節然後就~完妝啦！！我還沒買防護衣，所以暫時用雨衣頂替???以防你忘記我原來長什麼樣子???對了，撇除底妝我這個妝所有的用具，基本上只有使用這些?總之這就是我mr.white大致上的妝容過程?一般大家聽到cos，可能會直覺想到動漫角色但我希望大家也可以知道歐美角的美好啊?❤️不知道大家看完這篇後，對歐美角色的cosplay有沒有更多的瞭解?❤️（嗯？）最後我要放火燒一下大家?（漫威粉?）那麼，謝謝看到這裡的你?我是冷冽，我們下次見！?",
    "time": "2017/07/05 16:33:56",
    "event": "slide"
  },
  {
    "category": "6",
    "app": "Dcard",
    "id": "24",
    "context": "#分享✨essence緞面絲絨腮紅全試色hi，這次我來分享前陣子ptt火紅的essencesatin系列的腮紅！，因為satin30被譽為類似肌膚之鑰停產的阿土色而開始知名度炸開，........當然還是差別蠻大的別傻了，不過這不影響他的平價優點",
    "time": "2017/07/05 16:35:27",
    "event": "click"
  },
  {
    "category": "6",
    "app": "Dcard",
    "id": "25",
    "context": "#分享✨essence緞面絲絨腮紅全試色hi??這次我來分享前陣子ptt火紅的essencesatin系列的腮紅！因為satin30被譽為類似肌膚之鑰停產的阿土色而開始知名度炸開........當然還是差別蠻大的別傻了???不過這不影響他的平價優點會想全包色除了朋友推薦還有我自己手癢?再來就是他一顆109元5g的超划算價錢???現在來放上手臂試色圖給大家參考一下！完全無濾鏡修色實體跟我肉眼比對下抓到最準了！先說他的產品心得！1.質地比較軟綿2.會小飛粉3.顯色4.持久度不錯，下午4點完妝，11點到家還在！5.便宜收集ptt跟朋友的意見，大多數覺得10白皮顯膚白，百搭色20比較挑人，有些人覺得顯髒，有些人覺得美30當bronzer很美，喜歡深一點腮紅也很適合ps:我自己個人最愛10、30❤️❤️❤️但依造我客觀的態度，我是支持全收的，因為便宜哈哈哈哈哈???下面放一點細圖給大家參考畢竟門市都沒有辦法試用希望大家都能買到適合的顏色(小聲說記得包色喔！)?satin10satin20satin30—打完收工??",
    "time": "2017/07/05 16:35:29",
    "event": "slide"
  },
  {
    "category": "6",
    "app": "Dcard",
    "id": "26",
    "context": "mac金屬脣膏開箱文❤️dcard用了三年，第一次po文獻給了美妝版⭕️⭕️，獻醜了，前陣子很多藝人網美都在打這隻的廣告，️mac金屬脣膏，那時候看到hellocatie擦的試色文，美的嫑嫑der，去mac櫃上問是說7/4上櫃",
    "time": "2017/07/05 16:36:05",
    "event": "click"
  },
  {
    "category": "6",
    "app": "Dcard",
    "id": "27",
    "context": "mac金屬脣膏開箱文❤️dcard用了三年，第一次po文獻給了美妝版⭕️⭕️獻醜了????前陣子很多藝人網美都在打這隻的廣告➡️mac金屬脣膏那時候看到hellocatie擦的試色文美的嫑嫑der去mac櫃上問是說7/4上櫃差不多下午四五點進貨因為我當天要上班，閃光就幫我去排隊買)開勳❤️我買了兩隻色號⬇️hadesfire⬇️anythingonce那時候買到最後一隻?這次的金屬脣膏真的超美❤️❤️❤️❤️❤️❤️❤️",
    "time": "2017/07/05 16:36:07",
    "event": "slide"
  },
  {
    "category": "6",
    "app": "Dcard",
    "id": "28",
    "context": "#圖慎入亂擠痘痘跟亂擦藥的下場這是高一的時候，那時候長了個痘痘可能是手沒乾淨吧，不知道為啥擠完隔天就腫腫的，然後我居然拿擦長針眼的青黴素去擦，（以前真的是智障智障啊），️，眼睛腫的跟豬頭一樣，我媽早上看到我還說妳是去整形完還沒消腫嗎哈哈哈",
    "time": "2017/07/05 16:36:35",
    "event": "click"
  },
  {
    "category": "6",
    "app": "Dcard",
    "id": "29",
    "context": "#圖慎入亂擠痘痘跟亂擦藥的下場這是高一的時候那時候長了個痘痘可能是手沒乾淨吧不知道為啥擠完隔天就腫腫的然後我居然拿擦長針眼的青黴素去擦（以前真的是智障智障啊）☝️眼睛腫的跟豬頭一樣我媽早上看到我還說妳是去整形完還沒消腫嗎哈哈哈☝️對比圖☝️之後去看醫生醫生給我吃了藥也給我擦的藥然後過幾天就把它擠出來啦醫生還說再嚴重點就要變蜂窩性組織炎了?☝️擠出來的東西其實比較像是用拉的出來很像鼻屎啊～☝️現在的照片因為我朋友問說這樣雖然擠出來很爽可是會有疤欸其實沒有我也不知道為啥沒疤哈哈",
    "time": "2017/07/05 16:36:39",
    "event": "slide"
  },
  {
    "category": "6",
    "app": "Dcard",
    "id": "30",
    "context": "#圖#分享bourjois妙巴黎新品#17焦糖冰塊試色手機排版請見諒️，嗨我是寶寶?，剛逛寶雅的時候發現7月新品上架了！，戀法又出了4個新色！！！，但其實歐美好像早就有了，查了youtuber的試色就決定買#17焦糖冰塊是個在臺灣少見的顏色，熱騰騰來開箱",
    "time": "2017/07/05 16:37:17",
    "event": "click"
  },
  {
    "category": "6",
    "app": "Dcard",
    "id": "31",
    "context": "#圖#分享bourjois妙巴黎新品#17焦糖冰塊試色手機排版請見諒❤️嗨我是寶寶??剛逛寶雅的時候發現7月新品上架了！戀法又出了4個新色！！！但其實歐美好像早就有了?查了youtuber的試色就決定買#17焦糖冰塊???是個在臺灣少見的顏色熱騰騰來開箱他的英文是coolbrown#17產地是法國??❤️擦起來有點裸色感帶點咖啡橘調但是又不會有生病的感覺味道依然是戀法味?個人不討厭啦以下是少少試色照最後一張有調脣色，比較接近實際顏色不知道為什麼在白燈下比較接近粉色?其實是帶橘棕色的裸色（吧！？我個人覺得超美尤其陪襯有點氣勢的眼妝不會搶風頭哦❤️❤️❤️另外買回家一直覺得名字很熟悉後來發現名字超像焦糖裸?上面焦糖冰塊下面焦糖裸顏色差很多，絕對可以買?（（（剁手中以上就是這次的分享～～～希望你們喜歡?-btw眼妝是colourpop的新品yespleasepalette超！！！美！！！這個也絕對可以買???個人覺得非常顯色，雖然有點飛粉，粉一碰就沾超多?，但還是可以接受，畢竟16美金而已！還是非常值得的哦！???",
    "time": "2017/07/05 16:37:19",
    "event": "slide"
  },
  {
    "category": "6",
    "app": "Dcard",
    "id": "32",
    "context": "推e.l.f防水眼線液筆???這隻是誤打誤撞想減少運費纔多追加的，找代購買150超便宜的！！！，一隻眼線液才150你敢信！！！，而且又超好畫超適合新手?，直接上圖來，外觀很簡單我喜翻筆刷不會太細所以很好描繪～我買的是黑色，可是他的黑不會到很死黑那種，因為我畫太死黑會太突出，所以覺得這款剛剛好",
    "time": "2017/07/05 16:37:53",
    "event": "click"
  },
  {
    "category": "6",
    "app": "Dcard",
    "id": "33",
    "context": "推e.l.f防水眼線液筆???這隻是誤打誤撞想減少運費纔多追加的??找代購買150超便宜的！！！??✨一隻眼線液才150你敢信！！！而且又超好畫?超適合新手??直接上圖來外觀很簡單我喜翻?筆刷不會太細所以很好描繪～我買的是黑色，可是他的黑不會到很死黑那種，因為我畫太死黑會太突出，所以覺得這款剛剛好???測試?❣️畫出來本尊（手有點黑請見諒?）❣️用手指抹了一下（沒太大力，平常戴妝也不會大力去揉眼睛ㄅ）??❣️滴水❣️滴油❣️卸掉（我用卸妝油輕輕畫圓大約20秒，眼脣卸妝液應該會更快）❣️實妝照（截圖放大有點模糊??????）覺得線很好拉，我之前用的眼線，眼妝畫完覺得非常好，殊不知一個眼線全組壞光光???以上是不專業分享，各位僅供參考～～?♥️",
    "time": "2017/07/05 16:37:56",
    "event": "slide"
  },
  {
    "category": "6",
    "app": "Dcard",
    "id": "34",
    "context": "令人雞凍的美人魚色-morphejaclynhill聯名眼影盤為了四個顏色買這麼一大盤眼影，但我不後悔xdddd，拿到第二天馬上刷色+隨便擼了個眼妝，中間的湖水綠真的美得我不要不要的啊啊啊，下面是眼影盤本人，它的外殼和內裏都是白的，所以很怕髒qq，超喜歡這次全紙盒的材質，重量減輕非常多️",
    "time": "2017/07/05 16:38:28",
    "event": "click"
  },
  {
    "category": "6",
    "app": "Dcard",
    "id": "35",
    "context": "令人雞凍的美人魚色-morphejaclynhill聯名眼影盤為了四個顏色買這麼一大盤眼影，但我不後悔xdddd拿到第二天馬上刷色+隨便擼了個眼妝中間的湖水綠真的美得我不要不要的啊啊啊下面是眼影盤本人它的外殼和內裏都是白的，所以很怕髒qq超喜歡這次全紙盒的材質，重量減輕非常多❤️每個顏色都有各自的名字全刷色❤️第一眼看到這盤眼影就被左下四個顏色吸引了。可能之前紅色系買太多了，互補一下要買藍色的xddd不過必須稱讚一下，這盤品質真的很不錯，沒有來個暴雷不好用的?連上面的霧面色都很滑順！特別是深酒紅，超級無敵顯色❤️最最最美的大概就是它了最左邊的poolparty..美到我捨不得卸掉刷色影片在這邊～https://vimeo.com/224280403讓我排隊結帳等了23分鐘。等到快崩潰不是開玩笑的.....這次的配色～1️⃣眼頭beam微粉調的珠光色，非常細膩！大推之後接著上sissy，娘砲通常都很美，這顆也不例外?偏光的玫瑰金2️⃣主色-poolparty泳池派對，美到凍美ㄉㄧㄠˊ的湖水綠，光澤細膩❤️像清澈沙灣的海水一樣✨✨✨3️⃣眼尾深色（2色組成）淺色部份是twerk，它應該是「靛」而非「藍」深色部份用royalty，明度稍低一點的灰紫，帶出深海的感覺（？4️⃣眼窩色jada霧面湖水綠，最後為了調和邊界才加上去的，不然很沒層次感（空虛）5️⃣下眼尾的話有多加diva珠光墨綠色的～和enchanted霧面墨綠，製造出最底層海洋陽光無法到達的感覺???最後用beam混合inglotduraline刷上細線，勾勒出魚鰭的感覺～飄蕩的魚鰭纔是這個妝的亮點xd我覺得這盤的enlight（左上）可以直接當打亮，粉超細緻，一點都不突兀❤️左邊用了很巫婆的配色（變海妖了啦右邊的話就是素脣?‍♀️?‍♀️?‍♀️（光線因為下雨變暗很多...）希望大家喜歡這次的分享啦?我的腦細胞真的要死光了設計類羣的同學們果然都是神我一天生一個眼妝就想死了orz",
    "time": "2017/07/05 16:38:33",
    "event": "slide"
  },
  {
    "category": "6",
    "app": "Dcard",
    "id": "36",
    "context": "完全不用眼影盤的眼妝整體妝容，這次我們會用到的產品，刷色，請忽略我的眉毛感謝，首先，拿眉粉盒的左2拿刷具當眼窩色，再用03優雅裸粉疊加在剛剛刷的地方，前1／2用mat1，後1／2用nyx04，整個用手指暈染開來，最後一步用essence的打亮中間那顆，上在眼皮中央，再夾、刷睫毛就完成了",
    "time": "2017/07/05 16:39:27",
    "event": "click"
  },
  {
    "category": "6",
    "app": "Dcard",
    "id": "37",
    "context": "完全不用眼影盤的眼妝整體妝容這次我們會用到的產品刷色請忽略我的眉毛感謝首先，拿眉粉盒的左2拿刷具當眼窩色再用03優雅裸粉疊加在剛剛刷的地方前1／2用mat1，後1／2用nyx04整個用手指暈染開來最後一步用essence的打亮中間那顆，上在眼皮中央，再夾、刷睫毛就完成了口紅是絕色紐約的avl06——————————————————日常眼妝&眉毛畫法#新手#單眼皮-dcard",
    "time": "2017/07/05 16:39:29",
    "event": "slide"
  },
  {
    "category": "6",
    "app": "Dcard",
    "id": "38",
    "context": "allie防曬特價！如圖～～博客來今天每日一物是allie防曬特價，90g只要629耶！，我已經下單了，覺得好用的人也快去吧️️",
    "time": "2017/07/05 16:39:55",
    "event": "click"
  },
  {
    "category": "6",
    "app": "Dcard",
    "id": "39",
    "context": "allie防曬特價！如圖～～博客來今天每日一物是allie防曬特價90g只要629耶！我已經下單了覺得好用的人也快去吧☺️☺️",
    "time": "2017/07/05 16:39:57",
    "event": "slide"
  },
  {
    "category": "6",
    "app": "Dcard",
    "id": "40",
    "context": "#更臺灣美妝產業有聲的哀號你知道嗎？",
    "time": "2017/07/05 16:40:20",
    "event": "click"
  },
  {
    "category": "6",
    "app": "Dcard",
    "id": "41",
    "context": "#更臺灣美妝產業有聲的哀號你知道嗎？更新在最底下，可以最後看為反而反不太好?，不要披著理性的外皮假裝自己有客觀思考，實際上只是想反中國而已以下言論皆基於商業觀點，用客觀角度發言，不含任何政治因素現在有兩個主要吵的點1.上面產地印中國臺灣相信大家都知道如果想要讓臺灣的產業能繼續成長，出口就是必要的事，要不然永遠就只是國內自己的資產重新分配，從一個口袋到另一個口袋，永遠賺不到國外的錢，經濟不會成長中國市場那麼大，試問有何理由要放棄？今天廠商如果不改就不能賣，難道要因此放棄一個賺錢的機會？然後因為國內市場不夠大賺得不夠連年虧損，最後臺灣產業通通外移，連帶技術一起移給別國？看起來這篇下面少數人似乎能認同這個觀點，表示自己不是因為產地的標示方式黑特人家所以就是執著於下一個問題了？2.把「賣剩的東西」帶回臺灣繼續賣如果你糾纏的點在於你就是不爽帶去「中國」的商品又被帶回來，那你就是單純偏見而已。畢竟人家又不是賣瑕疵品給你，帶去中國也不會因此就改變商品品質。今天要是是從日本韓國或歐洲國家帶回來的你還有這麼多反對言論？既然你都已經認同要出口就必須改產地標示，那「要再拿到臺灣賣也不把包裝重新改改」就變得很無理取鬧了吧？不管是把整個外盒丟掉重包，還是把標籤貼紙撕下來重貼都是浪費人力資源的事，而且這樣很不環保喔，@那些曾經因為環保鬧別人版罵人的人，這裡有人浪費地球資源！！！如果你能接受所謂的outlet，也就是暢貨中心，那你應該不難理解把過剩的產品、在其他地方賣不出去的東西壓價之後，再用特賣會賣出去的作法吧？outlet裡面從鞋子到包包，有特價的幾乎都是過季商品，有些就是從賣不掉的地方調來繼續賣的，如果你反對把「賣剩的東西」繼續賣，那你就不要開心去買outlet的商品，內心覺得好便宜賺到欸，然後又在這裡黑特還是其實從世界各國賣剩的商品你都可以接受，就是中國不行？可以用客觀角度思考，理性一點嗎？當然如果你打從心底就是覺得「所有和中國沾到邊的東西都應該消失」，那我再打3000字跟你說都沒用，你一開始就不應該來看這篇文章?對了，你上淘寶買過東西嗎？------------------------------會提到淘寶是因為有些人爽爽買淘寶可是現在看到「中國」兩個字就有偏見至於「誠實」問題，b5就有提到去年特賣會也是這樣的包裝，而且今年臺中場的特賣會難道不是也是這樣（這是真的疑問，有臺中的同學有去嗎？）如果是覺得廠商沒有發公告表示這次的包裝是這樣的，因而黑特他沒有告示大家，那也是可以理解的但是過去的特賣會都是這樣，也沒有人告訴廠商他們這樣的作法有問題，他今年沒有說大概也有跡可尋這樣我就很不懂為什麼去年沒有人罵廠商不誠實了?更",
    "time": "2017/07/05 16:40:21",
    "event": "slide"
  },
  {
    "category": "6",
    "app": "Dcard",
    "id": "42",
    "context": "#問出國帶哪盤眼影最實用想問版上的大家，要出國一個月帶哪盤眼影最實用，咖啡館暫時不考慮因為怎麼畫都差不多想偶爾有點變化但又有安全色，以下是選手⬇️⬇️，1.tarte，2.kiko#100，3.lizly，4.etudehouse櫻花盤",
    "time": "2017/07/05 16:41:02",
    "event": "click"
  },
  {
    "category": "6",
    "app": "Dcard",
    "id": "43",
    "context": "#問出國帶哪盤眼影最實用想問版上的大家，要出國一個月帶哪盤眼影最實用???咖啡館暫時不考慮因為怎麼畫都差不多想偶爾有點變化但又有安全色，以下是選手⬇️⬇️1.tarte2.kiko#1003.lizly4.etudehouse櫻花盤5.etudehouse冰淇淋盤6.etudehouse果汁吧跪求大家給我意見???暫時不考慮出國直接買一盤新的舊的都用不完了??",
    "time": "2017/07/05 16:41:04",
    "event": "slide"
  },
  {
    "category": "6",
    "app": "Dcard",
    "id": "44",
    "context": "屈臣氏有賣契爾氏？？？今天在滑屈臣氏app竟然看到有契爾氏，馬上搜尋結果竟然真的有！，應該是正版的吧！，只是看到還是驚呼了一下，有女孩有買過的嗎？",
    "time": "2017/07/05 16:41:34",
    "event": "click"
  },
  {
    "category": "6",
    "app": "Dcard",
    "id": "45",
    "context": "屈臣氏有賣契爾氏？？？今天在滑屈臣氏app竟然看到有契爾氏馬上搜尋結果竟然真的有！應該是正版的吧！只是看到還是驚呼了一下有女孩有買過的嗎？",
    "time": "2017/07/05 16:41:36",
    "event": "slide"
  },
  {
    "category": "6",
    "app": "Dcard",
    "id": "46",
    "context": "#揪團(滿單不收)mac子彈頭脣膏7/57am人數太多，關閉表單，-----------，更表單都可以填寫喔～⭐️⭐️匯款結單期限至7/6（四）pm6⭐️⭐️，️️確定購買能在期限內匯款再填單，棄單者會公佈於dcard文章內️️，ps每單脣膏限9隻，若超過數量依匯款順序下單",
    "time": "2017/07/05 16:42:07",
    "event": "click"
  },
  {
    "category": "6",
    "app": "Dcard",
    "id": "47",
    "context": "#揪團(滿單不收)mac子彈頭脣膏7/57am人數太多，關閉表單-----------更表單都可以填寫喔～⭐️⭐️匯款結單期限至7/6(四)pm6⭐️⭐️https://docs.google.com/forms/d/e/1faipqlscwwfyzsm06znet_4ov1c5cv4etzjmregehxob8gnl083wcwq/formresponse⛔️⛔️確定購買能在期限內匯款再填單,棄單者會公佈於dcard文章內⛔️⛔️ps每單脣膏限9隻，若超過數量依匯款順序下單-----------------------前陣子太忙75折錯過了qq現在selectmember85摺子彈頭一隻才4xx臺幣?揪團商品http://m.maccosmetics.com/product/13854/310/products/makeup/lips/lipstick/lipstick/#/shade/brick-o-lamaclipstick依這個為主，想買其他商品有開成在備註表單?美匯：30.7*(1.015-0.006)=31(多退少補)?商品金額：總美金*0.85*31(小數點進位)?稅金、國際運費：https://www.maybuys.com/chargingrules.php集運包稅.一件30.兩件60<依此類推、多退少補>?國內運費(3選1)：1.店到店+652.郵寄1號包+423.自行提供寄件單號+5*已加上包裝雜費5元?其他折扣使用郵局visa卡現金回饋0.6%已經直接回饋在美匯裡面?備註事項1.贈送脣膏部分，若有成團會跟團員討論，看是要抽籤還是給買最多美金者2.需先匯款我是郵局帳號(可無摺存款)3.若任何因素造成需要退款，非郵局帳號一律扣除15跨行手續費******4.下單完成會提供明細********?注意?美國商品都需要比較長時間運送跟等待運送中若遇到瑕疵破裂官網少寄等等因素主揪會幫忙協助處理不負責賠償請可以接受再跟團要買在+1不要喊好玩的謝謝",
    "time": "2017/07/05 16:42:10",
    "event": "slide"
  },
  {
    "category": "6",
    "app": "Dcard",
    "id": "48",
    "context": "#染#圖#雷卡樂芙覆盆紫莓莓莓楔子----，是這樣的，最近男友一直吵著要染髮於是乎我就拎著他去小屈晃了一圈，抵達了染髮區我們就先鎖定了卡樂芙系列（顯色有名不多說），結果男友看到紅色系一直很興奮搭配著小狗狗的殷切神情噴向我一副就是在等我準許他咬著紅色染劑跑走的概念（心裡os：黑髮不好嗎qq",
    "time": "2017/07/05 16:43:21",
    "event": "click"
  },
  {
    "category": "6",
    "app": "Dcard",
    "id": "49",
    "context": "#染#圖#雷卡樂芙覆盆紫莓莓莓楔子----是這樣的最近男友一直吵著要染髮於是乎我就拎著他去小屈晃了一圈抵達了染髮區我們就先鎖定了卡樂芙系列（顯色有名不多說）結果男友看到紅色系一直很興奮搭配著小狗狗的殷切神情噴向我一副就是在等我準許他咬著紅色染劑跑走的概念（心裡os:黑髮不好嗎qq）可主人我（？認為男生染紅色很臺所以就極力杜絕紅不啦機頭出現在他毛上反正就霹靂啪啦經歷過了場妥協風暴之後最終我們選擇了帶它走-----------------------------------------------正文開始---好啦接下來我們就要開始幫狗狗男友染毛囉（撒花先來一張他的原生毛色是黑毛狗狗ㄟㄟㄟㄟㄟ（迴音迴音迴音可惡黑髮明明很棒的為什麼堅持要染（傷心女友的吶喊????再來染劑混合也上色完了長這樣關於頭上的保鮮膜不是裡面附的哦是自己另外包上去的為了確保吃色完全（應該吧?)因為是粗硬髮所以多等了一些時間滴答滴答滴答～～～45分過去了（咦是不是太久了好啦好啦我們該去洗洗毛啦一個很期待ㄙㄟ鬥完的結果會如何紫毛??紫毛??紫毛??怎麼覺得我比男友還期待染出來的樣子呢好了時間快轉洗完囉～～～～～結果顏色是這樣的（濕髮狀態）...哇咧....怎麼覺得這顏色有點不妙.......因為男友看不到自己頭上的顏色所以還是處於很興奮的狀態（好像一直都很興奮沒停過..）於是我就先安撫他跟他說哎唷吹完頭髮你就知道囉其實心裡雞叫聲不斷沒關係我心裡再給卡樂芙一次機會也說服自己好幾次吹完毛就不一樣了嗯哼結果呢...................哇噻蒸蚌臺味百分百陽光下看的話呢呃好像好一些啦但客倌們我們來重新回味一下包裝色是紫的對吧！！！！！數度以為是品管問題裝錯染劑之類的顏色才會歪七扭八染出來一直覺得是買了這系列色的染劑......................好啦不過說真的其實這顏色還蠻適合男友比想像中好很多臺味只限泛橘光那張（那顏色真的完全崩壞整個快ㄎㄧ笑）#美妝版小叮嚀：下手前爬文爬文再爬文以上",
    "time": "2017/07/05 16:43:22",
    "event": "slide"
  },
  {
    "category": "6",
    "app": "Dcard",
    "id": "50",
    "context": "catrice德國平價美妝相信很多女孩都知道這個牌子了，我的愛人⋯⋯不是我是說我的偶像kathleenlights，前陣子發了一部介紹catrice好物跟廢物的影片，引起我的興趣去真的試試這個品牌，它的平均價格不高，這個品牌讓我聯想到essence?",
    "time": "2017/07/05 16:44:30",
    "event": "click"
  },
  {
    "category": "6",
    "app": "Dcard",
    "id": "51",
    "context": "catrice德國平價美妝相信很多女孩都知道這個牌子了我的愛人⋯⋯不是我是說我的偶像kathleenlights前陣子發了一部介紹catrice好物跟廢物的影片引起我的興趣去真的試試這個品牌它的平均價格不高這個品牌讓我聯想到essence?雖說沒有essence的低價但他們倆品牌真的可以手拉手當好朋友啦粉底液allmatteplus-010lightbeige（最淺色了⋯）這個沒有聽任何人的心得我就買了哈哈哈因為當時我用小拇指上試在下巴的時候就喜歡上它了有遮瑕度但質地很濕潤很好拍勻在我皮膚乾的時候不會凸顯皮膚紋理妝感不會有粉粉的感覺010號比我臉的真實顏色稍微黃了一點但我不在意反正男朋友也看不出來～缺點就是我發現它沒定妝了話會氧化會變深一色它適合乾肌我是超級乾燥人在新加坡悶熱的天氣也不會脫妝整體來說喜歡遮瑕膏liquidcamouflafehighcoverageconcealer-005lightnatural右邊是遮瑕膏kathleenlights說這個是她的愛她覺得非常適合乾肌所以我就買來試試遮瑕度很高質地很濃可是卻不會卡粉或是不好拍勻缺點是乾的很快所以我塗在臉上後會馬上拍勻粉餅primeandfinemattifyingpowder-010translucent我在手臂上上了粉底左邊一半有定妝右邊沒有（拍不清楚抱歉⋯）這個粉餅拿來定妝妝感不會粉粉的也不會顯白能幫助前面那個粉底液不氧化對我來說這樣這個餅乾已經及格了因為我對蜜粉粉餅這類的要求並不高?打亮highglowmineralhighlightingpowder-010lightinfusion其他都不是重點這個是重點！essence有一個很紅的打亮商品-purenudehighlighter跟這個長得挺像的雖然我沒有essence的打亮帶我知道purenude亮粉出名的細緻上在臉上那個亮度是天使的光圈很自然很美catrice的這一個粉沒有那麼細緻可以看到微微的亮片可是！不影響它在臉上的細緻度不會顯毛孔也不會有粉粉的感覺亮度剛剛好上在臉頰不會很誇張但也沒有很低調而且持久度很好！！！！我早上出門下午5、6點回到家還在我喜歡！！！買不到nudehighlight我就只好買這個當作我臉上也有天使的光圈?想塗滿整臉但我卸妝了只好塗滿手了??塗好塗滿滿??以上是我的小心得希望能幫到想找代購買這些產品的人題外話最近它很有人氣我是覺得它是好用紙巾很濕潤水份夠所以一張紙巾通常夠可以擦拭全臉卸妝程度也很好只不過⋯卸妝後臉會有一點黏黏的感覺⋯?所以我都是必要的時候才用這個在手上塗塗抹抹的時候也是用這個擦傷一包帶出來去很方便啦但我覺得它沒有想象中會讓人驚艷的產品⋯葵",
    "time": "2017/07/05 16:44:36",
    "event": "slide"
  },
  {
    "category": "6",
    "app": "Dcard",
    "id": "52",
    "context": "#分享missha七日染新色薄荷綠～大家好～～這次我買的是新色，兩色都有買，先試試綠色，先附上我原本頭髮的顏色，因為染前忘記拍，所以找了一張髮色拍起來比較接近的照片，我之前有染過深棕色～本身沒有漂髮，那我們就直接來看染完的結果吧～我本來已經打好預防針",
    "time": "2017/07/05 16:44:51",
    "event": "click"
  },
  {
    "category": "6",
    "app": "Dcard",
    "id": "53",
    "context": "#分享missha七日染新色薄荷綠～大家好～～這次我買的是新色兩色都有買??先試試綠色先附上我原本頭髮的顏色?因為染前忘記拍?所以找了一張髮色拍起來比較接近的照片我之前有染過深棕色～本身沒有漂髮??那我們就直接來看染完的結果吧～我本來已經打好預防針告訴自己可能會沒顏色～結果讓我有點驚訝～～呈現了一種…比較像亞麻綠的顏色～我自己是蠻喜歡的再來就看維持多久嘍～～～～",
    "time": "2017/07/05 16:45:00",
    "event": "slide"
  },
  {
    "category": "6",
    "app": "Dcard",
    "id": "54",
    "context": "正品？假貨？前陣子在蝦皮瘋狂的購物了一番，雖然知道很容易買到假貨，因為是彩妝新手的關係，也都是抱著如果是假貨就拿來當練習用，但是還是有一些想知道到底是不是正品的，以下正文，1.pony&memebox氣墊粉餅，這個我在狄卡、估狗、youtube都搜尋過了，可是就是找不到，它是不是真的是假的？！",
    "time": "2017/07/05 16:45:17",
    "event": "click"
  },
  {
    "category": "6",
    "app": "Dcard",
    "id": "55",
    "context": "正品？假貨？前陣子在蝦皮瘋狂的購物了一番雖然知道很容易買到假貨因為是彩妝新手的關係也都是抱著如果是假貨就拿來當練習用但是還是有一些想知道到底是不是正品的以下正文1.pony&memebox氣墊粉餅這個我在狄卡、估狗、youtube都搜尋過了，可是就是找不到，它是不是真的是假的？！2.豆乳粉餅聽說豆乳好像是都沒有出粉餅的樣子，所以它是假的嗎？3.makeupprofessional我在網路上只有看到makeupforever的粉底液，這也是假的嗎?4.qiaouan12色眼影因為它真的便宜到個嚇人，網路上看到類似的也都不是寫這排英文，所以是假的？5.xixi雙色立體眼影棒雙色眼影棒我有看過novo的，熙熙還是第一次看到...6.novo雙色氣墊眉膏這個才98如果是假的我也是認了7.1028超吸油蜜粉餅因為2個299也真的是很便宜啊！！圖片都是從估狗跟蝦皮截圖的~如果有異議會把圖片拿掉以上，希望大家可以幫我解惑我真的很認真爬文過了可是真的都找不到才自己發文來問大家的如果可以回答我，我真的會很感謝啊~~拜託大家了-彩妝新手",
    "time": "2017/07/05 16:45:20",
    "event": "slide"
  },
  {
    "category": "6",
    "app": "Dcard",
    "id": "56",
    "context": "#表單關閉#揪團morphe8折團#更新，現金回饋的部分我會算給團員，但回饋並不是無上限，這張是我本身有在使用的信用卡，超過上限我也不可能有多的錢給大家⋯，目前已經成團，也將有跟團的團員加入羣組，詳細團務包含購買證明及匯款截圖就跟我的團員交代了",
    "time": "2017/07/05 16:45:48",
    "event": "click"
  },
  {
    "category": "6",
    "app": "Dcard",
    "id": "57",
    "context": "#表單關閉#揪團morphe8折團#更新現金回饋的部分我會算給團員但回饋並不是無上限這張是我本身有在使用的信用卡，超過上限我也不可能有多的錢給大家⋯目前已經成團，也將有跟團的團員加入羣組，詳細團務包含購買證明及匯款截圖就跟我的團員交代了感謝大家各方意見-------------------------------------已達500鎂先關表單～整單------------------------------------g單https://goo.gl/forms/6znodvgoqp7mie3e3只收眼影盤公式：（總購買金額*0.8+國際運費）*32+國內運費60+雜費10元預收匯率32含刷卡手續費1.5%及稅金，多退少補（臺新@gogo卡）若被課稅依購買金額均分國際運費依盤數均分，國內711寄送，成團後24小時內匯款，提供郵局帳號morphe8折～想揪團購第一次在這邊揪團～是不是要先有人推文才能開？有人要一起買嗎？我在開表單給大家填",
    "time": "2017/07/05 16:45:48",
    "event": "slide"
  }
]