[
  {
    "category": "8",
    "app": "Dcard",
    "id": "59",
    "context": "靈異",
    "time": "2017/07/05 16:46:26",
    "event": "click"
  },
  {
    "category": "8",
    "app": "Dcard",
    "id": "60",
    "context": "夜探廢棄渡假村#多圖謝謝大家對於上篇文章討論這麼熱絡，接下來再分享一個廢棄渡假村的夜探經驗，這個渡假村似乎沒什麼故事及傳說，但恐怖指數卻是我覺得目前所探過最可怕的地方，可能因為地處偏遠建築物又大又是密閉空間的關係，腹地我覺得不算廣或許是晚上看不清楚的關係",
    "time": "2017/07/05 16:46:28",
    "event": "click"
  },
  {
    "category": "8",
    "app": "Dcard",
    "id": "61",
    "context": "夜探廢棄渡假村#多圖謝謝大家對於上篇文章討論這麼熱絡接下來再分享一個廢棄渡假村的夜探經驗這個渡假村似乎沒什麼故事及傳說但恐怖指數卻是我覺得目前所探過最可怕的地方可能因為地處偏遠建築物又大又是密閉空間的關係腹地我覺得不算廣或許是晚上看不清楚的關係不過他的主建築物算是娛樂中心吧非常的大由下面地圖可以看得出來光是一層樓就包含這麼多區域所以壓迫感十足連我這個麻瓜都覺得不太舒服這是他正門的樣子這些長了苔蘚的白色雕像在夜晚的襯託下顯得十分詭異大門右手邊的雕像左手邊的正門上方雄偉的獅頭鐵門深鎖著首先來到的地方似乎是賭場吧不過看不太出來要不是牆上貼著斗大的麻將兩字麻將廳裡的小神龕旁邊的獎杯記得是什麼麻將比賽第三名的樣子左邊是通往一樓餐廳的樓梯右邊上去則是保齡球場只能說兩邊都很精彩...往左走則是ktv很多朋友說ktv很熱鬧我想也是ktv這種深藏在建築物內部的區域終日無法被日曬平常沒廢棄的ktv傳聞就很多了更何況是廢棄的ktv空氣中瀰漫濃濃黴味換個角度不知道能否看見不一樣的東西很多朋友也對這張感到不適接下來往一樓餐廳下去廚房概況冰箱冰了滿滿的盤子很怕打開裡面會有人頭什麼之類的可怕東西幸好沒有一樓餐廳大門一樓聽說有被火燒過不過起火原因我就不清楚很多無聊的人喜歡到廢墟縱火真的不可取宴會廳包廂內的廁所只能說燒的很徹底...根本就是電影裡鬼片的場景地板都還是濕的不知道是雨水還是剛火燒不久是用來滅火的水走到後來突然前面亮了起來發現天花板牽了兩個燈泡掛在上面整個廢棄的建築裡唯獨這兩顆燈泡亮著四周也沒有任何人的蹤跡我延著燈泡電線的方向看去是通到建築內部的機房裡不過建築物廢棄這麼久了竟然還能供電做使用甚至電線也都泡在水裡卻還能使用挺讓人匪夷所思焦黑的壁畫壁畫內容應該是希臘神話之類的主題接著就是精彩的保齡球場了球場打亮的樣子一眼望去一片遼闊只有球場中間有一張椅子及一顆保齡球耳邊傳來的是答答的滴水聲由於當天下著小雨造成許多聲響記得此時就只有水滴聲而已水滴聲響來源處球場的電視牆球場唯一一顆球不知道哪來的接著我們走到場中央的椅子旁拍照也是不知道哪生來的椅子就在此時右前方也就是我們進來球場的地方那個區域出現了非水滴聲的聲響比較像是木板的敲擊聲又或者是木板掉落的聲音不只一次大概就是手電筒照的那個地方比較像是從天花板傳來的聲響但是我們剛剛從那邊進來並沒有聽見這個聲音而且聲音出現不只一次第一次上去直播時比較小聲後來又返回球場拍照拍到一半又傳出相同聲響也從同樣的地方傳來但這次音量非常大像是重摔木板的聲音奇怪的是我們每次在聲音來源的地方就不會有聲音但遠離那裡走到場中央聲音才會出現感覺是在暗示著什麼我們也很識相的賠不是並且快速離開接著來到按摩室吧還有什麼能量房的地方暫且叫他客房了客房長廊好像是什麼水晶能量牀吧我只知道感覺躺起來很痛那些反光的水晶球原本應該是黏在牆上的櫃檯能量檢測供給中心接著來到游泳池也是我覺得最不舒服的地方此時我們已經揮汗如雨全身被汗水給濕透了空氣沒什麼怪味但是很沉悶就像是真空的感覺游泳池感覺很好玩應該是蒸氣室吧蠻豪華的游泳池內的廁所還遺留當時的衛生紙雖然不知道幹嘛的但感覺蠻酷的似乎是用這個燈來光療吧光療區後方的隔間也是不太清楚用途看起來像是沐浴間不過還有浴缸地上的腳印蠻詭異的鞋印看起來像皮鞋感覺也都只有那雙鞋子所以推判可能只有那個人自己進來有誰會穿著皮鞋自己進來這種地方腳印看起來也蠻新的看起來是濕的不過我確認過是乾的地上有鳥的遺骸泳池的側門或是算後門吧泳池外觀室外還有個露天游泳池前方透明玻璃下就是室內游泳池室外更衣室及廁所女更衣室內部女更衣室內部更衣室二樓概況看起來像是救生員之類的休息室渡假村其他部分還有烤肉區之類的開放空間就沒去造訪了在外面拍照使用藍牙遙控器拍照時莫名奇妙只按了一下按鈕相機卻開始連拍停不下來以及經過樹叢時有像是樹被大型動物之類物體掃過的聲音卻不見任何生物蹤影以上就是這次的照片及夜探心得再次謝謝大家看完全文有異狀的地方再麻煩各位說明瞭最後願各位都身體健康囉!",
    "time": "2017/07/05 16:46:34",
    "event": "slide"
  },
  {
    "category": "8",
    "app": "Dcard",
    "id": "62",
    "context": "安全帽被敲三下如題，有一天我朋友載我經過東海準備回學校，路上剛好看到有一隻小黑貓躺在路中間，估計是被撞死的（rip.....），旁邊有個女生就衝去把那隻小貓咪救起來，我看到時眼眶都紅了...，後來綠燈一亮，我們就繼續往回學校的路上騎",
    "time": "2017/07/05 16:50:01",
    "event": "click"
  },
  {
    "category": "8",
    "app": "Dcard",
    "id": "63",
    "context": "安全帽被敲三下如題有一天我朋友載我經過東海準備回學校路上剛好看到有一隻小黑貓躺在路中間估計是被撞死的（rip.....）旁邊有個女生就衝去把那隻小貓咪救起來我看到時眼眶都紅了...後來綠燈一亮我們就繼續往回學校的路上騎我心裡一直想一直想剛剛那隻小貓等到大概剩不到十分鐘就會到學校的路上載我的那個朋友突然轉過來問我說：你有敲我的安全帽嗎？：沒啊怎麼了？：我剛剛感覺到有人敲我的安全帽三下...：我沒有啊...我手一直抓著你...（覺得很毛他說不是我的安全帽撞到他安全帽的聲音是真的敲三下的那種我好毛啊啊啊啊...（眼眶泛淚?後來我回去跟另一個朋友講他說也許是小貓咪有些小動物很有靈性敲三下可能是感謝的意思可是那隻小貓咪不是我們救的啊只是也有看到...想請問各位大大怎麼看",
    "time": "2017/07/05 16:50:05",
    "event": "slide"
  },
  {
    "category": "8",
    "app": "Dcard",
    "id": "64",
    "context": "對講機的女生是誰？我大二的時候在某一家知名的賣場工作，有一天的晚上，我跟其他同事在聊天，有客人跑來問問題，但是礙於不是我們課上的事情，所以我叫客人等一下，我請他們部門的人來服務你，於是我拿起對講機叫那個部門的人。：「呼叫oo課，有客人需要服務」",
    "time": "2017/07/05 16:50:58",
    "event": "click"
  },
  {
    "category": "8",
    "app": "Dcard",
    "id": "65",
    "context": "對講機的女生是誰？我大二的時候在某一家知名的賣場工作有一天的晚上，我跟其他同事在聊天有客人跑來問問題，但是礙於不是我們課上的事情，所以我叫客人等一下，我請他們部門的人來服務你，於是我拿起對講機叫那個部門的人。：「呼叫oo課，有客人需要服務」：「收到，請問位置」：「在某某這邊」：「收到」我就轉告客人等一下就有人來了，請稍等。可是等了五分鐘沒有人來。突然！！我們疑慮了一下，我們都沒有映像這個課有女生啊！！因為不是自己的課不會隨便亂回，要不然會害到部門的人所以我們決定在叫一次，結果是一個男生他處理完之後，我們問他，欸你們課有新來的女生哦？怎麼回我們之後就沒有過來處理那個同事表示：我們課沒有女生，而且今天晚班只有我一個人，而且...剛剛在對講機裡面怎麼會一個女生在哭啊~",
    "time": "2017/07/05 16:51:07",
    "event": "slide"
  },
  {
    "category": "8",
    "app": "Dcard",
    "id": "66",
    "context": "#分享#圖夜遊百吉隧道首先，來幾個百吉隧道新聞，新聞-怪事頻傳…自拍摔死命案地　隧道內傳有鬼擋牆、慘叫聲，影片，新聞影片，這次純粹分享，之前跟團去夜遊的照片，安全部分請不用擔心，我們也沒任何挑釁，照片分享，一羣人去時候，有幾個人在隧道門口，都還沒進去就覺得頭暈想吐，就沒進去了。",
    "time": "2017/07/05 16:51:26",
    "event": "click"
  },
  {
    "category": "8",
    "app": "Dcard",
    "id": "67",
    "context": "#分享#圖夜遊百吉隧道首先來幾個百吉隧道新聞新聞-怪事頻傳…自拍摔死命案地　隧道內傳有鬼擋牆、慘叫聲http://www.setn.com/m/news.aspx?newsid=246351影片新聞影片http://www.medialyrics.com/-4nzh7qjze_q這次純粹分享，之前跟團去夜遊的照片安全部分請不用擔心我們也沒任何挑釁照片分享一羣人去時候，有幾個人在隧道門口，都還沒進去就覺得頭暈想吐，就沒進去了。照片絕無任何後製改圖，僅人臉打霧及人臉貼圖而已拍照用iphone6以及三星手機後置鏡頭拍攝拍出來就這樣霧霧的?我們一開始以為鏡頭很髒但怎麼擦拍出來都這樣...無解歡迎討論分享?",
    "time": "2017/07/05 16:51:29",
    "event": "slide"
  }
]