[
  {
    "category": "1",
    "app": "Dcard",
    "id": "1",
    "context": "阿姨一直批評我男友先說明一下:阿姨是我爸再娶的老婆，她那時候帶著和前夫生的兒子嫁進我們家我和我男友是高中就交往了不過礙於時間關係其實那時候我們算是偷偷交往(都沒有讓彼此的家人知道)到了大學我想說時機成熟也應該讓家人知道我男友的存在我爸和阿姨知道之後，阿姨就開始一直問「男友哪裡人」「唸什麼學校」「家裡有錢嗎」反而是我爸都沒說什麼...上一次我們一起吃飯，其實剛開始氣氛還可以我也覺得我爸是真心想好好瞭解、認識我男友可是阿姨又不知道哪來的靈感又說:齁...像他們警察大學的出來條件不錯啊我本來以為是誇獎我男友，後來她又補一句:也是蠻容易劈腿的啦！當下我看我男友的表情突然很僵硬，但他也沒回嘴我馬上反駁:其實我們一直都很穩定阿姨:就不要到時候離婚了需要法律諮詢還需要妳哥(阿姨的兒子)幫忙，別怪阿姨沒提醒妳當時我很生氣，我男友也瞭解我的脾氣，所以他一直拉住我的手我哥也開口說:媽，大家在吃飯....我爸:好啦！沒事了大家快點吃飯後來我一直哭，一直跟我男友道歉可是我男友卻抱抱我說:唉唷~我又不會在意阿姨怎麼說，妳幹嘛比我難過啊我以為事情結束了，沒想到阿姨有一次約我吃飯同時她也約了她朋友、朋友的兒子，要我們好好認識那次阿姨就故意說:唉我們家這隻一直都單身欸...阿不然兩個剛好在一起好了啊我就馬上說:阿姨...我男友妳不是看過？阿姨:蛤？上次那個？妳不是說曖昧而已嗎？年輕多看看，多交又沒差，妳那個條件也沒oo阿姨她兒子好回家之後我就抱怨給我爸聽，我爸也只說:妳阿姨說的沒錯啊…多交幾個多看看把這件事告訴我男友之後他卻很平靜回答我:我其實只在意妳愛不愛我聽了這句話我在電話的另一頭哭了我不知道未來我阿姨又會怎樣對付我男友但就是因為我愛他，所以我才更要保護我們的感情",
    "time": "2017/07/07 16:34:53",
    "event": "click"
  },
  {
    "category": "1",
    "app": "Dcard",
    "id": "2",
    "context": "阿姨一直批評我男友先說明一下:阿姨是我爸再娶的老婆，她那時候帶著和前夫生的兒子嫁進我們家我和我男友是高中就交往了不過礙於時間關係其實那時候我們算是偷偷交往(都沒有讓彼此的家人知道)到了大學我想說時機成熟也應該讓家人知道我男友的存在我爸和阿姨知道之後，阿姨就開始一直問「男友哪裡人」「唸什麼學校」「家裡有錢嗎」反而是我爸都沒說什麼...上一次我們一起吃飯，其實剛開始氣氛還可以我也覺得我爸是真心想好好瞭解、認識我男友可是阿姨又不知道哪來的靈感又說:齁...像他們警察大學的出來條件不錯啊我本來以為是誇獎我男友，後來她又補一句:也是蠻容易劈腿的啦！當下我看我男友的表情突然很僵硬，但他也沒回嘴我馬上反駁:其實我們一直都很穩定阿姨:就不要到時候離婚了需要法律諮詢還需要妳哥(阿姨的兒子)幫忙，別怪阿姨沒提醒妳當時我很生氣，我男友也瞭解我的脾氣，所以他一直拉住我的手我哥也開口說:媽，大家在吃飯....我爸:好啦！沒事了大家快點吃飯後來我一直哭，一直跟我男友道歉可是我男友卻抱抱我說:唉唷~我又不會在意阿姨怎麼說，妳幹嘛比我難過啊我以為事情結束了，沒想到阿姨有一次約我吃飯同時她也約了她朋友、朋友的兒子，要我們好好認識那次阿姨就故意說:唉我們家這隻一直都單身欸...阿不然兩個剛好在一起好了啊我就馬上說:阿姨...我男友妳不是看過？阿姨:蛤？上次那個？妳不是說曖昧而已嗎？年輕多看看，多交又沒差，妳那個條件也沒oo阿姨她兒子好回家之後我就抱怨給我爸聽，我爸也只說:妳阿姨說的沒錯啊…多交幾個多看看把這件事告訴我男友之後他卻很平靜回答我:我其實只在意妳愛不愛我聽了這句話我在電話的另一頭哭了我不知道未來我阿姨又會怎樣對付我男友但就是因為我愛他，所以我才更要保護我們的感情",
    "time": "2017/07/07 16:35:11",
    "event": "slide"
  },
  {
    "category": "1",
    "app": "Dcard",
    "id": "5",
    "context": "#圖星座與生氣方式-表單結果?表單結果出爐，先感謝之前幫忙填問卷的各位，數據比預期的多超多，看到結果的時候還很意外的發現，也太平均了吧，還以為會有星座的落差，好啦不囉嗦，先上圖（後續文長），牡羊，雙魚，金牛，天蠍，處女，巨蟹，獅子♊雙子♑摩羯♐射手♎天秤♒水瓶蛤？你說怎麼大家前三名幾乎一樣？對啊不外乎都是冷戰跟掉頭走人本來想說怎麼都一樣?就在這時候...其實同個生氣方式佔每個星座裡的%數是不一樣的?舉例就是雖然冷戰都是每個星座的第一可是像金牛是30%獅子卻只有19%因此我們歸類出?跟對方冷戰♉金牛是個把不好情緒隱藏很好的人即使有衝突發生也不會讓情緒暴衝會先解決問題氣悶在心底假裝沒有不開心生氣的時候會變得沉默冷淡除非對方主動道歉否則很難原諒對方他們堅信自己是對的♍處女生氣有兩種生悶氣（冷戰第一名）就算氣到極點也是悶不吭聲會期待對方發現自己錯在哪有點神經質的處女生氣的時候更是折磨自己一直心煩著讓他生氣的人和事爆發（比大聲第三名）處女情緒來自內心深處一旦爆發就像火山一樣一發不可收拾?掉頭走人♎天秤因為愛好和平讓人印象都是脾氣好他會對對方把事情條理說清楚企圖讓對方同意他的看法但如果懶得解釋就會直接掉頭走人只會對好朋友或親近的人生氣因為小事生氣通常都懶得解釋一但踩到底線可是會爆發出來的但如果他不再跟你說話或是完全無視你那就很難在挽回了總愛一個人在夜晚的時候胡思亂想想著想著就哭了?情緒崩潰大哭♋巨蟹巨蟹非常會忍如果生氣會先生悶氣對你非常冷（第一名）這樣的巨蟹總在夜深人靜的時候特別的感傷情緒總在沒有人的時候爆發出來不說出來不代表不在意而是不想造成紛爭?比大聲♈牡羊只要你大聲我就比你更大聲:來互相傷害啊（誤就是一個你要吵我陪你吵生氣起來會忘記世界的存在完全不顧後果的爆發但他們易怒多是因為急躁的性格直率的表達法式牡羊氣的快消氣也快是個不會記仇的星座?破壞東西♐射手比較容易失去理智有時候他們也不是故意要怒吼的但就是生氣起來會太投入射手也會玩消失不會讓別人找到自己可能會跑去一個完全陌生的地方去旅遊等旅遊回來的時候可能所有的氣都消了?講道理♑摩羯當他們生氣的時候能從他們身上感到強大的壓力他們不會說自己如何生氣而是表達如何對你失望某些事上你如何讓人厭煩你如何辜負了他們的期望隨著他們不停的訴說對這些事情的感受也會越來越真切為了避免自己失控摩羯們把你扔下獨自離開最終他們可能會再也不把你當成朋友♒水瓶屬於少見的愛憎分明的類型不會輕易對別人生氣發火可是惹自己生氣的人不會輕易放過他們別指望生氣的水瓶能夠聽進去別人的大道理情緒化的時候他們自己說的話纔是道理他們生氣時不光很難溝通而且自己不消氣就很難了結?酸言酸語♏天蠍冷靜無比的他們時刻告訴自己沖動是魔鬼（暴怒的人挑起爭端忍耐的人止息紛爭?…很少公開發火當他們生你氣的時候會盡可能的遠離你絕不是怕你而是怕傷到你但是從他們憤怒的眼神或是充滿譏諷和挖苦的語氣一眼就看的出來他們生氣了若是嚴重的傷害了他們他們絕對會和你沒完沒了♊雙子唯一前三名的方式雙子本身很少真正生氣輕一點會一直說個不停讓你腦袋爆炸??脾氣差一點的話會賤到骨子裡但真的生氣反而懶的跟你說一句話?講髒話♌獅子抑制不住怒氣非得大罵幾聲或亂甩東西才能舒服一點其實有王者風範的獅子也是會爆粗口的呢火氣來得快去的快但這樣的獅子其實悲傷比別人還多?表面笑笑，背後捅一刀♓雙魚表面笑笑內心不知道已經翻你多少白眼了心裡很在意但是不喜歡說出來受到委屈不會當場擺臉色可能會有人覺得這樣心機很重表面笑笑但背地講別人壞話但是是因為雙魚心很脆弱只會把委屈往肚子吞但其實說壞話也不是毀謗他人只是抱怨自己的委屈有的雙魚生氣到爆發會一個人在家崩潰大哭（第二名）----------------分隔線✂️--------------因為我自己只對幾個星座比較瞭解所以內容大多都是網路查的如果覺得內容不準的話那就只看數據吧?雖然我覺得數據跟星座蠻相關的?真的可以看得出來某些星座生氣真的跟星座特質很相像像是火象星座的脾氣真的有嚇到我?比大聲講髒話破壞東西火象星座一定前三名還有擅長冷戰的土象星座也上榜相信大家都不喜歡直接把不好的一面展現出來但是一但被踩到底線的時候還是有可能爆發出來的這個是惹怒星座時的生氣表現那這些數據就給大家參考看看囉再次謝謝幫我們填過問卷的各位?‍♀️?‍♂️也歡迎大家打出自己的看法?",
    "time": "2017/07/07 16:40:42",
    "event": "click"
  },
  {
    "category": "1",
    "app": "Dcard",
    "id": "6",
    "context": "#圖星座與生氣方式-表單結果?表單結果出爐先感謝之前幫忙填問卷的各位數據比預期的多超多看到結果的時候還很意外的發現?也太平均了吧還以為會有星座的落差好啦不囉嗦先上圖（後續文長）♈牡羊♓雙魚♉金牛♏天蠍♍處女♋巨蟹♌獅子♊雙子♑摩羯♐射手♎天秤♒水瓶蛤？你說怎麼大家前三名幾乎一樣？對啊不外乎都是冷戰跟掉頭走人本來想說怎麼都一樣?就在這時候...其實同個生氣方式佔每個星座裡的%數是不一樣的?舉例就是雖然冷戰都是每個星座的第一可是像金牛是30%獅子卻只有19%因此我們歸類出?跟對方冷戰♉金牛是個把不好情緒隱藏很好的人即使有衝突發生也不會讓情緒暴衝會先解決問題氣悶在心底假裝沒有不開心生氣的時候會變得沉默冷淡除非對方主動道歉否則很難原諒對方他們堅信自己是對的♍處女生氣有兩種生悶氣（冷戰第一名）就算氣到極點也是悶不吭聲會期待對方發現自己錯在哪有點神經質的處女生氣的時候更是折磨自己一直心煩著讓他生氣的人和事爆發（比大聲第三名）處女情緒來自內心深處一旦爆發就像火山一樣一發不可收拾?掉頭走人♎天秤因為愛好和平讓人印象都是脾氣好他會對對方把事情條理說清楚企圖讓對方同意他的看法但如果懶得解釋就會直接掉頭走人只會對好朋友或親近的人生氣因為小事生氣通常都懶得解釋一但踩到底線可是會爆發出來的但如果他不再跟你說話或是完全無視你那就很難在挽回了總愛一個人在夜晚的時候胡思亂想想著想著就哭了?情緒崩潰大哭♋巨蟹巨蟹非常會忍如果生氣會先生悶氣對你非常冷（第一名）這樣的巨蟹總在夜深人靜的時候特別的感傷情緒總在沒有人的時候爆發出來不說出來不代表不在意而是不想造成紛爭?比大聲♈牡羊只要你大聲我就比你更大聲:來互相傷害啊（誤就是一個你要吵我陪你吵生氣起來會忘記世界的存在完全不顧後果的爆發但他們易怒多是因為急躁的性格直率的表達法式牡羊氣的快消氣也快是個不會記仇的星座?破壞東西♐射手比較容易失去理智有時候他們也不是故意要怒吼的但就是生氣起來會太投入射手也會玩消失不會讓別人找到自己可能會跑去一個完全陌生的地方去旅遊等旅遊回來的時候可能所有的氣都消了?講道理♑摩羯當他們生氣的時候能從他們身上感到強大的壓力他們不會說自己如何生氣而是表達如何對你失望某些事上你如何讓人厭煩你如何辜負了他們的期望隨著他們不停的訴說對這些事情的感受也會越來越真切為了避免自己失控摩羯們把你扔下獨自離開最終他們可能會再也不把你當成朋友♒水瓶屬於少見的愛憎分明的類型不會輕易對別人生氣發火可是惹自己生氣的人不會輕易放過他們別指望生氣的水瓶能夠聽進去別人的大道理情緒化的時候他們自己說的話纔是道理他們生氣時不光很難溝通而且自己不消氣就很難了結?酸言酸語♏天蠍冷靜無比的他們時刻告訴自己沖動是魔鬼（暴怒的人挑起爭端忍耐的人止息紛爭?…很少公開發火當他們生你氣的時候會盡可能的遠離你絕不是怕你而是怕傷到你但是從他們憤怒的眼神或是充滿譏諷和挖苦的語氣一眼就看的出來他們生氣了若是嚴重的傷害了他們他們絕對會和你沒完沒了♊雙子唯一前三名的方式雙子本身很少真正生氣輕一點會一直說個不停讓你腦袋爆炸??脾氣差一點的話會賤到骨子裡但真的生氣反而懶的跟你說一句話?講髒話♌獅子抑制不住怒氣非得大罵幾聲或亂甩東西才能舒服一點其實有王者風範的獅子也是會爆粗口的呢火氣來得快去的快但這樣的獅子其實悲傷比別人還多?表面笑笑，背後捅一刀♓雙魚表面笑笑內心不知道已經翻你多少白眼了心裡很在意但是不喜歡說出來受到委屈不會當場擺臉色可能會有人覺得這樣心機很重表面笑笑但背地講別人壞話但是是因為雙魚心很脆弱只會把委屈往肚子吞但其實說壞話也不是毀謗他人只是抱怨自己的委屈有的雙魚生氣到爆發會一個人在家崩潰大哭（第二名）----------------分隔線✂️--------------因為我自己只對幾個星座比較瞭解所以內容大多都是網路查的如果覺得內容不準的話那就只看數據吧?雖然我覺得數據跟星座蠻相關的?真的可以看得出來某些星座生氣真的跟星座特質很相像像是火象星座的脾氣真的有嚇到我?比大聲講髒話破壞東西火象星座一定前三名還有擅長冷戰的土象星座也上榜相信大家都不喜歡直接把不好的一面展現出來但是一但被踩到底線的時候還是有可能爆發出來的這個是惹怒星座時的生氣表現那這些數據就給大家參考看看囉再次謝謝幫我們填過問卷的各位?‍♀️?‍♂️也歡迎大家打出自己的看法?",
    "time": "2017/07/07 16:40:43",
    "event": "slide"
  }
]