[
  {
    "category": "10",
    "app": "Dcard",
    "id": "24",
    "context": "你以為我會被你騙嗎繼上次小時候與媽媽耍心機失敗的蠢事後(･᷄д･᷅)這次看到這篇讓我想到之前高中的時候做的蠢事??有一次我高中同學也拿這個問我同學：欸ooo妳唸亮月十次～（此時的我心裡os:哼哼這個我玩過了！老孃會被你騙嗎哇哈哈哈哈(･᷄ὢ･᷅)）我：哈哈好哇！亮月亮月亮月⋯*10同學：那我問妳喔～后羿射什麼？我：哈哈哈哈xxx我告訴你～這個我玩過了(◞´•௰•`)◞你以為我那麼笨會被你騙嗎？哇哈哈哈我哪有那麼笨！后羿射的是（手還指著我同學(✌ﾟ∀ﾟ)☞）月亮????月亮????月亮????同學：⋯（此刻寂靜無聲）同學s（複數加s)：哈哈哈哈智障我看過最智障的答案就是你了(˘•ω•˘)被騙就算了ಠ_ಠ自己還在那邊智障大言不慚(･᷄д･᷅)我再也不要以為自己知道答案然後耍聰明瞭(இдஇ;)",
    "time": "2017/07/07 16:58:35",
    "event": "click"
  },
  {
    "category": "10",
    "app": "Dcard",
    "id": "25",
    "context": "你以為我會被你騙嗎繼上次小時候與媽媽耍心機失敗的蠢事後(･᷄д･᷅)這次看到這篇讓我想到之前高中的時候做的蠢事??有一次我高中同學也拿這個問我同學：欸ooo妳唸亮月十次～（此時的我心裡os:哼哼這個我玩過了！老孃會被你騙嗎哇哈哈哈哈(･᷄ὢ･᷅)）我：哈哈好哇！亮月亮月亮月⋯*10同學：那我問妳喔～后羿射什麼？我：哈哈哈哈xxx我告訴你～這個我玩過了(◞´•௰•`)◞你以為我那麼笨會被你騙嗎？哇哈哈哈我哪有那麼笨！后羿射的是（手還指著我同學(✌ﾟ∀ﾟ)☞）月亮????月亮????月亮????同學：⋯（此刻寂靜無聲）同學s（複數加s)：哈哈哈哈智障我看過最智障的答案就是你了(˘•ω•˘)被騙就算了ಠ_ಠ自己還在那邊智障大言不慚(･᷄д･᷅)我再也不要以為自己知道答案然後耍聰明瞭(இдஇ;)",
    "time": "2017/07/07 16:58:37",
    "event": "slide"
  }
]