[
  {
    "category": "12",
    "app": "Dcard",
    "id": "31",
    "context": "我家的電視ㄆㄞˋㄎㄧ˙啊?我家的電視有點年紀了，所以每次打開它都要熱機一陣子，但每次打開我們全家都會笑到東倒西歪，如圖，建欽頭超小，惠雯頭超大，建欽變豬鼻子，惠雯朝天鼻+沒眼睛，不管是恐怖片還是災難片、喜劇片、卡通……都能變成搞笑片",
    "time": "2017/07/07 17:01:42",
    "event": "click"
  },
  {
    "category": "12",
    "app": "Dcard",
    "id": "32",
    "context": "我家的電視ㄆㄞˋㄎㄧ˙啊?我家的電視有點年紀了所以每次打開它都要熱機一陣子但每次打開我們全家都會笑到東倒西歪???如圖?建欽頭超小，惠雯頭超大建欽變豬鼻子?惠雯朝天鼻+沒眼睛不管是恐怖片還是災難片、喜劇片、卡通……都能變成搞笑片???????",
    "time": "2017/07/07 17:01:46",
    "event": "slide"
  }
]