[
  {
    "category": "13",
    "app": "Dcard",
    "id": "35",
    "context": "差點認一個女兒回家前幾天我爸去全聯買東西，回來後興奮的衝進我房裡大笑，我整個很莫名的看著他，後來他開始解釋，他在全聯遇到多麼巧合的事情，店員：欸～～好久不見了（｡･ω･｡）ﾉ，老爸：（？），店員：你不是李**的爸爸嗎？",
    "time": "2017/07/07 17:02:49",
    "event": "click"
  },
  {
    "category": "13",
    "app": "Dcard",
    "id": "36",
    "context": "差點認一個女兒回家前幾天我爸去全聯買東西回來後興奮的衝進我房間大笑我整個很莫名的看著他後來他開始解釋他在全聯遇到多麼巧合的事情店員：欸～～好久不見了(｡･ω･｡)ﾉ老爸：（？）店員：你不是李**的爸爸嗎？（這裡講的李**是我的本名）老爸：對啊呵呵，妳怎麼認識我女兒(⁎⁍̴̛ᴗ⁍̴̛⁎)店員：她在樓上啊，剛好她下班，您要順便等她嗎？老爸：...什麼東西？我女兒在家看電視ಠ_ಠ店員：不是李**的爸爸嗎？老爸：是啊店員：她在樓上呀，等等就下來了老爸：好...(´･_･`)結果我爸在全聯等那個女兒15分鐘聽到這裡我疑惑的看了我爸你怎麼還有好心情在全聯等不是女兒的女兒ಠ_ಠ？他說他想看後續發展(´▽｀)等那個女兒下樓後，她也感到很莫名其妙聽同事說爸爸來找她看到的是一個陌生大叔在傻笑後來才知道是個很巧合的誤會原來那個女兒跟我同名同姓而店員印象中那個女兒的爸爸就是我爸於是大家尷尬的笑一笑之後就解散了我：其實你想換女兒吧？說愛我都是騙人的老爸：為了妳，我都不能養其他畜生了我：......",
    "time": "2017/07/07 17:02:50",
    "event": "slide"
  }
]