[
  {
    "category": "14",
    "app": "Dcard",
    "id": "33",
    "context": "#圖vogue七月號不囉嗦直接上圖，*，剛剛去711列印繳費單順便看看雜誌區，想說看看有沒有霓淨思的保濕精華可以撿，（對我撿到了還剛好剩一本，結果就看到了喔喔喔喔聽說很好用的蘭萃飾底乳，還附了一瓶100g的潔顏乳，我都沒有用過不過這樣兩組買下來才398?",
    "time": "2017/07/07 17:02:25",
    "event": "click"
  },
  {
    "category": "14",
    "app": "Dcard",
    "id": "34",
    "context": "#圖vogue七月號不囉嗦直接上圖，*，剛剛去711列印繳費單順便看看雜誌區，想說看看有沒有霓淨思的保濕精華可以撿，（對我撿到了還剛好剩一本，結果就看到了喔喔喔喔聽說很好用的蘭萃飾底乳，還附了一瓶100g的潔顏乳，我都沒有用過不過這樣兩組買下來才398?",
    "time": "2017/07/07 17:02:25",
    "event": "slide"
  }
]