[
  {
    "category": "2",
    "app": "Dcard",
    "id": "3",
    "context": "#更#雷#黑特臺中網美愛推的美髮沙龍-------------------更-----------------我沒想到會造成這麼大的迴響事發之後設計師已經親自聯絡我讓我選擇\"全額退款\"或\"回去補染\"而我選擇了全額退款～～～我知道有些人也得到不好的經驗但至少設計師的善後處理很完善希望這件事就暫時落幕了謝謝大家～～～～------------------------------------現在的心情就像掉進地獄一樣非常的差我一定要寫這篇不然我良心對不起我自己這家美髮店還蠻多網美推的會去的原因是因為他之前有個歐美手刷染的照片讓我覺得蠻美的上網查其實也沒什麼負評(結果用完才發現迪卡有一篇)這次的消費項目是染燙漂總共花了我一萬多塊錢包括會員卡護髮髮膜洗髮精⋯等等產品沒想到到最後的結果是三千元就可以用出來的效果?設計師也都沒跟我講什麼適合我什麼不適合我反正他就超忙的看一下用一下就又跑走⋯然後細節什麼都不講清楚其實剛開始染燙我就有不詳預感先不說燙最不讓我滿意的是他們的染髮這是我原本給設計師看得照片??這是歐美手刷染染髮都會以挑染的方式漂頭並不會'整頭漂'他們就直接助理兩個人一人用一邊給我整頭漂我一覺得不對勁我就直接問\"我很確定不是整頭漂\"\"可不可以把上面的漂劑給我弄掉\"\"這樣是之後褪色變整頭金嗎?\"他們的回答是\"用矯色洗髮精就可以不用怕褪色囉\"\"因為要有上麪灰灰霧霧的感覺所以要漂整頭\"\"因為你之前染過紅會卡色\"(要不是我之前問過很多設計師他先前也沒跟我講卡色問題反正我的講法跟他們的講法完全就鬼打牆我也想說算了等結果出來再說畢竟前面就跟我講一萬多自然也應該有好的地方吧）結果成品如下??ㄜ⋯⋯這是一萬塊做出來的成果？他漂完用一用上個染色膏其實到最後已經沒有要再給我弄的意思我就問髮尾能不能再淺一點(因為我想要像圖片那種灰灰的感覺）結果他就用他們獨家手法把我髮尾變淺可是是變金！！！原本我很擔心問漂髮的時候還跟我講放心跟圖片不會差太多（黑人問號？？？阿現在是？）我染完當下覺得還好回去看我想要的再來對比我真的傻眼染燙之前真的任何心理準備都沒有溝通非常非常少總而言之看起來三千塊的染髮技術我花了14000在上面你就知道我現在的心情很?重點現場付款還不能刷卡叫你現場去附近銀行提款阿信用卡不能提款叫其他人怎麼辦？每次客人都這樣大手筆的花卻沒有信用卡付款是要把現金帶在身上等著被偷嗎？辦了會員卡300元butwillnevergobackagain",
    "time": "2017/07/07 16:36:25",
    "event": "click"
  },
  {
    "category": "2",
    "app": "Dcard",
    "id": "4",
    "context": "#更#雷#黑特臺中網美愛推的美髮沙龍-------------------更-----------------我沒想到會造成這麼大的迴響事發之後設計師已經親自聯絡我讓我選擇\"全額退款\"或\"回去補染\"而我選擇了全額退款～～～我知道有些人也得到不好的經驗但至少設計師的善後處理很完善希望這件事就暫時落幕了謝謝大家～～～～------------------------------------現在的心情就像掉進地獄一樣非常的差我一定要寫這篇不然我良心對不起我自己這家美髮店還蠻多網美推的會去的原因是因為他之前有個歐美手刷染的照片讓我覺得蠻美的上網查其實也沒什麼負評(結果用完才發現迪卡有一篇)這次的消費項目是染燙漂總共花了我一萬多塊錢包括會員卡護髮髮膜洗髮精⋯等等產品沒想到到最後的結果是三千元就可以用出來的效果?設計師也都沒跟我講什麼適合我什麼不適合我反正他就超忙的看一下用一下就又跑走⋯然後細節什麼都不講清楚其實剛開始染燙我就有不詳預感先不說燙最不讓我滿意的是他們的染髮這是我原本給設計師看得照片??這是歐美手刷染染髮都會以挑染的方式漂頭並不會'整頭漂'他們就直接助理兩個人一人用一邊給我整頭漂我一覺得不對勁我就直接問\"我很確定不是整頭漂\"\"可不可以把上面的漂劑給我弄掉\"\"這樣是之後褪色變整頭金嗎?\"他們的回答是\"用矯色洗髮精就可以不用怕褪色囉\"\"因為要有上麪灰灰霧霧的感覺所以要漂整頭\"\"因為你之前染過紅會卡色\"(要不是我之前問過很多設計師他先前也沒跟我講卡色問題反正我的講法跟他們的講法完全就鬼打牆我也想說算了等結果出來再說畢竟前面就跟我講一萬多自然也應該有好的地方吧）結果成品如下??ㄜ⋯⋯這是一萬塊做出來的成果？他漂完用一用上個染色膏其實到最後已經沒有要再給我弄的意思我就問髮尾能不能再淺一點(因為我想要像圖片那種灰灰的感覺）結果他就用他們獨家手法把我髮尾變淺可是是變金！！！原本我很擔心問漂髮的時候還跟我講放心跟圖片不會差太多（黑人問號？？？阿現在是？）我染完當下覺得還好回去看我想要的再來對比我真的傻眼染燙之前真的任何心理準備都沒有溝通非常非常少總而言之看起來三千塊的染髮技術我花了14000在上面你就知道我現在的心情很?重點現場付款還不能刷卡叫你現場去附近銀行提款阿信用卡不能提款叫其他人怎麼辦？每次客人都這樣大手筆的花卻沒有信用卡付款是要把現金帶在身上等著被偷嗎？辦了會員卡300元butwillnevergobackagain",
    "time": "2017/07/07 16:36:31",
    "event": "slide"
  }
]