[
  {
    "category": "5",
    "app": "Dcard",
    "id": "8",
    "context": "面試超隨性的主管，秒錄取借姊姊帳號發文的178.26yboy，如題，在我尋覓了將近一個月的工作，終於上了！，7/5早上去內科面試了一個總經理特助的工作，該公司是港商app程式製作公司，剛剛來到臺灣設立分公司。//////---分隔線到標題，順利與面試官做了簡易的面談及學經歷後輪到總經理（香港人）親談半小時。進到總經理室後，轉過頭來的瞬間我內心各種問號.....這總經理也太屁了吧.........?（山雞頭.a&f白底藍字緊身t.不知名超花束口褲.手戴佩納海.拿一個亮橘色的gucci手拿包）親談快結束時，總經理問我17.8歲時有跑夜店的習慣嗎，一個措手不及我傻了怎麼會回他有，還很常跑（一個各種想挖洞把自己埋起來），總經理就笑笑的說有玩過就好，即隨口說出找時間一起去玩???我立馬噴笑，總經理說我是他很想找的人選，立馬問我希望待遇是4萬-4萬2嘛？我回答，是。屁孩總經理遲疑了大概1分鐘後問我說這樣子好了，一個月給你五萬薪水，盡快和他培養好默契！???我立馬說好（內心爽到不行）p.s老闆與總經理都才30.31單身?爽到現在才發文??",
    "time": "2017/07/07 16:41:19",
    "event": "click"
  },
  {
    "category": "5",
    "app": "Dcard",
    "id": "9",
    "context": "面試超隨性的主管，秒錄取借姊姊帳號發文的178.26yboy?如題，在我尋覓了將近一個月的工作，終於上了！???7/5早上去內科面試了一個總經理特助的工作，該公司是港商app程式製作公司，剛剛來到臺灣設立分公司。//////---分隔線回到標題，順利與面試官做了簡易的面談及學經歷後輪到總經理（香港人）親談半小時。進到總經理室後，轉過頭來的瞬間我內心各種問號.....這總經理也太屁了吧.........?（山雞頭.a&f白底藍字緊身t.不知名超花束口褲.手戴佩納海.拿一個亮橘色的gucci手拿包）親談快結束時，總經理問我17.8歲時有跑夜店的習慣嗎，一個措手不及我傻了怎麼會回他有，還很常跑（一個各種想挖洞把自己埋起來），總經理就笑笑的說有玩過就好，即隨口說出找時間一起去玩???我立馬噴笑，總經理說我是他很想找的人選，立馬問我希望待遇是4萬-4萬2嘛？我回答，是。屁孩總經理遲疑了大概1分鐘後問我說這樣子好了，一個月給你五萬薪水，盡快和他培養好默契！???我立馬說好（內心爽到不行）p.s老闆與總經理都才30.31單身?爽到現在才發文??",
    "time": "2017/07/07 16:41:35",
    "event": "slide"
  },
  {
    "category": "5",
    "app": "Dcard",
    "id": "22",
    "context": "#圖，第一次的幼稚園女同學老師老師老師暑假找到一份幼稚園工讀的工作，我被分到小班當助教，我與朋友分享上班的事，每一個都讓大家笑翻，以下是我與友人的聊天紀錄，好的，我看起來那麼老就對了？（現在心裡掐他十萬八千遍），因為我在小班所以他們大完便就會在廁所大喊要老師去幫他擦屁股又有小朋友問我一次褲子的事，我一樣回答姊姊窮，他們就到處去宣傳，姊姊說她很窮所以褲子都是破的，他們回家一定會跟爸媽說，我們老師很窮所以褲子都破的....???這四天下來我真心覺得幼稚園老師真的很偉大。??????",
    "time": "2017/07/07 16:55:34",
    "event": "click"
  },
  {
    "category": "5",
    "app": "Dcard",
    "id": "23",
    "context": "#圖，第一次的幼稚園暑假找到一份幼稚園工讀的工作，我被分到小班當助教，我與朋友分享上班的事，每一個都讓大家笑翻以下是我與友人的聊天紀錄好的，我看起來那麼老就對了？（現在心裡掐他十萬八千遍??）因為我在小班所以他們大完便就會在廁所大喊要老師去幫他擦屁股又有小朋友問我一次褲子的事，我一樣回答姊姊窮，他們就到處去宣傳，姊姊說她很窮所以褲子都是破的，他們回家一定會跟爸媽說，我們老師很窮所以褲子都破的....???這四天下來我真心覺得幼稚園老師真的很偉大。??????",
    "time": "2017/07/07 16:55:36",
    "event": "slide"
  }
]