[
  {
    "category": "6",
    "app": "Dcard",
    "id": "10",
    "context": "#更#圖多非常糟糕的寵物認養！第一次發文還不太會排版?請見諒看了很無能為力完全不知道該怎麼處理只好從這裡po文讓更多人看到！！！#更新因為怕隱私問題所以我把截圖有名字的部分馬賽克掉了也很謝謝願意耐心看完這篇文章的你們第一次發文你們看了應該也蠻累的?不管有沒有留言或是按愛心至少你們都看見照片了一定會有人開始重視這些狗狗的謝謝你們------以下正文這間是在彰化市路邊的一間寵物認養每天經過都會想說怎麼都沒有人去檢舉結果終於有人po文了??‼️⁉️連豬都有?空間那麼小卻擠了那麼多隻狗狗裡面什麼狗狗都有！非常的誇張幾乎都是品種狗----------?結果今天在fb上又看到有人po文說在裡面又發現法鬥！？-----------?於是我就去私訊那位po文的小姐結果⋯⋯得到的答案就是好像是從繁殖場被淘汰的狗狗?也有網友說這間在那已經很久瞭然後這位伯伯在打著愛心認養的名義其實是在和前往認養的民眾收取費用非常的可惡狗狗的環境和健康真的很糟糕每次去有時候看到他們的碗裡都不是飼料是很像餿水的東西有菜有香菇---------?robert我的寶貝?(當天裡面不只一隻法鬥狀況都很糟糕?3/12這隻法鬥也是我從那裡帶回來的?（這三張都是當天拍的他告訴我是朋友中風不要養了所以帶到他那邊愛心認養整隻瘦到皮包骨全身都傷皮膚病很嚴重耳朵裡面化膿身體一堆問題愛心認養要跟我收4000元！？說要把這筆錢給狗的原主人吃飯的！還要給他自己餵流浪狗被抓傷要看醫生的我說這不是愛心認養嗎而且我是學生沒帶那麼多錢他後來纔跟我收2000才讓我把狗帶走------從3/12到今天我已經進去這間好幾次了！每次經過都有不同的狗狗上次還有狐狸犬甚至是黃金獵犬還有迷你豬！！我每次都問那個伯伯狗是哪來的？他回答我是撿來或是人家寄放的我就問說：寄放？那為什麼還可以讓民眾認養走後來我走到門口聽到他在裡面跟朋友碎念他說：狗他弄來的我管那麼多幹嘛這真的很扯環境真的非常的差狗狗都生病看了很心疼也無能為力！！最奇怪的是這麼明目張膽的打著愛心認養名義?怎麼可以撐好幾年都沒事？難道都沒有動保團體去調查嗎?帶狗狗去看獸醫連醫生都說這看起來一點也不像是以前有人養過的！真的很生氣心疼⋯⋯⋯有沒有人知道有什麼辦法可以救這些狗狗???------------------?robert他只是比其他狗狗幸運一點點而已當天要趕去搭高鐵綠燈起步時?騎過去瞄到?被綁在籠子外面(因為沒有多餘的空間了柏油路上就放件不要的舊衣服?就乖乖的坐在路邊於是我就停下來靠過去看整個臭味撲鼻而來⋯⋯然後我就過去詢問那個伯伯就是?上面敘述的那樣了後來?被我帶回家（當然高鐵沒搭到?還被老媽臭罵一頓不回家跑去路邊亂撿狗⋯⋯-------這幾個月來細心的照顧下?前幾天帶他去看醫生⋯終於沒有白費了??因為他變胖了?????不過也只胖了2公斤而已??之所以會po這篇文就是因為?不是每隻狗狗都能那麼幸運順利的找到新主人有新的環境新的家庭⋯我們人類只要繩子一拉狗狗就必需跟著我們走他想往東跑我們卻往西走他們沒有決定權他們怎麼也不會想到莫名其妙的就被抓起來!!!!!!!然後關在那邊的籠子裡等待人家的愛心認養!?說實在的裡面的狗一隻比一隻還要髒.......民眾前往認養也一定不會挑最髒看起來沒精神的狗當然是挑看起來有精神的外表乾淨的狗狗!!!!!!那其他的狗狗呢？就一直被關在那？？所以希望有更多人可以看見⋯?如果有喜歡狗狗的人經濟許可的人可以前往認養幫助那些無辜可憐的毛小孩---------我只希望?可以趕快忘掉以往不好的回憶從現在開始可以吃飽睡飽安心的度過每一天?也很謝謝你們願意耐心的看完謝謝",
    "time": "2017/07/07 16:45:14",
    "event": "click"
  },
  {
    "category": "6",
    "app": "Dcard",
    "id": "11",
    "context": "#更#圖多非常糟糕的寵物認養！第一次發文還不太會排版?請見諒看了很無能為力完全不知道該怎麼處理只好從這裡po文讓更多人看到！！！#更新因為怕隱私問題所以我把截圖有名字的部分馬賽克掉了也很謝謝願意耐心看完這篇文章的你們第一次發文你們看了應該也蠻累的?不管有沒有留言或是按愛心至少你們都看見照片了一定會有人開始重視這些狗狗的謝謝你們------以下正文這間是在彰化市路邊的一間寵物認養每天經過都會想說怎麼都沒有人去檢舉結果終於有人po文了??‼️⁉️連豬都有?空間那麼小卻擠了那麼多隻狗狗裡面什麼狗狗都有！非常的誇張幾乎都是品種狗----------?結果今天在fb上又看到有人po文說在裡面又發現法鬥！？-----------?於是我就去私訊那位po文的小姐結果⋯⋯得到的答案就是好像是從繁殖場被淘汰的狗狗?也有網友說這間在那已經很久瞭然後這位伯伯在打著愛心認養的名義其實是在和前往認養的民眾收取費用非常的可惡狗狗的環境和健康真的很糟糕每次去有時候看到他們的碗裡都不是飼料是很像餿水的東西有菜有香菇---------?robert我的寶貝?(當天裡面不只一隻法鬥狀況都很糟糕?3/12這隻法鬥也是我從那裡帶回來的?（這三張都是當天拍的他告訴我是朋友中風不要養了所以帶到他那邊愛心認養整隻瘦到皮包骨全身都傷皮膚病很嚴重耳朵裡面化膿身體一堆問題愛心認養要跟我收4000元！？說要把這筆錢給狗的原主人吃飯的！還要給他自己餵流浪狗被抓傷要看醫生的我說這不是愛心認養嗎而且我是學生沒帶那麼多錢他後來纔跟我收2000才讓我把狗帶走------從3/12到今天我已經進去這間好幾次了！每次經過都有不同的狗狗上次還有狐狸犬甚至是黃金獵犬還有迷你豬！！我每次都問那個伯伯狗是哪來的？他回答我是撿來或是人家寄放的我就問說：寄放？那為什麼還可以讓民眾認養走後來我走到門口聽到他在裡面跟朋友碎念他說：狗他弄來的我管那麼多幹嘛這真的很扯環境真的非常的差狗狗都生病看了很心疼也無能為力！！最奇怪的是這麼明目張膽的打著愛心認養名義?怎麼可以撐好幾年都沒事？難道都沒有動保團體去調查嗎?帶狗狗去看獸醫連醫生都說這看起來一點也不像是以前有人養過的！真的很生氣心疼⋯⋯⋯有沒有人知道有什麼辦法可以救這些狗狗???------------------?robert他只是比其他狗狗幸運一點點而已當天要趕去搭高鐵綠燈起步時?騎過去瞄到?被綁在籠子外面(因為沒有多餘的空間了柏油路上就放件不要的舊衣服?就乖乖的坐在路邊於是我就停下來靠過去看整個臭味撲鼻而來⋯⋯然後我就過去詢問那個伯伯就是?上面敘述的那樣了後來?被我帶回家（當然高鐵沒搭到?還被老媽臭罵一頓不回家跑去路邊亂撿狗⋯⋯-------這幾個月來細心的照顧下?前幾天帶他去看醫生⋯終於沒有白費了??因為他變胖了?????不過也只胖了2公斤而已??之所以會po這篇文就是因為?不是每隻狗狗都能那麼幸運順利的找到新主人有新的環境新的家庭⋯我們人類只要繩子一拉狗狗就必需跟著我們走他想往東跑我們卻往西走他們沒有決定權他們怎麼也不會想到莫名其妙的就被抓起來!!!!!!!然後關在那邊的籠子裡等待人家的愛心認養!?說實在的裡面的狗一隻比一隻還要髒.......民眾前往認養也一定不會挑最髒看起來沒精神的狗當然是挑看起來有精神的外表乾淨的狗狗!!!!!!那其他的狗狗呢？就一直被關在那？？所以希望有更多人可以看見⋯?如果有喜歡狗狗的人經濟許可的人可以前往認養幫助那些無辜可憐的毛小孩---------我只希望?可以趕快忘掉以往不好的回憶從現在開始可以吃飽睡飽安心的度過每一天?也很謝謝你們願意耐心的看完謝謝",
    "time": "2017/07/07 16:45:16",
    "event": "slide"
  }
]