[
  {
    "category": "7",
    "app": "Dcard",
    "id": "12",
    "context": "#圖#造型便當猜猜這是誰的造型便當呢？是可愛的大哥尹智聖～～我有po對版吧哈哈哈，附上放上白飯前的海苔成品，第一次做海苔便當就獻給智聖xi了，海苔花了好久時間做，但放在飯上有點皺在一起了，本人繪畫能力不佳，所以這是用描圖紙描線條之後",
    "time": "2017/07/07 16:48:03",
    "event": "click"
  },
  {
    "category": "7",
    "app": "Dcard",
    "id": "13",
    "context": "#圖#造型便當猜猜這是誰的造型便當呢？是可愛的大哥尹智聖～～我有po對版吧哈哈哈附上放上白飯前的海苔成品第一次做海苔便當就獻給智聖xi了海苔花了好久時間做但放在飯上有點皺在一起了??本人繪畫能力不佳所以這是用描圖紙描線條之後再割出來的嗯不要問花了多久時間??補個有飯有菜的便當照小不點便當配菜✅炸蝦✅烤鮭魚✅玉子燒✅打拋豬肉✅小番茄✅奇異果卡娜赫拉便當配菜✅蔥玉子燒✅維也納香腸✅清燙花椰菜✅愛心胡蘿蔔✅川燙蝦仁✅蜂蜜蕃薯✅水果玉米免捏飯糰便當配菜✅蟹肉棒玉子燒✅叉燒炒飯飯糰✅德國香腸飯糰✅時蔬沙拉✅小番茄✅清燙花椰菜最後是智聖拍手～??????????我會努力更進步的??--------------------------✅便當日記https://www.instagram.com/obento__diary/",
    "time": "2017/07/07 16:48:06",
    "event": "slide"
  },
  {
    "category": "7",
    "app": "Dcard",
    "id": "16",
    "context": "楠梓隱藏版超大份量午餐標題不知道怎麼下，就隨便亂打囉，這裡跟大家分享一間超不起眼，根本不像店家的店。外觀長這樣，不要懷疑就是這樣，她門口也沒有招牌什麼的。可是她的份量真的超大！難以想像的大...，這是炒飯（旁邊有湯匙當比例尺）大碗公就算了，還堆成小尖山!然後這是炒麵一樣堆得很高然後各位猜這樣這兩碗各要多少錢?..........只要$50?都不知道老闆有沒有賺，根本佛心來著~吃一碗可以抵兩餐，等於一餐只花$25欸!!老闆是個阿姨(應該還沒到阿婆的程度啦?)，之前吃一吃她突然跑出來跟我開槓。說之前很多學生來吃，可是好像都畢業了，所以學生變很少，都剩一些內行的熟客會來。看我能不能多帶一些同學來，所以我才來跟大家分享?不過那邊唯一的缺點就是，在騎樓下沒!冷!氣!阿姨是說她那邊有樹蔭，起風的時候還蠻涼的，但正中午的時候去還是會熱啊?所以會很怕熱的人，可以等天氣比較涼的時候再去。或者是外帶...你就會看到飯或麵，從便當盒爆出來是什麼樣子?這邊附上地址：高雄市楠梓區壽豐路421號阿姨只有賣：炒飯$50、炒麵$50、湯麵$50、蛋花湯$20(一樣是用碗公裝)去的時候只要外面有擺桌椅就是有營業。不要懷疑，直接走到門口對裡面說你要吃什麼就好(不要開門走進去喔，小心被告私闖民宅)然後老闆晚上不營業，中午好像到16:00都還有吧，不是很確定。有興趣的可以去挑戰看看喔~",
    "time": "2017/07/07 16:50:08",
    "event": "click"
  },
  {
    "category": "7",
    "app": "Dcard",
    "id": "17",
    "context": "楠梓隱藏版超大份量午餐標題不知道怎麼下，就隨便亂打囉?這裡跟大家分享一間超不起眼，根本不像店家的店。外觀長這樣不要懷疑就是這樣，她門口也沒有招牌什麼的。可是她的份量真的超大!難以想像的大...這是炒飯(旁邊有湯匙當比例尺)大碗公就算了，還堆成小尖山!然後這是炒麵一樣堆得很高然後各位猜這樣這兩碗各要多少錢?..........只要$50?都不知道老闆有沒有賺，根本佛心來著~吃一碗可以抵兩餐，等於一餐只花$25欸!!老闆是個阿姨(應該還沒到阿婆的程度啦?)，之前吃一吃她突然跑出來跟我開槓。說之前很多學生來吃，可是好像都畢業了，所以學生變很少，都剩一些內行的熟客會來。看我能不能多帶一些同學來，所以我才來跟大家分享?不過那邊唯一的缺點就是，在騎樓下沒!冷!氣!阿姨是說她那邊有樹蔭，起風的時候還蠻涼的，但正中午的時候去還是會熱啊?所以會很怕熱的人，可以等天氣比較涼的時候再去。或者是外帶...你就會看到飯或麵，從便當盒爆出來是什麼樣子?這邊附上地址：高雄市楠梓區壽豐路421號阿姨只有賣：炒飯$50、炒麵$50、湯麵$50、蛋花湯$20(一樣是用碗公裝)去的時候只要外面有擺桌椅就是有營業。不要懷疑，直接走到門口對裡面說你要吃什麼就好(不要開門走進去喔，小心被告私闖民宅)然後老闆晚上不營業，中午好像到16:00都還有吧，不是很確定。有興趣的可以去挑戰看看喔~",
    "time": "2017/07/07 16:50:10",
    "event": "slide"
  },
  {
    "category": "7",
    "app": "Dcard",
    "id": "20",
    "context": "#情報炸雞洋行快報快報，炸雞洋行來高雄展店！！ヾ（*´∀｀*）ﾉ，在臺南國華街都要排隊排超久的，（買過應該都知道那可怕人潮），之後在高雄也能吃到了，附上google搜尋到的照片~，（有違規或侵犯請告知會撤下），和朋友去臺南買都直接狂啃完全沒心思在那拍照啊啊(σˋ▽ˊ)σ它們的馬鈴薯??-感覺像丹丹有種南部限定的概念?還不快按愛心分享給高雄的親友團~~~",
    "time": "2017/07/07 16:51:07",
    "event": "click"
  },
  {
    "category": "7",
    "app": "Dcard",
    "id": "21",
    "context": "#情報炸雞洋行快報快報炸雞洋行來高雄展店!!ヾ(*´∀｀*)ﾉ在臺南國華街都要排隊排超久的(買過應該都知道那可怕人潮?)之後在高雄也能吃到了❤附上google搜尋到的照片~(有違規或侵犯請告知?會撤下)和朋友去臺南買都直接狂啃?完全沒心思在那拍照啊啊(σˋ▽ˊ)σ它們的馬鈴薯??-感覺像丹丹有種南部限定的概念?還不快按愛心分享給高雄的親友團~~~",
    "time": "2017/07/07 16:51:09",
    "event": "slide"
  },
  {
    "category": "7",
    "app": "Dcard",
    "id": "27",
    "context": "#圖多吃藏壽司是為了柯南扭蛋一大桶柯南扭蛋，甜點真的每一樣都很想吃啊～～上壽司囉～～酥炸玉米球-這真的很好吃，愛吃玉米的人一定會喜歡的️️，豆乳甜甜圈-冰淇淋搭配熱的甜甜圈，水火交融的口感，好吃啊！！，靜岡抹茶冰淇淋-抹茶味重+底層的玉米片，也推",
    "time": "2017/07/07 16:59:30",
    "event": "click"
  },
  {
    "category": "7",
    "app": "Dcard",
    "id": "28",
    "context": "#圖多吃藏壽司是為了柯南扭蛋一大桶柯南扭蛋甜點真的每一樣都很想吃啊～～上壽司囉～～酥炸玉米球-這真的很好吃，愛吃玉米的人一定會喜歡的❤️❤️豆乳甜甜圈-冰淇淋搭配熱的甜甜圈，水火交融的口感，好吃啊！！靜岡抹茶冰淇淋-抹茶味重+底層的玉米片，也推?就在我們兩人瘋狂吃、瘋狂丟盤子，要五的倍數才能抽一次扭蛋，所以我們2個人瘋狂的努力就在要放棄時總算總算被我們抽中了呢！！！！！靠近一點看～沒錯！我們吃了20盤！！！扭到一隻小蘭??????很可愛呢！共有五款期間限定的，喜愛柯南的人可以去試試手氣唷?p.s我們對面那座位，幾乎10盤就抽中了...哈?簽名檔：為了柯南扭蛋瘋狂吃的女子",
    "time": "2017/07/07 16:59:33",
    "event": "slide"
  }
]