[
  {
    "category": "8",
    "app": "Dcard",
    "id": "14",
    "context": "what'sinmyroom工業風看到大家分享自己的房間小女子就也來分享一下這是我最喜歡的角落！有大象寶寶哈哈哈接下來就是吧檯區啦我們家是樓中樓所以基本上是有挑高的（因為男友喜歡工業風，所以我們就讓家裡維持工業風）上面左邊是男友的書桌（整個很頹）右邊是我的～中間藍色的地方是吊牀可以躺在上面看影集或是痾就躺著最後是睡覺的地方！樓上是沒辦法站起來的題外話當時為了找房子弄得焦頭爛額就是因為我一直嚷著想要木地板最後終於找到一間鋪滿了木地板的房子！圓了小女子一個心願(*☻-☻*)如果沒有意外的話應該會住到畢業吧畢竟cp值那麼高的房子應該很少了qwq（感謝畢業了的大學長承讓）",
    "time": "2017/07/07 16:49:02",
    "event": "click"
  },
  {
    "category": "8",
    "app": "Dcard",
    "id": "15",
    "context": "what'sinmyroom工業風看到大家分享自己的房間小女子就也來分享一下這是我最喜歡的角落！有大象寶寶哈哈哈接下來就是吧檯區啦我們家是樓中樓所以基本上是有挑高的（因為男友喜歡工業風，所以我們就讓家裡維持工業風）上面左邊是男友的書桌（整個很頹）右邊是我的～中間藍色的地方是吊牀可以躺在上面看影集或是痾就躺著最後是睡覺的地方！樓上是沒辦法站起來的題外話當時為了找房子弄得焦頭爛額就是因為我一直嚷著想要木地板最後終於找到一間鋪滿了木地板的房子！圓了小女子一個心願(*☻-☻*)如果沒有意外的話應該會住到畢業吧畢竟cp值那麼高的房子應該很少了qwq（感謝畢業了的大學長承讓）",
    "time": "2017/07/07 16:49:03",
    "event": "slide"
  },
  {
    "category": "8",
    "app": "Dcard",
    "id": "29",
    "context": "#圖what'sinmyroom?微微玩具控?看了好久的what'sinmyroom系列，只能說很佩服啊，怎麼可以把房間弄得這麼美！！，不過我也很喜歡自己的房間，所以發上來給大家看看xd，房間的全景照，小小的一間，房間在幾年前也有全部裝潢過，畢竟都已經20年的房子了桌子的部分，左邊貼的是參加過得活動，每個名牌都有留下來做紀唸啊~桌子和牀中間有個三層櫃，不過也沒什麼東西好放，就是一堆不相關的東西?這是門後，有一天媽媽突然買了這個超方便的給我放貼紙，很喜歡買各式各樣的貼紙，但又捨不得用哈哈哈房間最喜歡的地方!!滿滿的玩具，這只是一半，另一半在租屋處哈哈哈每次看了心情都很好，滿滿小東西再補一張租屋處的玩具好了xd謝謝大家願意收看弱弱的房間~~",
    "time": "2017/07/07 17:00:42",
    "event": "click"
  },
  {
    "category": "8",
    "app": "Dcard",
    "id": "30",
    "context": "#圖what'sinmyroom?微微玩具控?看了好久的what'sinmyroom系列，只能說很佩服啊，怎麼可以把房間弄得這麼美!!不過我也很喜歡自己的房間，所以發上來給大家看看xd房間的全景照，小小的一間，房間在幾年前也有全部裝潢過，畢竟都已經20年的房子了桌子的部分，左邊貼的是參加過得活動，每個名牌都有留下來做紀唸啊~桌子和牀中間有個三層櫃，不過也沒什麼東西好放，就是一堆不相關的東西?這是門後，有一天媽媽突然買了這個超方便的給我放貼紙，很喜歡買各式各樣的貼紙，但又捨不得用哈哈哈房間最喜歡的地方!!滿滿的玩具，這只是一半，另一半在租屋處哈哈哈每次看了心情都很好，滿滿小東西再補一張租屋處的玩具好了xd謝謝大家願意收看弱弱的房間~~",
    "time": "2017/07/07 17:00:44",
    "event": "slide"
  }
]