[
  {
    "category": "3",
    "app": "Chrome",
    "id": "20",
    "context": "水保大家庭之水保大家",
    "time": "2017/06/07 13:10:10",
    "event": "click"
  },
  {
    "category": "3",
    "app": "Chrome",
    "id": "21",
    "context": "水保大家庭之水保大家",
    "time": "2017/06/07 13:10:10",
    "event": "slide"
  },
  {
    "category": "3",
    "app": "Chrome",
    "id": "24",
    "context": "水保大家庭之水保大家",
    "time": "2017/06/07 13:11:36",
    "event": "click"
  },
  {
    "category": "3",
    "app": "Chrome",
    "id": "25",
    "context": "水保大家庭之水保大家",
    "time": "2017/06/07 13:11:36",
    "event": "slide"
  }
]