[
  {
    "category": "1",
    "app": "Messenger",
    "id": "1",
    "context": "愛你我也是喔在上課",
    "time": "2017/05/22 16:12:49",
    "event": "slide"
  },
  {
    "category": "1",
    "app": "Messenger",
    "id": "2",
    "context": "想起你昨天的照片",
    "time": "2017/05/22 16:12:49",
    "event": "type"
  },
  {
    "category": "1",
    "app": "Messenger",
    "id": "4",
    "context": "愛你我也是喔在上課想起你昨天的照片",
    "time": "2017/05/22 16:12:49",
    "event": "slide"
  },
  {
    "category": "1",
    "app": "Messenger",
    "id": "5",
    "context": "捲的很特別就覺得好好笑",
    "time": "2017/05/22 16:12:49",
    "event": "type"
  },
  {
    "category": "1",
    "app": "Messenger",
    "id": "7",
    "context": "愛你我也是喔在上課想起你昨天的照片捲的很特別就覺得好好笑",
    "time": "2017/05/22 16:12:49",
    "event": "slide"
  },
  {
    "category": "1",
    "app": "Messenger",
    "id": "23",
    "context": "愛你我也是喔在上課想起你昨天的照片捲的很特別就覺得好好笑哈哈哈哈等等要去學校操場跑步然後跟屈臣氏好",
    "time": "2017/05/22 16:23:22",
    "event": "slide"
  },
  {
    "category": "1",
    "app": "Messenger",
    "id": "24",
    "context": "等等要去學校操場跑步然後跟屈臣氏",
    "time": "2017/05/22 16:23:22",
    "event": "type"
  },
  {
    "category": "1",
    "app": "Messenger",
    "id": "26",
    "context": "愛你我也是喔在上課想起你昨天的照片捲的很特別就覺得好好笑哈哈哈哈等等要去學校操場跑步然後跟屈臣氏",
    "time": "2017/05/22 16:23:22",
    "event": "slide"
  },
  {
    "category": "1",
    "app": "Messenger",
    "id": "36",
    "context": "愛你我也是喔在上課想起你昨天的照片捲的很特別就覺得好好笑哈哈哈哈等等要去學校操場跑步然後跟屈臣氏好",
    "time": "2017/05/22 16:29:41",
    "event": "slide"
  },
  {
    "category": "1",
    "app": "Messenger",
    "id": "37",
    "context": "上到五點半",
    "time": "2017/05/22 16:29:41",
    "event": "type"
  },
  {
    "category": "1",
    "app": "Messenger",
    "id": "39",
    "context": "愛你我也是喔在上課想起你昨天的照片捲的很特別就覺得好好笑哈哈哈哈等等要去學校操場跑步然後跟屈臣氏好上到五點半",
    "time": "2017/05/22 16:29:41",
    "event": "slide"
  }
]