[
  {
    "category": "10",
    "app": "Dcard",
    "id": "54",
    "context": "#問mk錶代購真假各位好，最近想買這隻錶發現這家價錢很佛想請問有人買過這家嗎？是不是正的或是有推薦的賣家嗎",
    "time": "2017/05/22 16:33:40",
    "event": "click"
  },
  {
    "category": "10",
    "app": "Dcard",
    "id": "55",
    "context": "#問mk錶代購真假各位好，最近想買這隻錶發現這家價錢很佛想請問有人買過這家嗎？是不是正的或是有推薦的賣家嗎",
    "time": "2017/05/22 16:33:40",
    "event": "slide"
  }
]