[
  {
    "category": "11",
    "app": "Dcard",
    "id": "56",
    "context": "我本來就常常做惡夢的人了可是這個我就算醒著都感到害怕而且還夢了兩天（媽蛋啊我想睡個好覺夢的內容⬇️《第一天》我夢到爸爸開車載著全家一起到一個地方（是晚上）我的手機掉在車子旁邊我們走過一個連結應該是大水溝的木橋對面是一個住宅區等我們走過橋我才發現手機掉了在我們要回去撿我手機的時候一架飛機從天上衝向住宅區然後墜毀然後起火我們怕被波及所以往停車子的方向跑回去我撿了手機看到有些自行脫困的人跑出來救難隊的人也來了我們上車打算離開一個救難隊的人請我們載一個小男孩到醫院起初我們不太願意但是救難隊的人態度很強硬所以我們只好載他去醫院那個小男孩顯然嚇壞了在車上一直說著空難前一刻發生的事我們叫他不要再說了但他還是驚恐的一直說我聽到崩潰哭瞭然後我就嚇醒了《第二天》我夢到我是一個救難隊的隊員跟其他人一起搭車要到一個很重大的空難事故現場已經有些人過去了我們算比較晚過去的沿路上旁邊一直是鐵路還可以看到很多直升機要飛往現場經過很長一段路終於到了現場這個空難是一輛民航機墜毀在有火車正在行駛的鐵軌上火車上和飛機上的乘客死傷慘重我要下車看到的是滿地的屍塊和各種焦屍然後我被畫面嚇傻了我就醒了我不知道這些夢是不是表示什麼可是真的很可怕醒來都滿身大汗就算是醒著的時候想到都會感到害怕",
    "time": "2017/05/22 16:33:58",
    "event": "click"
  },
  {
    "category": "11",
    "app": "Dcard",
    "id": "57",
    "context": "我本來就常常做惡夢的人了可是這個我就算醒著都感到害怕而且還夢了兩天（媽蛋啊我想睡個好覺夢的內容⬇️《第一天》我夢到爸爸開車載著全家一起到一個地方（是晚上）我的手機掉在車子旁邊我們走過一個連結應該是大水溝的木橋對面是一個住宅區等我們走過橋我才發現手機掉了在我們要回去撿我手機的時候一架飛機從天上衝向住宅區然後墜毀然後起火我們怕被波及所以往停車子的方向跑回去我撿了手機看到有些自行脫困的人跑出來救難隊的人也來了我們上車打算離開一個救難隊的人請我們載一個小男孩到醫院起初我們不太願意但是救難隊的人態度很強硬所以我們只好載他去醫院那個小男孩顯然嚇壞了在車上一直說著空難前一刻發生的事我們叫他不要再說了但他還是驚恐的一直說我聽到崩潰哭瞭然後我就嚇醒了《第二天》我夢到我是一個救難隊的隊員跟其他人一起搭車要到一個很重大的空難事故現場已經有些人過去了我們算比較晚過去的沿路上旁邊一直是鐵路還可以看到很多直升機要飛往現場經過很長一段路終於到了現場這個空難是一輛民航機墜毀在有火車正在行駛的鐵軌上火車上和飛機上的乘客死傷慘重我要下車看到的是滿地的屍塊和各種焦屍然後我被畫面嚇傻了我就醒了我不知道這些夢是不是表示什麼可是真的很可怕醒來都滿身大汗就算是醒著的時候想到都會感到害怕",
    "time": "2017/05/22 16:33:58",
    "event": "slide"
  }
]