[
  {
    "category": "12",
    "app": "Dcard",
    "id": "58",
    "context": "因為有前人的各種分享，以及正在就讀語言所的學長幫助，所以現在順利考上語言治療研究所，真的非常感謝在ptt、部落格po文分享的學長姊們，還有我的直屬學長，因此飲水思源，也來向大家分享。google能找得到的每一篇ptt、部落格，不論年代我都看過了，因此這篇應該可以說是集各位學長姊大成的一篇考試心得（沒有九分把握，我是不會把話說這麼滿的）。先跟大家分享我考取的研究所以及錄取分數Ø研究所分數：國北護－筆試成績溝通障礙導論56言語科學80平均68（最低錄取分數61）面試成績88（最低錄取分數73）正取北市大－語言治療理論與研究~含研究方法與統計原成績51計分方式x2=實得成績102（這輩子第一次加分到破百實在難掩欣喜）語言治療臨牀與實務（x1.5）原成績58計分方式x1.5=實得成績87正取4考生背景：我以前在大學是念職能治療系，所學與語言治療有些相關，實習時、甚至工作後也有機會看到語言治療執業以及與他們合作，算是在眾考生中蠻有優勢的。畢業後全職工作一年，因為在工作過程中，接觸了許多與語言相關的治療，發現自己對語言治療的興趣更甚於職能治療，便改做兼職，一邊準備研究所考試，希望以後可以成為一個厲害的語言治療師。優勢：解剖學（但以前其實沒把喉部解剖學那麼仔細）復健科常見各種疾病兒童語言治療實務與技巧弱勢：國中程度物理（在閱讀言語科學的語音聲學、語言病理學基礎第一章的波形、相位時簡直想燒毀書本）國中程度數學（高中學的我都還給老師了，統計我實在不行，所以沒考慮報考高師大）在看考試準備心得時，我覺得最重要的是瞭解一個考生的背景，因為背景不同，優劣勢就不同，絕對沒有任何一位考生的準備方法是100%適合你的，必須參考他人作法，調整成適合自己的讀書計畫。Ø準備時間：4個月。扣除上班以及休息時間，每天真正唸書約3-5小時左右。最後一個多月，我有比較頻繁的請假準備考試以及面試資料，幾乎是沒有任何假日的度過這一個月（這麼認真的另一個原因，是國北護言語科學考爛，所以心裡大受打擊，出來的成績這麼高，我心裡認為他一定有加分過!!!比我預期的高了快一倍）。Ø報考學校以及考科：國北護－言語科學、溝通障礙導論（沒有加權）每一科的考試時間都是80分鐘，我在考試的時候覺得時間非常充裕，甚至有一科還因為實在想不出其他內容寫進申論題裡，而提前交卷。北市大－語言治療理論與研究~含研究方法與統計（x2）、語言治療臨牀與實務（x1.5）每一科的考試時間都是100分鐘。Ø考生書單：許多書籍是參考歷年相傳下來的學長姊書單以及研究所建議書單，再加上我自己的讀法以及對這本書的看法（建議或不建議考生讀）。若有更新的書籍版本，建議大家一定要購買最新的唷！翻譯會更容易理解，內容也會隨更新而更為實用。我要反覆看四五次、做筆記、畫線纔有辦法記得內容，所以我買了許多書，而非至圖書館借閱而已。不過，因為我閱讀、理解原文書的速度十分緩慢，大概需要唸中文書的三倍以上時間（尤其是第一次接觸的概念），所以我推薦大家的都是中文書，基於我都考上了，所以可以跟大家保證，不一定要k原文纔有辦法考進研究所。但是我推薦的雖然都是中文書，還是建議大家要背各種術語的英文（例如：解剖神經、肌肉、骨頭、大腦區域，疾病名稱，特殊的治療方式……等等），因為考題幾乎都是英文呀！（不過今年國北護的言語科學倒是出乎意料的出了很多道中文題目）此外，每一本書的中文翻譯雖然不一定一致，但英文單字是通用絕對不會錯或變更的，因此熟記英文單字絕對不會錯。Ø必買書單：1.溝通障礙導論：以實證本位觀點為導向（二版）華騰文化作者： roberte.owensjr., daleevanmetz, kimberlya.farinella校閱：林寶貴譯者：錡寶香http://www.books.com.tw/products/0010699374這一本可說是語言治療考試入門書，是所有考試選書最好上手的一本。從這本開始念比較容易進入語言治療的世界，懂他們到底在做什麼評估、治療？接觸的病人種類？如果還不確定是否要考的人，建議也可以買這一本來看，讓你對語言治療有初步認識。這本書我反覆看最多次（應該有五、六次），翻到都爛了，恨不得有記憶吐司，我一定會不怕胖的把他每一頁都印下、吃進去。這是要告訴大家，一定一定要熟讀這本書！前兩次我幾乎全書研讀，後面幾次是做考古時對哪一題或哪一部分概念不熟悉，再回去挑重點重讀。這本重點大致整理得不錯，算是清晰好懂，但對於非就讀或從事教育、醫療相關的考生而言，建議可以再另外做筆記，幫助記憶。這本書中，有一兩章評估、治療寫的很亂，我很難吸收：音韻障礙、讀寫萌發，建議大家這兩章的評估可以同時參考別本－語言治療評估指引。2.言語科學心理出版社作者：c.t.ferrand譯者：林佩瑜、何恬、李芳宜、林香均、李沛羣、蔡昆憲http://www.books.com.tw/products/0010342035這一本可說是言語科學入門書，是所有準備言語科學考試選書最好上手的一本。我物理極差，但是這一本比語言病理學基礎的內容好懂，多讀三四遍就可以理解。我都挑好上手的念啦～我有看到網上學長姐說，北市大不考這本，要考試的人可以pass，但是這本有在北市大研究生建議參考書單呀！而且我真的看過兩三遍後覺得，要考北市大的人，有看過一遍（以上）還是比較保險，才能奠基一些呼吸發聲聽力解剖、構音與聽力相關的知識。考國北護的人就不用說了，這本十分重要，尤其今年語音聲學考了非常多題，瞭解頻譜圖、子音聲學特徵變得重要（但這一部分真的很難，如果有認識的人在念這個或是懂這個的，一定要厚臉皮的問他們，把考古弄懂）。因為我很常上dcard，但是在考試時候，發現dcard裡準備聽語研究所的資訊不多，所以來這裡跟大家分享一下，希望可以幫助到各個考生！",
    "time": "2017/05/22 16:34:44",
    "event": "click"
  },
  {
    "category": "12",
    "app": "Dcard",
    "id": "59",
    "context": "因為有前人的各種分享，以及正在就讀語言所的學長幫助，所以現在順利考上語言治療研究所，真的非常感謝在ptt、部落格po文分享的學長姊們，還有我的直屬學長，因此飲水思源，也來向大家分享。google能找得到的每一篇ptt、部落格，不論年代我都看過了，因此這篇應該可以說是集各位學長姊大成的一篇考試心得（沒有九分把握，我是不會把話說這麼滿的）。先跟大家分享我考取的研究所以及錄取分數Ø研究所分數：國北護－筆試成績溝通障礙導論56言語科學80平均68（最低錄取分數61）面試成績88（最低錄取分數73）正取北市大－語言治療理論與研究~含研究方法與統計原成績51計分方式x2=實得成績102（這輩子第一次加分到破百實在難掩欣喜）語言治療臨牀與實務（x1.5）原成績58計分方式x1.5=實得成績87正取4考生背景：我以前在大學是念職能治療系，所學與語言治療有些相關，實習時、甚至工作後也有機會看到語言治療執業以及與他們合作，算是在眾考生中蠻有優勢的。畢業後全職工作一年，因為在工作過程中，接觸了許多與語言相關的治療，發現自己對語言治療的興趣更甚於職能治療，便改做兼職，一邊準備研究所考試，希望以後可以成為一個厲害的語言治療師。優勢：解剖學（但以前其實沒把喉部解剖學那麼仔細）復健科常見各種疾病兒童語言治療實務與技巧弱勢：國中程度物理（在閱讀言語科學的語音聲學、語言病理學基礎第一章的波形、相位時簡直想燒毀書本）國中程度數學（高中學的我都還給老師了，統計我實在不行，所以沒考慮報考高師大）在看考試準備心得時，我覺得最重要的是瞭解一個考生的背景，因為背景不同，優劣勢就不同，絕對沒有任何一位考生的準備方法是100%適合你的，必須參考他人作法，調整成適合自己的讀書計畫。Ø準備時間：4個月。扣除上班以及休息時間，每天真正唸書約3-5小時左右。最後一個多月，我有比較頻繁的請假準備考試以及面試資料，幾乎是沒有任何假日的度過這一個月（這麼認真的另一個原因，是國北護言語科學考爛，所以心裡大受打擊，出來的成績這麼高，我心裡認為他一定有加分過!!!比我預期的高了快一倍）。Ø報考學校以及考科：國北護－言語科學、溝通障礙導論（沒有加權）每一科的考試時間都是80分鐘，我在考試的時候覺得時間非常充裕，甚至有一科還因為實在想不出其他內容寫進申論題裡，而提前交卷。北市大－語言治療理論與研究~含研究方法與統計（x2）、語言治療臨牀與實務（x1.5）每一科的考試時間都是100分鐘。Ø考生書單：許多書籍是參考歷年相傳下來的學長姊書單以及研究所建議書單，再加上我自己的讀法以及對這本書的看法（建議或不建議考生讀）。若有更新的書籍版本，建議大家一定要購買最新的唷！翻譯會更容易理解，內容也會隨更新而更為實用。我要反覆看四五次、做筆記、畫線纔有辦法記得內容，所以我買了許多書，而非至圖書館借閱而已。不過，因為我閱讀、理解原文書的速度十分緩慢，大概需要唸中文書的三倍以上時間（尤其是第一次接觸的概念），所以我推薦大家的都是中文書，基於我都考上了，所以可以跟大家保證，不一定要k原文纔有辦法考進研究所。但是我推薦的雖然都是中文書，還是建議大家要背各種術語的英文（例如：解剖神經、肌肉、骨頭、大腦區域，疾病名稱，特殊的治療方式……等等），因為考題幾乎都是英文呀！（不過今年國北護的言語科學倒是出乎意料的出了很多道中文題目）此外，每一本書的中文翻譯雖然不一定一致，但英文單字是通用絕對不會錯或變更的，因此熟記英文單字絕對不會錯。Ø必買書單：1.溝通障礙導論：以實證本位觀點為導向（二版）華騰文化作者： roberte.owensjr., daleevanmetz, kimberlya.farinella校閱：林寶貴譯者：錡寶香http://www.books.com.tw/products/0010699374這一本可說是語言治療考試入門書，是所有考試選書最好上手的一本。從這本開始念比較容易進入語言治療的世界，懂他們到底在做什麼評估、治療？接觸的病人種類？如果還不確定是否要考的人，建議也可以買這一本來看，讓你對語言治療有初步認識。這本書我反覆看最多次（應該有五、六次），翻到都爛了，恨不得有記憶吐司，我一定會不怕胖的把他每一頁都印下、吃進去。這是要告訴大家，一定一定要熟讀這本書！前兩次我幾乎全書研讀，後面幾次是做考古時對哪一題或哪一部分概念不熟悉，再回去挑重點重讀。這本重點大致整理得不錯，算是清晰好懂，但對於非就讀或從事教育、醫療相關的考生而言，建議可以再另外做筆記，幫助記憶。這本書中，有一兩章評估、治療寫的很亂，我很難吸收：音韻障礙、讀寫萌發，建議大家這兩章的評估可以同時參考別本－語言治療評估指引。2.言語科學心理出版社作者：c.t.ferrand譯者：林佩瑜、何恬、李芳宜、林香均、李沛羣、蔡昆憲http://www.books.com.tw/products/0010342035這一本可說是言語科學入門書，是所有準備言語科學考試選書最好上手的一本。我物理極差，但是這一本比語言病理學基礎的內容好懂，多讀三四遍就可以理解。我都挑好上手的念啦～我有看到網上學長姐說，北市大不考這本，要考試的人可以pass，但是這本有在北市大研究生建議參考書單呀！而且我真的看過兩三遍後覺得，要考北市大的人，有看過一遍（以上）還是比較保險，才能奠基一些呼吸發聲聽力解剖、構音與聽力相關的知識。考國北護的人就不用說了，這本十分重要，尤其今年語音聲學考了非常多題，瞭解頻譜圖、子音聲學特徵變得重要（但這一部分真的很難，如果有認識的人在念這個或是懂這個的，一定要厚臉皮的問他們，把考古弄懂）。因為我很常上dcard，但是在考試時候，發現dcard裡準備聽語研究所的資訊不多，所以來這裡跟大家分享一下，希望可以幫助到各個考生！",
    "time": "2017/05/22 16:34:44",
    "event": "slide"
  },
  {
    "category": "12",
    "app": "Dcard",
    "id": "60",
    "context": "現在就讀於國立大學夜間部的金融系大二下，大一下會計被當（現在重修中）大二上保險/統計被當以上都是必修對現在唸的東西越念越沒興趣..上禮拜去報研究所補習班教x家，本來打算補到考研究所（2年）報考臨心所（目標國立）之後有上的話，很多學校規定還是要補完大學該修的心理系相關課程想請問1.繼續補到畢業考研究所？2.明年大三下報考轉學考，希望能轉大三但名額很少（補習班的課就是考臨心所的所有科目）轉學考的話是報臺綜大/輔仁/東吳就算轉學了，之後還是要考研究所（要考臨牀心理師要碩士畢）可以給我建議嗎？謝謝ps要轉學的話是否先把體育一些能修的先修，之後在抵免？",
    "time": "2017/05/22 16:35:09",
    "event": "click"
  },
  {
    "category": "12",
    "app": "Dcard",
    "id": "61",
    "context": "現在就讀於國立大學夜間部的金融系大二下，大一下會計被當（現在重修中）大二上保險/統計被當以上都是必修對現在唸的東西越念越沒興趣..上禮拜去報研究所補習班教x家，本來打算補到考研究所（2年）報考臨心所（目標國立）之後有上的話，很多學校規定還是要補完大學該修的心理系相關課程想請問1.繼續補到畢業考研究所？2.明年大三下報考轉學考，希望能轉大三但名額很少（補習班的課就是考臨心所的所有科目）轉學考的話是報臺綜大/輔仁/東吳就算轉學了，之後還是要考研究所（要考臨牀心理師要碩士畢）可以給我建議嗎？謝謝ps要轉學的話是否先把體育一些能修的先修，之後在抵免？",
    "time": "2017/05/22 16:35:09",
    "event": "slide"
  }
]