[
  {
    "category": "14",
    "app": "Line",
    "id": "63",
    "context": "你去逢甲考之前的證照嗎？是哦我不知道有這種店欸對逢甲不熟",
    "time": "2017/05/22 16:37:56",
    "event": "slide"
  },
  {
    "category": "14",
    "app": "Line",
    "id": "64",
    "context": "可以啊你可以問問醫生還是不要亂塗比較好",
    "time": "2017/05/22 16:37:56",
    "event": "type"
  },
  {
    "category": "14",
    "app": "Line",
    "id": "66",
    "context": "你去逢甲考之前的證照嗎？是哦我不知道有這種店欸對逢甲不熟可以啊你可以問問醫生還是不要亂塗比較好",
    "time": "2017/05/22 16:37:56",
    "event": "slide"
  }
]