[
  {
    "category": "16",
    "app": "Facebook",
    "id": "69",
    "context": "楊洋帥氣亮相坎城影展！　卻糗被誤認成「他」|娛樂星光雲手機版mobileweb|ettoday東森新聞雲",
    "time": "2017/05/22 17:00:28",
    "event": "click"
  },
  {
    "category": "16",
    "app": "Facebook",
    "id": "70",
    "context": "楊洋帥氣亮相坎城影展！　卻糗被誤認成「他」|娛樂星光雲手機版mobileweb|ettoday東森新聞雲",
    "time": "2017/05/22 17:00:28",
    "event": "slide"
  }
]