[
  {
    "category": "4",
    "app": "Dcard",
    "id": "13",
    "context": "蘆薈膠黏背上粉刺老爸背上真的超多這種粉刺，之前聽說最好不要用泰國蘆薈膠黏鼻子粉刺，就想說不要浪費拿來黏背好了?超級多，這還只是一小部分而已，手機畫質不好拍不出高清圖?接下來黏上去～然後等個15分鐘吧撕的時候我整個是慢慢撕?因為很享受毛被拔起來的樣子??最後就整張黑森林啦～～謝謝大家??",
    "time": "2017/05/22 16:18:15",
    "event": "click"
  },
  {
    "category": "4",
    "app": "Dcard",
    "id": "14",
    "context": "蘆薈膠黏背上粉刺老爸背上真的超多這種粉刺，之前聽說最好不要用泰國蘆薈膠黏鼻子粉刺，就想說不要浪費拿來黏背好了?超級多，這還只是一小部分而已，手機畫質不好拍不出高清圖?接下來黏上去～然後等個15分鐘吧撕的時候我整個是慢慢撕?因為很享受毛被拔起來的樣子??最後就整張黑森林啦～～謝謝大家??",
    "time": "2017/05/22 16:18:15",
    "event": "slide"
  },
  {
    "category": "4",
    "app": "Dcard",
    "id": "15",
    "context": "#圖✨美妝控的化妝檯分享?hello大家好我是winnie?昨天總算拍了化妝檯的全部了欠超久的???先預告圖超多！！！然後原諒我真的沒辦法全部寫出每個產品名稱跟心得因為真的太多東西啦?????我的桌子是l型的原本只有一邊放彩妝已經漸漸的整張都放彩妝了????先從這邊開始說吧這邊都是放保養品下面的收藏櫃基本上都是我現在沒在用的東西～～倩碧區倩碧主要是夏天使用現在還有持續在用的是潔膚水早上起牀我會用它擦全臉把昨天沒吸收完的保養品擦乾淨再開始上妝前保養後whoo我完全是後腦粉超愛之前有分享過心得可以看文章眼藥水三個裡面最愛fx刷子最常使用sigma、muji這些算是我第二戰區的脣彩最常用的會放在另一區mac脣前打底我很愛用在脣膏前很棒只是我現在大部分用霧面液態脣膏比較不適合使用beautyblender的家?粉底區three粉底腦粉無誤??一部分是因為櫃姐人太好另一部分是他們家粉底也滿適合我的但three的包裝真的超容易沾指紋植村秀鑽石光我超愛這罐！！！持妝度光澤度ㄧ級棒✨✨✨✨btw我之前有買bornthisway有人問我心得說真的我真的超不喜歡用bb上很雷用粉底刷上好很多可是到下午妝感就沒這麼美了但這些都還好重點是它會讓我臉頰上長小疹子超不喜歡??再來是綠色桌子底下藏的收納區一些小盒的眼影跟單色眼影有些之前有分享過可以去看刷色ㄧ堆的眼線筆、脣彩、睫毛膏、妝前乳前陣子我非常愛用的ponyeffect腮紅資生堂睫毛夾歷史久遠的chanel粉底以前剛開始化妝的時候買的後來再拿出來用有點乾但加haba就復活了常用筆狀物這些是我比較常用的產品katvond：doubledare/lolitamote眼線筆：超激推！我之前都用kissme已經不太暈但用了mote它更不暈就算我流目油都不會暈強！mote睫毛膏：一樣不暈強者纖長效果一般般喜歡拿來刷下睫毛重點是不暈下睫毛要是暈了會很恐怖mac眼影打底膏：沒用過其他家的但這條很好用讓我不會想去試其他家的一個不知道什麼牌子的眉筆：這純粹我新買的我沒什麼在畫眉毛所以也沒什麼心得可以分享給大家這層是收集colourpop的地方～～～還沒塞滿的打亮、腮紅區這裡堆放我的庫存、梳子等等的這裡放的都是我比較常用的眼影、小腮紅打亮morphexkathleenlights這盤我超級超級愛很好上手colourpop單色眼影我把它送的盒子裡層拆了這樣可以放10個單色眼影我還有買幾顆還沒到到了再跟大家分享一半都是jouer的產品?粉質超好越用越喜歡打亮盤、保養液常方型的打亮盤都收到這three粉餅平常是放在隨身化妝包裡剛好昨天拿出來終於分享完了??真的是超級多用八百年也用不完這些都是9成都是上班後開始買的有經濟能力才購買的～～～～～～因為東西真的是太多了沒有細說每個產品如果有想知道產品我的使用心得可以留言跟我說☺️-winnie-",
    "time": "2017/05/22 16:18:51",
    "event": "click"
  },
  {
    "category": "4",
    "app": "Dcard",
    "id": "16",
    "context": "#圖✨美妝控的化妝檯分享?hello大家好我是winnie?昨天總算拍了化妝檯的全部了欠超久的???先預告圖超多！！！然後原諒我真的沒辦法全部寫出每個產品名稱跟心得因為真的太多東西啦?????我的桌子是l型的原本只有一邊放彩妝已經漸漸的整張都放彩妝了????先從這邊開始說吧這邊都是放保養品下面的收藏櫃基本上都是我現在沒在用的東西～～倩碧區倩碧主要是夏天使用現在還有持續在用的是潔膚水早上起牀我會用它擦全臉把昨天沒吸收完的保養品擦乾淨再開始上妝前保養後whoo我完全是後腦粉超愛之前有分享過心得可以看文章眼藥水三個裡面最愛fx刷子最常使用sigma、muji這些算是我第二戰區的脣彩最常用的會放在另一區mac脣前打底我很愛用在脣膏前很棒只是我現在大部分用霧面液態脣膏比較不適合使用beautyblender的家?粉底區three粉底腦粉無誤??一部分是因為櫃姐人太好另一部分是他們家粉底也滿適合我的但three的包裝真的超容易沾指紋植村秀鑽石光我超愛這罐！！！持妝度光澤度ㄧ級棒✨✨✨✨btw我之前有買bornthisway有人問我心得說真的我真的超不喜歡用bb上很雷用粉底刷上好很多可是到下午妝感就沒這麼美了但這些都還好重點是它會讓我臉頰上長小疹子超不喜歡??再來是綠色桌子底下藏的收納區一些小盒的眼影跟單色眼影有些之前有分享過可以去看刷色ㄧ堆的眼線筆、脣彩、睫毛膏、妝前乳前陣子我非常愛用的ponyeffect腮紅資生堂睫毛夾歷史久遠的chanel粉底以前剛開始化妝的時候買的後來再拿出來用有點乾但加haba就復活了常用筆狀物這些是我比較常用的產品katvond：doubledare/lolitamote眼線筆：超激推！我之前都用kissme已經不太暈但用了mote它更不暈就算我流目油都不會暈強！mote睫毛膏：一樣不暈強者纖長效果一般般喜歡拿來刷下睫毛重點是不暈下睫毛要是暈了會很恐怖mac眼影打底膏：沒用過其他家的但這條很好用讓我不會想去試其他家的一個不知道什麼牌子的眉筆：這純粹我新買的我沒什麼在畫眉毛所以也沒什麼心得可以分享給大家這層是收集colourpop的地方～～～還沒塞滿的打亮、腮紅區這裡堆放我的庫存、梳子等等的這裡放的都是我比較常用的眼影、小腮紅打亮morphexkathleenlights這盤我超級超級愛很好上手colourpop單色眼影我把它送的盒子裡層拆了這樣可以放10個單色眼影我還有買幾顆還沒到到了再跟大家分享一半都是jouer的產品?粉質超好越用越喜歡打亮盤、保養液常方型的打亮盤都收到這three粉餅平常是放在隨身化妝包裡剛好昨天拿出來終於分享完了??真的是超級多用八百年也用不完這些都是9成都是上班後開始買的有經濟能力才購買的～～～～～～因為東西真的是太多了沒有細說每個產品如果有想知道產品我的使用心得可以留言跟我說☺️-winnie-",
    "time": "2017/05/22 16:18:51",
    "event": "slide"
  },
  {
    "category": "4",
    "app": "Dcard",
    "id": "17",
    "context": "最近的日常清潔、保養分享我並不是屬於天生皮膚好的人，需要在保養下些功夫才能讓皮膚維持在不錯的狀態最近天氣變化大，氣溫也愈來愈高今天要分享我最近的清潔及保養步驟和產品肌膚都還算蠻穩定的?膚質：t字油，臉頰中性素顏⬇️從晚上的卸妝清潔開始！卸妝：bobbibrown茉莉沁透淨妝油這罐卸妝油我真的非常喜歡卸妝力好，按摩的時候也會搓出粉刺洗完很清爽、舒適目前還有囤貨3罐???洗顏rosette海泥潔顏乳日本藥妝店購入很好搓出泡沫，泡泡綿密程度一般沒有什麼香味，洗完臉很清爽，不會緊繃不舒服夜間保養dr.wu杏仁酸溫和煥膚精華並不是每天都會使用只有在痘痘比較猖狂的時候才會用稍微有點黏，使用時要避開眼周連續用幾天，痘痘會比較快消肌膚也會比較穩定kiehl's金盞花化妝水已經用完一罐250ml這罐化妝水就是很清爽，味道也很舒服通常會搭配化妝棉一起使用，先擦拭全臉達到溫和去角質的效果最後用手輕拍至吸收skii青春露只有在肌膚比較不穩定(長痘痘)的時候才會使用同樣使用化妝棉擦拭再輕拍至吸收有時候會濕敷在痘痘上，痘痘會消很快臉也會稍微變比較亮缺點就是真的很貴+味道不好聞?ipsame濕潤平衡液超強化3號從它還是自律循環液時期就開始使用了自從用了它就沒有變心過需要搭配化妝棉使用以前一直不喜歡使用乳液，總覺得黏這罐非常清爽，顛覆我對乳液的看法它讓我的肌膚長期維持在很穩定的狀態lululun每日面膜霜(循環液或面膜霜我會擇一使用)這款面膜霜使用起來還算清爽雖然不到滋潤，但保濕力也相當不錯最喜歡的一點是它沒有香料使用起來相當舒服早上洗顏清水(一年四季早上都只用清水洗臉)早上保養無印良品敏感肌化妝水(高保濕)很保濕！稍微有點黏膩不過後續就要上妝了，所以稍微黏膩還是可以接受的(通常上完化妝水就直接上妝了?)haba角鯊精華如果當天要上的底妝比較乾或有重要約會才會在化妝水後再加上這個步驟，用量大概1-2滴也會在底妝混上一滴有了它完全不用擔心底妝乾裂了～而且加入比較難吸收的保養品中也會讓保養品變得好吸收，媽媽也超愛的！?眼部保養mote睫眉精華液(日夜都會使用)這款精華液非常清爽不會太滋潤而造成眼周肌膚的負擔保濕力普通，較炎熱的天氣才會使用如果眼週上遮瑕一段時間後會很乾的話也可以混進遮瑕，效果不錯～眼周不太會有乾紋產生以上就是最近的日常清潔與保養分享啦～?",
    "time": "2017/05/22 16:19:00",
    "event": "click"
  },
  {
    "category": "4",
    "app": "Dcard",
    "id": "18",
    "context": "最近的日常清潔、保養分享我並不是屬於天生皮膚好的人，需要在保養下些功夫才能讓皮膚維持在不錯的狀態最近天氣變化大，氣溫也愈來愈高今天要分享我最近的清潔及保養步驟和產品肌膚都還算蠻穩定的?膚質：t字油，臉頰中性素顏⬇️從晚上的卸妝清潔開始！卸妝：bobbibrown茉莉沁透淨妝油這罐卸妝油我真的非常喜歡卸妝力好，按摩的時候也會搓出粉刺洗完很清爽、舒適目前還有囤貨3罐???洗顏rosette海泥潔顏乳日本藥妝店購入很好搓出泡沫，泡泡綿密程度一般沒有什麼香味，洗完臉很清爽，不會緊繃不舒服夜間保養dr.wu杏仁酸溫和煥膚精華並不是每天都會使用只有在痘痘比較猖狂的時候才會用稍微有點黏，使用時要避開眼周連續用幾天，痘痘會比較快消肌膚也會比較穩定kiehl's金盞花化妝水已經用完一罐250ml這罐化妝水就是很清爽，味道也很舒服通常會搭配化妝棉一起使用，先擦拭全臉達到溫和去角質的效果最後用手輕拍至吸收skii青春露只有在肌膚比較不穩定(長痘痘)的時候才會使用同樣使用化妝棉擦拭再輕拍至吸收有時候會濕敷在痘痘上，痘痘會消很快臉也會稍微變比較亮缺點就是真的很貴+味道不好聞?ipsame濕潤平衡液超強化3號從它還是自律循環液時期就開始使用了自從用了它就沒有變心過需要搭配化妝棉使用以前一直不喜歡使用乳液，總覺得黏這罐非常清爽，顛覆我對乳液的看法它讓我的肌膚長期維持在很穩定的狀態lululun每日面膜霜(循環液或面膜霜我會擇一使用)這款面膜霜使用起來還算清爽雖然不到滋潤，但保濕力也相當不錯最喜歡的一點是它沒有香料使用起來相當舒服早上洗顏清水(一年四季早上都只用清水洗臉)早上保養無印良品敏感肌化妝水(高保濕)很保濕！稍微有點黏膩不過後續就要上妝了，所以稍微黏膩還是可以接受的(通常上完化妝水就直接上妝了?)haba角鯊精華如果當天要上的底妝比較乾或有重要約會才會在化妝水後再加上這個步驟，用量大概1-2滴也會在底妝混上一滴有了它完全不用擔心底妝乾裂了～而且加入比較難吸收的保養品中也會讓保養品變得好吸收，媽媽也超愛的！?眼部保養mote睫眉精華液(日夜都會使用)這款精華液非常清爽不會太滋潤而造成眼周肌膚的負擔保濕力普通，較炎熱的天氣才會使用如果眼週上遮瑕一段時間後會很乾的話也可以混進遮瑕，效果不錯～眼周不太會有乾紋產生以上就是最近的日常清潔與保養分享啦～?",
    "time": "2017/05/22 16:19:00",
    "event": "slide"
  },
  {
    "category": "4",
    "app": "Dcard",
    "id": "19",
    "context": "#圖捲髮女孩必備小物?自從燙了捲髮之後一直在找可以維持美美捲度的東西結果！！！我找到了這個神奇的小物！！真的很厲害！！！每天洗完頭髮吹頭髮之前我都先抹這個(可是有人說要吹完在抹)吹完之後那個捲度真的美的很自然早上起牀也是先抹一點在吹捲度真的非常非常自然而且！！！超持久?????味道也很舒服應該是甜甜的果香吧～～前幾天用完了忘了去買新的用了別的抹頭髮很明顯的感覺捲度不見了隔天馬上手刀衝去小屈買自然的捲髮又回來啦?總而言之言而總之捲髮的女孩一定要衝一波啦??#捲毛妹",
    "time": "2017/05/22 16:19:48",
    "event": "click"
  },
  {
    "category": "4",
    "app": "Dcard",
    "id": "20",
    "context": "#圖捲髮女孩必備小物?自從燙了捲髮之後一直在找可以維持美美捲度的東西結果！！！我找到了這個神奇的小物！！真的很厲害！！！每天洗完頭髮吹頭髮之前我都先抹這個(可是有人說要吹完在抹)吹完之後那個捲度真的美的很自然早上起牀也是先抹一點在吹捲度真的非常非常自然而且！！！超持久?????味道也很舒服應該是甜甜的果香吧～～前幾天用完了忘了去買新的用了別的抹頭髮很明顯的感覺捲度不見了隔天馬上手刀衝去小屈買自然的捲髮又回來啦?總而言之言而總之捲髮的女孩一定要衝一波啦??#捲毛妹",
    "time": "2017/05/22 16:19:48",
    "event": "slide"
  },
  {
    "category": "4",
    "app": "Dcard",
    "id": "21",
    "context": "#分享#圖#抗痘粉刺寶想說趁上班前去逛逛順便買瓶粉刺寶正要拿一瓶的時候眼睛瞄到旁邊有組合↓就是這個(因為把包裝盒都回收網路找圖，可以變成筆筒)裡面竟然就有??抗痘粉刺寶30ml✨抗痘潔膚泥20g✨粉刺調理水30ml✨(剛好去臺南可以隨身攜帶)重點是同樣30ml的抗痘粉刺寶單瓶單買400多瞄到的這組也只要400出頭結完帳點數扣一扣登?登?登?登?比官網跟門市買還划算?✌",
    "time": "2017/05/22 16:21:10",
    "event": "click"
  },
  {
    "category": "4",
    "app": "Dcard",
    "id": "22",
    "context": "#分享#圖#抗痘粉刺寶想說趁上班前去逛逛順便買瓶粉刺寶正要拿一瓶的時候眼睛瞄到旁邊有組合↓就是這個(因為把包裝盒都回收網路找圖，可以變成筆筒)裡面竟然就有??抗痘粉刺寶30ml✨抗痘潔膚泥20g✨粉刺調理水30ml✨(剛好去臺南可以隨身攜帶)重點是同樣30ml的抗痘粉刺寶單瓶單買400多瞄到的這組也只要400出頭結完帳點數扣一扣登?登?登?登?比官網跟門市買還划算?✌",
    "time": "2017/05/22 16:21:10",
    "event": "slide"
  },
  {
    "category": "4",
    "app": "Dcard",
    "id": "27",
    "context": "#問上完妝，浮出一粒粒這是什麼這是我完妝才一小時而已，因為在測試哪個妝前比較持久又控油，但就看到兩邊不一樣，我鼻子也各擦一半，所以我覺得蠻明顯差異那這是浮粉?可是有這麼快就浮粉嗎…粉刺?我都有定期清也沒什麼東西...只有生成粉刺前的白白油脂毛孔?毛孔很粗大，但是會浮起來變成一粒粒嗎…細毛?我不知道怎拔除鼻子上細毛有辦法讓他壓平回去嗎…補妝方法.......有一粒粒上的是(塞尚妝前+fitme+integrate粉餅)另一邊上的是(霓淨思妝前+fitme+integrate粉餅)",
    "time": "2017/05/22 16:23:57",
    "event": "slide"
  },
  {
    "category": "4",
    "app": "Dcard",
    "id": "28",
    "context": "#圖what'sinmymakeupbag?化妝包內容#文長第一次發文好緊張?（這篇都是專櫃喔?但我也是開架愛用者都輪著用！如果這篇沒有消磨我的勇氣?會再來分享我的開架最愛♥️）嗨大家好我來分享個每天帶在身上的化妝包（補妝包？）還有推薦可以帶在身上補妝（雖然我本身是睡過頭只能在外面速速化妝的機率比較高⋯⋯）的東西！！start?（1）化妝包本身?這個是朋友很久以前聖誕節時送的所以不知道價格，victoria'ssecret的化妝/旅行包組合裡的小包，外面一層塑膠，質地是硬的不易變形，我覺得比之前用過的帆布材質好用多了！因為材質是軟的，就很容易在包包裡被壓到變形，這樣化妝品比較容易撞壞、互相摩擦啦等等，上面會出現刮痕甚至碎掉！！（一起為我的becca打亮節哀3秒???）很喜歡victoria它們家的收納包！很值得（勝過他們的內衣耶說真的????）（2）粉餅嬌蘭météorites蜜粉餅?$1800-2300都看過忘了我自己買多少了這個是整個化妝包裡少數我自己花錢買的東西，嬌蘭嘛價錢都不親民不可愛?花錢當下很心痛，可是它很特別！裡面有非常非常細的亮粉，效果是刷在臉上，新的妝容會有女神光（就是我畢生追求的catie光✨有人懂嗎?）需要補的妝容會起死回生！！如果有多的預算，我真的推到爆炸！又有紫羅蘭香味，包裝又美（我的錢很好賺......）啊不過我的皮膚是中性的！！不會太乾也不出什麼油，所以膚質不一樣的你們一定要先櫃上試試喔～～～這價錢買到毒藥的會哭！（3）底妝narstintedmoisturizer色號#terrenueve$1800（媽媽色號選錯哈直接變傳家之寶）我本身皮膚沒有什麼需要遮的東西，也不會出油，所以我對底妝的要求是要有光澤、要小小小提亮效果，還有絕對不能有色塊！！總之就是不重視遮瑕力，重視淡淡的光澤感的話，它就對了！底妝、潤澤、防曬allinone我愛！而且一瓶不大，但我用很久很久了喔！！用量很省！but??上過蜜粉了再用它（補妝的意思）會有色塊！！看起來像脫皮的那種！nonono我通常補妝就不會補底妝了！！（4）脣頰膏（較常用於臉頰?）lauramercier限量款colordots#fruitpunch$朋友送不知道?這個脣頰膏顏色淡淡的，不是非常顯色～～拿來當腮紅頗有氣色，很可愛！拿來當脣彩倒是不太夠力～～喜歡，但是即使是永久商品，用完也不會回購?沒有說非常特別或非常好用，取代性很高！（題外話我覺得擦在臉上的效果可以用canmake#pw38代替）（4）脣彩??dioraddictlipglow#005紫丁香?$950找代購買的我化妝包通常都會帶兩隻脣彩，這一隻固定的，還有我當天選來擦的脣膏也會放到化妝包裡！（我是開架+專櫃脣膏可能破20支的人qq....有人想看脣膏文ㄇ)這支是我的無限回購ogholygrail！！我.愛.死.它.了！！持久、保濕、顏色又美（私心覺得005色號大勝001！！更紅潤、又沒有001的螢光感～～而且已經不是限量了?）?補上試色！！（沒有濾鏡的室外光（5）眼妝?植村秀自動武士刀眉筆#06$1200植村秀lastinggelpencil#navy$忘了也是1000多這兩支是朋友送的生日禮物！！（ps.是說這種朋友哪裡找?回禮怎麼回啊啊啊她暑假就生日了?）我要幫自動武士刀平反一下！！就方便程度而言，這支有削筆器、理毛梳，帶在身上很方便！！傳統的武士刀要拿去給人家削ㄟ嘎麻煩！又有蓋子不會畫到化妝包內部！很棒～～可是價格跟容量衡量下來（catie有做比較可以看個！我就不多講了），我自己不會回購！！要放在化妝包的話，應該會買ettusais的！眼線筆很中規中矩，顏色飽和漂亮、畫起來滑滑順順，不太會掉色！朋友送當然是爽歪歪la可是對我來說，價錢還有取代性都有點高！用完會繼續買stila的stayallday（推??ps.眼影我通常都在宿舍先畫好，用vdl的眼影打底膏prep好，就整天不用補啦啦啦！我因為becca碎裂事件，機乎不會帶粉狀的彩妝出門！嬌蘭是因為有絨布袋又有化妝包內裡保護，我纔敢忐忑的帶出來✌?）（6）哩哩扣扣小小罐的針管香水（有什麼帶什麼，下午會噴脖子、手腕）、小小罐的kiehl's保濕霜（需要從零開始化的話，當打底用）我的隨身化妝包大概就這樣啦～～～希望你們喜歡?-e.l.h.?",
    "time": "2017/05/22 16:25:02",
    "event": "slide"
  },
  {
    "category": "4",
    "app": "Dcard",
    "id": "29",
    "context": "粉刺人的悲慘人生小弟我是個長期受痘痘所苦的少男真的不知道我到底是造了什麼孽我的臉上的油真的可以讓臺灣加入opec看遍各大中西醫醫美等等youknow~真的是效果很有限上個星期有人跟我說我是不是該清粉刺了超丟臉的好嗎於是今天就來清一清結果撕下來那瞬間我真的是懷疑我這麼努力擦酸去角質保養究竟是三小！！！廢話不多說了直接上圖密集恐懼症請迴://i.imgur.com/fwnhftn.jpg",
    "time": "2017/05/22 16:25:14",
    "event": "slide"
  },
  {
    "category": "4",
    "app": "Dcard",
    "id": "30",
    "context": "油肌人夏天粉刺真的很猖狂！加上平常有化妝的習慣，只要一週沒有清粉刺鼻頭就會很可怕之前喜歡用像妙鼻貼那種暴力式拔除粉刺的方式但拔完皮膚都紅紅的效果也沒有非常好用完一盒就沒再繼續買自從跟著姊姊一起用契爾氏的白泥就習慣上用擦的溫和的方式代謝粉刺下面是我最近習慣用的粉刺代謝好物泥狀面膜是新買的innisfree火山慕斯我買的是基礎清潔版大概一週敷個一次做週間保養敷完之後粉刺會浮出來一點點，再用粉刺夾或青春棒挑出來記得最後要擦保溼化妝水鎮定除了泥狀面膜，我也會用水楊酸代謝有聽過寶拉的水楊酸蠻有名的，不過有點小貴下不了手><現在是用牛爾的茶樹粉刺寶＋調理水，裡面也有添加水楊酸成分，我都擦在粉刺比較多的鼻頭跟下巴重點是痘痘急救也蠻好用的!!!!前一天晚上擦隔天痘痘就會好很多以上這樣三樣是我最近會用來代謝粉刺的傢伙們想知道大家除粉刺都會用什麼，可以借參考一下嗎？？",
    "time": "2017/05/22 16:25:46",
    "event": "slide"
  },
  {
    "category": "4",
    "app": "Dcard",
    "id": "31",
    "context": "#圖除掉鼻翼的敵人大概有一個月沒除粉刺了吧～發懶了一陣子終於開始用杏仁酸跟白泥用手滑過鼻頭覺得狀況一切良好一到鼻翼我的老天鵝啊那幾顆不除我心不甘拿出泰國蘆薈白膠！買過聖克萊爾、上山採藥，必須發自內心的說除了白膠之外對我都沒用啊??????但我還是會先用聖克萊爾的第一劑先軟化洗掉之後再用熱毛巾敷個兩分鐘塗上白膠打開電腦看個大力女子，不小心就看完一集才拔掉???????痛死了不過倒是把鼻翼那幾個深根敵人給拔根了?附上微弱的戰力品用資生堂艷容露輕拍之後再濕敷金盞花化妝水收斂完成打完收工！以上！掰囉",
    "time": "2017/05/22 16:26:13",
    "event": "slide"
  },
  {
    "category": "4",
    "app": "Dcard",
    "id": "32",
    "context": "kiehl's/霓淨思/innisfree目前只使用過亞馬遜白泥覺得它在我臉上功能沒有達到效果?反而比較推薦kiehl's莓果薑黃面膜??使用過後臉亮了許多也沒有那麼暗沉版上有女孩反應說用了試用包效果很好去專櫃買了正品卻沒有效果了?我都是買試用包效果差不多是一樣的喔我用了2-3次後接下來使用也沒有閃閃發亮了個人覺得❗️效果有限❗️所以不要天天用一個禮拜一次就差不多了尤其是在臉非常墮落非常暗沉用效果肯定很顯著囉??—————————————————————看板上都推薦innisfree或霓淨思innisfree據說專門給有黑頭的人而霓淨思我對它就很陌生但也一堆人推薦?有沒有人可以簡單解釋一下?霓淨思的好✨深層清潔面膜✨順便排行一下這三款哪款no.1?",
    "time": "2017/05/22 16:26:34",
    "event": "slide"
  },
  {
    "category": "4",
    "app": "Dcard",
    "id": "33",
    "context": "#問innisfree新款溫感粉餅想請問一下美妝版的大大們有人買過innisfree這款新出的溫感粉餅嗎~五月開始在國際官網賣還有活動但已經快五月底還是沒有查到分享文嗚嗚蝦皮也只有一個賣家有上架但也沒有評價無從考證(?懇求善心人士解惑qwqbtw我是大乾肌用過很多家的粉餅還有粉底液都會爆粉刺目前保濕款的氣墊們比較合我的皮膚特別是innisfree的保濕遮瑕款真的大愛!!!但最近考慮到氣墊的衛生問題想轉行(?)這種保濕粉餅他們家一出這款就把我燒毀了最後最後麻煩有買過的各位帥哥美女了我會非常感謝您",
    "time": "2017/05/22 16:27:44",
    "event": "slide"
  },
  {
    "category": "4",
    "app": "Dcard",
    "id": "34",
    "context": "#發問#揪團理膚寶水7折團購由於上次沒有跟到理膚7折團購，失落了好久，也等不到有人要開團畢竟自己的保養品一系列都是理膚寶水的，加上天氣越來越熱，溫泉水噴的更是兇家裡附近也沒有這麼低的折數後來有詢問了一下常買的那家藥局，看是不是可以量多的話也給我們7折他們說可以想問有人想要跟我一起湊嗎",
    "time": "2017/05/22 16:27:55",
    "event": "slide"
  },
  {
    "category": "4",
    "app": "Dcard",
    "id": "35",
    "context": "萬頭攢動粉刺蟲（很噁慎入）老是看大家分享粉刺林那你看過粉刺蟲嗎在臉書上看到驚呆個人是覺得很噁啦慎入！http://www.ettoday.net/news/20170521/929094.htm?from=fb_et_news",
    "time": "2017/05/22 16:28:43",
    "event": "slide"
  }
]