[
  {
    "category": "6",
    "app": "Messenger",
    "id": "3",
    "context": "傳送",
    "time": "2017/05/22 16:12:49",
    "event": "click"
  },
  {
    "category": "6",
    "app": "Messenger",
    "id": "6",
    "context": "傳送",
    "time": "2017/05/22 16:12:49",
    "event": "click"
  },
  {
    "category": "6",
    "app": "Messenger",
    "id": "9",
    "context": "傳送",
    "time": "2017/05/22 16:14:20",
    "event": "click"
  },
  {
    "category": "6",
    "app": "Messenger",
    "id": "25",
    "context": "傳送",
    "time": "2017/05/22 16:23:22",
    "event": "click"
  },
  {
    "category": "6",
    "app": "Messenger",
    "id": "38",
    "context": "傳送",
    "time": "2017/05/22 16:29:41",
    "event": "click"
  },
  {
    "category": "6",
    "app": "Line",
    "id": "65",
    "context": "傳送",
    "time": "2017/05/22 16:37:56",
    "event": "click"
  }
]