[
  {
    "category": "7",
    "app": "Dcard",
    "id": "40",
    "context": "有人矯正牙齒完後悔的嗎？如題！不知道要發哪版所以發這今天一如往常到跟我家大嬸聊天說到我想等年尾再去拔左邊的智齒們（上排長歪下排水平）這時我家的千年古人又開始他的長篇大論了智齒能不要拔就不要拔拔了會讓你牙齒無法靠緊老了會往兩邊開牙醫說要拔牙只是要賺健保費整牙也是你看很多人老了都後悔整牙我真是受夠了當然知道牙齒能不拔就不拔啊重點他已經歪了還有一顆長不出來抵到牙齒要吃蛀牙了豈不更麻煩！！再來我牙牀本身就不夠智齒的位置所以已經把我下排門牙擠歪了拜託有哪位牙醫系的大大可以有點根據讓我跟我爸溝通上網都只找到長歪就必須拔的資料還有矯正牙齒方面我小時候牙齒滿不整齊的是後來有自然推回來但還是有點兔寶寶本來大嬸是有預計要讓我整牙但是被古人擋下了因為他說整了牙根會鬆老了會容易掉（我不知道他哪來的根據）而且整完後因為非自然所以還是會走樣等幾年後又得在花一筆錢矯正啊啊啊啊受夠了受夠了上網查資料從來沒看到這方面的文章！！只有因為醫生只顧慮牙齒整齊沒考慮到臉型的文章聽到後悔的只有後悔太晚矯正拜託我誰後悔的跟我說一下抱歉讓大家看完這篇抱怨文我真的覺得有一口漂亮的牙齒是很好看的一件事附上兔寶寶牙（自己是覺得滿有特色的）",
    "time": "2017/05/22 16:29:46",
    "event": "click"
  },
  {
    "category": "7",
    "app": "Dcard",
    "id": "41",
    "context": "有人矯正牙齒完後悔的嗎？如題！不知道要發哪版所以發這今天一如往常到跟我家大嬸聊天說到我想等年尾再去拔左邊的智齒們（上排長歪下排水平）這時我家的千年古人又開始他的長篇大論了智齒能不要拔就不要拔拔了會讓你牙齒無法靠緊老了會往兩邊開牙醫說要拔牙只是要賺健保費整牙也是你看很多人老了都後悔整牙我真是受夠了當然知道牙齒能不拔就不拔啊重點他已經歪了還有一顆長不出來抵到牙齒要吃蛀牙了豈不更麻煩！！再來我牙牀本身就不夠智齒的位置所以已經把我下排門牙擠歪了拜託有哪位牙醫系的大大可以有點根據讓我跟我爸溝通上網都只找到長歪就必須拔的資料還有矯正牙齒方面我小時候牙齒滿不整齊的是後來有自然推回來但還是有點兔寶寶本來大嬸是有預計要讓我整牙但是被古人擋下了因為他說整了牙根會鬆老了會容易掉（我不知道他哪來的根據）而且整完後因為非自然所以還是會走樣等幾年後又得在花一筆錢矯正啊啊啊啊受夠了受夠了上網查資料從來沒看到這方面的文章！！只有因為醫生只顧慮牙齒整齊沒考慮到臉型的文章聽到後悔的只有後悔太晚矯正拜託我誰後悔的跟我說一下抱歉讓大家看完這篇抱怨文我真的覺得有一口漂亮的牙齒是很好看的一件事附上兔寶寶牙（自己是覺得滿有特色的）",
    "time": "2017/05/22 16:29:46",
    "event": "slide"
  }
]