[
  {
    "category": "8",
    "app": "Dcard",
    "id": "42",
    "context": "?短髮穿搭?圖嘿呦打ㄍㄟ赫好久沒出現了?這是剛剪完還很帥的我（我自己講的?）然後頭髮長超級快前陣子又去剪了個帶眼鏡沒整理不上妝根本就欠霸凌的造型??好啦言歸正傳，今天要來分享偶的短髮穿搭?開屎囉順便分享我猥瑣的笑容?透膚襯衫，領口設計可以綁蝴蝶結（阿斯..根本欠解開）吊帶裙，稍微遮住前方的裸露靴子，單穿靴子腳踝看起來很粗，加了同色的襪子拉長腿部線條感謝?我敬業的兄弟雖然還是沒放你拍的照片然後我猥褻了敬騰上衣，高領水袖然後又有皺摺（原諒我的知識淺短我不知道專有名詞）前開衩吊帶裙，沒有腰身的設計加上開衩可愛帶點性感米灰色高筒襪&咖啡色靴子一字領，純色加七分袖氣質加分緊身高腰牛仔褲，搭配上衣簡單舒服長襯衫綁腰&綁帶厚底涼鞋讓整體不無聊不要介意我的方臉?透視上衣，水袖加上大領口（走著走著領口會不自覺滑落?）緊身牛仔短褲，下擺有鬚鬚設計（然後走路會露屁蛋，沒關係啦海邊嘛）網襪加上綁帶涼鞋，我覺得有點神奇有點好看大家可以試看看平口吊嘎&高腰緊身裙&短網襪加上布鞋，利用腳上的運動風和襯衫平衡整體纔不會那麼ol?一件式洋裝，不得不誇讚這件洋裝針織的材質讓它表面就有紋路雖然顏色簡單但是又不簡單再加上服貼給它三個讚???短板黑色上衣（不就一般簡單的？）不不不旁邊多了綁帶，本身衣服兩側是開衩的藉由綁線縫合，可以自行調整裸露程度?寬褲，垂墜感十足的寬褲營造忍者感（什麼鬼忍者神經病...）最後送上崩壞正面?臉太欠霸凌了容許我用?遮一下分享完畢感謝?觀賞zen",
    "time": "2017/05/22 16:31:40",
    "event": "click"
  },
  {
    "category": "8",
    "app": "Dcard",
    "id": "43",
    "context": "?短髮穿搭?圖嘿呦打ㄍㄟ赫好久沒出現了?這是剛剪完還很帥的我（我自己講的?）然後頭髮長超級快前陣子又去剪了個帶眼鏡沒整理不上妝根本就欠霸凌的造型??好啦言歸正傳，今天要來分享偶的短髮穿搭?開屎囉順便分享我猥瑣的笑容?透膚襯衫，領口設計可以綁蝴蝶結（阿斯..根本欠解開）吊帶裙，稍微遮住前方的裸露靴子，單穿靴子腳踝看起來很粗，加了同色的襪子拉長腿部線條感謝?我敬業的兄弟雖然還是沒放你拍的照片然後我猥褻了敬騰上衣，高領水袖然後又有皺摺（原諒我的知識淺短我不知道專有名詞）前開衩吊帶裙，沒有腰身的設計加上開衩可愛帶點性感米灰色高筒襪&咖啡色靴子一字領，純色加七分袖氣質加分緊身高腰牛仔褲，搭配上衣簡單舒服長襯衫綁腰&綁帶厚底涼鞋讓整體不無聊不要介意我的方臉?透視上衣，水袖加上大領口（走著走著領口會不自覺滑落?）緊身牛仔短褲，下擺有鬚鬚設計（然後走路會露屁蛋，沒關係啦海邊嘛）網襪加上綁帶涼鞋，我覺得有點神奇有點好看大家可以試看看平口吊嘎&高腰緊身裙&短網襪加上布鞋，利用腳上的運動風和襯衫平衡整體纔不會那麼ol?一件式洋裝，不得不誇讚這件洋裝針織的材質讓它表面就有紋路雖然顏色簡單但是又不簡單再加上服貼給它三個讚???短板黑色上衣（不就一般簡單的？）不不不旁邊多了綁帶，本身衣服兩側是開衩的藉由綁線縫合，可以自行調整裸露程度?寬褲，垂墜感十足的寬褲營造忍者感（什麼鬼忍者神經病...）最後送上崩壞正面?臉太欠霸凌了容許我用?遮一下分享完畢感謝?觀賞zen",
    "time": "2017/05/22 16:31:40",
    "event": "slide"
  },
  {
    "category": "8",
    "app": "Dcard",
    "id": "44",
    "context": "#圖分享在net買些什麼✨在4月底時看到板上有人分享net在特價出清?所以4/28-5月中我買了不少東西想跟大家分享☺️我158/50男友183/97有些不是出清商品?褲子我是在被翻亂的的推架上找到的?看到亂成一團，真的覺得工作人員辛苦啊??背心s外套l襯衫m（超喜歡❤️微厚刺繡上衣（短版）當初看到立馬放籃子阿?還拍給我娘看我娘竟然說沒那個價值⋯（白眼?上衣l(當初剩這件，本人肩膀寬，但試穿覺得肩膀變小了，丟籃子?項鍊有點不清楚??（是很多貝殼組成的?鞋子99元（小缺點是會刮後腳跟?髮帶39元，跟大創價錢一樣！但是好戴很多?????????????????再來分享我送男友的??男生衣櫥一定要有襯衫啊啊啊❤️因為他很大隻,幾乎沒有他的size?男生衣服都很貴，真心覺得net很善良?分享結束??",
    "time": "2017/05/22 16:31:52",
    "event": "click"
  },
  {
    "category": "8",
    "app": "Dcard",
    "id": "45",
    "context": "#圖分享在net買些什麼✨在4月底時看到板上有人分享net在特價出清?所以4/28-5月中我買了不少東西想跟大家分享☺️我158/50男友183/97有些不是出清商品?褲子我是在被翻亂的的推架上找到的?看到亂成一團，真的覺得工作人員辛苦啊??背心s外套l襯衫m（超喜歡❤️微厚刺繡上衣（短版）當初看到立馬放籃子阿?還拍給我娘看我娘竟然說沒那個價值⋯（白眼?上衣l(當初剩這件，本人肩膀寬，但試穿覺得肩膀變小了，丟籃子?項鍊有點不清楚??（是很多貝殼組成的?鞋子99元（小缺點是會刮後腳跟?髮帶39元，跟大創價錢一樣！但是好戴很多?????????????????再來分享我送男友的??男生衣櫥一定要有襯衫啊啊啊❤️因為他很大隻,幾乎沒有他的size?男生衣服都很貴，真心覺得net很善良?分享結束??",
    "time": "2017/05/22 16:31:52",
    "event": "slide"
  },
  {
    "category": "8",
    "app": "Dcard",
    "id": "46",
    "context": "#圖#分享去net掏寶女友說最近版上很多人在net買了紅標商品昨天我們也到彰化某間去挖寶話不多說直接往下看.....1.牛仔平織?249這件算是紅標的polo裡好看的版型2.圓領毛衣條紋199條紋毛衣單穿有點像罪犯或是我穿起來不好看再搭個帽子或是飾品感覺會很不錯3.flannel雙口法絨襯衫149這兩種穿搭方式都很好看最喜歡的一件?4.兩顆釦半裡休閒西裝外套199超便宜的休閒西裝外套摸起來材質應該有尼龍摸起來滑滑的這件我也超愛5.斜袋t/r西褲149修身的西裝褲能買到這個價格真的是超划算最後附上發票最後一件裙子是女友的全部買下來不到一千塊實在是很開心其實還有很多衣服很好看只是找不到我的size有空的人也可以去試試穿搭",
    "time": "2017/05/22 16:32:27",
    "event": "click"
  },
  {
    "category": "8",
    "app": "Dcard",
    "id": "47",
    "context": "#圖#分享去net掏寶女友說最近版上很多人在net買了紅標商品昨天我們也到彰化某間去挖寶話不多說直接往下看.....1.牛仔平織?249這件算是紅標的polo裡好看的版型2.圓領毛衣條紋199條紋毛衣單穿有點像罪犯或是我穿起來不好看再搭個帽子或是飾品感覺會很不錯3.flannel雙口法絨襯衫149這兩種穿搭方式都很好看最喜歡的一件?4.兩顆釦半裡休閒西裝外套199超便宜的休閒西裝外套摸起來材質應該有尼龍摸起來滑滑的這件我也超愛5.斜袋t/r西褲149修身的西裝褲能買到這個價格真的是超划算最後附上發票最後一件裙子是女友的全部買下來不到一千塊實在是很開心其實還有很多衣服很好看只是找不到我的size有空的人也可以去試試穿搭",
    "time": "2017/05/22 16:32:27",
    "event": "slide"
  },
  {
    "category": "8",
    "app": "Dcard",
    "id": "48",
    "context": "想問下各位這種緊身長版洋裝應該怎麼搭？是搭個短版牛仔外套？還是格子襯衫？還是有什麼配件可以搭？不知道各位高人能不能指點迷津一下～如果有穿搭圖就更好了謝謝各位",
    "time": "2017/05/22 16:32:53",
    "event": "click"
  },
  {
    "category": "8",
    "app": "Dcard",
    "id": "49",
    "context": "想問下各位這種緊身長版洋裝應該怎麼搭？是搭個短版牛仔外套？還是格子襯衫？還是有什麼配件可以搭？不知道各位高人能不能指點迷津一下～如果有穿搭圖就更好了謝謝各位",
    "time": "2017/05/22 16:32:53",
    "event": "slide"
  },
  {
    "category": "8",
    "app": "Dcard",
    "id": "52",
    "context": "有大神能救救這件五分褲穿搭嗎好多人看到我這樣穿說真的不行能搭什麼上衣呢",
    "time": "2017/05/22 16:33:29",
    "event": "click"
  },
  {
    "category": "8",
    "app": "Dcard",
    "id": "53",
    "context": "有大神能救救這件五分褲穿搭嗎好多人看到我這樣穿說真的不行能搭什麼上衣呢",
    "time": "2017/05/22 16:33:29",
    "event": "slide"
  }
]