[
  {
    "category": "9",
    "app": "Dcard",
    "id": "50",
    "context": "#問男生胸包推薦？？請問各位大大有人買過這幾款包嗎？小弟最近想買個貼身點的小包,不知道各位怎麼看(^^ゞ",
    "time": "2017/05/22 16:33:20",
    "event": "click"
  },
  {
    "category": "9",
    "app": "Dcard",
    "id": "51",
    "context": "#問男生胸包推薦？？請問各位大大有人買過這幾款包嗎？小弟最近想買個貼身點的小包,不知道各位怎麼看(^^ゞ",
    "time": "2017/05/22 16:33:20",
    "event": "slide"
  }
]