[
  {
    "category": "2",
    "app": "HTCBrowser",
    "id": "11",
    "context": "facebook",
    "time": "2017/05/25 10:52:10",
    "event": "type"
  },
  {
    "category": "2",
    "app": "HTCBrowser",
    "id": "12",
    "context": "facebook",
    "time": "2017/05/25 10:52:11",
    "event": "click"
  },
  {
    "category": "2",
    "app": "HTCBrowser",
    "id": "13",
    "context": "facebook",
    "time": "2017/05/25 10:52:13",
    "event": "slide"
  },
  {
    "category": "2",
    "app": "HTCBrowser",
    "id": "14",
    "context": "登入facebook|facebook",
    "time": "2017/05/25 10:52:17",
    "event": "click"
  },
  {
    "category": "2",
    "app": "HTCBrowser",
    "id": "15",
    "context": "登入facebook|facebook",
    "time": "2017/05/25 10:52:18",
    "event": "slide"
  },
  {
    "category": "2",
    "app": "HTCBrowser",
    "id": "18",
    "context": "facebook",
    "time": "2017/05/25 10:53:50",
    "event": "slide"
  }
]