[
  {
    "category": "4",
    "app": "HTCBrowser",
    "id": "19",
    "context": "18國力挺臺灣入wha　大陸怒：各方停止干涉國家內政！|ettoday政治新聞|ettoday東森新聞雲手機版|ettodaymobileweb第70屆世界衛生大會（wha）22日於瑞士日內瓦登場，目前已進入第3天議程，而臺灣因受大陸打壓，未能受邀出席，但會中陸續有友邦或親臺國家表達支持我方入會，以觀察員身分參與wha；對此，大陸代表則持反對意見，更強硬要求各國「停止干涉國家內政」。(wha,世界衛生大會,衛福部,九二共識,蔡英文,大陸)",
    "time": "2017/05/25 10:55:14",
    "event": "click"
  },
  {
    "category": "4",
    "app": "HTCBrowser",
    "id": "20",
    "context": "18國力挺臺灣入wha　大陸怒：各方停止干涉國家內政！|ettoday政治新聞|ettoday東森新聞雲手機版|ettodaymobileweb第70屆世界衛生大會（wha）22日於瑞士日內瓦登場，目前已進入第3天議程，而臺灣因受大陸打壓，未能受邀出席，但會中陸續有友邦或親臺國家表達支持我方入會，以觀察員身分參與wha；對此，大陸代表則持反對意見，更強硬要求各國「停止干涉國家內政」。(wha,世界衛生大會,衛福部,九二共識,蔡英文,大陸)",
    "time": "2017/05/25 10:55:15",
    "event": "slide"
  }
]