[
  {
    "category": "1",
    "app": "Chrome",
    "id": "1",
    "context": "amsungs8手機評測",
    "time": "2017/06/29 16:58:22",
    "event": "type"
  },
  {
    "category": "1",
    "app": "Chrome",
    "id": "2",
    "context": "amsungs8手機評測",
    "time": "2017/06/29 16:58:28",
    "event": "slide"
  },
  {
    "category": "1",
    "app": "Chrome",
    "id": "3",
    "context": "三星galaxys8/s8+手機評測：王者歸位-engadget中文版",
    "time": "2017/06/29 16:58:31",
    "event": "click"
  },
  {
    "category": "1",
    "app": "Chrome",
    "id": "4",
    "context": "三星galaxys8/s8+手機評測：王者歸位",
    "time": "2017/06/29 16:58:32",
    "event": "slide"
  },
  {
    "category": "1",
    "app": "Chrome",
    "id": "5",
    "context": "amsungs8評測",
    "time": "2017/06/29 16:58:53",
    "event": "slide"
  },
  {
    "category": "1",
    "app": "MoPTT",
    "id": "6",
    "context": "s8手機",
    "time": "2017/06/29 16:59:40",
    "event": "type"
  },
  {
    "category": "1",
    "app": "MoPTT",
    "id": "7",
    "context": "sonyxzs跟samsungs8選哪隻手機?如題，舊手機因為家裡淹水泡水送修居然要5000塊qq只好換新手機，試用後覺得遠傳網速在我這較好，所以打算辦遠傳，上官網看到這兩隻辦吃到飽有送家電+抽日本新幹線周遊卷蠻划算的，這兩個品牌我都沒用過，想問大家會選哪隻?--※發信站:批踢踢實業坊(ptt.cc),來自:49.218.69.142※瀏覽網頁版※",
    "time": "2017/06/29 16:59:54",
    "event": "slide"
  },
  {
    "category": "1",
    "app": "MoPTT",
    "id": "8",
    "context": "手機u11.s8+該如何抉擇",
    "time": "2017/06/29 17:00:32",
    "event": "click"
  },
  {
    "category": "1",
    "app": "MoPTT",
    "id": "9",
    "context": "手機u11.s8+該如何抉擇合約八月份要到了原本想等i8但我的z3似乎是等不到i8了，而且i8的價格好像也要信仰技能點的夠高才能用......想請問版上各位大大幾點問題！1.相機話素部分：這我爬過文章也去現場看過實體機s8+>u11，相機部分我其實覺得只要能拍的清楚就好了只是宅宅沒必要說到很好2.音質喇叭部分：我喜歡大聲一點清晰一點的音質我蠻喜歡用手機聽歌跟看uto的想選音質跟聲音大不知道該選哪支比較好3.系統順暢：我兩支滑起來覺得都差不多但居然是說u11滑起來會比s8+順暢這我倒是沒感覺，我不是不玩手遊但因為公作我就都沒玩了但如果要玩遊戲的話哪支比較順暢？是不排除換i7+那綜合以上三點各位會推我換哪支呢？希望版上各位大大能給個建議手機排版傷眼抱歉--※發信站:批踢踢實業坊(ptt.cc),來自:27.52.160.113※瀏覽網頁版※",
    "time": "2017/06/29 17:00:34",
    "event": "slide"
  },
  {
    "category": "1",
    "app": "MoPTT",
    "id": "10",
    "context": "[情報]三星手機發表galaxys8+瑰蜜粉，7月正式開",
    "time": "2017/06/29 17:02:18",
    "event": "click"
  },
  {
    "category": "1",
    "app": "MoPTT",
    "id": "11",
    "context": "三星發表galaxys8+瑰蜜粉，7月正式開來源：https://goo.gl/hsnbpp標題：三星發表galaxys8+瑰蜜粉，7月正式開賣、預購送原廠背蓋原文：繼先前samsunggalaxys8冰湖藍推出後，大尺寸的galaxys8+瑰蜜粉新色也即將於2017年7月開賣。samsunggalaxys8在臺灣已經推出「薰紫灰」及「流沙金」與「冰湖藍」三色，galaxys8+則是「薰紫灰」、「流沙金」及「晶墨黑」三色搭配，加上即將登場的「瑰蜜粉」，共計有4種顏色可以選擇。galaxys8+「瑰蜜粉」預計自7月初於各大電信通路、三星智慧館、各大經銷通路以及網路平臺同步販售，單機建議售價27,900元，即日起至6月30日止，凡於三星智慧館、網路平臺、神腦線上預購galaxys8+「瑰蜜粉」，可獲得價值1,690元的原廠粉色alcantara義大利麂皮背蓋。另外，自7月1日至8月31日止，凡購買galaxys8/s8+隨貨贈送隨拍限定組，含市價1,980元的原廠藍牙自拍腳架與市價1,290元的外掛鏡頭。同時，三星加碼登錄週週抽市價4,990元的新一代gearvr虛擬實境眼鏡（含遙控器）與市價7,990元的gear360（2017）全景相機。心得：昨天才傳出samsung要推galaxys8粉色，沒想到今天就正式發表了，而且原廠用瑰蜜（閨蜜）粉這名字感覺還不錯；從銷售數據來看，galaxys8+銷售量很明顯優於galaxys8不少，不知道這新色推出後，會不會再加大兩者之間的差距，只是還是覺得有點可惜，喜歡大支的買不到藍色，喜歡小支的買不到粉紅色跟黑色，為什麼不乾脆全部顏色一起推呢（汗）--※發信站:批踢踢實業坊(ptt.cc),來自:175.180.67.170※瀏覽網頁版※",
    "time": "2017/06/29 17:02:19",
    "event": "slide"
  },
  {
    "category": "1",
    "app": "MoPTT",
    "id": "12",
    "context": "[問題]iphone7/s8/u11手機選擇",
    "time": "2017/06/29 17:03:04",
    "event": "click"
  },
  {
    "category": "1",
    "app": "MoPTT",
    "id": "13",
    "context": "iphone7/s8/u11手機選擇最近要買新手機了打算從這三支選u11我是喜歡他的照相還有擠壓功能缺點是沒3.5mm,手機比較大我還滿在意單手操作的前一支是z3cs8螢幕超美不過看一些網路上影片真的有偏紅照相也不錯不過看了一些實拍照片我覺得是輸u11u11細節部份保留比較好另外指紋辨識放背後感覺很怪感覺放home鍵會比較好按吧?另外很多人都說三星會有slagiphone7是現在暫時在用的公司手機還行不過也沒特別喜歡ui動畫好看但是切換程式或開程式的時候也不是沒頓過所以順暢度來說不是特別讓人驚豔另外就是我android用很久了ios很多操作都不是很習慣尺寸是三隻裡面最小的加分也有在想是不是要等iphone8呢大概就這樣平常不玩遊戲比較在意的是照相續航單手操作--※發信站:批踢踢實業坊(ptt.cc),來自:73.189.240.160※瀏覽網頁版※",
    "time": "2017/06/29 17:03:05",
    "event": "slide"
  },
  {
    "category": "1",
    "app": "Chrome",
    "id": "14",
    "context": "中華電信s8手機搭門號",
    "time": "2017/06/29 17:08:06",
    "event": "type"
  },
  {
    "category": "1",
    "app": "Chrome",
    "id": "15",
    "context": "中華電信s8手機搭門號",
    "time": "2017/06/29 17:08:11",
    "event": "slide"
  },
  {
    "category": "1",
    "app": "Chrome",
    "id": "16",
    "context": "無邊際螢幕手機samsunggalaxys8/s8...",
    "time": "2017/06/29 17:08:37",
    "event": "click"
  },
  {
    "category": "1",
    "app": "Chrome",
    "id": "17",
    "context": "無邊際螢幕手機samsunggalaxys8/s8+|臺灣大哥大",
    "time": "2017/06/29 17:08:40",
    "event": "slide"
  },
  {
    "category": "1",
    "app": "Chrome",
    "id": "18",
    "context": "臺哥大s8手機搭門號",
    "time": "2017/06/29 17:09:41",
    "event": "type"
  },
  {
    "category": "1",
    "app": "Chrome",
    "id": "19",
    "context": "臺哥大s8手機搭門號",
    "time": "2017/06/29 17:09:41",
    "event": "slide"
  },
  {
    "category": "1",
    "app": "Chrome",
    "id": "20",
    "context": "emome行動生活一摸就迷>三星s8手機＋晶墨黑中華獨家！地表最狂組合搭配金讚獨享震撼豪禮-中華電信emome",
    "time": "2017/06/29 19:24:59",
    "event": "click"
  },
  {
    "category": "1",
    "app": "Chrome",
    "id": "21",
    "context": "emome行動生活一摸就迷>三星s8手機＋晶墨黑中華獨家！地表最狂組合搭配金讚獨享震撼豪禮！",
    "time": "2017/06/29 19:25:02",
    "event": "slide"
  }
]