[
  {
    "category": "1",
    "app": "Chrome",
    "id": "1",
    "context": "鵪鶉",
    "time": "2017/06/07 13:27:40",
    "event": "type"
  },
  {
    "category": "1",
    "app": "Chrome",
    "id": "2",
    "context": "鵪鶉-google搜尋",
    "time": "2017/06/07 13:27:41",
    "event": "click"
  },
  {
    "category": "1",
    "app": "Chrome",
    "id": "3",
    "context": "鵪鶉-google搜尋",
    "time": "2017/06/07 13:27:41",
    "event": "slide"
  },
  {
    "category": "1",
    "app": "Chrome",
    "id": "4",
    "context": "[送養]臺北公的白鵪鶉要送養鳥種:鵪鶉寶貝名字:未取寶貝照片:http://i.imgur.com/aapiiqf.jpg地點:臺北大安/內湖/新店",
    "time": "2017/06/07 13:27:50",
    "event": "click"
  },
  {
    "category": "1",
    "app": "Chrome",
    "id": "5",
    "context": "[送養]臺北公的白鵪鶉要送養鳥種:鵪鶉寶貝名字:未取寶貝照片:http://i.imgur.com/aapiiqf.jpg地點:臺北大安/內湖/新店",
    "time": "2017/06/07 13:27:50",
    "event": "slide"
  },
  {
    "category": "1",
    "app": "Chrome",
    "id": "10",
    "context": "鳥類禽流感",
    "time": "2017/06/07 13:35:12",
    "event": "type"
  },
  {
    "category": "1",
    "app": "Chrome",
    "id": "11",
    "context": "鳥類禽流感-google搜尋",
    "time": "2017/06/07 13:35:12",
    "event": "click"
  },
  {
    "category": "1",
    "app": "Chrome",
    "id": "12",
    "context": "鳥類禽流感-google搜尋",
    "time": "2017/06/07 13:35:13",
    "event": "slide"
  },
  {
    "category": "1",
    "app": "Chrome",
    "id": "13",
    "context": "鳥類禽流感症狀-google搜尋",
    "time": "2017/06/07 13:35:21",
    "event": "click"
  },
  {
    "category": "1",
    "app": "Chrome",
    "id": "14",
    "context": "鳥類禽流感症狀-google搜尋",
    "time": "2017/06/07 13:35:21",
    "event": "slide"
  },
  {
    "category": "1",
    "app": "Chrome",
    "id": "15",
    "context": "鵪鶉得禽流感",
    "time": "2017/06/07 13:35:39",
    "event": "type"
  },
  {
    "category": "1",
    "app": "Chrome",
    "id": "16",
    "context": "鵪鶉得禽流感-google搜尋",
    "time": "2017/06/07 13:35:40",
    "event": "click"
  },
  {
    "category": "1",
    "app": "Chrome",
    "id": "17",
    "context": "鵪鶉得禽流感-google搜尋",
    "time": "2017/06/07 13:35:40",
    "event": "slide"
  },
  {
    "category": "1",
    "app": "Chrome",
    "id": "18",
    "context": "鵪鶉雞瘟禽流感能治好嗎？？？？鵪鶉雞瘟禽流感能治好嗎？？？？禽流感是由a型流感病毒引起的以禽類傳染發病爲主的劇烈傳染病。該病毒不僅血清型多，而且自然界中帶毒動物多、毒株易變異，這爲禽流感病的防治增加了難度。家禽發生高致病性禽流感具",
    "time": "2017/06/07 13:35:44",
    "event": "click"
  },
  {
    "category": "1",
    "app": "Chrome",
    "id": "19",
    "context": "鵪鶉雞瘟禽流感能治好嗎？？？？鵪鶉雞瘟禽流感能治好嗎？？？？禽流感是由a型流感病毒引起的以禽類傳染發病爲主的劇烈傳染病。該病毒不僅血清型多，而且自然界中帶毒動物多、毒株易變異，這爲禽流感病的防治增加了難度。家禽發生高致病性禽流感具",
    "time": "2017/06/07 13:35:44",
    "event": "slide"
  },
  {
    "category": "1",
    "app": "Chrome",
    "id": "20",
    "context": "鵪鶉得禽流感-google搜尋",
    "time": "2017/06/07 13:35:51",
    "event": "slide"
  },
  {
    "category": "1",
    "app": "Chrome",
    "id": "21",
    "context": "【兩分鐘瞭解禽流感】禽流感就是一種鳥感冒，但有時候鳥生病死不了，人被傳染死得比鳥還快？！-thenewslens關鍵評論網禽流感在臺灣大爆發，用兩分半鐘的影片告訴你禽流感到底是什麼。標籤:h5n2禽流感,h5n3,h5n8,臺北野鳥學會,禽流感,農委會",
    "time": "2017/06/07 13:38:13",
    "event": "click"
  },
  {
    "category": "1",
    "app": "Chrome",
    "id": "22",
    "context": "【兩分鐘瞭解禽流感】禽流感就是一種鳥感冒，但有時候鳥生病死不了，人被傳染死得比鳥還快？！-thenewslens關鍵評論網禽流感在臺灣大爆發，用兩分半鐘的影片告訴你禽流感到底是什麼。標籤:h5n2禽流感,h5n3,h5n8,臺北野鳥學會,禽流感,農委會",
    "time": "2017/06/07 13:38:13",
    "event": "slide"
  },
  {
    "category": "1",
    "app": "Chrome",
    "id": "23",
    "context": "鳥類得禽流感-google搜尋",
    "time": "2017/06/07 13:42:18",
    "event": "slide"
  },
  {
    "category": "1",
    "app": "Chrome",
    "id": "24",
    "context": "養鳥會得禽流感嗎可能感染h7n9禽流感病毒-壹讀養鳥會得禽流感嗎，鳥是很多人都愛做的事情，畢竟寵物鳥作為一種寵物，就需要瞭解養鳥的諸多知識，比如有的人養鳥也會擔心感染上禽流感，大家也知道禽流感一般是經常接觸禽類，就很容易感染這樣的疾病，養鳥會得禽流感嗎，小編就詳細瞭解一下",
    "time": "2017/06/07 13:42:22",
    "event": "click"
  },
  {
    "category": "1",
    "app": "Chrome",
    "id": "25",
    "context": "養鳥會得禽流感嗎可能感染h7n9禽流感病毒-壹讀養鳥會得禽流感嗎，鳥是很多人都愛做的事情，畢竟寵物鳥作為一種寵物，就需要瞭解養鳥的諸多知識，比如有的人養鳥也會擔心感染上禽流感，大家也知道禽流感一般是經常接觸禽類，就很容易感染這樣的疾病，養鳥會得禽流感嗎，小編就詳細瞭解一下",
    "time": "2017/06/07 13:42:22",
    "event": "slide"
  },
  {
    "category": "1",
    "app": "Chrome",
    "id": "26",
    "context": "鳥類得禽流感-google搜尋",
    "time": "2017/06/07 13:47:03",
    "event": "slide"
  },
  {
    "category": "1",
    "app": "Chrome",
    "id": "27",
    "context": "小雞",
    "time": "2017/06/07 13:47:25",
    "event": "type"
  },
  {
    "category": "1",
    "app": "Chrome",
    "id": "28",
    "context": "小雞-google搜尋",
    "time": "2017/06/07 13:47:26",
    "event": "click"
  },
  {
    "category": "1",
    "app": "Chrome",
    "id": "29",
    "context": "小雞-google搜尋",
    "time": "2017/06/07 13:47:26",
    "event": "slide"
  },
  {
    "category": "1",
    "app": "Chrome",
    "id": "30",
    "context": "小鵪鶉",
    "time": "2017/06/07 13:48:05",
    "event": "type"
  },
  {
    "category": "1",
    "app": "Chrome",
    "id": "31",
    "context": "小鵪鶉-google搜尋",
    "time": "2017/06/07 13:48:06",
    "event": "click"
  },
  {
    "category": "1",
    "app": "Chrome",
    "id": "32",
    "context": "小鵪鶉-google搜尋",
    "time": "2017/06/07 13:48:06",
    "event": "slide"
  }
]