[
  {
    "category": "4",
    "app": "Chrome",
    "id": "33",
    "context": "勞動部歷屆試題",
    "time": "2017/06/07 13:53:04",
    "event": "type"
  },
  {
    "category": "4",
    "app": "Chrome",
    "id": "34",
    "context": "勞動部歷屆試題",
    "time": "2017/06/07 13:53:04",
    "event": "click"
  },
  {
    "category": "4",
    "app": "Chrome",
    "id": "35",
    "context": "勞動部歷屆試題",
    "time": "2017/06/07 13:53:04",
    "event": "slide"
  },
  {
    "category": "4",
    "app": "Chrome",
    "id": "36",
    "context": "歷屆試題勞動部勞動力發展署技能檢定中心",
    "time": "2017/06/07 13:53:10",
    "event": "click"
  },
  {
    "category": "4",
    "app": "Chrome",
    "id": "37",
    "context": "歷屆試題勞動部勞動力發展署技能檢定中心",
    "time": "2017/06/07 13:53:11",
    "event": "slide"
  }
]