[
  {
    "category": "1",
    "app": "Chrome",
    "id": "1",
    "context": "臺中早午餐",
    "time": "2017/07/06 16:46:58",
    "event": "type"
  },
  {
    "category": "1",
    "app": "Chrome",
    "id": "2",
    "context": "臺中早午餐",
    "time": "2017/07/06 16:46:58",
    "event": "click"
  },
  {
    "category": "1",
    "app": "Chrome",
    "id": "3",
    "context": "臺中早午餐",
    "time": "2017/07/06 16:46:58",
    "event": "slide"
  },
  {
    "category": "1",
    "app": "Chrome",
    "id": "4",
    "context": "【臺中早午餐精選】2017臺中早午餐精選懶人包｜帕里尼...-cindy的祕密花園",
    "time": "2017/07/06 16:47:08",
    "event": "click"
  },
  {
    "category": "1",
    "app": "Chrome",
    "id": "5",
    "context": "【臺中早午餐精選】2017臺中早午餐精選懶人包｜帕里尼,漢堡,貝果,輕食,碳烤三明治,咖啡館早餐！(更新日期2017.6.22)@cindy的祕密花園::痞客邦pixnet::",
    "time": "2017/07/06 16:47:10",
    "event": "slide"
  },
  {
    "category": "1",
    "app": "Chrome",
    "id": "6",
    "context": "臺中早午餐",
    "time": "2017/07/06 16:48:06",
    "event": "slide"
  },
  {
    "category": "1",
    "app": "Chrome",
    "id": "7",
    "context": "臺中大里早午餐",
    "time": "2017/07/06 16:48:25",
    "event": "type"
  },
  {
    "category": "1",
    "app": "Chrome",
    "id": "8",
    "context": "臺中大里早午餐",
    "time": "2017/07/06 16:48:26",
    "event": "click"
  },
  {
    "category": "1",
    "app": "Chrome",
    "id": "9",
    "context": "臺中大里早午餐",
    "time": "2017/07/06 16:48:26",
    "event": "slide"
  },
  {
    "category": "1",
    "app": "Chrome",
    "id": "10",
    "context": "臺中~大里/超人氣早午餐/找晨手作輕食料理brunch-熊仔愛七桃-痞客邦pixnet",
    "time": "2017/07/06 16:48:30",
    "event": "click"
  },
  {
    "category": "1",
    "app": "Chrome",
    "id": "11",
    "context": "(食)臺中~大里/超人氣早午餐/找晨手作輕食料理brunch@＊熊仔愛七桃＊::痞客邦pixnet::",
    "time": "2017/07/06 16:48:32",
    "event": "slide"
  },
  {
    "category": "1",
    "app": "Chrome",
    "id": "12",
    "context": "臺中大里早午餐",
    "time": "2017/07/06 16:51:36",
    "event": "click"
  },
  {
    "category": "1",
    "app": "Chrome",
    "id": "13",
    "context": "臺中大里早午餐",
    "time": "2017/07/06 16:51:36",
    "event": "slide"
  },
  {
    "category": "1",
    "app": "Chrome",
    "id": "14",
    "context": "(食)臺中~大里/奇米鄉村廚房brunch@＊熊仔愛七桃＊::痞客邦pixnet::",
    "time": "2017/07/06 16:51:42",
    "event": "click"
  },
  {
    "category": "1",
    "app": "Chrome",
    "id": "15",
    "context": "(食)臺中~大里/奇米鄉村廚房brunch@＊熊仔愛七桃＊::痞客邦pixnet::",
    "time": "2017/07/06 16:51:45",
    "event": "slide"
  },
  {
    "category": "1",
    "app": "Chrome",
    "id": "16",
    "context": "臺中大里早午餐",
    "time": "2017/07/06 16:53:29",
    "event": "slide"
  },
  {
    "category": "1",
    "app": "Chrome",
    "id": "17",
    "context": "臺中大里早午餐",
    "time": "2017/07/06 16:53:29",
    "event": "click"
  },
  {
    "category": "1",
    "app": "Chrome",
    "id": "18",
    "context": "臺中大里早午餐",
    "time": "2017/07/06 16:53:29",
    "event": "slide"
  },
  {
    "category": "1",
    "app": "Chrome",
    "id": "19",
    "context": "臺中大里-找晨。findmorning手作輕食料理。麵包做的很好吃的早午餐，國光假日花市旁(+wifi)@jinglejingle的美食遊玩小筆記::痞客邦pixnet::",
    "time": "2017/07/06 16:53:32",
    "event": "click"
  },
  {
    "category": "1",
    "app": "Chrome",
    "id": "20",
    "context": "臺中大里-找晨。findmorning手作輕食料理。麵包做的很好吃的早午餐，國光假日花市旁(+wifi)@jinglejingle的美食遊玩小筆記::痞客邦pixnet::",
    "time": "2017/07/06 16:53:33",
    "event": "slide"
  },
  {
    "category": "1",
    "app": "Chrome",
    "id": "21",
    "context": "臺中大里早午餐",
    "time": "2017/07/06 16:53:49",
    "event": "click"
  },
  {
    "category": "1",
    "app": "Chrome",
    "id": "22",
    "context": "臺中大里早午餐",
    "time": "2017/07/06 16:53:49",
    "event": "slide"
  },
  {
    "category": "1",
    "app": "Chrome",
    "id": "23",
    "context": "【臺中大里人氣早午餐推薦】歐森早午餐價位，菜單大公開！豐盛的平價早午餐！臺中國光路美食小吃旅遊景點推薦！@分享全臺美食店家的菜單與價位::痞客邦pixnet::",
    "time": "2017/07/06 16:53:53",
    "event": "click"
  },
  {
    "category": "1",
    "app": "Chrome",
    "id": "24",
    "context": "【臺中大里人氣早午餐推薦】歐森早午餐價位，菜單大公開！豐盛的平價早午餐！臺中國光路美食小吃旅遊景點推薦！@分享全臺美食店家的菜單與價位::痞客邦pixnet::",
    "time": "2017/07/06 16:54:57",
    "event": "slide"
  },
  {
    "category": "1",
    "app": "Chrome",
    "id": "25",
    "context": "臺中大里早午餐",
    "time": "2017/07/06 16:55:09",
    "event": "slide"
  },
  {
    "category": "1",
    "app": "Chrome",
    "id": "26",
    "context": "臺中大里早午餐",
    "time": "2017/07/06 16:55:09",
    "event": "click"
  },
  {
    "category": "1",
    "app": "Chrome",
    "id": "27",
    "context": "臺中大里早午餐",
    "time": "2017/07/06 16:55:09",
    "event": "slide"
  },
  {
    "category": "1",
    "app": "Chrome",
    "id": "28",
    "context": "臺中早午餐大里新餐廳老點_homies德芳南路超佛心價位平價早午餐午餐晚餐消夜@9anna喬安娜::痞客邦pixnet::",
    "time": "2017/07/06 16:55:14",
    "event": "click"
  },
  {
    "category": "1",
    "app": "Chrome",
    "id": "29",
    "context": "臺中早午餐大里新餐廳老點_homies德芳南路超佛心價位平價早午餐午餐晚餐消夜@9anna喬安娜::痞客邦pixnet::",
    "time": "2017/07/06 16:55:25",
    "event": "slide"
  },
  {
    "category": "1",
    "app": "Chrome",
    "id": "30",
    "context": "臺中大里早午餐",
    "time": "2017/07/06 16:56:23",
    "event": "click"
  },
  {
    "category": "1",
    "app": "Chrome",
    "id": "31",
    "context": "臺中大里早午餐",
    "time": "2017/07/06 16:56:23",
    "event": "slide"
  },
  {
    "category": "1",
    "app": "Chrome",
    "id": "32",
    "context": "臺中大里早午餐",
    "time": "2017/07/06 16:56:27",
    "event": "click"
  },
  {
    "category": "1",
    "app": "Chrome",
    "id": "33",
    "context": "臺中大里早午餐",
    "time": "2017/07/06 16:56:28",
    "event": "slide"
  },
  {
    "category": "1",
    "app": "Chrome",
    "id": "34",
    "context": "臺中大里早午餐平價",
    "time": "2017/07/06 16:56:43",
    "event": "type"
  },
  {
    "category": "1",
    "app": "Chrome",
    "id": "35",
    "context": "臺中大里早午餐平價",
    "time": "2017/07/06 16:56:43",
    "event": "click"
  },
  {
    "category": "1",
    "app": "Chrome",
    "id": "36",
    "context": "臺中大里早午餐平價",
    "time": "2017/07/06 16:56:43",
    "event": "slide"
  },
  {
    "category": "1",
    "app": "Chrome",
    "id": "37",
    "context": "臺中大里必吃美食推薦2017.06.24更新。總整理懶人包最新情報!特色餐廳。平價美食。巷弄美食。下午茶。早午餐。路邊攤，非吃不可@sunny吃喝遊樂::痞客邦pixnet::",
    "time": "2017/07/06 16:56:53",
    "event": "click"
  },
  {
    "category": "1",
    "app": "Chrome",
    "id": "38",
    "context": "臺中大里必吃美食推薦2017.06.24更新。總整理懶人包最新情報!特色餐廳。平價美食。巷弄美食。下午茶。早午餐。路邊攤，非吃不可@sunny吃喝遊樂::痞客邦pixnet::",
    "time": "2017/07/06 16:56:53",
    "event": "slide"
  },
  {
    "category": "1",
    "app": "Chrome",
    "id": "39",
    "context": "臺中大里早午餐平價",
    "time": "2017/07/06 16:57:33",
    "event": "slide"
  },
  {
    "category": "1",
    "app": "Chrome",
    "id": "40",
    "context": "臺中大里早午餐平價",
    "time": "2017/07/06 16:57:33",
    "event": "click"
  },
  {
    "category": "1",
    "app": "Chrome",
    "id": "41",
    "context": "臺中大里早午餐平價",
    "time": "2017/07/06 16:57:33",
    "event": "slide"
  },
  {
    "category": "1",
    "app": "Chrome",
    "id": "42",
    "context": "臺中大里早午餐平價",
    "time": "2017/07/06 16:57:40",
    "event": "click"
  },
  {
    "category": "1",
    "app": "Chrome",
    "id": "43",
    "context": "臺中大里早午餐平價",
    "time": "2017/07/06 16:57:41",
    "event": "slide"
  },
  {
    "category": "1",
    "app": "Chrome",
    "id": "44",
    "context": "臺中大里早午餐平價",
    "time": "2017/07/06 16:57:43",
    "event": "click"
  },
  {
    "category": "1",
    "app": "Chrome",
    "id": "45",
    "context": "臺中大里平價餐廳",
    "time": "2017/07/06 16:57:44",
    "event": "click"
  },
  {
    "category": "1",
    "app": "Chrome",
    "id": "46",
    "context": "臺中大里平價餐廳",
    "time": "2017/07/06 16:57:44",
    "event": "slide"
  },
  {
    "category": "1",
    "app": "Chrome",
    "id": "47",
    "context": "臺中大里平價餐廳",
    "time": "2017/07/06 16:57:45",
    "event": "click"
  },
  {
    "category": "1",
    "app": "Chrome",
    "id": "48",
    "context": "臺中大里平價美食",
    "time": "2017/07/06 16:58:01",
    "event": "click"
  },
  {
    "category": "1",
    "app": "Chrome",
    "id": "49",
    "context": "臺中大里平價美食",
    "time": "2017/07/06 16:58:02",
    "event": "slide"
  },
  {
    "category": "1",
    "app": "Chrome",
    "id": "50",
    "context": "臺中大里平價美食推薦。南門蒸餃。料多味美大份量高cp值。菜色多天天吃都不膩。推薦麵食、蒸餃@sunny吃喝遊樂::痞客邦pixnet::",
    "time": "2017/07/06 16:58:11",
    "event": "click"
  },
  {
    "category": "1",
    "app": "Chrome",
    "id": "51",
    "context": "臺中大里平價美食推薦。南門蒸餃。料多味美大份量高cp值。菜色多天天吃都不膩。推薦麵食、蒸餃@sunny吃喝遊樂::痞客邦pixnet::",
    "time": "2017/07/06 16:58:11",
    "event": "slide"
  },
  {
    "category": "1",
    "app": "Chrome",
    "id": "52",
    "context": "臺中大里平價美食推薦。南門蒸餃。料多味美大份量高cp值。菜色多天天吃都不膩。推薦麵食、蒸餃-商妮吃喝遊樂",
    "time": "2017/07/06 16:58:26",
    "event": "click"
  },
  {
    "category": "1",
    "app": "Chrome",
    "id": "53",
    "context": "臺中大里平價美食推薦。南門蒸餃。料多味美大份量高cp值。菜色多天天吃都不膩。推薦麵食、蒸餃-商妮吃喝遊樂",
    "time": "2017/07/06 16:58:52",
    "event": "slide"
  },
  {
    "category": "1",
    "app": "Chrome",
    "id": "54",
    "context": "臺中大里平價美食",
    "time": "2017/07/06 17:00:13",
    "event": "click"
  },
  {
    "category": "1",
    "app": "Chrome",
    "id": "55",
    "context": "臺中大里平價美食",
    "time": "2017/07/06 17:00:13",
    "event": "slide"
  },
  {
    "category": "1",
    "app": "Chrome",
    "id": "56",
    "context": "【臺中大里平價美食】銅板美食！便宜美味不踩雷！用餐環境好舒適@樂芙兔雪兒lovetoshare-愛分享．愛推薦::痞客邦pixnet::",
    "time": "2017/07/06 17:00:18",
    "event": "click"
  },
  {
    "category": "1",
    "app": "Chrome",
    "id": "57",
    "context": "【臺中大里平價美食】銅板美食！便宜美味不踩雷！用餐環境好舒適@樂芙兔雪兒lovetoshare-愛分享．愛推薦::痞客邦pixnet::",
    "time": "2017/07/06 17:00:18",
    "event": "slide"
  },
  {
    "category": "1",
    "app": "Chrome",
    "id": "58",
    "context": "臺中大里平價美食",
    "time": "2017/07/06 17:01:21",
    "event": "click"
  },
  {
    "category": "1",
    "app": "Chrome",
    "id": "59",
    "context": "臺中大里平價美食",
    "time": "2017/07/06 17:01:21",
    "event": "slide"
  },
  {
    "category": "1",
    "app": "Chrome",
    "id": "60",
    "context": "熊痞痞vs兔眠眠:2016大里美食餐廳│27家大里小吃攻略彙整懶人包",
    "time": "2017/07/06 17:01:28",
    "event": "click"
  },
  {
    "category": "1",
    "app": "Chrome",
    "id": "61",
    "context": "熊痞痞vs兔眠眠:2016大里美食餐廳│27家大里小吃攻略彙整懶人包",
    "time": "2017/07/06 17:01:28",
    "event": "slide"
  },
  {
    "category": "1",
    "app": "Chrome",
    "id": "62",
    "context": "臺中大里平價美食",
    "time": "2017/07/06 17:03:32",
    "event": "slide"
  },
  {
    "category": "1",
    "app": "Chrome",
    "id": "63",
    "context": "臺中大里平價美食",
    "time": "2017/07/06 17:03:32",
    "event": "click"
  },
  {
    "category": "1",
    "app": "Chrome",
    "id": "64",
    "context": "臺中大里平價美食",
    "time": "2017/07/06 17:03:32",
    "event": "slide"
  },
  {
    "category": "1",
    "app": "Chrome",
    "id": "65",
    "context": "【臺中│美食】令人銷魂的土鍋拌飯，海陸食材滿到尖出來的什錦麵，cp值好高啊。南門蒸餃@jason'slife::痞客邦pixnet::",
    "time": "2017/07/06 17:03:46",
    "event": "click"
  },
  {
    "category": "1",
    "app": "Chrome",
    "id": "66",
    "context": "【臺中│美食】令人銷魂的土鍋拌飯，海陸食材滿到尖出來的什錦麵，cp值好高啊。南門蒸餃@jason'slife::痞客邦pixnet::",
    "time": "2017/07/06 17:04:04",
    "event": "slide"
  },
  {
    "category": "1",
    "app": "Chrome",
    "id": "67",
    "context": "臺中大里平價美食",
    "time": "2017/07/06 17:05:29",
    "event": "slide"
  },
  {
    "category": "1",
    "app": "Chrome",
    "id": "68",
    "context": "臺中大里平價美食",
    "time": "2017/07/06 17:05:29",
    "event": "click"
  },
  {
    "category": "1",
    "app": "Chrome",
    "id": "69",
    "context": "臺中大里平價美食",
    "time": "2017/07/06 17:05:29",
    "event": "slide"
  },
  {
    "category": "1",
    "app": "Chrome",
    "id": "70",
    "context": "臺中大里美食小吃",
    "time": "2017/07/06 17:05:36",
    "event": "type"
  },
  {
    "category": "1",
    "app": "Chrome",
    "id": "71",
    "context": "臺中大里美食小吃",
    "time": "2017/07/06 17:05:37",
    "event": "click"
  },
  {
    "category": "1",
    "app": "Chrome",
    "id": "72",
    "context": "臺中大里美食小吃",
    "time": "2017/07/06 17:05:37",
    "event": "slide"
  },
  {
    "category": "1",
    "app": "Chrome",
    "id": "73",
    "context": "熱血臺中-27家大里小吃攻略彙整懶人包出爐囉！喜歡的歡迎分享，有其他覺得...",
    "time": "2017/07/06 17:05:48",
    "event": "click"
  },
  {
    "category": "1",
    "app": "Chrome",
    "id": "74",
    "context": "熱血臺中-27家大里小吃攻略彙整懶人包出爐囉！喜歡的歡迎分享，有其他覺得...",
    "time": "2017/07/06 17:05:51",
    "event": "slide"
  },
  {
    "category": "1",
    "app": "Chrome",
    "id": "75",
    "context": "臺中大里美食小吃",
    "time": "2017/07/06 17:05:53",
    "event": "click"
  },
  {
    "category": "1",
    "app": "Chrome",
    "id": "76",
    "context": "臺中大里美食小吃",
    "time": "2017/07/06 17:05:53",
    "event": "slide"
  },
  {
    "category": "1",
    "app": "Chrome",
    "id": "77",
    "context": "【大里美食餐廳懶人包】臺中大里益民商圈、美食餐廳小吃懶人包，大里旅遊6景點、口袋名單@niniandblue玩樂食記::痞客邦pixnet::",
    "time": "2017/07/06 17:06:00",
    "event": "click"
  },
  {
    "category": "1",
    "app": "Chrome",
    "id": "78",
    "context": "【大里美食餐廳懶人包】臺中大里益民商圈、美食餐廳小吃懶人包，大里旅遊6景點、口袋名單@niniandblue玩樂食記::痞客邦pixnet::",
    "time": "2017/07/06 17:06:00",
    "event": "slide"
  },
  {
    "category": "1",
    "app": "Chrome",
    "id": "79",
    "context": "臺中大里美食小吃",
    "time": "2017/07/06 17:07:13",
    "event": "click"
  },
  {
    "category": "1",
    "app": "Chrome",
    "id": "80",
    "context": "臺中大里美食小吃",
    "time": "2017/07/06 17:07:13",
    "event": "slide"
  },
  {
    "category": "1",
    "app": "Chrome",
    "id": "81",
    "context": "【大里美食小吃總整理】臺中大里精選必吃美食，店家價位、菜單大公開!週末逗陣做夥吃!臺中美食小吃旅遊景點推薦!@分享全臺美食店家的菜單與價位::痞客邦pixnet::",
    "time": "2017/07/06 17:07:18",
    "event": "click"
  },
  {
    "category": "1",
    "app": "Chrome",
    "id": "82",
    "context": "【大里美食小吃總整理】臺中大里精選必吃美食，店家價位、菜單大公開!週末逗陣做夥吃!臺中美食小吃旅遊景點推薦!@分享全臺美食店家的菜單與價位::痞客邦pixnet::",
    "time": "2017/07/06 17:07:20",
    "event": "slide"
  },
  {
    "category": "1",
    "app": "Chrome",
    "id": "83",
    "context": "臺中大里美食小吃",
    "time": "2017/07/06 17:07:35",
    "event": "click"
  },
  {
    "category": "1",
    "app": "Chrome",
    "id": "84",
    "context": "臺中大里美食小吃",
    "time": "2017/07/06 17:07:35",
    "event": "slide"
  },
  {
    "category": "1",
    "app": "Chrome",
    "id": "86",
    "context": "臺中大里美食小吃",
    "time": "2017/07/06 17:07:42",
    "event": "slide"
  },
  {
    "category": "1",
    "app": "Chrome",
    "id": "87",
    "context": "臺中大里美食小吃",
    "time": "2017/07/06 17:07:44",
    "event": "click"
  },
  {
    "category": "1",
    "app": "Chrome",
    "id": "88",
    "context": "臺中大里美食小吃",
    "time": "2017/07/06 17:07:45",
    "event": "slide"
  },
  {
    "category": "1",
    "app": "Chrome",
    "id": "89",
    "context": "臺中市大里區美食超強大懶人包part1~~|美食餐廳|海闊天空",
    "time": "2017/07/06 17:07:52",
    "event": "click"
  },
  {
    "category": "1",
    "app": "Chrome",
    "id": "90",
    "context": "臺中市大里區美食超強大懶人包part1~~|美食餐廳|海闊天空",
    "time": "2017/07/06 17:07:55",
    "event": "slide"
  },
  {
    "category": "1",
    "app": "Chrome",
    "id": "91",
    "context": "臺中大里美食小吃",
    "time": "2017/07/06 17:10:34",
    "event": "click"
  },
  {
    "category": "1",
    "app": "Chrome",
    "id": "96",
    "context": "臺中大里。。monkeypizza猴子披薩~~獨特創意風味小店，值得來嚐鮮喔~@~哈比小叮噹的小小窩~::痞客邦pixnet::",
    "time": "2017/07/06 17:11:20",
    "event": "click"
  },
  {
    "category": "1",
    "app": "Chrome",
    "id": "97",
    "context": "臺中大里。。monkeypizza猴子披薩~~獨特創意風味小店，值得來嚐鮮喔~@~哈比小叮噹的小小窩~::痞客邦pixnet::",
    "time": "2017/07/06 17:11:20",
    "event": "slide"
  }
]