[
  {
    "category": "3",
    "app": "Chrome",
    "id": "92",
    "context": "猴子屁股",
    "time": "2017/07/06 17:11:10",
    "event": "type"
  },
  {
    "category": "3",
    "app": "Chrome",
    "id": "93",
    "context": "猴子屁股",
    "time": "2017/07/06 17:11:11",
    "event": "click"
  },
  {
    "category": "3",
    "app": "Chrome",
    "id": "94",
    "context": "猴子披薩",
    "time": "2017/07/06 17:11:12",
    "event": "click"
  },
  {
    "category": "3",
    "app": "Chrome",
    "id": "95",
    "context": "猴子披薩",
    "time": "2017/07/06 17:11:12",
    "event": "slide"
  },
  {
    "category": "3",
    "app": "Chrome",
    "id": "98",
    "context": "猴子披薩",
    "time": "2017/07/06 17:13:36",
    "event": "click"
  },
  {
    "category": "3",
    "app": "Chrome",
    "id": "99",
    "context": "猴子披薩",
    "time": "2017/07/06 17:13:36",
    "event": "slide"
  },
  {
    "category": "3",
    "app": "Chrome",
    "id": "100",
    "context": "猴子披薩",
    "time": "2017/07/06 17:13:42",
    "event": "click"
  },
  {
    "category": "3",
    "app": "Chrome",
    "id": "101",
    "context": "猴子披薩",
    "time": "2017/07/06 17:13:42",
    "event": "slide"
  },
  {
    "category": "3",
    "app": "Chrome",
    "id": "102",
    "context": "猴子披薩",
    "time": "2017/07/06 17:13:43",
    "event": "click"
  },
  {
    "category": "3",
    "app": "Chrome",
    "id": "103",
    "context": "猴子披薩",
    "time": "2017/07/06 17:13:43",
    "event": "slide"
  }
]