[
  {
    "category": "10",
    "app": "JPTT",
    "id": "25",
    "context": "[聽錯]你們誰有1元啊？？終於可以在這裡發文了！首po還是要來歡呼一下～(^^)/(^^)/(^^)/(^^)/(^^)/好啦！進入正題！！！小妹我前幾天去文具店晃晃，在排隊等結帳的時候，前面結帳的客人就轉頭過來問：「你們有沒有1元？？因為我剛好少1元。」當下我就想，1元也沒多少嘛！就幫她一下。我馬上在錢包尋找1元，找到就立馬遞出去給她，但她卻一臉尷尬的看著我，我就在想，啊妳不是要1元嗎？是妳問的ㄟ！結果！！！！！旁邊的人拿出了1元給她，原來她是在問她的朋友們。啊！！！！換我超尷尬der，我默默地收回遞出1元的手，當下真的超想逃出店外，而那位客人結完帳後有小聲地說謝謝，但還是安慰不了我容易受創的心靈，我最近應該不會想再去同一家文具店了(t_t)(t_t)(t_t)(因為常去，所以多少有認識～ps.不知道有沒有符合此版的點xd",
    "time": "2017/05/24 11:12:41",
    "event": "click"
  },
  {
    "category": "10",
    "app": "JPTT",
    "id": "26",
    "context": "[聽錯]你們誰有1元啊？？終於可以在這裡發文了！首po還是要來歡呼一下～(^^)/(^^)/(^^)/(^^)/(^^)/好啦！進入正題！！！小妹我前幾天去文具店晃晃，在排隊等結帳的時候，前面結帳的客人就轉頭過來問：「你們有沒有1元？？因為我剛好少1元。」當下我就想，1元也沒多少嘛！就幫她一下。我馬上在錢包尋找1元，找到就立馬遞出去給她，但她卻一臉尷尬的看著我，我就在想，啊妳不是要1元嗎？是妳問的ㄟ！結果！！！！！旁邊的人拿出了1元給她，原來她是在問她的朋友們。啊！！！！換我超尷尬der，我默默地收回遞出1元的手，當下真的超想逃出店外，而那位客人結完帳後有小聲地說謝謝，但還是安慰不了我容易受創的心靈，我最近應該不會想再去同一家文具店了(t_t)(t_t)(t_t)(因為常去，所以多少有認識～ps.不知道有沒有符合此版的點xd",
    "time": "2017/05/24 11:12:41",
    "event": "slide"
  }
]