[
  {
    "category": "11",
    "app": "JPTT",
    "id": "27",
    "context": "[眼殘]原來是耳朵啊首先有玩過楓x谷的應該對這隻有印象http://i.imgur.com/dg8ald3.jpg是可愛的刺菇菇啦(///▽///)之前買了隻刺菇菇的娃娃http://i.imgur.com/tgdgsji.jpg(原諒我的m8相機可能快gg了qq)我就抱著牠走到老爸面前我:欸把拔你要不要跟我的刺菇菇握手?爸(擡頭看了一眼):那明明就是耳朵我:哪有這明明就是牠的手啊你有看過耳朵長這樣嗎?(抓著刺菇菇的手狂揮)爸:啊長在眼睛旁邊的不是耳朵嗎？你有看過誰的手長在眼睛旁邊的嗎？驚!!!!!!!!!!!!!!!對耶!!!!!!!!!!老爸你突破盲腸........啊不是盲點了!!!!!原來是耳朵啊我還以為是手呢-----sentfromjpttonmyhtc_m8x.",
    "time": "2017/05/24 11:13:05",
    "event": "click"
  },
  {
    "category": "11",
    "app": "JPTT",
    "id": "28",
    "context": "[眼殘]原來是耳朵啊首先有玩過楓x谷的應該對這隻有印象http://i.imgur.com/dg8ald3.jpg是可愛的刺菇菇啦(///▽///)之前買了隻刺菇菇的娃娃http://i.imgur.com/tgdgsji.jpg(原諒我的m8相機可能快gg了qq)我就抱著牠走到老爸面前我:欸把拔你要不要跟我的刺菇菇握手?爸(擡頭看了一眼):那明明就是耳朵我:哪有這明明就是牠的手啊你有看過耳朵長這樣嗎?(抓著刺菇菇的手狂揮)爸:啊長在眼睛旁邊的不是耳朵嗎？你有看過誰的手長在眼睛旁邊的嗎？驚!!!!!!!!!!!!!!!對耶!!!!!!!!!!老爸你突破盲腸........啊不是盲點了!!!!!原來是耳朵啊我還以為是手呢-----sentfromjpttonmyhtc_m8x.",
    "time": "2017/05/24 11:13:05",
    "event": "slide"
  }
]