[
  {
    "category": "12",
    "app": "JPTT",
    "id": "29",
    "context": "[無言]懶人毯的用途？之前我在網拍買了一隻菇菇還蠻喜歡的常常放在牀頭可以抱著睡覺長這樣http://i.imgur.com/buvy8qn.jpg然後去年我去日本買了一條我很喜歡的羊的懶人毯沒事用完就丟牀上有時候我們家照顧老人家的外籍看護在我們都去上班上課的時候會幫忙整理一下家裡有一天我回家就看到我的菇菇變成這樣.....http://i.imgur.com/czuftab.jpg之後只要有整理菇菇都會變成羊菇最近真的讓我崩潰的是我買了一條新的懶人毯也是用完隨手丟然後回到家就看到這個.....http://i.imgur.com/4ne7nwf.jpg....................懶人毯的用途好像被誤會了ＸＤＤ",
    "time": "2017/05/24 11:15:51",
    "event": "click"
  },
  {
    "category": "12",
    "app": "JPTT",
    "id": "30",
    "context": "[無言]懶人毯的用途？之前我在網拍買了一隻菇菇還蠻喜歡的常常放在牀頭可以抱著睡覺長這樣http://i.imgur.com/buvy8qn.jpg然後去年我去日本買了一條我很喜歡的羊的懶人毯沒事用完就丟牀上有時候我們家照顧老人家的外籍看護在我們都去上班上課的時候會幫忙整理一下家裡有一天我回家就看到我的菇菇變成這樣.....http://i.imgur.com/czuftab.jpg之後只要有整理菇菇都會變成羊菇最近真的讓我崩潰的是我買了一條新的懶人毯也是用完隨手丟然後回到家就看到這個.....http://i.imgur.com/4ne7nwf.jpg....................懶人毯的用途好像被誤會了ＸＤＤ",
    "time": "2017/05/24 11:15:51",
    "event": "slide"
  }
]