[
  {
    "category": "13",
    "app": "JPTT",
    "id": "31",
    "context": "[聽錯]珍珠奶茶的珍珠板工提醒:內容少於二十字或少於三行,會立刻砍文,並視情況劣退!想發集氣文或問卷文的，請將板規八每一個字都看清楚，再有違反就劣退+水桶了!==========================================================================今天一如往常的跟快樂夥伴們一起訂飲料～我：「你好，我要一杯珍珠奶茶～珍珠放一半就好了！謝謝！」店員：「好的」---飲料送來了...http://imgur.com/a/ov8ky...這是半杯珍珠吧！！！！！！店員你人好好但我真的不想吃那麼多珍珠阿可惡qaq",
    "time": "2017/05/24 11:16:33",
    "event": "click"
  },
  {
    "category": "13",
    "app": "JPTT",
    "id": "32",
    "context": "[聽錯]珍珠奶茶的珍珠板工提醒:內容少於二十字或少於三行,會立刻砍文,並視情況劣退!想發集氣文或問卷文的，請將板規八每一個字都看清楚，再有違反就劣退+水桶了!==========================================================================今天一如往常的跟快樂夥伴們一起訂飲料～我：「你好，我要一杯珍珠奶茶～珍珠放一半就好了！謝謝！」店員：「好的」---飲料送來了...http://imgur.com/a/ov8ky...這是半杯珍珠吧！！！！！！店員你人好好但我真的不想吃那麼多珍珠阿可惡qaq",
    "time": "2017/05/24 11:16:33",
    "event": "slide"
  },
  {
    "category": "13",
    "app": "Dcard",
    "id": "33",
    "context": "#更店員在我面前打給我今天跟朋友去吃晚餐來到了一間聽朋友大力推薦的義大利麵店小小的一間，但很有文青風也很喜歡店內的設計-正文如下??：店員??：我??：小姐你好請問幾位??：兩位哦謝謝??：那有預約嗎??：沒有欸??：那跟妳留一下姓名電話??：好草頭蔡電話是09xxxxxxxx??：好的蔡小姐兩位那我們可能要等個20-30分鐘??：那我們可以坐在這裡等嗎（因為店內有顧客等候區）??：可以啊先給你們菜單??：謝謝於是我跟朋友就坐下來聊天，等候叫號過了10分鐘??：不好意思想請問一下妳是??：蔡小姐剛剛有登記了??：哦哦有不好意思??：沒關係?又過了20分鐘我跟朋友想說應該輪到我們了看到??開始左顧右盼感覺一直在找人其中我也跟他至少對到眼3、4次他甚至開門出去看了一下看完後，回到櫃檯，拿起電話，撥了出去這時候，我的手機也響了??：「餵你好」：「喂蔡小姐嗎那個已經有空位可以用餐囉??：???????：?????對他打完電話擡頭剛好視線跟我對到到底為什麼要這麼無視我啦???朋友在旁邊已經笑到不行了⋯#更謝謝大家滿滿的安慰?先在這裡跟所有的服務業說聲辛苦了??‍♀️我想店員是因為太忙所以才會做出這個可愛的小舉動?也有可能真的是我那天運動完比較憔悴所以存在感少了很多哈哈不過我完全沒有放在心上哦只是那天吃完朋友一直用蔡小姐鬧我?而且我發現原來只有我會說草頭蔡以為有很多人會用?也謝謝大家願意看我分享的小趣事?",
    "time": "2017/05/24 11:17:22",
    "event": "click"
  },
  {
    "category": "13",
    "app": "Dcard",
    "id": "34",
    "context": "#更店員在我面前打給我今天跟朋友去吃晚餐來到了一間聽朋友大力推薦的義大利麵店小小的一間，但很有文青風也很喜歡店內的設計-正文如下??：店員??：我??：小姐你好請問幾位??：兩位哦謝謝??：那有預約嗎??：沒有欸??：那跟妳留一下姓名電話??：好草頭蔡電話是09xxxxxxxx??：好的蔡小姐兩位那我們可能要等個20-30分鐘??：那我們可以坐在這裡等嗎（因為店內有顧客等候區）??：可以啊先給你們菜單??：謝謝於是我跟朋友就坐下來聊天，等候叫號過了10分鐘??：不好意思想請問一下妳是??：蔡小姐剛剛有登記了??：哦哦有不好意思??：沒關係?又過了20分鐘我跟朋友想說應該輪到我們了看到??開始左顧右盼感覺一直在找人其中我也跟他至少對到眼3、4次他甚至開門出去看了一下看完後，回到櫃檯，拿起電話，撥了出去這時候，我的手機也響了??：「餵你好」：「喂蔡小姐嗎那個已經有空位可以用餐囉??：???????：?????對他打完電話擡頭剛好視線跟我對到到底為什麼要這麼無視我啦???朋友在旁邊已經笑到不行了⋯#更謝謝大家滿滿的安慰?先在這裡跟所有的服務業說聲辛苦了??‍♀️我想店員是因為太忙所以才會做出這個可愛的小舉動?也有可能真的是我那天運動完比較憔悴所以存在感少了很多哈哈不過我完全沒有放在心上哦只是那天吃完朋友一直用蔡小姐鬧我?而且我發現原來只有我會說草頭蔡以為有很多人會用?也謝謝大家願意看我分享的小趣事?",
    "time": "2017/05/24 11:17:22",
    "event": "slide"
  },
  {
    "category": "13",
    "app": "Dcard",
    "id": "35",
    "context": "#圖不小心被店員的貼心電到>///<最近因為室友太忙都沒時間買最近大家在瘋的左岸咖啡，身為一個天生奴婢命的，她們就拜託我幫忙到附近超商掃貨，也因為常常去蹲點(?)，就被我發現有個固定晚班的帥店員，真的又高又帥（目測180），單眼皮，跟客人說謝謝的時候眼睛都會笑（我都被電暈），根本我的天菜阿!!❤❤❤之前結帳不小心碰到他的手還會心花怒放+臉紅紅不過偷瞄他很久還是不太敢主動搭訕或要line...昨天晚上我又去掃貨，可是就沒找到凱旋門杯蓋(tiffany色)的，纔想說還是要去別家看的時候，天菜店員竟然來找我說話了！！天菜?‍♂️：你在找什麼嗎？（大概是看我一直在那裡超可疑的晃啊晃xd）我?：我想找tiffany色的、有凱旋門杯蓋的左岸...天菜?‍♂️：今天好像有進，我幫你看一下我?：好啊謝謝你（努力抑制住心中的雀躍）後來他就拿出tiffany色包裝的左岸給我，還是杯蓋可以立起來的隱藏版！後來開始跟我聊天，才知道原來我們住超近（這絕對是命中註定???）後來鼓起勇氣問他line，結果他默默的走回收銀臺原本以為大概就是被拒絕了結果竟然是為了寫line給我~有圖有真相~啊啊啊這好像夢一場???有後續之後再補上來，最重要的還是要感謝室友讓我幫她們掃貨，我纔有這個幸運的機會~~~祝我與天菜可以順利發展??",
    "time": "2017/05/24 11:18:11",
    "event": "click"
  },
  {
    "category": "13",
    "app": "Dcard",
    "id": "36",
    "context": "#圖不小心被店員的貼心電到>///<最近因為室友太忙都沒時間買最近大家在瘋的左岸咖啡，身為一個天生奴婢命的，她們就拜託我幫忙到附近超商掃貨，也因為常常去蹲點(?)，就被我發現有個固定晚班的帥店員，真的又高又帥（目測180），單眼皮，跟客人說謝謝的時候眼睛都會笑（我都被電暈），根本我的天菜阿!!❤❤❤之前結帳不小心碰到他的手還會心花怒放+臉紅紅不過偷瞄他很久還是不太敢主動搭訕或要line...昨天晚上我又去掃貨，可是就沒找到凱旋門杯蓋(tiffany色)的，纔想說還是要去別家看的時候，天菜店員竟然來找我說話了！！天菜?‍♂️：你在找什麼嗎？（大概是看我一直在那裡超可疑的晃啊晃xd）我?：我想找tiffany色的、有凱旋門杯蓋的左岸...天菜?‍♂️：今天好像有進，我幫你看一下我?：好啊謝謝你（努力抑制住心中的雀躍）後來他就拿出tiffany色包裝的左岸給我，還是杯蓋可以立起來的隱藏版！後來開始跟我聊天，才知道原來我們住超近（這絕對是命中註定???）後來鼓起勇氣問他line，結果他默默的走回收銀臺原本以為大概就是被拒絕了結果竟然是為了寫line給我~有圖有真相~啊啊啊這好像夢一場???有後續之後再補上來，最重要的還是要感謝室友讓我幫她們掃貨，我纔有這個幸運的機會~~~祝我與天菜可以順利發展??",
    "time": "2017/05/24 11:18:11",
    "event": "slide"
  }
]