[
  {
    "category": "14",
    "app": "Dcard",
    "id": "37",
    "context": "更//男友要我穿.......剛剛看到文章想說來問問那個奇葩的看他會有什麼反應然後搞什麼東西凸^-^凸好吧這輩子就決定永遠上訴告到底了。媽蛋凸^-^凸（電量也太剛好了吧更//話說，我們認識7年也交往4年了。所以我們比起情侶更像朋友，我跟他都是處女座，但個性差很多。雖然知道答案一定不是想要的，可是這個真的很討厭-3-他現在驕傲的跟我說「你看，我因丁字褲而偉大。」真是夠了，暖男什麼的根本不屬於我嗚嗚嗚(´･_･`)//再更下面有人說要趣事有一次他在玩手機，飼養恐龍的。他一直玩不理我，我就問他「我跟那個恐龍誰比較重要？」......「你比較重」凸^-^凸？？？？？",
    "time": "2017/05/24 11:19:01",
    "event": "click"
  },
  {
    "category": "14",
    "app": "Dcard",
    "id": "38",
    "context": "更//男友要我穿.......剛剛看到文章想說來問問那個奇葩的看他會有什麼反應然後搞什麼東西凸^-^凸好吧這輩子就決定永遠上訴告到底了。媽蛋凸^-^凸（電量也太剛好了吧更//話說，我們認識7年也交往4年了。所以我們比起情侶更像朋友，我跟他都是處女座，但個性差很多。雖然知道答案一定不是想要的，可是這個真的很討厭-3-他現在驕傲的跟我說「你看，我因丁字褲而偉大。」真是夠了，暖男什麼的根本不屬於我嗚嗚嗚(´･_･`)//再更下面有人說要趣事有一次他在玩手機，飼養恐龍的。他一直玩不理我，我就問他「我跟那個恐龍誰比較重要？」......「你比較重」凸^-^凸？？？？？",
    "time": "2017/05/24 11:19:01",
    "event": "slide"
  }
]