[
  {
    "category": "15",
    "app": "Facebook",
    "id": "39",
    "context": "他和「巨咪正妹」擁抱引發爭議！原以為「超紳士」的舉動，卻被眼尖網友酸「手明明」...-kiwsy",
    "time": "2017/05/24 11:27:04",
    "event": "click"
  },
  {
    "category": "15",
    "app": "Facebook",
    "id": "40",
    "context": "他和「巨咪正妹」擁抱引發爭議！原以為「超紳士」的舉動，卻被眼尖網友酸「手明明」...-kiwsy",
    "time": "2017/05/24 11:27:04",
    "event": "slide"
  }
]