[
  {
    "category": "16",
    "app": "Facebook",
    "id": "41",
    "context": "明星有沒有整容，看女兒就知道！劉濤，大s絕對沒整容！最後一位肯定有整容！媽媽美若天仙，但女兒卻悲劇了！",
    "time": "2017/05/24 11:28:37",
    "event": "click"
  },
  {
    "category": "16",
    "app": "Facebook",
    "id": "42",
    "context": "明星有沒有整容，看女兒就知道！劉濤，大s絕對沒整容！最後一位肯定有整容！媽媽美若天仙，但女兒卻悲劇了！",
    "time": "2017/05/24 11:28:37",
    "event": "slide"
  }
]