[
  {
    "category": "18",
    "app": "Facebook",
    "id": "43",
    "context": "聯合國外交官回答法國小女生的一番話，點出：「臺灣，不被國際承認為【一個國家】的真正原因...！」",
    "time": "2017/05/24 11:47:56",
    "event": "click"
  },
  {
    "category": "18",
    "app": "Facebook",
    "id": "44",
    "context": "聯合國外交官回答法國小女生的一番話，點出：「臺灣，不被國際承認為【一個國家】的真正原因...！」",
    "time": "2017/05/24 11:47:56",
    "event": "slide"
  }
]