[
  {
    "category": "2",
    "app": "JPTT",
    "id": "3",
    "context": "[ＸＤ]跪求這部應該非洲電影的電影名xd以前只看過退蛋彈殼狂噴的動圖好想知道片名，太好笑了xdhttps://m.facebook.com/story.php?story_fbid=780290945462113&id=769956569828884--postedfrombbsreaderhybridonmysamsungsm-g955f",
    "time": "2017/05/24 11:06:40",
    "event": "click"
  },
  {
    "category": "2",
    "app": "JPTT",
    "id": "4",
    "context": "[ＸＤ]跪求這部應該非洲電影的電影名xd以前只看過退蛋彈殼狂噴的動圖好想知道片名，太好笑了xdhttps://m.facebook.com/story.php?story_fbid=780290945462113&id=769956569828884--postedfrombbsreaderhybridonmysamsungsm-g955f",
    "time": "2017/05/24 11:06:40",
    "event": "slide"
  }
]