[
  {
    "category": "20",
    "app": "JPTT",
    "id": "47",
    "context": "[無言]原來是小夜燈啊...我還以為是半年前女友砸大錢買了hxxxywxxl的空氣清淨機對其成效讚不絕口說過敏問題大大改善了人也變得精神了前陣子搬出來住也把那臺神器一併帶來同為過敏兒的我卻一直沒有覺得空氣變得特別清新但每次心存疑問都會被罵：「它每天辛苦工作你要感激你看現在顯示紅燈等等變回藍燈就代表空氣變好了啊」今早機器面板上更換濾心的燈亮了http://imgur.com/a/pokpo一邊納悶明明12~14個月才需要更換一邊打開機器一看http://imgur.com/a/r9ogu全部濾心全新未拆原來這半年來它只是個換變換紅黃藍三色燈光的不定時會發出風扇聲的小夜燈第一次真正使用這臺空氣經淨機的人是我rrr",
    "time": "2017/05/24 12:01:30",
    "event": "click"
  },
  {
    "category": "20",
    "app": "JPTT",
    "id": "48",
    "context": "[無言]原來是小夜燈啊...我還以為是半年前女友砸大錢買了hxxxywxxl的空氣清淨機對其成效讚不絕口說過敏問題大大改善了人也變得精神了前陣子搬出來住也把那臺神器一併帶來同為過敏兒的我卻一直沒有覺得空氣變得特別清新但每次心存疑問都會被罵：「它每天辛苦工作你要感激你看現在顯示紅燈等等變回藍燈就代表空氣變好了啊」今早機器面板上更換濾心的燈亮了http://imgur.com/a/pokpo一邊納悶明明12~14個月才需要更換一邊打開機器一看http://imgur.com/a/r9ogu全部濾心全新未拆原來這半年來它只是個換變換紅黃藍三色燈光的不定時會發出風扇聲的小夜燈第一次真正使用這臺空氣經淨機的人是我rrr",
    "time": "2017/05/24 12:01:30",
    "event": "slide"
  }
]