[
  {
    "category": "21",
    "app": "JPTT",
    "id": "49",
    "context": "[健忘]媽不要為了你健忘找藉口啦一般蒜頭在買回來的時候都要拿到太陽下曬一下避免發黴老媽就在一天早上把蒜頭放在車頂曬下午要出門時他忘了車頂上有蒜頭就出門開到一半有一輛車停在他旁邊說「小姐，你車頂上面有蒜頭欸」結果我媽竟然回「喔～沒有啦！我那是避邪用的」避邪用的？",
    "time": "2017/05/24 12:02:21",
    "event": "click"
  },
  {
    "category": "21",
    "app": "JPTT",
    "id": "50",
    "context": "[健忘]媽不要為了你健忘找藉口啦一般蒜頭在買回來的時候都要拿到太陽下曬一下避免發黴老媽就在一天早上把蒜頭放在車頂曬下午要出門時他忘了車頂上有蒜頭就出門開到一半有一輛車停在他旁邊說「小姐，你車頂上面有蒜頭欸」結果我媽竟然回「喔～沒有啦！我那是避邪用的」避邪用的？",
    "time": "2017/05/24 12:02:21",
    "event": "slide"
  }
]