[
  {
    "category": "4",
    "app": "JPTT",
    "id": "7",
    "context": "[大笑]有著設計師魂的阿嬤魯蛇我朋友因為上班方便，平日跟阿嬤同住平時洗衣物都習慣自己手洗，但熱心的阿嬤偶爾會幫忙一併丟洗衣機就在今天一下班回家跑去陽臺收衣服，以為阿嬤把舅舅衣服吊在我陽臺仔細一看，乾是我的耶!罵了幾句髒話後直接笑出來!制服由右方變成左方那樣http://imgur.com/a/om2ov魯蛇我朋友怕阿嬤難過，不敢問怎麼做到的...染的均勻就算了，還變得蠻好看的！差點以為阿嬤是知名設計師sitdowmplease哈哈不過阿嬤...這件衣服應該進不了公司了阿...t_t只能說阿嬤真是太厲害了拉！--魯蛇我朋友怕阿嬤難過，不敢問怎麼做到的...染的均勻就算了，還變得蠻好看的！差點以為阿嬤是知名設計師sitdowmplease哈哈不過阿嬤...這件衣服應該進不了公司了阿...t_t只能說阿嬤真是太厲害了拉！",
    "time": "2017/05/24 11:07:12",
    "event": "click"
  },
  {
    "category": "4",
    "app": "JPTT",
    "id": "8",
    "context": "[大笑]有著設計師魂的阿嬤魯蛇我朋友因為上班方便，平日跟阿嬤同住平時洗衣物都習慣自己手洗，但熱心的阿嬤偶爾會幫忙一併丟洗衣機就在今天一下班回家跑去陽臺收衣服，以為阿嬤把舅舅衣服吊在我陽臺仔細一看，乾是我的耶!罵了幾句髒話後直接笑出來!制服由右方變成左方那樣http://imgur.com/a/om2ov魯蛇我朋友怕阿嬤難過，不敢問怎麼做到的...染的均勻就算了，還變得蠻好看的！差點以為阿嬤是知名設計師sitdowmplease哈哈不過阿嬤...這件衣服應該進不了公司了阿...t_t只能說阿嬤真是太厲害了拉！--魯蛇我朋友怕阿嬤難過，不敢問怎麼做到的...染的均勻就算了，還變得蠻好看的！差點以為阿嬤是知名設計師sitdowmplease哈哈不過阿嬤...這件衣服應該進不了公司了阿...t_t只能說阿嬤真是太厲害了拉！",
    "time": "2017/05/24 11:07:12",
    "event": "slide"
  }
]