[
  {
    "category": "5",
    "app": "JPTT",
    "id": "9",
    "context": "[大哭]一秒把mac變磚塊笨版潛水黨員～首po請大家小力鞭www小女子我是準備進入研究所的菜鳥，實驗室慣例會發配一臺mac給實驗生使用。由於從小深受windows的潛移默化，所以決定先來熟悉一下mac的使用方式。由於一次意外，我的滑鼠放在家裡，接著都用觸控板來打天下。前情提要結束，開始一個人在房間（外宿）研究mac。即使是古老機型，從快捷鍵設定到手勢設定仍然十分順利，我想我已經快要成為mac人了，跟著配樂-金曲papapa，我的手指也開心的跟著打節奏，當我回過神來，我發現了我的畫面......http://imgur.com/ivdqvs5嗯，請問隔壁的在嗎？可以借我滑鼠嗎qq準備嘗試所有手勢及按鍵第88次",
    "time": "2017/05/24 11:08:13",
    "event": "click"
  },
  {
    "category": "5",
    "app": "JPTT",
    "id": "10",
    "context": "[大哭]一秒把mac變磚塊笨版潛水黨員～首po請大家小力鞭www小女子我是準備進入研究所的菜鳥，實驗室慣例會發配一臺mac給實驗生使用。由於從小深受windows的潛移默化，所以決定先來熟悉一下mac的使用方式。由於一次意外，我的滑鼠放在家裡，接著都用觸控板來打天下。前情提要結束，開始一個人在房間（外宿）研究mac。即使是古老機型，從快捷鍵設定到手勢設定仍然十分順利，我想我已經快要成為mac人了，跟著配樂-金曲papapa，我的手指也開心的跟著打節奏，當我回過神來，我發現了我的畫面......http://imgur.com/ivdqvs5嗯，請問隔壁的在嗎？可以借我滑鼠嗎qq準備嘗試所有手勢及按鍵第88次",
    "time": "2017/05/24 11:08:13",
    "event": "slide"
  }
]