[
  {
    "category": "6",
    "app": "JPTT",
    "id": "11",
    "context": "[恍神]雞蛋（布丁）牛奶冰夏天到了我和男友在悶熱的中午時分來到冰店他表示想吃布丁牛奶冰我就下車去幫他買，一邊脫安全帽一邊想著“布丁牛奶冰”等於“雞蛋布丁牛奶冰”這時腦袋一抽“布丁”=“雞蛋”喔原來是雞蛋牛奶冰啊（悲劇於是我微笑著對吃飯中的老闆娘們說我要一個雞蛋牛奶冰瞬間看到幾位阿姨傻眼因為這是一家剉冰店啊啊啊但阿姨本著客製化的精神，以及“不要管客人腦袋在想什麼，做就對了”的想法還是搗鼓出了一碗東西給我於是我得到了生蛋黃+糖漿煉乳+冰的雞蛋牛奶冰順帶一提真的有這種冰存在，長的還很美型（圖源：朵朵。旅遊時光美食@臺南）http://i.imgur.com/ctbvlhc.jpgbut我的冰是http://i.imgur.com/rgkb8li.jpg誰敢吃啊啊啊啊啊（一臉尷尬的拿過去給男友然後再一臉尷尬的被命令去重買開口的時候根本不敢看老闆孃的臉（羞這件事告訴我們不要去重組食物的名字雖然這種蠢事大概也就我幹的出來啊對了蛋黃遇冰會凝固，咬起來別有一番風味喔（淚）",
    "time": "2017/05/24 11:09:55",
    "event": "click"
  },
  {
    "category": "6",
    "app": "JPTT",
    "id": "12",
    "context": "[恍神]雞蛋（布丁）牛奶冰夏天到了我和男友在悶熱的中午時分來到冰店他表示想吃布丁牛奶冰我就下車去幫他買，一邊脫安全帽一邊想著“布丁牛奶冰”等於“雞蛋布丁牛奶冰”這時腦袋一抽“布丁”=“雞蛋”喔原來是雞蛋牛奶冰啊（悲劇於是我微笑著對吃飯中的老闆娘們說我要一個雞蛋牛奶冰瞬間看到幾位阿姨傻眼因為這是一家剉冰店啊啊啊但阿姨本著客製化的精神，以及“不要管客人腦袋在想什麼，做就對了”的想法還是搗鼓出了一碗東西給我於是我得到了生蛋黃+糖漿煉乳+冰的雞蛋牛奶冰順帶一提真的有這種冰存在，長的還很美型（圖源：朵朵。旅遊時光美食@臺南）http://i.imgur.com/ctbvlhc.jpgbut我的冰是http://i.imgur.com/rgkb8li.jpg誰敢吃啊啊啊啊啊（一臉尷尬的拿過去給男友然後再一臉尷尬的被命令去重買開口的時候根本不敢看老闆孃的臉（羞這件事告訴我們不要去重組食物的名字雖然這種蠢事大概也就我幹的出來啊對了蛋黃遇冰會凝固，咬起來別有一番風味喔（淚）",
    "time": "2017/05/24 11:09:55",
    "event": "slide"
  }
]