[
  {
    "category": "7",
    "app": "JPTT",
    "id": "13",
    "context": "[大哭]從天而降的貓咪現在租的地方是一樓平房,一房一廳一衛,也有廚房.原本的排油煙機,前房客自己買的已經搬走,只留下排風管線.因此三不五時,會有野貓來訪.沿著風管進入來到輕鋼架天花板就算是貓步輕悄,還是能聽到他們的聲音,然後躲在邊邊角角地方尿尿,正所謂到此一遊的概念?某天晚上,我正在洗澡,就聽到天花板上微微震動.心想:不會吧~這麼巧?想說趕快戰鬥澡開溜,只可惜天不從人願,轟隆一聲巨響,天花板整個塌陷,從天而降毛小孩.因為他在空中沒有著力點,我的肩膀成了他的依靠(誤).就被狠狠抓了幾下,他乘亂跳回天花板跑了,只留下光溜溜的我,還有受傷的肩膀,真是驚魂未定.之後請房東修理補強天花板,風管再塞住,就很少有貓咪來訪了qq",
    "time": "2017/05/24 11:10:46",
    "event": "click"
  },
  {
    "category": "7",
    "app": "JPTT",
    "id": "14",
    "context": "[大哭]從天而降的貓咪現在租的地方是一樓平房,一房一廳一衛,也有廚房.原本的排油煙機,前房客自己買的已經搬走,只留下排風管線.因此三不五時,會有野貓來訪.沿著風管進入來到輕鋼架天花板就算是貓步輕悄,還是能聽到他們的聲音,然後躲在邊邊角角地方尿尿,正所謂到此一遊的概念?某天晚上,我正在洗澡,就聽到天花板上微微震動.心想:不會吧~這麼巧?想說趕快戰鬥澡開溜,只可惜天不從人願,轟隆一聲巨響,天花板整個塌陷,從天而降毛小孩.因為他在空中沒有著力點,我的肩膀成了他的依靠(誤).就被狠狠抓了幾下,他乘亂跳回天花板跑了,只留下光溜溜的我,還有受傷的肩膀,真是驚魂未定.之後請房東修理補強天花板,風管再塞住,就很少有貓咪來訪了qq",
    "time": "2017/05/24 11:10:46",
    "event": "slide"
  },
  {
    "category": "7",
    "app": "JPTT",
    "id": "23",
    "context": "[大哭]從天而降的貓咪現在租的地方是一樓平房,一房一廳一衛,也有廚房.原本的排油煙機,前房客自己買的已經搬走,只留下排風管線.因此三不五時,會有野貓來訪.沿著風管進入來到輕鋼架天花板就算是貓步輕悄,還是能聽到他們的聲音,然後躲在邊邊角角地方尿尿,正所謂到此一遊的概念?某天晚上,我正在洗澡,就聽到天花板上微微震動.心想:不會吧~這麼巧?想說趕快戰鬥澡開溜,只可惜天不從人願,轟隆一聲巨響,天花板整個塌陷,從天而降毛小孩.因為他在空中沒有著力點,我的肩膀成了他的依靠(誤).就被狠狠抓了幾下,他乘亂跳回天花板跑了,只留下光溜溜的我,還有受傷的肩膀,真是驚魂未定.之後請房東修理補強天花板,風管再塞住,就很少有貓咪來訪了qq",
    "time": "2017/05/24 11:11:58",
    "event": "click"
  },
  {
    "category": "7",
    "app": "JPTT",
    "id": "24",
    "context": "[大哭]從天而降的貓咪現在租的地方是一樓平房,一房一廳一衛,也有廚房.原本的排油煙機,前房客自己買的已經搬走,只留下排風管線.因此三不五時,會有野貓來訪.沿著風管進入來到輕鋼架天花板就算是貓步輕悄,還是能聽到他們的聲音,然後躲在邊邊角角地方尿尿,正所謂到此一遊的概念?某天晚上,我正在洗澡,就聽到天花板上微微震動.心想:不會吧~這麼巧?想說趕快戰鬥澡開溜,只可惜天不從人願,轟隆一聲巨響,天花板整個塌陷,從天而降毛小孩.因為他在空中沒有著力點,我的肩膀成了他的依靠(誤).就被狠狠抓了幾下,他乘亂跳回天花板跑了,只留下光溜溜的我,還有受傷的肩膀,真是驚魂未定.之後請房東修理補強天花板,風管再塞住,就很少有貓咪來訪了qq",
    "time": "2017/05/24 11:11:58",
    "event": "slide"
  }
]