[
  {
    "category": "8",
    "app": "Line",
    "id": "15",
    "context": "今天中午要來做做看馬鈴薯料理但早上還是好熱(dogsad)真的變天了！",
    "time": "2017/05/24 11:10:40",
    "event": "slide"
  },
  {
    "category": "8",
    "app": "Line",
    "id": "16",
    "context": "還好沒騎車上班這裡也有點陰陰的",
    "time": "2017/05/24 11:10:54",
    "event": "type"
  },
  {
    "category": "8",
    "app": "Line",
    "id": "18",
    "context": "今天中午要來做做看馬鈴薯料理但早上還是好熱(dogsad)真的變天了！還好沒騎車上班這裡也有點陰陰的",
    "time": "2017/05/24 11:10:56",
    "event": "slide"
  },
  {
    "category": "8",
    "app": "Line",
    "id": "46",
    "context": "今天中午要來做做看馬鈴薯料理但早上還是好熱(dogsad)真的變天了！還好沒騎車上班這裡也有點陰陰的嗯",
    "time": "2017/05/24 12:00:51",
    "event": "slide"
  }
]