[
  {
    "category": "9",
    "app": "Line",
    "id": "19",
    "context": "賽門的牙齒數據呢專業！！我沒有做那上次的影片是啥",
    "time": "2017/05/24 11:11:05",
    "event": "slide"
  },
  {
    "category": "9",
    "app": "Line",
    "id": "20",
    "context": "奶油的沒有拿去泡在牛奶裡",
    "time": "2017/05/24 11:11:14",
    "event": "type"
  },
  {
    "category": "9",
    "app": "Line",
    "id": "22",
    "context": "賽門的牙齒數據呢專業！！我沒有做那上次的影片是啥奶油的沒有拿去泡在牛奶裡",
    "time": "2017/05/24 11:11:15",
    "event": "slide"
  }
]