[
  {
    "category": "1",
    "app": "JPTT",
    "id": "1",
    "context": "[新聞]同婚釋憲吃敗仗反同團體明正式宣佈發動1.媒體來源:自由時報2.完整新聞標題:同婚釋憲吃敗仗反同團體明正式宣佈發動公投3.完整新聞內文:2017-05-2422:55〔記者楊綿傑／臺北報導〕對於司法院宣告民法限制同性結婚違憲，反同團體也不甘示弱，他們雖然承認失敗，但指控大法官不公正，任意解釋憲法，更揚言不排除再申請釋憲、號召三男兩女登記結婚、訴請監察委員彈劾大法官等行動，表達護家立場。捍家盟指出，15個上一代的法官，逾越了國會、凌駕了國家最高民意機關，以司法權竄改了國家百年來的婚姻定義，奪走這個世代青年的未來，後續將面對更多學生可能成為同性戀，勞動人口進而減少。他們針對此次失敗對全國人民感到抱歉。護家盟則表示大法官的釋憲結果如他們所預期，是一場無中生有的鬧劇，重砲批評釋憲預設立場，是司法史上的恥辱。護家盟指出，不只故意扭曲憲法，被邀請的鑑定人也都具有支持同婚的背景，且釋憲範圍不夠廣泛，包括過去釋憲內容、國際法、婚姻制度本質、家庭倫理衝擊都沒討論，只一昧幫同性關係找理由。護家盟更說，大法官釋憲，不能無中生有的去解釋，必須遵守「司法院大法官審理案件法」以及「行政訴訟法」的規範，大法官的職權是核對或比對法律或命令是否合於憲法，並沒有立法建議的權力，所以不能推薦去立什麼法。對專法說三道四，已超越大法官職權，凌駕立法創制權之上。此次釋憲屬於行政程序的類別，大法官須秉持「行政訴訟法」原則審理，所以整體而言，這次釋憲違法無效。護家盟更揭示進一步行動，包括首先將主張釋憲無效，請監察院進行調查，依法彈劾，懲處失職法官。其次也不排除會進行再釋憲，釋憲手段之一是透過立委，一半以上的委員提案即可釋憲，或者透過去登記不同的婚姻樣式，如果受到阻擋，就提出釋憲要求。至於下一代幸福聯盟稍早也再提出應對方式，打算針對同婚議題發動公投，訴諸全民意願，相關細節將於明日召開記者會對外公佈。4.完整新聞連結(或短網址):http://news.ltn.com.tw/news/society/breakingnews/20783935.備註:「上帝啊！你神聖而偉大，你創造了世界，給每個民族劃分了界限，讓他們生活，不要到別人的地方去犯罪！」---亞歷山大‧涅夫斯基於楚德湖戰役的戰前禱告--發信站:批踢踢實業坊(ptt.cc)來自:1.160.62.179",
    "time": "2017/05/25 10:33:09",
    "event": "click"
  },
  {
    "category": "1",
    "app": "JPTT",
    "id": "2",
    "context": "[新聞]同婚釋憲吃敗仗反同團體明正式宣佈發動1.媒體來源:自由時報2.完整新聞標題:同婚釋憲吃敗仗反同團體明正式宣佈發動公投3.完整新聞內文:2017-05-2422:55〔記者楊綿傑／臺北報導〕對於司法院宣告民法限制同性結婚違憲，反同團體也不甘示弱，他們雖然承認失敗，但指控大法官不公正，任意解釋憲法，更揚言不排除再申請釋憲、號召三男兩女登記結婚、訴請監察委員彈劾大法官等行動，表達護家立場。捍家盟指出，15個上一代的法官，逾越了國會、凌駕了國家最高民意機關，以司法權竄改了國家百年來的婚姻定義，奪走這個世代青年的未來，後續將面對更多學生可能成為同性戀，勞動人口進而減少。他們針對此次失敗對全國人民感到抱歉。護家盟則表示大法官的釋憲結果如他們所預期，是一場無中生有的鬧劇，重砲批評釋憲預設立場，是司法史上的恥辱。護家盟指出，不只故意扭曲憲法，被邀請的鑑定人也都具有支持同婚的背景，且釋憲範圍不夠廣泛，包括過去釋憲內容、國際法、婚姻制度本質、家庭倫理衝擊都沒討論，只一昧幫同性關係找理由。護家盟更說，大法官釋憲，不能無中生有的去解釋，必須遵守「司法院大法官審理案件法」以及「行政訴訟法」的規範，大法官的職權是核對或比對法律或命令是否合於憲法，並沒有立法建議的權力，所以不能推薦去立什麼法。對專法說三道四，已超越大法官職權，凌駕立法創制權之上。此次釋憲屬於行政程序的類別，大法官須秉持「行政訴訟法」原則審理，所以整體而言，這次釋憲違法無效。護家盟更揭示進一步行動，包括首先將主張釋憲無效，請監察院進行調查，依法彈劾，懲處失職法官。其次也不排除會進行再釋憲，釋憲手段之一是透過立委，一半以上的委員提案即可釋憲，或者透過去登記不同的婚姻樣式，如果受到阻擋，就提出釋憲要求。至於下一代幸福聯盟稍早也再提出應對方式，打算針對同婚議題發動公投，訴諸全民意願，相關細節將於明日召開記者會對外公佈。4.完整新聞連結(或短網址):http://news.ltn.com.tw/news/society/breakingnews/20783935.備註:「上帝啊！你神聖而偉大，你創造了世界，給每個民族劃分了界限，讓他們生活，不要到別人的地方去犯罪！」---亞歷山大‧涅夫斯基於楚德湖戰役的戰前禱告--發信站:批踢踢實業坊(ptt.cc)來自:1.160.62.179",
    "time": "2017/05/25 10:33:09",
    "event": "slide"
  },
  {
    "category": "1",
    "app": "JPTT",
    "id": "3",
    "context": "[問卦]恐同有錯嗎?請問恐同有錯嗎?看到男男牽手親嘴我的生理反應就是作噁想吐是生理反應我也無法抗拒請問恐同有錯嗎?--發信站:批踢踢實業坊(ptt.cc)來自:61.216.107.109",
    "time": "2017/05/25 10:40:54",
    "event": "click"
  },
  {
    "category": "1",
    "app": "JPTT",
    "id": "4",
    "context": "[問卦]恐同有錯嗎?請問恐同有錯嗎?看到男男牽手親嘴我的生理反應就是作噁想吐是生理反應我也無法抗拒請問恐同有錯嗎?--發信站:批踢踢實業坊(ptt.cc)來自:61.216.107.109",
    "time": "2017/05/25 10:40:54",
    "event": "slide"
  },
  {
    "category": "1",
    "app": "JPTT",
    "id": "9",
    "context": "[新聞]「同婚非普世人權」　大法官吳陳鐶：同1.媒體來源:東森新聞2.完整新聞標題:「同婚非普世人權」　大法官吳陳鐶：同性絕無繁衍後代可能3.完整新聞內文:司法院大法官做出釋字第748號解釋，宣告《民法》不允許同性結婚的規定違憲，15位大法官中有兩位大法官提出不同意見。大法官吳陳鐶在「不同意見書」中說，同性婚姻不是普世保障人權，應由立法或全民公投決定，他也提到，同性絕無繁衍後代可能。吳陳鐶表示，《憲法》保障婚姻自由限於一夫一妻，婚姻乃以終生共同生活為目的的一男一女適法結合關係，為社會形成與發展基礎，乃一種受《憲法》制度性保障的制度（institution），具有深植人心的社會及文化意涵，可能因不同社會而有巨大差異，反映一個國家社會及文化價值觀。吳陳鐶指出，是否變更，涉及整個社會及文化價值觀變動，並非一味地仿效他國作法即可，而應由代表全國民意之中央立法機關，經由立法程序的間接民主程序；或由全國民眾透過公民投票，創制立法原則的直接民主程序決定。吳陳鐶說，現行《民法》規定婚姻以一男一女為限，「多數意見反客為主、倒果為因，認婚姻自由不限於一夫一妻之婚姻制度，均受《憲法》之保障，邏輯謬誤。」吳陳鐶表示，我國育齡婦女總生育率長期持續下降，已成為世界生育率最低國家之一，行政院乃發布實施《中華民國人口政策綱領》，倡議改善擇偶環境，增加結婚機會，倡導適齡婚育，提升生育率，緩和人口高齡化速度，維繫家庭功能，維持合理人口結構，以有助於社會永續發展。吳陳鐶表示，因個人意願或個人特殊生理因素，一夫一妻之婚姻固有不繁衍後代者，但同性別二人間之結合，基於生理上差異，則絕無繁衍後代可能，因該差異所生社會生活功能角色上之不同，而為差別對待，「其目的係為維繫人倫秩序、健全家庭制度、繁衍後代、提升生育率、養育子女、緩和人口高齡化速度、維繫家庭功能、維持合理人口結構，使社會、國家得以永續發展之重要公共利益。」吳陳鐶說，一夫一妻婚姻制度既受《憲法》制度性保障，未以婚姻制度保障同性別二人之永久結合，自不生違反《憲法》第7條平等原則問題。吳陳鐶認為，《世界人權宣言》（theuniversaldeclarationofhumanrights）、《公民與政治權利國際公約》（internationalcovenantoncivilandpoliticalrights）、《歐洲人權公約》（conventionfortheprotectionofhumanrightsandfundamentalfreedoms）及《美洲人權公約》等（americanconventiononhumanrights）主要國際人權公約，均規定僅有異性得以結婚。吳陳鐶表示，兩公約人權事務委員會（thehumanrightscommittee）、聯合國人權事務高級專員（theunitednationshighcommissioner）及歐洲人權法院（europeancourtofhumanrights）又分別認定同性結婚不是公民與政治權利國際公約、國際法及歐洲人權公約所保障人民自由或權利，全球復僅有一成多一點點的國家承認同性婚姻，故同性婚姻顯然並非普世保障人民自由或權利。吳陳鐶提到，目前聯合國共有193個會員國，全球僅有21個國家承認同性婚姻，15個國家承認同性伴侶，承認同性婚姻或同性伴侶之國家合計不到兩成，國際社會就承認同性婚姻或同性伴侶尚未形成共識，亞洲各國亦無任何一個國家承認同性婚姻或同性伴侶。吳陳鐶認為，根據大法官釋字748號解釋，有關機關必須在2年內完成立法或修法，無疑阻礙人民就此深具社會與文化意涵議題，透過民主程序審議及辯論機會，且降低持不同意見者繼續對話，與彼此進一步瞭解及包容可能性，至為遺憾。司法院共有15位大法官，除黃瑞明迴避審理本案，共有12名大法官贊成同婚，另外，吳陳鐶提「不同意見書」、黃虹霞提「部分不同意見書」。吳陳鐶2015年獲任命為大法官時，就曾表明「不贊成同性婚姻」。4.完整新聞連結(或短網址):http://www.ettoday.net/news/20170525/931601.htm5.備註:幹你妹北七大法官你是上帝嗎是不是普世價值是你說了算嗎喜歡異性還是同性是上帝決定的就像左右手撇子一樣很自然的東西你敢質疑上帝?你會遭天譴全世界只有不到兩成承認同性婚姻所以你就覺得我們也不應該承認?那全世界只有兩成承認臺灣的存在是不是就要直接投降給中國?只會看別國家目前怎麼做那跟白癡法官按照兩公約人權判決有啥兩樣一直強調繁衍地球人口早就爆炸了好嗎臺灣經濟不會好也是因為人太多工作太少生育率低又怎樣高才慘啦人少一點才適合臺灣好嗎優先該淘汰的就是吳法官你這種人領那麼多錢講出來的話不如小學生只會講幹話的法官留你何用阿--發信站:批踢踢實業坊(ptt.cc)來自:120.104.222.7",
    "time": "2017/05/25 10:53:50",
    "event": "click"
  },
  {
    "category": "1",
    "app": "JPTT",
    "id": "10",
    "context": "[新聞]「同婚非普世人權」　大法官吳陳鐶：同1.媒體來源:東森新聞2.完整新聞標題:「同婚非普世人權」　大法官吳陳鐶：同性絕無繁衍後代可能3.完整新聞內文:司法院大法官做出釋字第748號解釋，宣告《民法》不允許同性結婚的規定違憲，15位大法官中有兩位大法官提出不同意見。大法官吳陳鐶在「不同意見書」中說，同性婚姻不是普世保障人權，應由立法或全民公投決定，他也提到，同性絕無繁衍後代可能。吳陳鐶表示，《憲法》保障婚姻自由限於一夫一妻，婚姻乃以終生共同生活為目的的一男一女適法結合關係，為社會形成與發展基礎，乃一種受《憲法》制度性保障的制度（institution），具有深植人心的社會及文化意涵，可能因不同社會而有巨大差異，反映一個國家社會及文化價值觀。吳陳鐶指出，是否變更，涉及整個社會及文化價值觀變動，並非一味地仿效他國作法即可，而應由代表全國民意之中央立法機關，經由立法程序的間接民主程序；或由全國民眾透過公民投票，創制立法原則的直接民主程序決定。吳陳鐶說，現行《民法》規定婚姻以一男一女為限，「多數意見反客為主、倒果為因，認婚姻自由不限於一夫一妻之婚姻制度，均受《憲法》之保障，邏輯謬誤。」吳陳鐶表示，我國育齡婦女總生育率長期持續下降，已成為世界生育率最低國家之一，行政院乃發布實施《中華民國人口政策綱領》，倡議改善擇偶環境，增加結婚機會，倡導適齡婚育，提升生育率，緩和人口高齡化速度，維繫家庭功能，維持合理人口結構，以有助於社會永續發展。吳陳鐶表示，因個人意願或個人特殊生理因素，一夫一妻之婚姻固有不繁衍後代者，但同性別二人間之結合，基於生理上差異，則絕無繁衍後代可能，因該差異所生社會生活功能角色上之不同，而為差別對待，「其目的係為維繫人倫秩序、健全家庭制度、繁衍後代、提升生育率、養育子女、緩和人口高齡化速度、維繫家庭功能、維持合理人口結構，使社會、國家得以永續發展之重要公共利益。」吳陳鐶說，一夫一妻婚姻制度既受《憲法》制度性保障，未以婚姻制度保障同性別二人之永久結合，自不生違反《憲法》第7條平等原則問題。吳陳鐶認為，《世界人權宣言》（theuniversaldeclarationofhumanrights）、《公民與政治權利國際公約》（internationalcovenantoncivilandpoliticalrights）、《歐洲人權公約》（conventionfortheprotectionofhumanrightsandfundamentalfreedoms）及《美洲人權公約》等（americanconventiononhumanrights）主要國際人權公約，均規定僅有異性得以結婚。吳陳鐶表示，兩公約人權事務委員會（thehumanrightscommittee）、聯合國人權事務高級專員（theunitednationshighcommissioner）及歐洲人權法院（europeancourtofhumanrights）又分別認定同性結婚不是公民與政治權利國際公約、國際法及歐洲人權公約所保障人民自由或權利，全球復僅有一成多一點點的國家承認同性婚姻，故同性婚姻顯然並非普世保障人民自由或權利。吳陳鐶提到，目前聯合國共有193個會員國，全球僅有21個國家承認同性婚姻，15個國家承認同性伴侶，承認同性婚姻或同性伴侶之國家合計不到兩成，國際社會就承認同性婚姻或同性伴侶尚未形成共識，亞洲各國亦無任何一個國家承認同性婚姻或同性伴侶。吳陳鐶認為，根據大法官釋字748號解釋，有關機關必須在2年內完成立法或修法，無疑阻礙人民就此深具社會與文化意涵議題，透過民主程序審議及辯論機會，且降低持不同意見者繼續對話，與彼此進一步瞭解及包容可能性，至為遺憾。司法院共有15位大法官，除黃瑞明迴避審理本案，共有12名大法官贊成同婚，另外，吳陳鐶提「不同意見書」、黃虹霞提「部分不同意見書」。吳陳鐶2015年獲任命為大法官時，就曾表明「不贊成同性婚姻」。4.完整新聞連結(或短網址):http://www.ettoday.net/news/20170525/931601.htm5.備註:幹你妹北七大法官你是上帝嗎是不是普世價值是你說了算嗎喜歡異性還是同性是上帝決定的就像左右手撇子一樣很自然的東西你敢質疑上帝?你會遭天譴全世界只有不到兩成承認同性婚姻所以你就覺得我們也不應該承認?那全世界只有兩成承認臺灣的存在是不是就要直接投降給中國?只會看別國家目前怎麼做那跟白癡法官按照兩公約人權判決有啥兩樣一直強調繁衍地球人口早就爆炸了好嗎臺灣經濟不會好也是因為人太多工作太少生育率低又怎樣高才慘啦人少一點才適合臺灣好嗎優先該淘汰的就是吳法官你這種人領那麼多錢講出來的話不如小學生只會講幹話的法官留你何用阿--發信站:批踢踢實業坊(ptt.cc)來自:120.104.222.7",
    "time": "2017/05/25 10:53:50",
    "event": "slide"
  },
  {
    "category": "1",
    "app": "JPTT",
    "id": "11",
    "context": "[新聞]「同婚非普世人權」有大法官提不同意見apple「同婚非普世人權」有大法官提不同意見司法院大法官審理後昨作出釋字第748號解釋，認定《民法》未保障同性婚，是違反《憲法》第7條及第22條對平等權及婚姻自由的保障，僅有兩名大法官提出不同意見，大法官黃虹霞直言：「男女有別，很八股嗎？」吳陳鐶更直指，同婚並非普世人權，應由立法或全民公投決定。可由全民公投決定黃虹霞的部分不同意見書指出，她同意相同性別的兩人有權成立永久結合關係，而法律應對此給予適當保護，但她認為現行《民法》並未禁止同性婚，因此根本沒有違憲與否的問題。黃虹霞認為，同性結合的關係不應等同異性婚姻，她認為「同性別二人」與「異性別二人」不可強說相同，因兩種情況確實有「有無自然生育子女可能」的不同，「男女有別，很八股嗎？」吳陳鐶則在不同意見書中指出，《民法》明文規定結婚須「一男一女」，但過去已有多次大法官解釋，指出我國婚姻限於「一男一女」，他批評此次釋憲，「多數意見反客為主、倒果為因，認婚姻自由不限於一夫一妻之婚姻制度，邏輯謬誤，無法認同。」吳陳鐶並以公民與政治權利國際公約規定男女才能結婚、歐洲人權公約規定男女纔有婚姻權，及目前全球僅不到2成國家承認同性婚姻為例，認為「同性婚姻不是普世保障之人權」，若要變更我國現有婚姻制度，涉及整個社會及文化價值觀變動，應該由立法機關以間接民主程序（指立法或修法），或全國公民投票的直接民主程序作決定。降低彼此對話可能吳陳鐶表示，這次釋憲結果，降低了不同意見彼此對話、瞭解、包容的可能性，讓他感到「至為遺憾」。吳陳鐶昨低調不願受訪，只表示他要講的都在不同意見書裡。黃虹霞則聯繫不上。記者李奕緯http://m.appledaily.com.tw/appledaily/article/headline/20170525/37662057/--發信站:批踢踢實業坊(ptt.cc)來自:220.138.21.207",
    "time": "2017/05/25 10:57:00",
    "event": "click"
  },
  {
    "category": "1",
    "app": "JPTT",
    "id": "12",
    "context": "[新聞]「同婚非普世人權」有大法官提不同意見apple「同婚非普世人權」有大法官提不同意見司法院大法官審理後昨作出釋字第748號解釋，認定《民法》未保障同性婚，是違反《憲法》第7條及第22條對平等權及婚姻自由的保障，僅有兩名大法官提出不同意見，大法官黃虹霞直言：「男女有別，很八股嗎？」吳陳鐶更直指，同婚並非普世人權，應由立法或全民公投決定。可由全民公投決定黃虹霞的部分不同意見書指出，她同意相同性別的兩人有權成立永久結合關係，而法律應對此給予適當保護，但她認為現行《民法》並未禁止同性婚，因此根本沒有違憲與否的問題。黃虹霞認為，同性結合的關係不應等同異性婚姻，她認為「同性別二人」與「異性別二人」不可強說相同，因兩種情況確實有「有無自然生育子女可能」的不同，「男女有別，很八股嗎？」吳陳鐶則在不同意見書中指出，《民法》明文規定結婚須「一男一女」，但過去已有多次大法官解釋，指出我國婚姻限於「一男一女」，他批評此次釋憲，「多數意見反客為主、倒果為因，認婚姻自由不限於一夫一妻之婚姻制度，邏輯謬誤，無法認同。」吳陳鐶並以公民與政治權利國際公約規定男女才能結婚、歐洲人權公約規定男女纔有婚姻權，及目前全球僅不到2成國家承認同性婚姻為例，認為「同性婚姻不是普世保障之人權」，若要變更我國現有婚姻制度，涉及整個社會及文化價值觀變動，應該由立法機關以間接民主程序（指立法或修法），或全國公民投票的直接民主程序作決定。降低彼此對話可能吳陳鐶表示，這次釋憲結果，降低了不同意見彼此對話、瞭解、包容的可能性，讓他感到「至為遺憾」。吳陳鐶昨低調不願受訪，只表示他要講的都在不同意見書裡。黃虹霞則聯繫不上。記者李奕緯http://m.appledaily.com.tw/appledaily/article/headline/20170525/37662057/--發信站:批踢踢實業坊(ptt.cc)來自:220.138.21.207",
    "time": "2017/05/25 10:57:00",
    "event": "slide"
  },
  {
    "category": "1",
    "app": "JPTT",
    "id": "15",
    "context": "[新聞]反同母親：同志能結婚，臺灣即將亡國！1.媒體來源:上報亞洲首宗同性婚姻釋憲案結果，宣告《民法》未保障同志婚姻「違憲」，立法機關必須在2年內完成相關法律修正或修訂。此案讓臺灣成為亞洲第一個同性婚姻法國家再邁進一步。但集結於司法院前的反同團體痛批大法官許宗力不適任，持續吶喊嘶吼、舉牌抗議。反同團體在釋憲後情緒激動，高舉手中「釋憲結果」標語，撕碎後揮向天空，不少人難過落淚，大喊「臺灣即將亡國！」憤怒地踩踏地上紙屑。反同團體質疑，這次釋憲案從一開始就是大法官自導自演，尤其邀請的6名鑑定人都已經有既定立場，這場釋憲是不公不義。現場一名反同母親，向記者傾訴，「若同志能夠結婚，臺灣即將亡國！」她說，同志婚姻鼓勵肛交、多人雜交和吸毒，這樣的釋憲結果等於是在害人。這位母親也說，她認識很多同志其實根本不想要結婚，「他們想要保持單身的快樂，為什麼要這樣惡意立法？」目前反同團體依然在司法院前怒吼抗議，不滿釋憲結果與預期不符，即使警方數次勸導理性抗爭，不過現場民眾情緒激動，紛紛把自製標語撕毀後丟向司法院大門，反同團體認為，釋憲程序黑箱，應該立即宣告無效，讓人民來投票決定。",
    "time": "2017/05/25 11:03:36",
    "event": "click"
  },
  {
    "category": "1",
    "app": "JPTT",
    "id": "16",
    "context": "[新聞]反同母親：同志能結婚，臺灣即將亡國！1.媒體來源:上報亞洲首宗同性婚姻釋憲案結果，宣告《民法》未保障同志婚姻「違憲」，立法機關必須在2年內完成相關法律修正或修訂。此案讓臺灣成為亞洲第一個同性婚姻法國家再邁進一步。但集結於司法院前的反同團體痛批大法官許宗力不適任，持續吶喊嘶吼、舉牌抗議。反同團體在釋憲後情緒激動，高舉手中「釋憲結果」標語，撕碎後揮向天空，不少人難過落淚，大喊「臺灣即將亡國！」憤怒地踩踏地上紙屑。反同團體質疑，這次釋憲案從一開始就是大法官自導自演，尤其邀請的6名鑑定人都已經有既定立場，這場釋憲是不公不義。現場一名反同母親，向記者傾訴，「若同志能夠結婚，臺灣即將亡國！」她說，同志婚姻鼓勵肛交、多人雜交和吸毒，這樣的釋憲結果等於是在害人。這位母親也說，她認識很多同志其實根本不想要結婚，「他們想要保持單身的快樂，為什麼要這樣惡意立法？」目前反同團體依然在司法院前怒吼抗議，不滿釋憲結果與預期不符，即使警方數次勸導理性抗爭，不過現場民眾情緒激動，紛紛把自製標語撕毀後丟向司法院大門，反同團體認為，釋憲程序黑箱，應該立即宣告無效，讓人民來投票決定。",
    "time": "2017/05/25 11:03:36",
    "event": "slide"
  }
]