[
  {
    "category": "15",
    "app": "JPTT",
    "id": "38",
    "context": "[新聞]防彈jin大叔笑話升級中文版(非原標)媒體名稱：ettoday新聞連結：http://star.ettoday.net/news/931522記者姓名：張筱涵新聞全文：防彈jin大叔笑話升級中文版！成員聽了走掉…留他笑翻南韓大勢團體防彈少年團在世界各地皆擁有超高人氣，先前更成功拿下美國「告示牌音樂獎」（billboardmusicawards）的topsocialartist（最佳社羣明星獎），為了與世界各國的粉絲溝通，他們也特地學了中文，其中熱愛講大叔笑話的jin還特地秀了2個中文版的大叔笑話。http://static.ettoday.net/images/2544/d2544443.jpg▲防彈少年團日前在美國「告示牌音樂獎」獲獎。（圖／翻攝自防彈推特）防彈少年團官方優酷頻道中，推出了一系列「放不下中文會話」的影片，有將漂亮用在形容粉絲和人氣成績，還有v偷吃了suga的草莓被喊著「親兄弟明算帳」，最厲害的是在南韓非常流行的「幾行詩創造」，j-hope和柾國就一起以「中國阿米」創造了四行詩，「中國阿米，果果每天想大家，啊你不就好棒棒呀，米（你）們不給我鼓掌？」http://static.ettoday.net/images/2544/2544447.jpg▲防彈少年團的「放不下中文」已經推出了幾集。（圖／翻攝自bts_official優酷）而在24日推出的「放不下中文會話」第五集中，平時就熱愛講各種大叔笑話的jin這次挑戰中文版本，他充滿自信地和rapmonster連續講了2則笑話，「你知道為什麼超級英雄都要穿緊身衣嗎？」「為什麼有北京南京東京，就是沒有西京呢？」http://static.ettoday.net/images/2544/2544445.jpg▲jin對rapmonster講中文版大叔笑話。（圖／翻攝自bts_official優酷）對於中文並沒有那麼熟悉的rapmonster自然沒辦法快速地聯想到答案，但他一聽見「因為救人要緊」、「因為被唐僧取走了」這兩個答案，一開始還能假笑配合，後來表情整個凍結笑不出來，只見哥哥jin笑到彎腰拍手，忍不住走出了鏡頭之外，這兩段笑話也讓粉絲忍不住說「好…尷…尬…第一次感受大叔gag原來是這樣的。」http://static.ettoday.net/images/2544/2544446.jpg▲jin的大叔笑話只有自己笑得很開心。（圖／翻攝自bts_official優酷）心得或評論(選填)：支援放不下中文會話系列:prologuehttp://t.cn/rmoaxhsep1http://t.cn/rm3whgdep2http://t.cn/riqerlzep3http://t.cn/r6kl6hqep4http://t.cn/rxie4rmep5http://t.cn/rasw9nf南俊抱著肚子無聲笑也太萌~~~碩珍的笑聲比笑話本身更好笑xdd--發信站:批踢踢實業坊(ptt.cc)來自:120.116.85.66",
    "time": "2017/05/25 11:23:25",
    "event": "click"
  },
  {
    "category": "15",
    "app": "JPTT",
    "id": "39",
    "context": "[新聞]防彈jin大叔笑話升級中文版(非原標)媒體名稱：ettoday新聞連結：http://star.ettoday.net/news/931522記者姓名：張筱涵新聞全文：防彈jin大叔笑話升級中文版！成員聽了走掉…留他笑翻南韓大勢團體防彈少年團在世界各地皆擁有超高人氣，先前更成功拿下美國「告示牌音樂獎」（billboardmusicawards）的topsocialartist（最佳社羣明星獎），為了與世界各國的粉絲溝通，他們也特地學了中文，其中熱愛講大叔笑話的jin還特地秀了2個中文版的大叔笑話。http://static.ettoday.net/images/2544/d2544443.jpg▲防彈少年團日前在美國「告示牌音樂獎」獲獎。（圖／翻攝自防彈推特）防彈少年團官方優酷頻道中，推出了一系列「放不下中文會話」的影片，有將漂亮用在形容粉絲和人氣成績，還有v偷吃了suga的草莓被喊著「親兄弟明算帳」，最厲害的是在南韓非常流行的「幾行詩創造」，j-hope和柾國就一起以「中國阿米」創造了四行詩，「中國阿米，果果每天想大家，啊你不就好棒棒呀，米（你）們不給我鼓掌？」http://static.ettoday.net/images/2544/2544447.jpg▲防彈少年團的「放不下中文」已經推出了幾集。（圖／翻攝自bts_official優酷）而在24日推出的「放不下中文會話」第五集中，平時就熱愛講各種大叔笑話的jin這次挑戰中文版本，他充滿自信地和rapmonster連續講了2則笑話，「你知道為什麼超級英雄都要穿緊身衣嗎？」「為什麼有北京南京東京，就是沒有西京呢？」http://static.ettoday.net/images/2544/2544445.jpg▲jin對rapmonster講中文版大叔笑話。（圖／翻攝自bts_official優酷）對於中文並沒有那麼熟悉的rapmonster自然沒辦法快速地聯想到答案，但他一聽見「因為救人要緊」、「因為被唐僧取走了」這兩個答案，一開始還能假笑配合，後來表情整個凍結笑不出來，只見哥哥jin笑到彎腰拍手，忍不住走出了鏡頭之外，這兩段笑話也讓粉絲忍不住說「好…尷…尬…第一次感受大叔gag原來是這樣的。」http://static.ettoday.net/images/2544/2544446.jpg▲jin的大叔笑話只有自己笑得很開心。（圖／翻攝自bts_official優酷）心得或評論(選填)：支援放不下中文會話系列:prologuehttp://t.cn/rmoaxhsep1http://t.cn/rm3whgdep2http://t.cn/riqerlzep3http://t.cn/r6kl6hqep4http://t.cn/rxie4rmep5http://t.cn/rasw9nf南俊抱著肚子無聲笑也太萌~~~碩珍的笑聲比笑話本身更好笑xdd--發信站:批踢踢實業坊(ptt.cc)來自:120.116.85.66",
    "time": "2017/05/25 11:23:25",
    "event": "slide"
  }
]