[
  {
    "category": "16",
    "app": "JPTT",
    "id": "40",
    "context": "[問題]晃佑堂fu-pa03http://i.imgur.com/xff0h8v.jpghttp://i.imgur.com/16l773n.jpg想請問有人跟我一樣洗完然後用了之後，會殘留粉底液在上面嗎？-----sentfromjpttonmyiphone--發信站:批踢踢實業坊(ptt.cc)來自:111.249.137.164",
    "time": "2017/05/25 11:26:20",
    "event": "click"
  },
  {
    "category": "16",
    "app": "JPTT",
    "id": "41",
    "context": "[問題]晃佑堂fu-pa03http://i.imgur.com/xff0h8v.jpghttp://i.imgur.com/16l773n.jpg想請問有人跟我一樣洗完然後用了之後，會殘留粉底液在上面嗎？-----sentfromjpttonmyiphone--發信站:批踢踢實業坊(ptt.cc)來自:111.249.137.164",
    "time": "2017/05/25 11:26:20",
    "event": "slide"
  },
  {
    "category": "16",
    "app": "JPTT",
    "id": "42",
    "context": "[閒聊]你是粉底液派還是粉餅派前陣子覺得美妝版上粉餅文好多心機跟豐靡幾乎是洗版了吧!!!xddddd可我一直沒有被燒到哈哈哈夏天沒有很愛粉餅因為我太會流汗了很容易斑駁然後又手拙常常一不小心就把妝感搞得很厚粉囧但是冬天就滿愛粉餅~~~因為冬天不太會脫妝哈哈哈(冬天根本是化妝好季節!!!)好奇大家會隨季節變換底妝的類型嗎???像我自己就是夏天喜歡粉底液、冬天喜歡粉餅順便偷渡前幾天被板友燃火靠櫃天生美肌的短短心得滿喜歡它的妝感但太簡短就不單獨發一篇了xddddd這罐還不錯耶妝感超輕薄的很清爽沒有負擔感不會感覺自己臉上厚厚黏黏的總之是滿適合夏天的但會比較適合皮膚本來就不差的人結果底妝控如我又買了(來人啊剁掉我的手)今年專櫃粉底液扣打已到夏天就只能靠他了哈哈哈雖然這麼說但今年還有7個月我也不保證會不會再買xddd--",
    "time": "2017/05/25 11:26:43",
    "event": "click"
  },
  {
    "category": "16",
    "app": "JPTT",
    "id": "43",
    "context": "[閒聊]你是粉底液派還是粉餅派前陣子覺得美妝版上粉餅文好多心機跟豐靡幾乎是洗版了吧!!!xddddd可我一直沒有被燒到哈哈哈夏天沒有很愛粉餅因為我太會流汗了很容易斑駁然後又手拙常常一不小心就把妝感搞得很厚粉囧但是冬天就滿愛粉餅~~~因為冬天不太會脫妝哈哈哈(冬天根本是化妝好季節!!!)好奇大家會隨季節變換底妝的類型嗎???像我自己就是夏天喜歡粉底液、冬天喜歡粉餅順便偷渡前幾天被板友燃火靠櫃天生美肌的短短心得滿喜歡它的妝感但太簡短就不單獨發一篇了xddddd這罐還不錯耶妝感超輕薄的很清爽沒有負擔感不會感覺自己臉上厚厚黏黏的總之是滿適合夏天的但會比較適合皮膚本來就不差的人結果底妝控如我又買了(來人啊剁掉我的手)今年專櫃粉底液扣打已到夏天就只能靠他了哈哈哈雖然這麼說但今年還有7個月我也不保證會不會再買xddd--",
    "time": "2017/05/25 11:26:43",
    "event": "slide"
  },
  {
    "category": "16",
    "app": "JPTT",
    "id": "44",
    "context": "[心得]h&m粉底要榮登最愛粉底了(11小時實測)哈囉大家好～最近一直在做各種粉底液的實測這個禮拜輪到h&mliquidfoundation這罐粉底液這罐是在香港玩的時候買的那時候天氣算是蠻冷也蠻乾的本來很怕他會龜裂結果他竟然完整的持妝一整天後來就覺得他是蠻厲害的粉底這禮拜是這罐粉底的時候想說可能不能在夏天使用結果！！！！今天天氣這麼熱晚上又下雨他應該會很淒慘結果還是完整的妝容啊啊啊！他直接快要晉級我霧麪粉底的最愛了那廢話到這邊-正文開始-先說一下他的瓶子http://imgur.com/t9kree0.jpg是塑膠的很輕很方便攜帶真空壓頭式（加分！完全不用擔心用到剩一點點怎麼辦）液體是比較稠一點點的但是不會難推開*素顏*(防一下雷)http://imgur.com/zjykemp.jpg照片上可能看起來還好但最主要瑕疵就是眼下黑眼圈泛紅跟痘疤（我深深覺得gf9就算不開美肌也有美肌效果）上妝後是這樣（有上妝前有用蜜粉微微定妝）http://imgur.com/jqgc8mf.jpg偏向霧面妝感但還是會微微有光澤（會有一點點粉感但跟粉持久比起來自然超多但遮瑕力幾乎跟粉持久差不多強）上妝7小時後http://imgur.com/hu17eoh.jpg出油之後會變成很美的奶油肌！！上妝11小時後http://imgur.com/2rxjipe.jpg(這張是用g12拍的比較接近真實顏色)http://imgur.com/ptdjagz.jpg（這張是用gf9拍的比較偏暖色）但是過了十一小時可以維持這樣我真的是覺得開心啊～～～而且我用起來完全不乾也不會緊繃或不舒服我用的色號是coolbeige那時候買的價錢是港幣99.9（合臺幣大概400元）完全就是cp值超高的啦～（在實測過粉持久後完全覺得這罐可以取代xdd）總結給大家他的優點：便宜、遮瑕力中上、不乾、瓶子設計的很方便好用缺點：臺灣買不到要找代購或出國有看到再買他有淡淡的香味我還可以接受這就見仁見智了xd推薦給大家xd(我的膚質是中性偏乾天氣熱的時候比較容易在t字出油)--",
    "time": "2017/05/25 11:27:26",
    "event": "click"
  },
  {
    "category": "16",
    "app": "JPTT",
    "id": "45",
    "context": "[心得]h&m粉底要榮登最愛粉底了(11小時實測)哈囉大家好～最近一直在做各種粉底液的實測這個禮拜輪到h&mliquidfoundation這罐粉底液這罐是在香港玩的時候買的那時候天氣算是蠻冷也蠻乾的本來很怕他會龜裂結果他竟然完整的持妝一整天後來就覺得他是蠻厲害的粉底這禮拜是這罐粉底的時候想說可能不能在夏天使用結果！！！！今天天氣這麼熱晚上又下雨他應該會很淒慘結果還是完整的妝容啊啊啊！他直接快要晉級我霧麪粉底的最愛了那廢話到這邊-正文開始-先說一下他的瓶子http://imgur.com/t9kree0.jpg是塑膠的很輕很方便攜帶真空壓頭式（加分！完全不用擔心用到剩一點點怎麼辦）液體是比較稠一點點的但是不會難推開*素顏*(防一下雷)http://imgur.com/zjykemp.jpg照片上可能看起來還好但最主要瑕疵就是眼下黑眼圈泛紅跟痘疤（我深深覺得gf9就算不開美肌也有美肌效果）上妝後是這樣（有上妝前有用蜜粉微微定妝）http://imgur.com/jqgc8mf.jpg偏向霧面妝感但還是會微微有光澤（會有一點點粉感但跟粉持久比起來自然超多但遮瑕力幾乎跟粉持久差不多強）上妝7小時後http://imgur.com/hu17eoh.jpg出油之後會變成很美的奶油肌！！上妝11小時後http://imgur.com/2rxjipe.jpg(這張是用g12拍的比較接近真實顏色)http://imgur.com/ptdjagz.jpg（這張是用gf9拍的比較偏暖色）但是過了十一小時可以維持這樣我真的是覺得開心啊～～～而且我用起來完全不乾也不會緊繃或不舒服我用的色號是coolbeige那時候買的價錢是港幣99.9（合臺幣大概400元）完全就是cp值超高的啦～（在實測過粉持久後完全覺得這罐可以取代xdd）總結給大家他的優點：便宜、遮瑕力中上、不乾、瓶子設計的很方便好用缺點：臺灣買不到要找代購或出國有看到再買他有淡淡的香味我還可以接受這就見仁見智了xd推薦給大家xd(我的膚質是中性偏乾天氣熱的時候比較容易在t字出油)--",
    "time": "2017/05/25 11:27:26",
    "event": "slide"
  },
  {
    "category": "16",
    "app": "JPTT",
    "id": "47",
    "context": "[心得]h&m粉底要榮登最愛粉底了(11小時實測)哈囉大家好～最近一直在做各種粉底液的實測這個禮拜輪到h&mliquidfoundation這罐粉底液這罐是在香港玩的時候買的那時候天氣算是蠻冷也蠻乾的本來很怕他會龜裂結果他竟然完整的持妝一整天後來就覺得他是蠻厲害的粉底這禮拜是這罐粉底的時候想說可能不能在夏天使用結果！！！！今天天氣這麼熱晚上又下雨他應該會很淒慘結果還是完整的妝容啊啊啊！他直接快要晉級我霧麪粉底的最愛了那廢話到這邊-正文開始-先說一下他的瓶子http://imgur.com/t9kree0.jpg是塑膠的很輕很方便攜帶真空壓頭式（加分！完全不用擔心用到剩一點點怎麼辦）液體是比較稠一點點的但是不會難推開*素顏*(防一下雷)http://imgur.com/zjykemp.jpg照片上可能看起來還好但最主要瑕疵就是眼下黑眼圈泛紅跟痘疤（我深深覺得gf9就算不開美肌也有美肌效果）上妝後是這樣（有上妝前有用蜜粉微微定妝）http://imgur.com/jqgc8mf.jpg偏向霧面妝感但還是會微微有光澤（會有一點點粉感但跟粉持久比起來自然超多但遮瑕力幾乎跟粉持久差不多強）上妝7小時後http://imgur.com/hu17eoh.jpg出油之後會變成很美的奶油肌！！上妝11小時後http://imgur.com/2rxjipe.jpg(這張是用g12拍的比較接近真實顏色)http://imgur.com/ptdjagz.jpg（這張是用gf9拍的比較偏暖色）但是過了十一小時可以維持這樣我真的是覺得開心啊～～～而且我用起來完全不乾也不會緊繃或不舒服我用的色號是coolbeige那時候買的價錢是港幣99.9（合臺幣大概400元）完全就是cp值超高的啦～（在實測過粉持久後完全覺得這罐可以取代xdd）總結給大家他的優點：便宜、遮瑕力中上、不乾、瓶子設計的很方便好用缺點：臺灣買不到要找代購或出國有看到再買他有淡淡的香味我還可以接受這就見仁見智了xd推薦給大家xd(我的膚質是中性偏乾天氣熱的時候比較容易在t字出油)--",
    "time": "2017/05/25 11:28:26",
    "event": "slide"
  },
  {
    "category": "16",
    "app": "JPTT",
    "id": "49",
    "context": "[心得]彩妝新手臺中美容化妝品展初體驗哈囉大家好美妝版首po請多指教~前陣子去了臺中高鐵站旁的美容化粧品展本來是只打算趁搭高鐵前去逛一下寵物展到現場才知道展場切一半給美容化粧品展xd因為門票共通就順便去看看，去的太突然也沒有時間做功課...看到展場裡美睫美甲區擠了一堆人在掃貨其他就沒什麼人(可能因為我是第一天早上去）當時在版上找了一些美容展心得大家推的刷具阿還是solone通通沒有擺攤xd漫無目的的亂晃後找到一間裝潢比較特別的櫃(服務人員還很可愛)擺的都是沒有聽過的歐美品牌xd(名字很長我還問店員要怎麼唸)看到他買眼影跟脣釉搭配好像四百多，那時沒拍到價錢http://i.imgur.com/s7hnyiw.jpghttp://i.imgur.com/o4byrms.jpg不過因為眼影太多顏色我還不太會搭配，最後就單買兩支脣釉，7和13號(後來回家我有去focallure的官網看，發現他脣釉不只有5個色號)展場還有其他脣筆脣膏，顏色都蠻亮的，很粉或很紅~http://i.imgur.com/tsdrcsf.jpghttp://i.imgur.com/5hem2vg.jpg在那邊試了很久店員完全沒有臭臉，也沒跟我推銷，還拿卸妝棉讓我擦手上的顏色讓我很沒有壓力的逛，不過後來去別間就被硬拉去去角質推銷，感覺很不好....最後買了三樣兩支脣釉一瓶遮瑕http://i.imgur.com/vgwgzeu.jpg脣釉http://i.imgur.com/h2tzodw.jpg手部試色http://i.imgur.com/fzj36ce.jpg抹開http://i.imgur.com/tmdzbwb.jpg實擦照(室內燈光)有股牛奶巧克力味會很想舔xd13http://i.imgur.com/smoczhs.jpg07http://i.imgur.com/fsxrplh.jpg遮瑕膏全名是叫蜂膠淨逗無痕膏沒有分色號有一股香香的味道我本來其實是想買另一瓶蜂膠淨痘精華(名字不太確定)但店員說我痘痘沒有多到要用那個叫我試遮瑕膏就好xdhttp://i.imgur.com/cpe80jy.jpghttp://i.imgur.com/bcx4f7v.jpghttp://i.imgur.com/emn2kne.jpg覺得他如果出按壓型的應該比較好這個有一堆會殘留在蓋子上然後這是收到的贈品香皂面膜腮紅http://i.imgur.com/jmnncmc.jpg腮紅意外的很顯色!http://i.imgur.com/8zaxmuw.jpghttp://i.imgur.com/5t6tynq.jpghttp://i.imgur.com/6rjvu1a.jpg購買發票http://i.imgur.com/inoahd2.jpg滿額可以去櫃檯抽獎我抽了6次xd除了味增其他都不知道是什麼東西http://i.imgur.com/zh4wi46.jpg其中那個精華霜跟乳液打上麪包裝的關鍵字也完全找不到資料到現在都還不敢拆來用......後來因為要趕高鐵去桃園看棒球也沒有逛完美容展...--",
    "time": "2017/05/25 11:29:48",
    "event": "slide"
  },
  {
    "category": "16",
    "app": "JPTT",
    "id": "50",
    "context": "[心得]粉底刷推薦三支平價粉底刷試用比較心得http://imgur.com/tsahxkv今天要來跟大家分享日常愛用的平價粉底刷！今天推薦的三隻粉底刷分別是:jealousness婕洛妮絲專業兩用粉底刷(269)、寶雅meko韓風極細粉底刷、寶雅玫瑰金j-lin粉底刷。無音樂好讀圖文網誌版：http://muah.blog/foundation-brush/第一次來這裡發表有關刷具的文章><如有錯誤也請大家多多包涵，也歡迎指正錯誤的地方，會盡速修正！感謝大家！！！先給大家看一下素顏：http://imgur.com/j7dwmq8----------以下正文-----------1.寶雅玫瑰金j-lin粉底刷http://imgur.com/5uhdonvhttp://imgur.com/qnt8jtb這支的形狀很特別，去逛寶雅時一看到就很手癢想試試就買了。忘記多少錢，印象中好像一百初頭？(如果有錯歡迎指教會馬上更正)http://imgur.com/e4k8ckkhttp://imgur.com/mrc1jzi刷毛還滿細緻的，而且刷臉不會太刺♥這支是兩用刷，有特殊設計貼合臉部角度形狀。http://imgur.com/6eqvrgfhttp://imgur.com/dvnjxyhhttp://imgur.com/cjn3xhkhttp://imgur.com/3syi2cr最棒的是有附上蓋子，帶出門整個超方便！！（葛萊芬多加十分！）http://imgur.com/wvviq0l以下就示範給大家看試用的樣子啦！（粉底液是用1028新出的奶油cc霜唷！）http://imgur.com/lkf3lb2一不小心就下手太重放太多粉底液了...刷上臉毛還滿舒服，但是到後面變刺刺的，不知道是不是因為我買回來還沒洗@0@　後來洗過一次之後就好一點了。http://imgur.com/10rxr8n第一次使用，掉了幾根毛，刺刺的：（http://imgur.com/jgbmg9g反覆刷5-6次的樣子，會有刷痕><''（不知道是不是因為我的粉底液用太多）http://imgur.com/27oi9orhttp://imgur.com/nkerrtq但反覆再多清刷幾次＋用手輔助輕拍之後，狀況就好了許多。http://imgur.com/vlhkstk整體而言還算刷的均勻，最主要優點還是攜帶方便比較吸引我，其他尚可。j-lin粉底刷評價--->優點：貼合臉部角度，刷毛柔軟。缺點：沒洗過會有點刺，掉一點毛，毛密度不夠高不夠紮實，不會到無敵均勻，多少還是有一點點刷痕。-----------------------------------------2.寶雅meko韓風極細粉底刷http://imgur.com/xewaibrhttp://imgur.com/7b0uphqhttp://imgur.com/0s09cvbhttp://imgur.com/ori6chs這支是跟j-lin那支一起買的，印像中也是一百初頭。http://imgur.com/p2a1hpd",
    "time": "2017/05/25 11:30:32",
    "event": "click"
  },
  {
    "category": "16",
    "app": "JPTT",
    "id": "51",
    "context": "[心得]粉底刷推薦三支平價粉底刷試用比較心得http://imgur.com/tsahxkv今天要來跟大家分享日常愛用的平價粉底刷！今天推薦的三隻粉底刷分別是:jealousness婕洛妮絲專業兩用粉底刷(269)、寶雅meko韓風極細粉底刷、寶雅玫瑰金j-lin粉底刷。無音樂好讀圖文網誌版：http://muah.blog/foundation-brush/第一次來這裡發表有關刷具的文章><如有錯誤也請大家多多包涵，也歡迎指正錯誤的地方，會盡速修正！感謝大家！！！先給大家看一下素顏：http://imgur.com/j7dwmq8----------以下正文-----------1.寶雅玫瑰金j-lin粉底刷http://imgur.com/5uhdonvhttp://imgur.com/qnt8jtb這支的形狀很特別，去逛寶雅時一看到就很手癢想試試就買了。忘記多少錢，印象中好像一百初頭？(如果有錯歡迎指教會馬上更正)http://imgur.com/e4k8ckkhttp://imgur.com/mrc1jzi刷毛還滿細緻的，而且刷臉不會太刺♥這支是兩用刷，有特殊設計貼合臉部角度形狀。http://imgur.com/6eqvrgfhttp://imgur.com/dvnjxyhhttp://imgur.com/cjn3xhkhttp://imgur.com/3syi2cr最棒的是有附上蓋子，帶出門整個超方便！！（葛萊芬多加十分！）http://imgur.com/wvviq0l以下就示範給大家看試用的樣子啦！（粉底液是用1028新出的奶油cc霜唷！）http://imgur.com/lkf3lb2一不小心就下手太重放太多粉底液了...刷上臉毛還滿舒服，但是到後面變刺刺的，不知道是不是因為我買回來還沒洗@0@　後來洗過一次之後就好一點了。http://imgur.com/10rxr8n第一次使用，掉了幾根毛，刺刺的：（http://imgur.com/jgbmg9g反覆刷5-6次的樣子，會有刷痕><''（不知道是不是因為我的粉底液用太多）http://imgur.com/27oi9orhttp://imgur.com/nkerrtq但反覆再多清刷幾次＋用手輔助輕拍之後，狀況就好了許多。http://imgur.com/vlhkstk整體而言還算刷的均勻，最主要優點還是攜帶方便比較吸引我，其他尚可。j-lin粉底刷評價--->優點：貼合臉部角度，刷毛柔軟。缺點：沒洗過會有點刺，掉一點毛，毛密度不夠高不夠紮實，不會到無敵均勻，多少還是有一點點刷痕。-----------------------------------------2.寶雅meko韓風極細粉底刷http://imgur.com/xewaibrhttp://imgur.com/7b0uphqhttp://imgur.com/0s09cvbhttp://imgur.com/ori6chs這支是跟j-lin那支一起買的，印像中也是一百初頭。http://imgur.com/p2a1hpd",
    "time": "2017/05/25 11:30:32",
    "event": "slide"
  },
  {
    "category": "16",
    "app": "JPTT",
    "id": "52",
    "context": "[閒聊]大哭夏天的粉持久是的我購買粉持久是為了夏天使用，想說既持久又遮瑕我又是個爆汗人就是應該要使用粉持久呀！結果今天很熱正好拿出來使用，結果以下有圖慎入可怕圖可以想像的瑕疵都有而且剛畫完妝的狀態慎入（再次警告http://i.imgur.com/a7y7ajl.jpg啊啊啊啊啊媽媽是斑駁原本上完粉底液還不會，但是用了蜜粉後整個裂開在冬天有使用一樣的程序完全沒有問題qq程序：保養品（化妝水、角鯊）+防曬（雅漾）+粉底液（用bdelliumtools#948)+歌劇魅影蜜粉明天使用美妝蛋試看看好惹qq--",
    "time": "2017/05/25 11:30:56",
    "event": "click"
  },
  {
    "category": "16",
    "app": "JPTT",
    "id": "53",
    "context": "[閒聊]大哭夏天的粉持久是的我購買粉持久是為了夏天使用，想說既持久又遮瑕我又是個爆汗人就是應該要使用粉持久呀！結果今天很熱正好拿出來使用，結果以下有圖慎入可怕圖可以想像的瑕疵都有而且剛畫完妝的狀態慎入（再次警告http://i.imgur.com/a7y7ajl.jpg啊啊啊啊啊媽媽是斑駁原本上完粉底液還不會，但是用了蜜粉後整個裂開在冬天有使用一樣的程序完全沒有問題qq程序：保養品（化妝水、角鯊）+防曬（雅漾）+粉底液（用bdelliumtools#948)+歌劇魅影蜜粉明天使用美妝蛋試看看好惹qq--",
    "time": "2017/05/25 11:30:56",
    "event": "slide"
  },
  {
    "category": "16",
    "app": "JPTT",
    "id": "55",
    "context": "[心得]makeupforever氣墊粉餅大推!!makeupforever終於也出氣墊了～而且才$1500立馬奔去櫃上試妝櫃姐粉撲&刷具兩種方式都有幫我試用大師刷上的話確實是比較薄透有光澤而且細節都能顧到但我自己比較愛用粉撲上因為比較快而且拍起來是那種微霧感的妝容超愛的!!所以就沒有再囤刷具了xdhttp://i.imgur.com/bumhdup.jpg這個上起來跟韓系超不一樣不會油亮油亮就是單純光澤這樣然後遮瑕度還蠻不錯的多拍幾下兩頰的泛紅就遮得差不多另外因為不會太油亮相對就也沒那麼容易融了另外櫃姐還幫我用光圈蜜粉全臉掃過一次感覺不會影響氣墊妝感但是感覺持妝效果更好最後忍不住也下手了光圈蜜粉超推薦的說!!--",
    "time": "2017/05/25 11:32:51",
    "event": "click"
  },
  {
    "category": "16",
    "app": "JPTT",
    "id": "56",
    "context": "[心得]makeupforever氣墊粉餅大推!!makeupforever終於也出氣墊了～而且才$1500立馬奔去櫃上試妝櫃姐粉撲&刷具兩種方式都有幫我試用大師刷上的話確實是比較薄透有光澤而且細節都能顧到但我自己比較愛用粉撲上因為比較快而且拍起來是那種微霧感的妝容超愛的!!所以就沒有再囤刷具了xdhttp://i.imgur.com/bumhdup.jpg這個上起來跟韓系超不一樣不會油亮油亮就是單純光澤這樣然後遮瑕度還蠻不錯的多拍幾下兩頰的泛紅就遮得差不多另外因為不會太油亮相對就也沒那麼容易融了另外櫃姐還幫我用光圈蜜粉全臉掃過一次感覺不會影響氣墊妝感但是感覺持妝效果更好最後忍不住也下手了光圈蜜粉超推薦的說!!--",
    "time": "2017/05/25 11:32:51",
    "event": "slide"
  },
  {
    "category": "16",
    "app": "JPTT",
    "id": "57",
    "context": "[心得]終於買了！碧麗妃恬蜜花樣蜜粉雖然是第一次買碧麗妃的產品但內心已燃燒超級久北車新開的@cosme剛好有碧麗妃的櫃當然就手刀衝去試試畢竟資生堂有碧麗妃的櫃通常都設在菜市場（？？？碧麗妃的袋子美～～http://i.imgur.com/wm1vjb9.jpg以下是贈品！！http://i.imgur.com/phlog56.jpg糾結的情感看到贈品瞬間就不猶豫了少女的錢怎麼那麼好賺總共送了一個宮廷風化妝包洗面乳溫感卸妝凝膠面膜一片（超美合理嗎？）主角登場～～～http://i.imgur.com/ckmftfv.jpghttp://i.imgur.com/crvfsom.jpg文案真的沒有騙人會忍不住想觸摸哈哈哈http://i.imgur.com/wi7umiw.jpghttp://i.imgur.com/o04qpsn.jpg越看越耐看的盒子裡面是類似nylonmash的網洞http://i.imgur.com/l5fisdd.jpg",
    "time": "2017/05/25 11:34:16",
    "event": "click"
  },
  {
    "category": "16",
    "app": "JPTT",
    "id": "58",
    "context": "[心得]終於買了！碧麗妃恬蜜花樣蜜粉雖然是第一次買碧麗妃的產品但內心已燃燒超級久北車新開的@cosme剛好有碧麗妃的櫃當然就手刀衝去試試畢竟資生堂有碧麗妃的櫃通常都設在菜市場（？？？碧麗妃的袋子美～～http://i.imgur.com/wm1vjb9.jpg以下是贈品！！http://i.imgur.com/phlog56.jpg糾結的情感看到贈品瞬間就不猶豫了少女的錢怎麼那麼好賺總共送了一個宮廷風化妝包洗面乳溫感卸妝凝膠面膜一片（超美合理嗎？）主角登場～～～http://i.imgur.com/ckmftfv.jpghttp://i.imgur.com/crvfsom.jpg文案真的沒有騙人會忍不住想觸摸哈哈哈http://i.imgur.com/wi7umiw.jpghttp://i.imgur.com/o04qpsn.jpg越看越耐看的盒子裡面是類似nylonmash的網洞http://i.imgur.com/l5fisdd.jpg",
    "time": "2017/05/25 11:34:16",
    "event": "slide"
  },
  {
    "category": "16",
    "app": "Facebook",
    "id": "59",
    "context": "跟日本同步價！addiction6大日本人氣口碑商品臺灣官方價格、介紹搶先看@goris'sky‧時尚美妝消費學::痞客邦pixnet::",
    "time": "2017/05/25 11:35:25",
    "event": "click"
  },
  {
    "category": "16",
    "app": "Facebook",
    "id": "60",
    "context": "跟日本同步價！addiction6大日本人氣口碑商品臺灣官方價格、介紹搶先看@goris'sky‧時尚美妝消費學::痞客邦pixnet::",
    "time": "2017/05/25 11:35:25",
    "event": "slide"
  }
]