[
  {
    "category": "17",
    "app": "Line",
    "id": "46",
    "context": "在幫研究生最實驗在上班喔?要記得吃飯做還沒",
    "time": "2017/05/25 11:27:55",
    "event": "slide"
  },
  {
    "category": "17",
    "app": "Line",
    "id": "48",
    "context": "在幫研究生最實驗就是去實驗室滑一小時的手機wow做什麼實驗在上班喔?要記得吃飯做還沒瀏覽的吧",
    "time": "2017/05/25 11:29:14",
    "event": "slide"
  },
  {
    "category": "17",
    "app": "Line",
    "id": "54",
    "context": "在幫研究生最實驗就是去實驗室滑一小時的手機wow做什麼實驗在上班喔?我隔壁部門也測試組www做還沒瀏覽的吧",
    "time": "2017/05/25 11:32:30",
    "event": "slide"
  }
]