[
  {
    "category": "2",
    "app": "JPTT",
    "id": "5",
    "context": "[新聞]詹姆斯第三戰失常隊友爆：生病卻不說udn詹姆斯第三戰失常隊友爆：生病卻不說騎士詹姆斯（lebronjames）在東區冠軍賽第3場比賽全場僅拿下11分，嚴重失常的表現一度遭到各界砲轟是導致騎士終結季後賽連勝之旅的戰犯，不過騎士老將傑佛森（richardjefferson）忍不住跳出來為隊友發聲，爆料詹姆斯那場比賽前就已生病不適，但他卻絕口不提。「我知道他不會想要談論這件事，所以我希望我的兄弟們能好好為他發聲。」騎士老將傑佛森在昨天的第四戰結束後透露，詹姆斯與替補後衛威廉斯（deronwilliams）在系列賽第三戰其實都是帶病上陣，其中威廉斯還因此錯過了一次投籃練習。「當天早上威廉斯就已經缺席練球，因為他有點感冒且整個人昏昏沉沉、沒有動力，這讓我想到詹姆斯也可能是相同的狀況。」傑佛森透露，在當天練球前詹姆斯就已經有類似的病症，直到威廉斯因病缺席練球後，才讓他們恍然大悟：「當威廉斯沒出現在球場時，詹姆斯就知道自己的症狀是怎麼一回事了。」不過傑佛森也強調，如果該場比賽塞爾蒂克球員沒有打出如此優異的表現，他們也沒必要來談論詹姆斯是否生病這件事：「他看起來就是無病無痛，甚至還能投進一些高難度的進球，如果史馬特（marcussmart）沒有三分球投10中7，或許我們就不用來談這件事。」所幸在昨天的第四戰中，詹姆斯的表現也慢慢回溫，雖然上半場就背負四次犯規讓他第二節枯坐冷板凳，但他下半場拿下24分、全場34分6助攻5籃板，與厄文（kyrieirving）聯手幫助騎士取得3：1聽牌優勢。新聞連結：https://udn.com/news/story/7002/2483898?from=udn-catebreaknews_ch2--我皇身體微恙，難怪第三戰打的有點魂不守舍....--發信站:批踢踢實業坊(ptt.cc)來自:140.112.126.217",
    "time": "2017/05/25 10:49:47",
    "event": "click"
  },
  {
    "category": "2",
    "app": "JPTT",
    "id": "6",
    "context": "[新聞]詹姆斯第三戰失常隊友爆：生病卻不說udn詹姆斯第三戰失常隊友爆：生病卻不說騎士詹姆斯（lebronjames）在東區冠軍賽第3場比賽全場僅拿下11分，嚴重失常的表現一度遭到各界砲轟是導致騎士終結季後賽連勝之旅的戰犯，不過騎士老將傑佛森（richardjefferson）忍不住跳出來為隊友發聲，爆料詹姆斯那場比賽前就已生病不適，但他卻絕口不提。「我知道他不會想要談論這件事，所以我希望我的兄弟們能好好為他發聲。」騎士老將傑佛森在昨天的第四戰結束後透露，詹姆斯與替補後衛威廉斯（deronwilliams）在系列賽第三戰其實都是帶病上陣，其中威廉斯還因此錯過了一次投籃練習。「當天早上威廉斯就已經缺席練球，因為他有點感冒且整個人昏昏沉沉、沒有動力，這讓我想到詹姆斯也可能是相同的狀況。」傑佛森透露，在當天練球前詹姆斯就已經有類似的病症，直到威廉斯因病缺席練球後，才讓他們恍然大悟：「當威廉斯沒出現在球場時，詹姆斯就知道自己的症狀是怎麼一回事了。」不過傑佛森也強調，如果該場比賽塞爾蒂克球員沒有打出如此優異的表現，他們也沒必要來談論詹姆斯是否生病這件事：「他看起來就是無病無痛，甚至還能投進一些高難度的進球，如果史馬特（marcussmart）沒有三分球投10中7，或許我們就不用來談這件事。」所幸在昨天的第四戰中，詹姆斯的表現也慢慢回溫，雖然上半場就背負四次犯規讓他第二節枯坐冷板凳，但他下半場拿下24分、全場34分6助攻5籃板，與厄文（kyrieirving）聯手幫助騎士取得3：1聽牌優勢。新聞連結：https://udn.com/news/story/7002/2483898?from=udn-catebreaknews_ch2--我皇身體微恙，難怪第三戰打的有點魂不守舍....--發信站:批踢踢實業坊(ptt.cc)來自:140.112.126.217",
    "time": "2017/05/25 10:49:47",
    "event": "slide"
  }
]