[
  {
    "category": "3",
    "app": "JPTT",
    "id": "7",
    "context": "[問卦]家裡的蟑螂從美洲蟑螂變成德國蟑螂的掛以前記憶中蟑螂都是長這個樣子http://i.imgur.com/rbs5dht.jpg※慎入後來才知道這品種叫美洲蟑螂顧名思義就是從美洲大陸來的，特色又黑又大和白色背紋。但是近幾年變成另一個瘦長淡褐色的品種，德國蟑螂。http://i.imgur.com/dl7asxu.jpg※慎入外表沒有那麼恐怖了，因為也很難長得像美洲蟑螂那麼大隻。有沒有這方面的八卦?請八卦蟑螂王出來解答。--發信站:批踢踢實業坊(ptt.cc)來自:36.226.185.111",
    "time": "2017/05/25 10:50:55",
    "event": "click"
  },
  {
    "category": "3",
    "app": "JPTT",
    "id": "8",
    "context": "[問卦]家裡的蟑螂從美洲蟑螂變成德國蟑螂的掛以前記憶中蟑螂都是長這個樣子http://i.imgur.com/rbs5dht.jpg※慎入後來才知道這品種叫美洲蟑螂顧名思義就是從美洲大陸來的，特色又黑又大和白色背紋。但是近幾年變成另一個瘦長淡褐色的品種，德國蟑螂。http://i.imgur.com/dl7asxu.jpg※慎入外表沒有那麼恐怖了，因為也很難長得像美洲蟑螂那麼大隻。有沒有這方面的八卦?請八卦蟑螂王出來解答。--發信站:批踢踢實業坊(ptt.cc)來自:36.226.185.111",
    "time": "2017/05/25 10:50:55",
    "event": "slide"
  }
]