[
  {
    "category": "4",
    "app": "JPTT",
    "id": "13",
    "context": "[新聞]飯店談判傳陳星妻子逼林奕含下跪認錯1.媒體來源:蘋果日報2.完整新聞標題:【內幕】飯店談判　傳陳星妻子逼林奕含下跪認錯3.完整新聞內文:2017年05月24日18:57作家林奕含疑遭補教名師陳星誘姦案，現已經進入司法調查階段，臺南地檢署呼籲雙方不要對外放話，陳星方面仍爆出8年前雙方在喜來登飯店談判，且是林奕含雙親罵陳星，陳妻默默不語並選擇不提告。但據《蘋果》訪查卻是另一種版本，當時陳妻揚言控告林奕含妨礙家庭，還逼迫她當場下跪道歉，此舉纔是導致林奕含精神崩潰的主因，造成她吞300多粒安眠藥自殺。據瞭解，2009年10月，林奕含雙親發現陳星、林奕含的師生戀，他們透過管道找到陳國星的妻子謝如玉，雙方就相約國慶日後不久，在喜來登大飯店談判，在場除了陳星夫婦、林奕含以及其雙親外，還有另外1名友人在場。林奕含雙親原本要陳星對這起師生戀給個交代，但可能是越罵越兇，此舉激起陳星妻子謝如玉「袒護丈夫的怒火」，怒斥「林奕含都知道陳老師有老婆了，為何還愛上陳老師？」陳妻說：「這裡只有我有資格提告，如果你們不給我一個交代，我就告林奕含妨害家庭。」林家雙親得知陳妻要告上法院，突然不知如何是好，陳妻進而要求「林奕含下跪認錯」，林家雙親也不再追究，雙方最後達成了分手的協議，不過林奕含當時根本無法接受，精神狀況非常不好甚至不吃不喝，也才導致第二次嚴重自殺，吞了300多粒安眠藥。（地方中心／臺南報導）4.完整新聞連結(或短網址):http://www.appledaily.com.tw/realtimenews/article/local/20170524/1125076/5.備註:嗯嗯，聽說現實的風向要改變了？--友直友諒友多聞無情無義無敦義--發信站:批踢踢實業坊(ptt.cc)來自:114.44.224.129",
    "time": "2017/05/25 11:00:01",
    "event": "click"
  },
  {
    "category": "4",
    "app": "JPTT",
    "id": "14",
    "context": "[新聞]飯店談判傳陳星妻子逼林奕含下跪認錯1.媒體來源:蘋果日報2.完整新聞標題:【內幕】飯店談判　傳陳星妻子逼林奕含下跪認錯3.完整新聞內文:2017年05月24日18:57作家林奕含疑遭補教名師陳星誘姦案，現已經進入司法調查階段，臺南地檢署呼籲雙方不要對外放話，陳星方面仍爆出8年前雙方在喜來登飯店談判，且是林奕含雙親罵陳星，陳妻默默不語並選擇不提告。但據《蘋果》訪查卻是另一種版本，當時陳妻揚言控告林奕含妨礙家庭，還逼迫她當場下跪道歉，此舉纔是導致林奕含精神崩潰的主因，造成她吞300多粒安眠藥自殺。據瞭解，2009年10月，林奕含雙親發現陳星、林奕含的師生戀，他們透過管道找到陳國星的妻子謝如玉，雙方就相約國慶日後不久，在喜來登大飯店談判，在場除了陳星夫婦、林奕含以及其雙親外，還有另外1名友人在場。林奕含雙親原本要陳星對這起師生戀給個交代，但可能是越罵越兇，此舉激起陳星妻子謝如玉「袒護丈夫的怒火」，怒斥「林奕含都知道陳老師有老婆了，為何還愛上陳老師？」陳妻說：「這裡只有我有資格提告，如果你們不給我一個交代，我就告林奕含妨害家庭。」林家雙親得知陳妻要告上法院，突然不知如何是好，陳妻進而要求「林奕含下跪認錯」，林家雙親也不再追究，雙方最後達成了分手的協議，不過林奕含當時根本無法接受，精神狀況非常不好甚至不吃不喝，也才導致第二次嚴重自殺，吞了300多粒安眠藥。（地方中心／臺南報導）4.完整新聞連結(或短網址):http://www.appledaily.com.tw/realtimenews/article/local/20170524/1125076/5.備註:嗯嗯，聽說現實的風向要改變了？--友直友諒友多聞無情無義無敦義--發信站:批踢踢實業坊(ptt.cc)來自:114.44.224.129",
    "time": "2017/05/25 11:00:01",
    "event": "slide"
  }
]