[{"category": "5", "app": "JPTT", "id": "17", "context": "[問卦]臺灣還存在這樣的女生嗎聽話乖巧偶爾有點小脾氣凡事為你著想雖然任性但基本上還是順你不必要的交際不會去不熟的人不給聯絡方式過節不需要大餐只需要你陪在身邊願意和你一起討論未來即便辛苦也甘之如飴對於未來抱有夢想且願意去實踐長得可愛雖然不是大正妹但笑起來甜甜的這樣的女森還存在嗎？--發信站:批踢踢實業坊(ptt.cc)來自:180.217.217.243", "time": "2017/05/25 11:04:56", "event": "click"}, {"category": "5", "app": "JPTT", "id": "18", "context": "[問卦]臺灣還存在這樣的女生嗎聽話乖巧偶爾有點小脾氣凡事為你著想雖然任性但基本上還是順你不必要的交際不會去不熟的人不給聯絡方式過節不需要大餐只需要你陪在身邊願意和你一起討論未來即便辛苦也甘之如飴對於未來抱有夢想且願意去實踐長得可愛雖然不是大正妹但笑起來甜甜的這樣的女森還存在嗎？--發信站:批踢踢實業坊(ptt.cc)來自:180.217.217.243", "time": "2017/05/25 11:04:56", "event": "slide"}]