[
  {
    "category": "6",
    "app": "JPTT",
    "id": "19",
    "context": "[討論]學姊想拿走學妹抽中的專輯大家晚安妹妹要好的學妹(以下簡稱學妹)遇到一件事情想聽聽女版各位的意見---學妹上禮拜天去看某個韓團的演唱會演唱會的票是委託一個社團學姊幫忙買的當初在社團認識學姊時學姊就發現學妹也喜歡這個團體所以這次男團來臺辦演唱會學姊主動密學妹說可以幫學妹買票學姊買到票了傳訊息給學妹說：兩個座位12跟1412靠走道離他們(偶像團體)比較近我要12喔學妹：好~學姊：那妳14然後她們就很開心地去看演唱會了演唱會到了尾聲主辦單位舉辦了抽票贈親筆簽名專輯的活動好巧不巧抽到座號14這時學姊就主張說：票是我買的，所以這張專輯是我的學妹苦苦哀求內心覺得這不合理啊，座位是妳挑的耶結果學姊來個強硬的態度：妳來學校要帶專輯來給我喔附上學姊傳的訊息1.http://i.imgur.com/vpnhrej.jpg2.學姊表示：我為了幫妳買到這張票，在應援會弄了很久http://i.imgur.com/0iecjxq.jpg3.學姊：我這麼辛苦買到票，這張親簽專輯是我的才對http://i.imgur.com/0tjczea.jpg-----------------------現在小學妹不知所措想想學姊態度這麼強硬到底該怎麼辦我個人的觀點是1.買票與抽中專輯是兩回事我對於搶韓星演唱會的票算稍有經驗我知道很難搶搶不到的話還要在各大應援社團每天刷換票文但我認為買票與中獎是兩回事當二人已經入座後時間點就切割開來瞭如果今天我請黃牛幫我買演唱會的票票抽中親簽專輯黃牛來找我討專輯我不給合情合理吧難道我還要向他道歉？2.演唱會的票是學姊主動要幫學妹買的演唱會的座位也是學姊主動選的我不懂這位學姊到底有什麼立場跟學妹要這張專輯啊http://i.imgur.com/z9kce6h.jpg3.當學姊理直氣壯來找學妹討專輯她開口的時候其實就已經破壞兩人之間的友誼了我覺得學妹不需要顧忌撕破臉這件事情因為這位學姊已經不要臉了xd不知各位的想法如何？有沒有什麼辦法可以好聲好氣地說服學姊呢？--發信站:批踢踢實業坊(ptt.cc)來自:1.160.30.143",
    "time": "2017/05/25 11:06:41",
    "event": "click"
  },
  {
    "category": "6",
    "app": "JPTT",
    "id": "20",
    "context": "[討論]學姊想拿走學妹抽中的專輯大家晚安妹妹要好的學妹(以下簡稱學妹)遇到一件事情想聽聽女版各位的意見---學妹上禮拜天去看某個韓團的演唱會演唱會的票是委託一個社團學姊幫忙買的當初在社團認識學姊時學姊就發現學妹也喜歡這個團體所以這次男團來臺辦演唱會學姊主動密學妹說可以幫學妹買票學姊買到票了傳訊息給學妹說：兩個座位12跟1412靠走道離他們(偶像團體)比較近我要12喔學妹：好~學姊：那妳14然後她們就很開心地去看演唱會了演唱會到了尾聲主辦單位舉辦了抽票贈親筆簽名專輯的活動好巧不巧抽到座號14這時學姊就主張說：票是我買的，所以這張專輯是我的學妹苦苦哀求內心覺得這不合理啊，座位是妳挑的耶結果學姊來個強硬的態度：妳來學校要帶專輯來給我喔附上學姊傳的訊息1.http://i.imgur.com/vpnhrej.jpg2.學姊表示：我為了幫妳買到這張票，在應援會弄了很久http://i.imgur.com/0iecjxq.jpg3.學姊：我這麼辛苦買到票，這張親簽專輯是我的才對http://i.imgur.com/0tjczea.jpg-----------------------現在小學妹不知所措想想學姊態度這麼強硬到底該怎麼辦我個人的觀點是1.買票與抽中專輯是兩回事我對於搶韓星演唱會的票算稍有經驗我知道很難搶搶不到的話還要在各大應援社團每天刷換票文但我認為買票與中獎是兩回事當二人已經入座後時間點就切割開來瞭如果今天我請黃牛幫我買演唱會的票票抽中親簽專輯黃牛來找我討專輯我不給合情合理吧難道我還要向他道歉？2.演唱會的票是學姊主動要幫學妹買的演唱會的座位也是學姊主動選的我不懂這位學姊到底有什麼立場跟學妹要這張專輯啊http://i.imgur.com/z9kce6h.jpg3.當學姊理直氣壯來找學妹討專輯她開口的時候其實就已經破壞兩人之間的友誼了我覺得學妹不需要顧忌撕破臉這件事情因為這位學姊已經不要臉了xd不知各位的想法如何？有沒有什麼辦法可以好聲好氣地說服學姊呢？--發信站:批踢踢實業坊(ptt.cc)來自:1.160.30.143",
    "time": "2017/05/25 11:06:41",
    "event": "slide"
  }
]