[
  {
    "category": "7",
    "app": "JPTT",
    "id": "21",
    "context": "[問卦]發錢！有沒有兩年後結婚的八卦（發完囉，感謝大家，我此生沒花過這麼快樂的錢。）本魯妹雙性戀，經歷了五年爛初戀，將近兩年前遇見學姊，給了我超完美的戀愛，交往沒幾天就跟我求婚，打了銀戒指，跟女生交往才知道，同性不受保障的痛苦，每次說到想結婚就會哭，好怕一直到我們兩個年老都無法保護對方，我只是想跟相愛的人相守到老，跟大家一樣有一紙婚約的保障，兩年以內，我們能牽著手去登記。（登記好便宜的，婚宴就訂個餐廳大家自己付飯錢不收紅包，魯蛇結婚哪有那麼多錢啊。）老公我愛妳，一輩子。以下每推100Ｐ，發到沒錢。順便笑萌萌，科科。--發信站:批踢踢實業坊(ptt.cc)來自:114.42.230.235",
    "time": "2017/05/25 11:10:28",
    "event": "click"
  },
  {
    "category": "7",
    "app": "JPTT",
    "id": "22",
    "context": "[問卦]發錢！有沒有兩年後結婚的八卦（發完囉，感謝大家，我此生沒花過這麼快樂的錢。）本魯妹雙性戀，經歷了五年爛初戀，將近兩年前遇見學姊，給了我超完美的戀愛，交往沒幾天就跟我求婚，打了銀戒指，跟女生交往才知道，同性不受保障的痛苦，每次說到想結婚就會哭，好怕一直到我們兩個年老都無法保護對方，我只是想跟相愛的人相守到老，跟大家一樣有一紙婚約的保障，兩年以內，我們能牽著手去登記。（登記好便宜的，婚宴就訂個餐廳大家自己付飯錢不收紅包，魯蛇結婚哪有那麼多錢啊。）老公我愛妳，一輩子。以下每推100Ｐ，發到沒錢。順便笑萌萌，科科。--發信站:批踢踢實業坊(ptt.cc)來自:114.42.230.235",
    "time": "2017/05/25 11:10:28",
    "event": "slide"
  }
]