[
  {
    "category": "8",
    "app": "Line",
    "id": "23",
    "context": "嗯到了你遺落一張小朋友",
    "time": "2017/05/25 11:10:38",
    "event": "slide"
  },
  {
    "category": "8",
    "app": "Line",
    "id": "24",
    "context": "要記得吃飯",
    "time": "2017/05/25 11:10:51",
    "event": "type"
  },
  {
    "category": "8",
    "app": "Line",
    "id": "26",
    "context": "嗯到了你遺落一張小朋友要記得吃飯",
    "time": "2017/05/25 11:10:58",
    "event": "slide"
  },
  {
    "category": "8",
    "app": "Line",
    "id": "27",
    "context": "嗯到了你遺落一張小朋友要記得吃飯在上班喔?",
    "time": "2017/05/25 11:11:11",
    "event": "slide"
  },
  {
    "category": "8",
    "app": "Line",
    "id": "28",
    "context": "在幫研究生最實驗",
    "time": "2017/05/25 11:11:26",
    "event": "type"
  },
  {
    "category": "8",
    "app": "Line",
    "id": "30",
    "context": "嗯到了你遺落一張小朋友要記得吃飯在上班喔?在幫研究生最實驗",
    "time": "2017/05/25 11:11:28",
    "event": "slide"
  },
  {
    "category": "19",
    "app": "Line",
    "id": "31",
    "context": "做",
    "time": "2017/05/25 11:11:35",
    "event": "type"
  },
  {
    "category": "8",
    "app": "Line",
    "id": "33",
    "context": "嗯到了你遺落一張小朋友要記得吃飯在上班喔?在幫研究生最實驗做",
    "time": "2017/05/25 11:11:38",
    "event": "slide"
  }
]