[
  {
    "category": "6",
    "app": "Chrome",
    "id": "9",
    "context": "htcu11手機",
    "time": "2017/05/24 18:22:14",
    "event": "type"
  },
  {
    "category": "6",
    "app": "Chrome",
    "id": "10",
    "context": "htcu11手機-google搜尋",
    "time": "2017/05/24 18:22:14",
    "event": "click"
  },
  {
    "category": "6",
    "app": "Chrome",
    "id": "11",
    "context": "htcu11手機-google搜尋",
    "time": "2017/05/24 18:22:14",
    "event": "slide"
  },
  {
    "category": "6",
    "app": "Chrome",
    "id": "12",
    "context": "htcu11資費方案公佈6月四大電信開賣-sogi手機王sogi手機王為全國最大手機、平板電腦資訊與行動通訊社羣網站，提供智慧型手機、平板電腦、穿戴裝置等規格介紹、產品比價及評測報告、電信資費、軟體教學、配件與討論",
    "time": "2017/05/24 18:22:14",
    "event": "click"
  },
  {
    "category": "6",
    "app": "Chrome",
    "id": "13",
    "context": "htcu11資費方案公佈6月四大電信開賣-sogi手機王sogi手機王為全國最大手機、平板電腦資訊與行動通訊社羣網站，提供智慧型手機、平板電腦、穿戴裝置等規格介紹、產品比價及評測報告、電信資費、軟體教學、配件與討論",
    "time": "2017/05/24 18:22:15",
    "event": "slide"
  },
  {
    "category": "6",
    "app": "Chrome",
    "id": "14",
    "context": "htcu11手機-google搜尋",
    "time": "2017/05/24 18:26:11",
    "event": "click"
  },
  {
    "category": "6",
    "app": "Chrome",
    "id": "15",
    "context": "htcu11手機-google搜尋",
    "time": "2017/05/24 18:26:12",
    "event": "slide"
  },
  {
    "category": "6",
    "app": "Chrome",
    "id": "16",
    "context": "【預購】htcu11手機128gb遠傳電信4g攜碼/月繳698/30個月-手機王購物手機王首創電信資費購機合約申辦到府服務，提供中華、遠傳、臺灣大、亞太等電信業者新辦、續約、攜帶的手機購機優惠方案，無須出門由專人於您指定時間及地點前往服務，替您把關電信資費合約內容，還有更多的平板電腦、手機配件、3c連網裝置及智慧家電產品，讓您買得安心又划算!",
    "time": "2017/05/24 18:26:24",
    "event": "click"
  },
  {
    "category": "6",
    "app": "Chrome",
    "id": "17",
    "context": "【預購】htcu11手機128gb遠傳電信4g攜碼/月繳698/30個月-手機王購物手機王首創電信資費購機合約申辦到府服務，提供中華、遠傳、臺灣大、亞太等電信業者新辦、續約、攜帶的手機購機優惠方案，無須出門由專人於您指定時間及地點前往服務，替您把關電信資費合約內容，還有更多的平板電腦、手機配件、3c連網裝置及智慧家電產品，讓您買得安心又划算!",
    "time": "2017/05/24 18:26:25",
    "event": "slide"
  },
  {
    "category": "6",
    "app": "Chrome",
    "id": "18",
    "context": "htcu11手機-google搜尋",
    "time": "2017/05/24 18:26:31",
    "event": "click"
  },
  {
    "category": "6",
    "app": "Chrome",
    "id": "19",
    "context": "htcu11手機-google搜尋",
    "time": "2017/05/24 18:26:32",
    "event": "slide"
  },
  {
    "category": "6",
    "app": "Chrome",
    "id": "20",
    "context": "htcu11手機資費方案公佈6月四大電信開賣-sogi手機王sogi手機王為全國最大手機、平板電腦資訊與行動通訊社羣網站，提供智慧型手機、平板電腦、穿戴裝置等規格介紹、產品比價及評測報告、電信資費、軟體教學、配件與討論",
    "time": "2017/05/24 18:27:22",
    "event": "click"
  },
  {
    "category": "6",
    "app": "Chrome",
    "id": "21",
    "context": "htcu11手機資費方案公佈6月四大電信開賣-sogi手機王sogi手機王為全國最大手機、平板電腦資訊與行動通訊社羣網站，提供智慧型手機、平板電腦、穿戴裝置等規格介紹、產品比價及評測報告、電信資費、軟體教學、配件與討論",
    "time": "2017/05/24 18:27:23",
    "event": "slide"
  },
  {
    "category": "6",
    "app": "Chrome",
    "id": "22",
    "context": "htcu11手機-google搜尋",
    "time": "2017/05/24 18:28:04",
    "event": "click"
  },
  {
    "category": "6",
    "app": "Chrome",
    "id": "23",
    "context": "htcu11手機-google搜尋",
    "time": "2017/05/24 18:28:05",
    "event": "slide"
  },
  {
    "category": "6",
    "app": "Chrome",
    "id": "24",
    "context": "【預購】htcu11128gb手機臺灣之星4g攜碼/月繳599/30個月-手機王購物手機王首創電信資費購機合約申辦到府服務，提供中華、遠傳、臺灣大、亞太等電信業者新辦、續約、攜帶的手機購機優惠方案，無須出門由專人於您指定時間及地點前往服務，替您把關電信資費合約內容，還有更多的平板電腦、手機配件、3c連網裝置及智慧家電產品，讓您買得安心又划算!",
    "time": "2017/05/24 18:28:08",
    "event": "click"
  },
  {
    "category": "6",
    "app": "Chrome",
    "id": "25",
    "context": "【預購】htcu11128gb手機臺灣之星4g攜碼/月繳599/30個月-手機王購物手機王首創電信資費購機合約申辦到府服務，提供中華、遠傳、臺灣大、亞太等電信業者新辦、續約、攜帶的手機購機優惠方案，無須出門由專人於您指定時間及地點前往服務，替您把關電信資費合約內容，還有更多的平板電腦、手機配件、3c連網裝置及智慧家電產品，讓您買得安心又划算!",
    "time": "2017/05/24 18:28:09",
    "event": "slide"
  },
  {
    "category": "6",
    "app": "Chrome",
    "id": "26",
    "context": "htcu11手機-google搜尋",
    "time": "2017/05/24 18:32:25",
    "event": "click"
  },
  {
    "category": "6",
    "app": "Chrome",
    "id": "27",
    "context": "htcu11手機-google搜尋",
    "time": "2017/05/24 18:32:26",
    "event": "slide"
  },
  {
    "category": "6",
    "app": "Chrome",
    "id": "28",
    "context": "【閒聊】htcu11手機臺灣之星388方案...是這樣算嗎?-巴哈姆特手機版今天下午纔到地x辦理np到臺星388(綁30個月)折扣4500,預繳3600預繳的$3600,每個月帳單只會自動扣$200($3600/12個月=幫你扣18個月)等於說自己每個月,還是得繳$188(200+188=388)我單純np沒選手機,剩下的$900等卡片開通,再憑收據去領錢重點來了:合約期間內,不能提高費率(框起來的降轉資費)等於說你辦了388這21m限速方案沒辦法再往上升什麼688.788無限",
    "time": "2017/05/24 18:32:32",
    "event": "click"
  },
  {
    "category": "6",
    "app": "Chrome",
    "id": "29",
    "context": "【閒聊】htcu11手機臺灣之星388方案...是這樣算嗎?-巴哈姆特手機版今天下午纔到地x辦理np到臺星388(綁30個月)折扣4500,預繳3600預繳的$3600,每個月帳單只會自動扣$200($3600/12個月=幫你扣18個月)等於說自己每個月,還是得繳$188(200+188=388)我單純np沒選手機,剩下的$900等卡片開通,再憑收據去領錢重點來了:合約期間內,不能提高費率(框起來的降轉資費)等於說你辦了388這21m限速方案沒辦法再往上升什麼688.788無限",
    "time": "2017/05/24 18:32:34",
    "event": "slide"
  },
  {
    "category": "6",
    "app": "Chrome",
    "id": "30",
    "context": "htcu11手機-google搜尋",
    "time": "2017/05/24 18:36:42",
    "event": "click"
  },
  {
    "category": "6",
    "app": "Chrome",
    "id": "31",
    "context": "htcu11手機-google搜尋",
    "time": "2017/05/24 18:36:43",
    "event": "slide"
  },
  {
    "category": "6",
    "app": "Chrome",
    "id": "32",
    "context": "手機htcu11電信三雄6月開賣資費看這裡|即時|聯合財經網（中央社記者吳家豪臺北24日電）中華電信、臺灣大哥大、遠傳電信宣佈將於6月1日開賣htcu11手機，搭配月付新臺幣1399元資費，64gb購機價5990元，另有老客戶、攜碼及舊換新優惠。|財經",
    "time": "2017/05/24 18:36:51",
    "event": "click"
  },
  {
    "category": "6",
    "app": "Chrome",
    "id": "33",
    "context": "手機htcu11電信三雄6月開賣資費看這裡|即時|聯合財經網（中央社記者吳家豪臺北24日電）中華電信、臺灣大哥大、遠傳電信宣佈將於6月1日開賣htcu11手機，搭配月付新臺幣1399元資費，64gb購機價5990元，另有老客戶、攜碼及舊換新優惠。|財經",
    "time": "2017/05/24 18:36:52",
    "event": "slide"
  },
  {
    "category": "6",
    "app": "Chrome",
    "id": "34",
    "context": "htcu11手機-google搜尋",
    "time": "2017/05/24 18:37:37",
    "event": "click"
  },
  {
    "category": "6",
    "app": "Chrome",
    "id": "35",
    "context": "htcu11手機-google搜尋",
    "time": "2017/05/24 18:37:38",
    "event": "slide"
  },
  {
    "category": "6",
    "app": "Chrome",
    "id": "36",
    "context": "htc(android)-中華電信+htcu11手機-手機討論區-mobile01行動版什麼時候中華電信會有搭htcu11的方案？？...",
    "time": "2017/05/24 18:37:47",
    "event": "click"
  },
  {
    "category": "6",
    "app": "Chrome",
    "id": "37",
    "context": "htc(android)-中華電信+htcu11手機-手機討論區-mobile01行動版什麼時候中華電信會有搭htcu11的方案？？...",
    "time": "2017/05/24 18:37:47",
    "event": "slide"
  },
  {
    "category": "6",
    "app": "Chrome",
    "id": "38",
    "context": "htcu11手機-google搜尋",
    "time": "2017/05/24 18:36:42",
    "event": "click"
  },
  {
    "category": "6",
    "app": "Chrome",
    "id": "39",
    "context": "htcu11手機-google搜尋",
    "time": "2017/05/24 18:36:43",
    "event": "slide"
  },
  {
    "category": "6",
    "app": "Chrome",
    "id": "40",
    "context": "htc手機官網",
    "time": "2017/05/24 18:38:42",
    "event": "type"
  },
  {
    "category": "6",
    "app": "Chrome",
    "id": "41",
    "context": "htc手機官網-google搜尋",
    "time": "2017/05/24 18:38:43",
    "event": "click"
  },
  {
    "category": "6",
    "app": "Chrome",
    "id": "42",
    "context": "htc手機官網-google搜尋",
    "time": "2017/05/24 18:38:43",
    "event": "slide"
  },
  {
    "category": "6",
    "app": "Chrome",
    "id": "43",
    "context": "htc臺灣智慧型手機smartphones|htc臺灣",
    "time": "2017/05/24 18:38:49",
    "event": "click"
  },
  {
    "category": "6",
    "app": "Chrome",
    "id": "44",
    "context": "htc臺灣智慧型手機smartphones|htc臺灣",
    "time": "2017/05/24 18:38:49",
    "event": "slide"
  },
  {
    "category": "6",
    "app": "Chrome",
    "id": "45",
    "context": "htcu11手機資費方案",
    "time": "2017/05/24 18:40:59",
    "event": "type"
  },
  {
    "category": "6",
    "app": "Chrome",
    "id": "46",
    "context": "htcu11手機資費方案-google搜尋",
    "time": "2017/05/24 18:41:01",
    "event": "click"
  },
  {
    "category": "6",
    "app": "Chrome",
    "id": "47",
    "context": "htcu11手機資費方案-google搜尋",
    "time": "2017/05/24 18:41:02",
    "event": "slide"
  },
  {
    "category": "6",
    "app": "Chrome",
    "id": "48",
    "context": "htcu11手機電信通路6/1開賣，資費方案總彙整（陸續更新）(124613)-癮科技電信通路的htcu11將在6/1開賣，現在中華跟遠傳已經公佈資費方案，有興趣的朋友可以看過來。各大電電信即日起陸續公佈htcu11資費方案。凡於7/2前至中華電信申辦「大4g金讚」指...(124613)",
    "time": "2017/05/24 18:41:03",
    "event": "click"
  },
  {
    "category": "6",
    "app": "Chrome",
    "id": "49",
    "context": "htcu11手機電信通路6/1開賣，資費方案總彙整（陸續更新）(124613)-癮科技電信通路的htcu11將在6/1開賣，現在中華跟遠傳已經公佈資費方案，有興趣的朋友可以看過來。各大電電信即日起陸續公佈htcu11資費方案。凡於7/2前至中華電信申辦「大4g金讚」指...(124613)",
    "time": "2017/05/24 18:41:04",
    "event": "slide"
  },
  {
    "category": "6",
    "app": "Chrome",
    "id": "50",
    "context": "htcu11手機資費方案-google搜尋",
    "time": "2017/05/24 18:41:44",
    "event": "click"
  },
  {
    "category": "6",
    "app": "Chrome",
    "id": "51",
    "context": "htcu11手機資費方案-google搜尋",
    "time": "2017/05/24 18:41:45",
    "event": "slide"
  },
  {
    "category": "6",
    "app": "Chrome",
    "id": "52",
    "context": "指定方案0元起，htcu11手機電信資費彙整-第1頁-htc討論區-eprice行動版5/26內容更新：新增臺灣之星的htcu11手機資費方案雖然部分款式的htcu11日前已經開始出貨，不過官方表定的正式開賣日期是5月26日，至於電信通路上架的日期則是6月1日。而在6月1日之前，包含中華電信、臺灣大哥大以及遠傳電信都已經分別公佈了htcu11的資費方案。雖然htcu11本身的售價已經很有競爭力，但若你的電信合約即將約滿，想要搭配電信方案",
    "time": "2017/05/24 18:41:47",
    "event": "click"
  },
  {
    "category": "6",
    "app": "Chrome",
    "id": "53",
    "context": "指定方案0元起，htcu11手機電信資費彙整-第1頁-htc討論區-eprice行動版5/26內容更新：新增臺灣之星的htcu11手機資費方案雖然部分款式的htcu11日前已經開始出貨，不過官方表定的正式開賣日期是5月26日，至於電信通路上架的日期則是6月1日。而在6月1日之前，包含中華電信、臺灣大哥大以及遠傳電信都已經分別公佈了htcu11的資費方案。雖然htcu11本身的售價已經很有競爭力，但若你的電信合約即將約滿，想要搭配電信方案",
    "time": "2017/05/24 18:41:47",
    "event": "slide"
  },
  {
    "category": "6",
    "app": "Line",
    "id": "62",
    "context": "等到htcu11手機了哈哈",
    "time": "2017/05/24 18:51:42",
    "event": "type"
  },
  {
    "category": "6",
    "app": "Line",
    "id": "64",
    "context": "嗯啊哈哈別緊張嚇到我了哈哈掰滾昨天改的那臺有隻somesensor要換....厄好等到htcu11手機了哈哈",
    "time": "2017/05/24 18:51:43",
    "event": "slide"
  },
  {
    "category": "6",
    "app": "Line",
    "id": "70",
    "context": "你也太早了吧。。騎太快呀沒事看錯時間。。。要不要換臺灣之星好猶豫哦哈哈換呀很不錯呀是哦，真假我手機網路也會借電腦用會玩遊戲你用會頓嗎？有時候看影片會但是還可以接受是哦可以去門市申請試用一個月會給你sim卡申請會很麻煩嗎？遠傳太不親民了不會呀如果999我還可以接受現在都要1399才能吃到飽填個資料好扯唉~重點是他們家很爛還好速度我可以接受我想買htcu11哈哈網點很少呀哈哈用贏來的錢xd感覺很棒好爽還有總冠軍還沒出來現在只有2萬多而已",
    "time": "2017/05/24 19:06:33",
    "event": "slide"
  },
  {
    "category": "6",
    "app": "Line",
    "id": "71",
    "context": "上次再網路門市看到699的辦理了結果想搭配手機哈哈",
    "time": "2017/05/24 19:06:40",
    "event": "type"
  },
  {
    "category": "6",
    "app": "Line",
    "id": "73",
    "context": "你也太早了吧。。騎太快呀沒事看錯時間。。。要不要換臺灣之星好猶豫哦哈哈換呀很不錯呀是哦，真假我手機網路也會借電腦用會玩遊戲你用會頓嗎？有時候看影片會但是還可以接受是哦可以去門市申請試用一個月會給你sim卡申請會很麻煩嗎？遠傳太不親民了不會呀如果999我還可以接受現在都要1399才能吃到飽填個資料好扯唉~重點是他們家很爛還好速度我可以接受我想買htcu11哈哈網點很少呀哈哈用贏來的錢xd感覺很棒好爽還有總冠軍還沒出來現在只有2萬多而已上次再網路門市看到699的辦理了結果想搭配手機哈哈",
    "time": "2017/05/24 19:06:41",
    "event": "slide"
  }
]