[
  {
    "category": "1",
    "app": "Dcard",
    "id": "1",
    "context": "#更#圖端午節，玩蛋了5/31更新看留言有人發現有偷灑鹽了哈哈其實這就是立蛋的偷吃步啦用一點鹽巴讓他面積變多站起來～不過每顆在畫之前我都有先裸立看看xd確實是可以的唷-端午節就是要立蛋突發奇想，想說圓圓的不好立就幫蛋加上了一些方線嗯嗯果然畫了以後就變好立了結果有點畫上癮矗立的101最近去衝浪，也是蠻需要平衡感的敝校小有名氣的啦啦隊跟上一股時事潮，委員不要隻立蛋快修法啊想一想還能畫什麼再來個端午主題排排站好～～～端午節快樂啦玩到快變復活節了啊立蛋怎麼立？網路上都流傳著很多祕方的是說一盒蛋有十顆還剩下四顆，要畫什麼啊～～～",
    "time": "2017/05/31 17:57:09",
    "event": "click"
  },
  {
    "category": "1",
    "app": "Dcard",
    "id": "2",
    "context": "#更#圖端午節，玩蛋了5/31更新看留言有人發現有偷灑鹽了哈哈其實這就是立蛋的偷吃步啦用一點鹽巴讓他面積變多站起來～不過每顆在畫之前我都有先裸立看看xd確實是可以的唷-端午節就是要立蛋突發奇想，想說圓圓的不好立就幫蛋加上了一些方線嗯嗯果然畫了以後就變好立了結果有點畫上癮矗立的101最近去衝浪，也是蠻需要平衡感的敝校小有名氣的啦啦隊跟上一股時事潮，委員不要隻立蛋快修法啊想一想還能畫什麼再來個端午主題排排站好～～～端午節快樂啦玩到快變復活節了啊立蛋怎麼立？網路上都流傳著很多祕方的是說一盒蛋有十顆還剩下四顆，要畫什麼啊～～～",
    "time": "2017/05/31 17:57:09",
    "event": "slide"
  }
]