[
  {
    "category": "10",
    "app": "Dcard",
    "id": "19",
    "context": "妳怎麼都沒有感覺阿嬤⋯⋯⋯阿嬤⋯⋯⋯.......................因為你壓到的是阿公！-截取自<網路笑話冠軍>圖片來自我的相簿啊啊…不是，來自網路。",
    "time": "2017/05/31 18:05:29",
    "event": "click"
  },
  {
    "category": "10",
    "app": "Dcard",
    "id": "20",
    "context": "妳怎麼都沒有感覺阿嬤⋯⋯⋯阿嬤⋯⋯⋯.......................因為你壓到的是阿公！-截取自<網路笑話冠軍>圖片來自我的相簿啊啊…不是，來自網路。",
    "time": "2017/05/31 18:05:29",
    "event": "slide"
  }
]