[
  {
    "category": "13",
    "app": "Dcard",
    "id": "25",
    "context": "我媽逼問我是不是懷孕了?先祝大家糉子節快樂✨✨✨這是在外地讀書的我連假回家發生的趣事發上來給大家笑笑第一次在有趣板發文有不妥請見諒?以下正文開始↓↓↓我在南部讀大學可是家在臺北平常假日要打工通常都是一個月才回家一次11月底~12月媽媽生日12月底~1月聖誕節+老哥生日1月底~2月春節連假2月底~3月228連假3月底~4月清明節連假4月底~5月我的生日5月底~6月端午節連假而我的小紅週期算滿穩定的幾乎都是月底到下個月初來所以每次回家都剛好小紅期間?就在今天下午我帶回來的棉棉用完了跟母親大人借機車要去買新的母親大人給我鑰匙時突然嚴肅的說「妳為什麼每次回家都那個來？」「妳是不是其實懷孕了！每次都故意讓我知道妳那個來纔不會懷疑妳懷孕！?」「妳是不是其實懷孕了！每次都故意讓我知道妳那個來纔不會懷疑妳懷孕！?」「妳是不是其實懷孕了！每次都故意讓我知道妳那個來纔不會懷疑妳懷孕！?」我→????這什麼神邏輯啦?????再說您女兒我根本沒有閃魯了21年是要怎麼懷孕???什麼事都別說了我自己撿玻璃心碎片嗚嗚…",
    "time": "2017/05/31 18:06:59",
    "event": "click"
  },
  {
    "category": "13",
    "app": "Dcard",
    "id": "26",
    "context": "我媽逼問我是不是懷孕了?先祝大家糉子節快樂✨✨✨這是在外地讀書的我連假回家發生的趣事發上來給大家笑笑第一次在有趣板發文有不妥請見諒?以下正文開始↓↓↓我在南部讀大學可是家在臺北平常假日要打工通常都是一個月才回家一次11月底~12月媽媽生日12月底~1月聖誕節+老哥生日1月底~2月春節連假2月底~3月228連假3月底~4月清明節連假4月底~5月我的生日5月底~6月端午節連假而我的小紅週期算滿穩定的幾乎都是月底到下個月初來所以每次回家都剛好小紅期間?就在今天下午我帶回來的棉棉用完了跟母親大人借機車要去買新的母親大人給我鑰匙時突然嚴肅的說「妳為什麼每次回家都那個來？」「妳是不是其實懷孕了！每次都故意讓我知道妳那個來纔不會懷疑妳懷孕！?」「妳是不是其實懷孕了！每次都故意讓我知道妳那個來纔不會懷疑妳懷孕！?」「妳是不是其實懷孕了！每次都故意讓我知道妳那個來纔不會懷疑妳懷孕！?」我→????這什麼神邏輯啦?????再說您女兒我根本沒有閃魯了21年是要怎麼懷孕???什麼事都別說了我自己撿玻璃心碎片嗚嗚…",
    "time": "2017/05/31 18:06:59",
    "event": "slide"
  }
]