[
  {
    "category": "15",
    "app": "Dcard",
    "id": "27",
    "context": "#黑特這羣人高雄音樂會其實這篇文不是要黑特這羣人，而是當時的狀況，我當天去看我真的很開心，他們用心的準備每一場表演，無論什麼時候他們永遠都有笑容，我真心覺得來這場音樂會是對的！好慶幸我自己有買到票下次還想來！但是......整場我真的沒辦法非常開心，因為他有寫場內禁止錄音錄影，我不懂為什麼還有那麼多人拿手機、自拍棒、相機，我不算矮可是那個手機一拿起來拍我真的不太知道我在看什麼更何況我朋友超嬌小的，我知道他們有cue說可以把手機手電筒拿出來製造氣氛，那個我覺得沒關係因為是他們要求希望的，可是錄影？拍照？人人一臺手機真的看不到什麼一直找角度都幾乎會被擋到...我覺得不用說當初早點來擠前面就好的話，因為是有寫說禁止這樣的，再加上自拍棒，我其實一入場就一直在看有拿自拍棒的人，不是我故意要找是真的離我們很近，我覺的很危險，他都被列為不能上飛機的東西了，人多的地方拿出來真的不會打到人嗎？最後結束的握手會，我也好開心！沒想到還有握手會！而且他說每個人一定握的到！ㄧ定握的到。那可想而知大家都想握勢必就會等比較久的時間，所以如果妳想趕快握到，真心覺得也不要奔跑。在散場、人很多，你這樣跑很危險會撞到人，我跟我朋友就是那個被撞到的，你撞到就撞到為什麼連一句不好意思都沒說就跑走了？不是說每個人一定握的到嗎？其實我真的真的很喜歡這羣人，也覺得我來音樂會是對的，我不後悔，唯一美中不足的大概就是場內舉起的手機們吧...我大概可以理解興奮的心情，想照他們的心情，可是如果你今天就是不幸被擋住看不到的那個要怎麼辦？附上一張他們我超愛的照片❤️❤️❤️還是希望他們可以再次來高雄開音樂會的?（只是下次就希望可以強烈宣導一下了...）ps首次發文如果有錯請糾正謝謝?",
    "time": "2017/05/31 18:08:04",
    "event": "click"
  },
  {
    "category": "15",
    "app": "Dcard",
    "id": "28",
    "context": "#黑特這羣人高雄音樂會其實這篇文不是要黑特這羣人，而是當時的狀況，我當天去看我真的很開心，他們用心的準備每一場表演，無論什麼時候他們永遠都有笑容，我真心覺得來這場音樂會是對的！好慶幸我自己有買到票下次還想來！但是......整場我真的沒辦法非常開心，因為他有寫場內禁止錄音錄影，我不懂為什麼還有那麼多人拿手機、自拍棒、相機，我不算矮可是那個手機一拿起來拍我真的不太知道我在看什麼更何況我朋友超嬌小的，我知道他們有cue說可以把手機手電筒拿出來製造氣氛，那個我覺得沒關係因為是他們要求希望的，可是錄影？拍照？人人一臺手機真的看不到什麼一直找角度都幾乎會被擋到...我覺得不用說當初早點來擠前面就好的話，因為是有寫說禁止這樣的，再加上自拍棒，我其實一入場就一直在看有拿自拍棒的人，不是我故意要找是真的離我們很近，我覺的很危險，他都被列為不能上飛機的東西了，人多的地方拿出來真的不會打到人嗎？最後結束的握手會，我也好開心！沒想到還有握手會！而且他說每個人一定握的到！ㄧ定握的到。那可想而知大家都想握勢必就會等比較久的時間，所以如果妳想趕快握到，真心覺得也不要奔跑。在散場、人很多，你這樣跑很危險會撞到人，我跟我朋友就是那個被撞到的，你撞到就撞到為什麼連一句不好意思都沒說就跑走了？不是說每個人一定握的到嗎？其實我真的真的很喜歡這羣人，也覺得我來音樂會是對的，我不後悔，唯一美中不足的大概就是場內舉起的手機們吧...我大概可以理解興奮的心情，想照他們的心情，可是如果你今天就是不幸被擋住看不到的那個要怎麼辦？附上一張他們我超愛的照片❤️❤️❤️還是希望他們可以再次來高雄開音樂會的?（只是下次就希望可以強烈宣導一下了...）ps首次發文如果有錯請糾正謝謝?",
    "time": "2017/05/31 18:08:04",
    "event": "slide"
  }
]