[
  {
    "category": "16",
    "app": "Dcard",
    "id": "29",
    "context": "最近穿搭✨#163哈囉大家好～?有一陣子沒有在穿搭板發文了！這次想跟大家分享最近我的穿搭那趕快來看看吧☺️☺️☺️p.s這次用不同的方式呈現希望你們會喜歡～前面的名字都是我亂取的喔?1.✨小紅文青女孩✨這套我的想法是紅色x黑色是我很喜歡的配色✨但又不想要全身黑嚕嚕所以搭配了一件白色長百摺，鞋子是編織鞋～～第一次嘗試?以前總會覺得這種鞋很難配但實際穿起來竟然不會耶帶點可愛的感覺???你們有人也喜歡編織鞋嗎～～?☝️實際穿上☝長版衣服讓我看起來更高了???不想讓頭上看起來空空的這時候髮帶是妳的好朋友?顏色也是帶點紅色有點像絲巾的感覺～2.✨粉紅日系女孩✨第二套走一個比較甜美粉色系?我覺得粉x灰也是一個很好看的配色一種溫柔低調的感覺～～外套搭配萬年不敗的牛仔外套中和掉甜美帶一點率性?鞋子搭配淺紫色的nb球鞋～也是粉嫩的顏色一樣頭上也有髮帶～跟鞋子呼應也是淺紫色?☝實際穿上☝我自己很喜歡這種長版洋裝啊衣服之類的我覺得很方便看起來也比較高?這件下面有做魚尾設計不會讓人覺得很像睡衣！3.✨俏皮粉白女孩✨接著第三套是很典型的大學生穿搭啦～～一件可愛的短t配上白色短百摺～～看起來活力100分???顏色搭配方麪粉x白是一個零失誤的配色?我覺得大家可以試試看，而且看起來年輕好多！☝實際穿上☝泡泡先生超可愛???我的新歡❤️我也有泡泡先生的襪子搭起來一定很可愛哈哈4.✨氣質公主女孩✨這套讓我感覺滿像小公主的?但又帶點復古，因為包包是花花的鞋子也是復古咖啡????如果覺得綠色啊藍色那種感覺很難搭的顏色我的建議是搭配白色，因為白色是最安全的顏色～☝️實際穿上☝️上衣是雪紡荷葉袖可以修飾手臂裙子繫上了圓環的皮帶～讓整體多加了一點小巧思！5.✨海邊渡假女孩✨燈燈燈～～來到了最後一套?是不是很夏天哈哈哈看了都想去海邊玩了?️裡面搭配的是雕花全白小洋裝，外面搭配的是民族風罩衫說到渡假當然不能少了草帽和夾腳拖啊啊啊?如果包包換編織包會更像去海邊，但因為我沒有購入所以就搭配這個包～全身是allwhite的搭配讓人視覺上就減了好多度看了很清爽～～外套是那種完全不會熱的，主要是防曬用?真的很建議夏天可以購入一些這種罩衫式外套！耶～打完了☺️希望這種的呈現方式你們會喜歡也希望你們會喜歡這次五套的搭配！！?想問穿搭資訊如果我還記得我會跟你說但如果是很久以前的可能就都買不到囉～滿多都是以前的?那就這樣啦謝謝大家?",
    "time": "2017/05/31 18:09:09",
    "event": "click"
  },
  {
    "category": "16",
    "app": "Dcard",
    "id": "30",
    "context": "最近穿搭✨#163哈囉大家好～?有一陣子沒有在穿搭板發文了！這次想跟大家分享最近我的穿搭那趕快來看看吧☺️☺️☺️p.s這次用不同的方式呈現希望你們會喜歡～前面的名字都是我亂取的喔?1.✨小紅文青女孩✨這套我的想法是紅色x黑色是我很喜歡的配色✨但又不想要全身黑嚕嚕所以搭配了一件白色長百摺，鞋子是編織鞋～～第一次嘗試?以前總會覺得這種鞋很難配但實際穿起來竟然不會耶帶點可愛的感覺???你們有人也喜歡編織鞋嗎～～?☝️實際穿上☝長版衣服讓我看起來更高了???不想讓頭上看起來空空的這時候髮帶是妳的好朋友?顏色也是帶點紅色有點像絲巾的感覺～2.✨粉紅日系女孩✨第二套走一個比較甜美粉色系?我覺得粉x灰也是一個很好看的配色一種溫柔低調的感覺～～外套搭配萬年不敗的牛仔外套中和掉甜美帶一點率性?鞋子搭配淺紫色的nb球鞋～也是粉嫩的顏色一樣頭上也有髮帶～跟鞋子呼應也是淺紫色?☝實際穿上☝我自己很喜歡這種長版洋裝啊衣服之類的我覺得很方便看起來也比較高?這件下面有做魚尾設計不會讓人覺得很像睡衣！3.✨俏皮粉白女孩✨接著第三套是很典型的大學生穿搭啦～～一件可愛的短t配上白色短百摺～～看起來活力100分???顏色搭配方麪粉x白是一個零失誤的配色?我覺得大家可以試試看，而且看起來年輕好多！☝實際穿上☝泡泡先生超可愛???我的新歡❤️我也有泡泡先生的襪子搭起來一定很可愛哈哈4.✨氣質公主女孩✨這套讓我感覺滿像小公主的?但又帶點復古，因為包包是花花的鞋子也是復古咖啡????如果覺得綠色啊藍色那種感覺很難搭的顏色我的建議是搭配白色，因為白色是最安全的顏色～☝️實際穿上☝️上衣是雪紡荷葉袖可以修飾手臂裙子繫上了圓環的皮帶～讓整體多加了一點小巧思！5.✨海邊渡假女孩✨燈燈燈～～來到了最後一套?是不是很夏天哈哈哈看了都想去海邊玩了?️裡面搭配的是雕花全白小洋裝，外面搭配的是民族風罩衫說到渡假當然不能少了草帽和夾腳拖啊啊啊?如果包包換編織包會更像去海邊，但因為我沒有購入所以就搭配這個包～全身是allwhite的搭配讓人視覺上就減了好多度看了很清爽～～外套是那種完全不會熱的，主要是防曬用?真的很建議夏天可以購入一些這種罩衫式外套！耶～打完了☺️希望這種的呈現方式你們會喜歡也希望你們會喜歡這次五套的搭配！！?想問穿搭資訊如果我還記得我會跟你說但如果是很久以前的可能就都買不到囉～滿多都是以前的?那就這樣啦謝謝大家?",
    "time": "2017/05/31 18:09:09",
    "event": "slide"
  },
  {
    "category": "16",
    "app": "Dcard",
    "id": "43",
    "context": "#圖我的化妝包內容分享?想和大家分享一些化妝包裡每天必用的小物～首先從底妝開始！左邊是霓淨思的玻尿酸妝前保濕精華這瓶是我買雜誌送的哈哈哈一開始擠出來是膏狀的擦到臉上會有點化成水味道是香香的化妝品味但是我覺得他每次都要擠很多下才能塗全臉用量蠻大的?右邊的是apieu&marymond聯名款山茶花系列氣墊粉餅打開來是膚色氣墊網狀設計很好壓也很均勻～而且他很香！唯一的缺點是很黏我是混合肌用遮瑕款21號色不會很乾唷?遮瑕類左邊是wetnwild遮瑕膏色號#ivory當初買是因為nars的遮瑕色號我買太深了買來混色但是後來發現加在一起會很乾所以我就分開用了味道不太好聞我不喜歡哈哈哈哈哈但是用在小疤痕上蠻好遮的右邊是clio的killcover遮瑕系列橘色的說專門遮黑眼圈的clio的遮瑕一直都很不錯推薦給大家❤️❤️都是海綿刷頭～clio霧感包裝真的超級美的定妝類上面是etudehouse的抗油透明蜜粉配色超級可愛的海綿很好捏很厚蜜粉是一種維他命c的味道我很喜歡右邊是canmake的棉花糖蜜粉餅這個是我出門一定會帶的粉質很細我超級愛屯了很多去日本買大約250（日本有單賣替換芯）我都直接買來換的比較環保左邊是ka的修容質感很好還有附一個絲絨的袋子收納修容起來臉真的小死差很多哈哈哈哈很容易飛粉！但我不介意他太好用了(˶‾᷄⁻̫‾᷅˵)附上打開的樣子?眼妝類左邊是ponyeffect女神玩色彩妝盤珠光版粉很細偏光真的超強超美右邊是tarteinbloom眼影盤刷具分別是sigmaf25打亮刷我都用來刷ka修容sigmae45重點刷眼尾的部分非常的好渲染zoeva#228luxecrease我喜歡用來打底色pony的刷色tarte我有分享過所以就不再多說了～可以點我的卡稱看看?眉毛/眼線類上面眼線膠是tonymoly咖啡色這！真！的！超級好用大約8小時才會一點點的暈開（我用kissme的眼線筆都會暈的不成人樣?）第二個是花漾美姬的眉筆他後來改版了變成一頭是眉粉所以查不到名字???這款我很喜歡她是細頭的當初買是說也很適合當眼線膠筆真的很適合！趕時間或不想要眼線太搶戲就會用這個?最下面是大家都很熟悉的etudehouse眉筆真的是便宜又好用❤️打開的樣子～眼線膠筆附的筆很好用但是每次都要洗後用會比較好畫不然乾掉搓到眼睛很痛畫出來的眼線也會很硬不均勻?睫毛類上面是kissme花漾美姬系列順翹自然捲濃密防水睫毛膏黑色款我覺得黑色會讓睫毛比較多的感覺哈哈哈哈哈但我會暈???所以只用上睫毛下睫毛是innisfree根根分明睫毛膏系列纖長款刷頭超細用起來非常非常自然我超愛的然後是無印良品的攜帶型睫毛夾真的是我的蜜糖可以找回遺失的睫毛我也很愛他的設計超有質感的！脣膏類我是乾脣人所以喜歡水潤型的脣膏❤️上面是bobbibrown的精萃修護脣膏#20coralpop是一個超級美麗的橘紅色精萃修護系列都有很好聞的精油味但熱天好像有點融化的感覺哈哈哈哈持色還好比較是水潤型的吃完東西都需要補然後是aritaum的水潤脣膏#14這款現在好像買不到了她是只能轉出不能轉進去的應該是因為真的太軟了怕斷掉附上之前很紅的#14claret試色很可惜14我用起來年紀很大???最後是定妝噴霧是mac的prep+primefix+保濕噴霧他很香我會隨身攜帶小瓶分裝（大創買的）補妝後噴來定妝❤️最後附上我的化妝包～好像是贈品容量很大但是沒有隔層❤️❤️❤️平常在家畫完出門我只會帶脣膏跟canmake蜜粉餅補妝還有噴霧很方便也很夠用！希望大家喜歡?有問題可以在下面留言唷我再仔細回覆你～",
    "time": "2017/05/31 18:23:39",
    "event": "click"
  },
  {
    "category": "16",
    "app": "Dcard",
    "id": "44",
    "context": "#圖我的化妝包內容分享?想和大家分享一些化妝包裡每天必用的小物～首先從底妝開始！左邊是霓淨思的玻尿酸妝前保濕精華這瓶是我買雜誌送的哈哈哈一開始擠出來是膏狀的擦到臉上會有點化成水味道是香香的化妝品味但是我覺得他每次都要擠很多下才能塗全臉用量蠻大的?右邊的是apieu&marymond聯名款山茶花系列氣墊粉餅打開來是膚色氣墊網狀設計很好壓也很均勻～而且他很香！唯一的缺點是很黏我是混合肌用遮瑕款21號色不會很乾唷?遮瑕類左邊是wetnwild遮瑕膏色號#ivory當初買是因為nars的遮瑕色號我買太深了買來混色但是後來發現加在一起會很乾所以我就分開用了味道不太好聞我不喜歡哈哈哈哈哈但是用在小疤痕上蠻好遮的右邊是clio的killcover遮瑕系列橘色的說專門遮黑眼圈的clio的遮瑕一直都很不錯推薦給大家❤️❤️都是海綿刷頭～clio霧感包裝真的超級美的定妝類上面是etudehouse的抗油透明蜜粉配色超級可愛的海綿很好捏很厚蜜粉是一種維他命c的味道我很喜歡右邊是canmake的棉花糖蜜粉餅這個是我出門一定會帶的粉質很細我超級愛屯了很多去日本買大約250（日本有單賣替換芯）我都直接買來換的比較環保左邊是ka的修容質感很好還有附一個絲絨的袋子收納修容起來臉真的小死差很多哈哈哈哈很容易飛粉！但我不介意他太好用了(˶‾᷄⁻̫‾᷅˵)附上打開的樣子?眼妝類左邊是ponyeffect女神玩色彩妝盤珠光版粉很細偏光真的超強超美右邊是tarteinbloom眼影盤刷具分別是sigmaf25打亮刷我都用來刷ka修容sigmae45重點刷眼尾的部分非常的好渲染zoeva#228luxecrease我喜歡用來打底色pony的刷色tarte我有分享過所以就不再多說了～可以點我的卡稱看看?眉毛/眼線類上面眼線膠是tonymoly咖啡色這！真！的！超級好用大約8小時才會一點點的暈開（我用kissme的眼線筆都會暈的不成人樣?）第二個是花漾美姬的眉筆他後來改版了變成一頭是眉粉所以查不到名字???這款我很喜歡她是細頭的當初買是說也很適合當眼線膠筆真的很適合！趕時間或不想要眼線太搶戲就會用這個?最下面是大家都很熟悉的etudehouse眉筆真的是便宜又好用❤️打開的樣子～眼線膠筆附的筆很好用但是每次都要洗後用會比較好畫不然乾掉搓到眼睛很痛畫出來的眼線也會很硬不均勻?睫毛類上面是kissme花漾美姬系列順翹自然捲濃密防水睫毛膏黑色款我覺得黑色會讓睫毛比較多的感覺哈哈哈哈哈但我會暈???所以只用上睫毛下睫毛是innisfree根根分明睫毛膏系列纖長款刷頭超細用起來非常非常自然我超愛的然後是無印良品的攜帶型睫毛夾真的是我的蜜糖可以找回遺失的睫毛我也很愛他的設計超有質感的！脣膏類我是乾脣人所以喜歡水潤型的脣膏❤️上面是bobbibrown的精萃修護脣膏#20coralpop是一個超級美麗的橘紅色精萃修護系列都有很好聞的精油味但熱天好像有點融化的感覺哈哈哈哈持色還好比較是水潤型的吃完東西都需要補然後是aritaum的水潤脣膏#14這款現在好像買不到了她是只能轉出不能轉進去的應該是因為真的太軟了怕斷掉附上之前很紅的#14claret試色很可惜14我用起來年紀很大???最後是定妝噴霧是mac的prep+primefix+保濕噴霧他很香我會隨身攜帶小瓶分裝（大創買的）補妝後噴來定妝❤️最後附上我的化妝包～好像是贈品容量很大但是沒有隔層❤️❤️❤️平常在家畫完出門我只會帶脣膏跟canmake蜜粉餅補妝還有噴霧很方便也很夠用！希望大家喜歡?有問題可以在下面留言唷我再仔細回覆你～",
    "time": "2017/05/31 18:23:39",
    "event": "slide"
  }
]