[
  {
    "category": "17",
    "app": "Dcard",
    "id": "31",
    "context": "我殺了人，馬上得到報應手機排版...請見諒...事情就發生在剛剛其實是我昨天晚上做到的夢?夢裡我跟閃光被一羣壞人綁架，他們要把我們關進廁所裡面要把我們活活燒死，然後我們就在廁所跟他們打了起來，經過一番的打鬥，變成我們把他們關進廁所?我跟閃光說：「就把他們燒了吧！」然後壞人就死了。之後我跟閃光討論，都認為應該要把屍體藏起來，不然會被其他人發現我們殺了人，我就跟閃說我不敢看這些遺體...他就說那他自己去清廁所。當他清完，廁所跟原本一樣，非常的乾淨！然後我不知道我在夢裡怎麼會這樣說我跟閃說...「廁所非常的乾淨，那我可以上廁所嗎？」☺️->?->?->?->?我就尿牀了?????都大學了還會尿牀真的是丟臉到不行?",
    "time": "2017/05/31 18:11:49",
    "event": "click"
  },
  {
    "category": "17",
    "app": "Dcard",
    "id": "32",
    "context": "我殺了人，馬上得到報應手機排版...請見諒...事情就發生在剛剛其實是我昨天晚上做到的夢?夢裡我跟閃光被一羣壞人綁架，他們要把我們關進廁所裡面要把我們活活燒死，然後我們就在廁所跟他們打了起來，經過一番的打鬥，變成我們把他們關進廁所?我跟閃光說：「就把他們燒了吧！」然後壞人就死了。之後我跟閃光討論，都認為應該要把屍體藏起來，不然會被其他人發現我們殺了人，我就跟閃說我不敢看這些遺體...他就說那他自己去清廁所。當他清完，廁所跟原本一樣，非常的乾淨！然後我不知道我在夢裡怎麼會這樣說我跟閃說...「廁所非常的乾淨，那我可以上廁所嗎？」☺️->?->?->?->?我就尿牀了?????都大學了還會尿牀真的是丟臉到不行?",
    "time": "2017/05/31 18:11:49",
    "event": "slide"
  }
]