[
  {
    "category": "18",
    "app": "Dcard",
    "id": "33",
    "context": "#黑特公館陳x鼎身為專業的公館人，過去在朋友論及公館美食時，我都會驕傲的跟他們說來公館就是要喝青蛙撞奶阿！但現在的我已經不會這麼說了，從它開張的小攤子一路follow到現在這家店越來越讓我失望⋯⋯過去，每杯都濃醇香，用料實在不加水現在，忘情水以為我不知道是什麼？還越加越多⋯⋯過去，一杯30塊，好喝好喜歡現在，一杯竟然要40，我的老天鵝過去，陳x鼎本人親自站店，服務態度優質現在，請了一堆不知道是外勞還是外籍配偶，促進經濟發展固然好，但找錢都用丟的，口氣十分差，超沒禮貌⋯⋯光衝著它服務態度差這點就足矣我以後絕不去消費了！希望你在賺大錢的同時，記得你10年前的初衷！陳先生！我知道3個都是他老婆(附近店家提供)-公館活了24年的人路過",
    "time": "2017/05/31 18:14:52",
    "event": "click"
  },
  {
    "category": "18",
    "app": "Dcard",
    "id": "34",
    "context": "#黑特公館陳x鼎身為專業的公館人，過去在朋友論及公館美食時，我都會驕傲的跟他們說來公館就是要喝青蛙撞奶阿！但現在的我已經不會這麼說了，從它開張的小攤子一路follow到現在這家店越來越讓我失望⋯⋯過去，每杯都濃醇香，用料實在不加水現在，忘情水以為我不知道是什麼？還越加越多⋯⋯過去，一杯30塊，好喝好喜歡現在，一杯竟然要40，我的老天鵝過去，陳x鼎本人親自站店，服務態度優質現在，請了一堆不知道是外勞還是外籍配偶，促進經濟發展固然好，但找錢都用丟的，口氣十分差，超沒禮貌⋯⋯光衝著它服務態度差這點就足矣我以後絕不去消費了！希望你在賺大錢的同時，記得你10年前的初衷！陳先生！我知道3個都是他老婆(附近店家提供)-公館活了24年的人路過",
    "time": "2017/05/31 18:14:52",
    "event": "slide"
  }
]