[
  {
    "category": "19",
    "app": "Dcard",
    "id": "35",
    "context": "#圖終於不用每天畫眉毛基於我是一個無眉道人，然後每天都要花5-10分鐘畫眉毛...之後我決定去做眉毛！！雖然這種事好像媽媽那個年代會做，但現在的技術認真跟以前不一樣ㄌ?效果維持3-5年，顏色不會變成藍綠色！！囉嗦太多直接上圖（照片0碼高清?現在上妝只要10分鐘???用完眉毛跟眼線真的很方便！素顏都超有精神??",
    "time": "2017/05/31 18:16:55",
    "event": "click"
  },
  {
    "category": "19",
    "app": "Dcard",
    "id": "36",
    "context": "#圖終於不用每天畫眉毛基於我是一個無眉道人，然後每天都要花5-10分鐘畫眉毛...之後我決定去做眉毛！！雖然這種事好像媽媽那個年代會做，但現在的技術認真跟以前不一樣ㄌ?效果維持3-5年，顏色不會變成藍綠色！！囉嗦太多直接上圖（照片0碼高清?現在上妝只要10分鐘???用完眉毛跟眼線真的很方便！素顏都超有精神??",
    "time": "2017/05/31 18:16:55",
    "event": "slide"
  }
]