[
  {
    "category": "2",
    "app": "Dcard",
    "id": "3",
    "context": "下輩子再當你的新娘5/28下午你要去找朋友你們要一起去海邊過了三個小時你朋友緊張的密我說你們連會和都沒有我開始害怕了狂打你的電話接起來的是警察說你出車禍了要我聯絡你的家屬你爸告訴我你已經走了要我不要去醫院了為什麼為什麼要我如何接受不是說好要一起走完人生為什麼這次丟下我了不是什麼都要聽我的嗎為什麼這次不聽了呢不是還在討論畢業後要工作還是繼續讀書還在討論要生兩個小孩一男一女每次逛愛迪達我都說要買stansmith給小孩穿我說以後不要打小孩用講的就好我說你要乖才嫁給你還記得嗎一年前在狄卡抽到你真的覺得你講話超油超煩每次都想已讀你不理你可是又覺得你好可愛沒想到最後我還是被你騙走了在一起還不到一年為什麼你就這樣走了回憶湧上心頭第三天了每次都想好好睡覺讓你來找我但是怎麼樣都睡不著你朋友說我不睡覺你要怎麼來找我可是一想到你我的眼淚就掉個不停這路該怎麼走好想你再抱抱我跟我說沒事好想你再說我哭起來很醜好想你每次都罵我穿太少好想你每天問我有沒有乖乖吃飯好想你逼我去睡覺不讓我熬夜好想騎車的時候再捏你肚子說我要再把你養胖好想再聽你說每天學校的事打工發生的事但是這些都再也不可能了現在的你在哪呢是不是也在旁邊看著我如果可以的話來夢裡找我好不好我會好好生活好好睡覺乖乖吃飯所以答應我你也要好好照顧自己好不好你說過什麼都要聽我的這次也要好不好再也沒有苦痛了在你的世界希望你可以開開心心不用再打工不用再擔心自己要被當了不用煩惱明天早八起不來然後也不用擔心我因為我會好好的這是我答應你的我們的緣分就到這這輩子來不及實現的承諾下輩子我等你再牽我的手再當你的新娘-再也不能從這隻手機得到任何你的回覆2017/05/30給我的洋我不會叫你加油不會要你好好照顧自己不管我說什麼，對你來說永遠都像是隔岸觀火，因為我沒有經歷過，那種很痛的別離。想給你一個擁抱，難過就大聲的哭吧，哭泣也是一種健康情緒的表達",
    "time": "2017/05/31 17:57:40",
    "event": "click"
  },
  {
    "category": "2",
    "app": "Dcard",
    "id": "4",
    "context": "下輩子再當你的新娘5/28下午你要去找朋友你們要一起去海邊過了三個小時你朋友緊張的密我說你們連會和都沒有我開始害怕了狂打你的電話接起來的是警察說你出車禍了要我聯絡你的家屬你爸告訴我你已經走了要我不要去醫院了為什麼為什麼要我如何接受不是說好要一起走完人生為什麼這次丟下我了不是什麼都要聽我的嗎為什麼這次不聽了呢不是還在討論畢業後要工作還是繼續讀書還在討論要生兩個小孩一男一女每次逛愛迪達我都說要買stansmith給小孩穿我說以後不要打小孩用講的就好我說你要乖才嫁給你還記得嗎一年前在狄卡抽到你真的覺得你講話超油超煩每次都想已讀你不理你可是又覺得你好可愛沒想到最後我還是被你騙走了在一起還不到一年為什麼你就這樣走了回憶湧上心頭第三天了每次都想好好睡覺讓你來找我但是怎麼樣都睡不著你朋友說我不睡覺你要怎麼來找我可是一想到你我的眼淚就掉個不停這路該怎麼走好想你再抱抱我跟我說沒事好想你再說我哭起來很醜好想你每次都罵我穿太少好想你每天問我有沒有乖乖吃飯好想你逼我去睡覺不讓我熬夜好想騎車的時候再捏你肚子說我要再把你養胖好想再聽你說每天學校的事打工發生的事但是這些都再也不可能了現在的你在哪呢是不是也在旁邊看著我如果可以的話來夢裡找我好不好我會好好生活好好睡覺乖乖吃飯所以答應我你也要好好照顧自己好不好你說過什麼都要聽我的這次也要好不好再也沒有苦痛了在你的世界希望你可以開開心心不用再打工不用再擔心自己要被當了不用煩惱明天早八起不來然後也不用擔心我因為我會好好的這是我答應你的我們的緣分就到這這輩子來不及實現的承諾下輩子我等你再牽我的手再當你的新娘-再也不能從這隻手機得到任何你的回覆2017/05/30給我的洋我不會叫你加油不會要你好好照顧自己不管我說什麼，對你來說永遠都像是隔岸觀火，因為我沒有經歷過，那種很痛的別離。想給你一個擁抱，難過就大聲的哭吧，哭泣也是一種健康情緒的表達",
    "time": "2017/05/31 17:57:40",
    "event": "slide"
  },
  {
    "category": "2",
    "app": "Dcard",
    "id": "13",
    "context": "不要再利用喜歡你的人了祝你幸福看到這篇文章我想起高中的時候我暗戀一個電機科的學長我們認識是因為選社都在吉他社那時我和學長並不認識第二週上課時老師請學生都把吉他帶來當時練習的曲目是愛我別走由於私底下本來就有學三年的我這曲子對我而言駕輕就熟第一節下課後我就會坐在教室旁樓梯間跟助教和其他程度領先的學生一起玩吉他第三週一上課時學長走過來點了我的肩膀那是我第一次對他的印象學長：嗯…不好意思那個…因為我沒有學過也沒買吉他你可以教我嗎？他外表很臺客平頭刺半鉀小腿有個書法體刺青上面寫著一生懸命他把學校的運動服袖子捲的像工人一樣穿著短褲三七步的看著我嗯…當時我就有點迷上他了(((我是瞎妹?我答應教他吉他於是上課時我們都坐在隔壁幫他寫吉他譜畫指法圖當時他常常line我問我放學要不要陪他練吉他一開始我婉拒了畢竟我們學校是個人多嘴雜的地方跟電機和機械科的太好的女生馬上就會在靠北校園的板上出現電機機械在我們學校常常與不愛讀書放牛班8+9劃上等號第二個月社團課結束了那時候我其實每週都期待社團課某一天他忽然來我們班學長：你今天放學有空嗎？我：怎麼了嗎？學長：約你去吃飯好嗎？我：太奇怪了吧!!!!!!!!這時我們班的同學已經竊竊私語的在評論我們了學長：欸好不好啦我請你吃飯我：為什麼這麼突然？學長：就…就想約你啊!那一天我答應了他的邀約吃完飯我們在公園散步我好奇的問了他：幹嘛突然約我這樣很奇怪欸你是不是喜歡我學長：嗯…應該是吧我：真的假的!!!!!學長：我也不知道啦我：我蠻喜歡學長的!他撇過頭卻牽起我的手走回剛剛吃飯的餐廳牽車準備回家學長：欸你急著走嗎？我搖頭因為剛剛被他牽手害我整個人心煩意亂的學長：那…來教我彈吉他吧那是我第一次去學長家學長的房間很整齊木質地板牀櫃上還有幾本古典藝術的書書桌很乾淨除了英漢字典還有一疊滿滿英文的紙架上好多文學書籍感覺發現了不一樣的他也感覺更接近他了他拿起角落的吉他背袋我：你有吉他了？學長：對啊因為不可能一直跟你借嘛十一點多我們道別了他載我回家到我家樓下時他幫我取下安全帽對我微笑然後說早點睡明天見!那時候的我真的心癢癢的好希望每天都可以這樣隔天我進教室時發現桌上有早餐問了我鄰桌他們說是電機科學長拿的(((他們會知道是因為學號開頭數字不一樣)))我line了學長問他早餐的事他說是為了答謝我昨天陪他這麼晚從這天開始我們幾乎每天都一起練吉他而我每天都有早餐吃當時我覺得好幸福每天都好期待練吉他的時光偶爾幫他買晚餐偶爾他煮泡麵給我吃他陪我念書我陪他練吉他他告訴我火影忍者的角色關係我告訴他弦與弦轉換的技巧快要期末了在期末考前一週他主動說要陪我念書衝刺於是我又到了他住的地方我念著廣告學他在牀上看火影忍者的漫畫這樣真的好像情侶…但從他吃飯那天到現在兩個月了我們沒有是互相告白過也沒有主動說出喜歡對方((只有我偶爾會回line的時候說最喜歡你了那種撒嬌的))一直處在這個曖昧的關係裡其實很甜蜜卻也很痛苦我坐在書桌前看向他學長：怎麼了讀累了嗎？要喝飲料嗎我去買？我：我有件事想問你…學長：好啊阿可是課業上我就沒辦法了喔哈哈哈哈我：學長我們這樣每天都黏在一起算是男女朋友嗎？空氣像是結冰一般時間一秒一秒過去他只是看著我我可以感覺我眼眶泛紅心酸酸的學長：我也覺得很像?你會討厭我嗎？我：不會啊我超級喜歡學長的學長：那就好了啊說完他走過來將我抱在懷裡那時候我以為我離幸福很近很近期考結束後我們又是每天練吉他但更像情侶了可是他一樣從來沒說過愛我喜歡我更不會讓我把照片發到社羣也不會掛穩交或是跟他和他朋友出去他都說他的朋友跟我不是同一掛的或是任何理由可能是我當局者迷吧都會覺得沒關系他的行為讓我覺得他愛我就好他會陪我上下課一起練習吉他陪我念書(雖然他都在看漫畫)他會帶我去吃飯買早餐給我吃還會關心我…好多好多都讓我暖暖的行為某個星期六他拿著私奔到月球的吉他譜給我告訴我他想學這首歌這首歌很甜我自己也很喜歡他說他想要趕快學起來在暑假結束前我為了原因他說是暑期目標!他說而且這樣就有理由暑假還每天見到我了那時我我真的好開心練習的時候他都會有意無意的牽著我的手或是親我的額頭暑假結束了迎接新的一學期兩個禮拜我都沒有見到學長傳line給他他說他有了一份工作沒辦法跟我練吉他了問他為什麼沒有來我們班找我他說他工作太累了來學校只想睡覺問他假日要不要再一起出門他也是拿工作當藉口搪塞我到三個禮拜我真的太想學長了我主動過去他們班找他我看他在滑手機於是line他叫他出來他看見我沒有之前的微笑是皺眉他說：你來幹嘛？不知道不能跨棟嗎？趕快回去我：為什麼我覺得你最近都在躲我?他說：為什麼？我跟你又沒什麼關係？當下我傻了我哭了出來我問他你不是喜歡我嗎？他回：我從來沒說過啊我回到教室一直一直哭姊妹問我發生什麼事我全部都說出來當下我覺得事情好突然這將近半年的時間我一直以為我們會是男女朋友就算很低調沒公開他一定有喜歡我的哭了好幾天直到我的姊妹給我看一段影片一段在facebook公開的告白影片我看見學長在海邊的河堤上旁邊放在一大束玫瑰花還有六張字版上面寫著答應我好嗎？他的幾個兄弟朋友有的拿著字版有拿蛋糕有的那一朵玫瑰鏡頭回到學長身上學長輕刷了一個c和絃學長說：欸!你是我最喜歡的女生!我從來沒有為一個女生瘋狂到這種地步!你要負責!鏡頭轉了過去拍到一個女生捂著臉身邊幾個好姐妹尖叫連連又轉回學長身上學長說：這首歌!我很努力練習!我要把它獻給你!然後開始彈起來私奔到月球彈完放下吉他他躍下河堤拿起那一大束花走向鏡頭他單膝下跪向那位女孩說：xxx我跟我交往好嗎!我真的很喜歡你!女孩點點頭大喊我願意接起那束花學長的臉上出現了我從來沒看過的微笑學長摟著女孩對著鏡頭學長說：下一次我在單膝下跪你也要說你願意!好嗎!我的眼淚像是水龍頭一樣一發不可收拾的淚水姊妹說這女孩是另一間學校的她也是無意間看到朋友分享這則影片才知道的姊妹問我要不要去找學長講清楚但我沒有這樣成全一對佳偶有何不可雖然心很痛很難過但事後想一想他的確沒有說過愛我喜歡我一切都是我一廂情願自作多情從他畢業到現在我已經大二了這件事也過了四年我看到迪卡上的那篇文時真的覺得心好酸去翻了學長的臉書他跟那個女孩還是很幸福女孩其實在我高中畢業時加我臉書好友女孩說學長告訴她他的吉他都是我教的女孩很佩服我但女孩不知道的是我當初連我的心都一起交給了他女孩說她跟學長在他們國中時就認識了可是因為不同學校聯絡時間很短漸漸的變陌生她說學長原本要跟他考同一所高中的可是學長不愛讀書她說其實她喜歡學長很久了但她卻覺得她的生活離學長好遠她說她很謝謝我幫她們牽線女孩常常在臉書說要嫁給學長女孩常常發影片是學長自彈自唱女孩的照片背景都是學長的房間學長的左臂多了個刺青上面是女孩在學長喝醉時畫的圖隔天學長覺得很喜歡就請刺青師朋友幫他刺上去學長跟女孩交往沒多久就同居了學長一直說等女孩畢業要把她娶回家他們好幸福我不能打擾他們的幸福可是…我那時候真的真的很喜歡他我以為我們會有機會但現在清醒了的確啊他完全沒有表明過他喜歡我愛過我都是我自己太傻了學長對我說：我在妳家樓下剛剛暗戀兩年的學長傳訊息給我學長：xx我在妳家樓下我有事情找你可以下來嗎最近常聽到學長的兄弟說學長有喜歡的人了！這個時間點來找我是不是要對我說什麼！內心激動啊雀躍啊學長終於要跟我告白了嗎？！超激動完全不知道要回什麼！立刻衝去換衣服化妝整理頭髮然後轉身準備完美的下樓接受學長的愛叮咚～學長傳來訊息學長：學妹你在家嗎？教授說我們明天要交報告你之前做報告的資料可以借我一下嗎訊息框：好我等等馬上下去（準備發送叮咚～閨蜜?：欸妳知道嗎學長有女朋友了隔壁班那個xxx，這樣妳這些年都是學長的工具人哦他每次需要妳才會找你誇張欸！還說對妳有好感根本屁.....學長的訊息框：抱歉我現在不在家（發送關掉手機轉身卸妝脫衣服不知道為什麼就是忍不住一直落淚不知道為什麼明明堅持很久了但真的好累喜歡別人是一件很辛苦的事情祝你幸福準備睡一覺明天開始我只想喜歡我自己學長再見?",
    "time": "2017/05/31 18:00:24",
    "event": "click"
  },
  {
    "category": "2",
    "app": "Dcard",
    "id": "14",
    "context": "不要再利用喜歡你的人了祝你幸福看到這篇文章我想起高中的時候我暗戀一個電機科的學長我們認識是因為選社都在吉他社那時我和學長並不認識第二週上課時老師請學生都把吉他帶來當時練習的曲目是愛我別走由於私底下本來就有學三年的我這曲子對我而言駕輕就熟第一節下課後我就會坐在教室旁樓梯間跟助教和其他程度領先的學生一起玩吉他第三週一上課時學長走過來點了我的肩膀那是我第一次對他的印象學長：嗯…不好意思那個…因為我沒有學過也沒買吉他你可以教我嗎？他外表很臺客平頭刺半鉀小腿有個書法體刺青上面寫著一生懸命他把學校的運動服袖子捲的像工人一樣穿著短褲三七步的看著我嗯…當時我就有點迷上他了(((我是瞎妹?我答應教他吉他於是上課時我們都坐在隔壁幫他寫吉他譜畫指法圖當時他常常line我問我放學要不要陪他練吉他一開始我婉拒了畢竟我們學校是個人多嘴雜的地方跟電機和機械科的太好的女生馬上就會在靠北校園的板上出現電機機械在我們學校常常與不愛讀書放牛班8+9劃上等號第二個月社團課結束了那時候我其實每週都期待社團課某一天他忽然來我們班學長：你今天放學有空嗎？我：怎麼了嗎？學長：約你去吃飯好嗎？我：太奇怪了吧!!!!!!!!這時我們班的同學已經竊竊私語的在評論我們了學長：欸好不好啦我請你吃飯我：為什麼這麼突然？學長：就…就想約你啊!那一天我答應了他的邀約吃完飯我們在公園散步我好奇的問了他：幹嘛突然約我這樣很奇怪欸你是不是喜歡我學長：嗯…應該是吧我：真的假的!!!!!學長：我也不知道啦我：我蠻喜歡學長的!他撇過頭卻牽起我的手走回剛剛吃飯的餐廳牽車準備回家學長：欸你急著走嗎？我搖頭因為剛剛被他牽手害我整個人心煩意亂的學長：那…來教我彈吉他吧那是我第一次去學長家學長的房間很整齊木質地板牀櫃上還有幾本古典藝術的書書桌很乾淨除了英漢字典還有一疊滿滿英文的紙架上好多文學書籍感覺發現了不一樣的他也感覺更接近他了他拿起角落的吉他背袋我：你有吉他了？學長：對啊因為不可能一直跟你借嘛十一點多我們道別了他載我回家到我家樓下時他幫我取下安全帽對我微笑然後說早點睡明天見!那時候的我真的心癢癢的好希望每天都可以這樣隔天我進教室時發現桌上有早餐問了我鄰桌他們說是電機科學長拿的(((他們會知道是因為學號開頭數字不一樣)))我line了學長問他早餐的事他說是為了答謝我昨天陪他這麼晚從這天開始我們幾乎每天都一起練吉他而我每天都有早餐吃當時我覺得好幸福每天都好期待練吉他的時光偶爾幫他買晚餐偶爾他煮泡麵給我吃他陪我念書我陪他練吉他他告訴我火影忍者的角色關係我告訴他弦與弦轉換的技巧快要期末了在期末考前一週他主動說要陪我念書衝刺於是我又到了他住的地方我念著廣告學他在牀上看火影忍者的漫畫這樣真的好像情侶…但從他吃飯那天到現在兩個月了我們沒有是互相告白過也沒有主動說出喜歡對方((只有我偶爾會回line的時候說最喜歡你了那種撒嬌的))一直處在這個曖昧的關係裡其實很甜蜜卻也很痛苦我坐在書桌前看向他學長：怎麼了讀累了嗎？要喝飲料嗎我去買？我：我有件事想問你…學長：好啊阿可是課業上我就沒辦法了喔哈哈哈哈我：學長我們這樣每天都黏在一起算是男女朋友嗎？空氣像是結冰一般時間一秒一秒過去他只是看著我我可以感覺我眼眶泛紅心酸酸的學長：我也覺得很像?你會討厭我嗎？我：不會啊我超級喜歡學長的學長：那就好了啊說完他走過來將我抱在懷裡那時候我以為我離幸福很近很近期考結束後我們又是每天練吉他但更像情侶了可是他一樣從來沒說過愛我喜歡我更不會讓我把照片發到社羣也不會掛穩交或是跟他和他朋友出去他都說他的朋友跟我不是同一掛的或是任何理由可能是我當局者迷吧都會覺得沒關系他的行為讓我覺得他愛我就好他會陪我上下課一起練習吉他陪我念書(雖然他都在看漫畫)他會帶我去吃飯買早餐給我吃還會關心我…好多好多都讓我暖暖的行為某個星期六他拿著私奔到月球的吉他譜給我告訴我他想學這首歌這首歌很甜我自己也很喜歡他說他想要趕快學起來在暑假結束前我為了原因他說是暑期目標!他說而且這樣就有理由暑假還每天見到我了那時我我真的好開心練習的時候他都會有意無意的牽著我的手或是親我的額頭暑假結束了迎接新的一學期兩個禮拜我都沒有見到學長傳line給他他說他有了一份工作沒辦法跟我練吉他了問他為什麼沒有來我們班找我他說他工作太累了來學校只想睡覺問他假日要不要再一起出門他也是拿工作當藉口搪塞我到三個禮拜我真的太想學長了我主動過去他們班找他我看他在滑手機於是line他叫他出來他看見我沒有之前的微笑是皺眉他說：你來幹嘛？不知道不能跨棟嗎？趕快回去我：為什麼我覺得你最近都在躲我?他說：為什麼？我跟你又沒什麼關係？當下我傻了我哭了出來我問他你不是喜歡我嗎？他回：我從來沒說過啊我回到教室一直一直哭姊妹問我發生什麼事我全部都說出來當下我覺得事情好突然這將近半年的時間我一直以為我們會是男女朋友就算很低調沒公開他一定有喜歡我的哭了好幾天直到我的姊妹給我看一段影片一段在facebook公開的告白影片我看見學長在海邊的河堤上旁邊放在一大束玫瑰花還有六張字版上面寫著答應我好嗎？他的幾個兄弟朋友有的拿著字版有拿蛋糕有的那一朵玫瑰鏡頭回到學長身上學長輕刷了一個c和絃學長說：欸!你是我最喜歡的女生!我從來沒有為一個女生瘋狂到這種地步!你要負責!鏡頭轉了過去拍到一個女生捂著臉身邊幾個好姐妹尖叫連連又轉回學長身上學長說：這首歌!我很努力練習!我要把它獻給你!然後開始彈起來私奔到月球彈完放下吉他他躍下河堤拿起那一大束花走向鏡頭他單膝下跪向那位女孩說：xxx我跟我交往好嗎!我真的很喜歡你!女孩點點頭大喊我願意接起那束花學長的臉上出現了我從來沒看過的微笑學長摟著女孩對著鏡頭學長說：下一次我在單膝下跪你也要說你願意!好嗎!我的眼淚像是水龍頭一樣一發不可收拾的淚水姊妹說這女孩是另一間學校的她也是無意間看到朋友分享這則影片才知道的姊妹問我要不要去找學長講清楚但我沒有這樣成全一對佳偶有何不可雖然心很痛很難過但事後想一想他的確沒有說過愛我喜歡我一切都是我一廂情願自作多情從他畢業到現在我已經大二了這件事也過了四年我看到迪卡上的那篇文時真的覺得心好酸去翻了學長的臉書他跟那個女孩還是很幸福女孩其實在我高中畢業時加我臉書好友女孩說學長告訴她他的吉他都是我教的女孩很佩服我但女孩不知道的是我當初連我的心都一起交給了他女孩說她跟學長在他們國中時就認識了可是因為不同學校聯絡時間很短漸漸的變陌生她說學長原本要跟他考同一所高中的可是學長不愛讀書她說其實她喜歡學長很久了但她卻覺得她的生活離學長好遠她說她很謝謝我幫她們牽線女孩常常在臉書說要嫁給學長女孩常常發影片是學長自彈自唱女孩的照片背景都是學長的房間學長的左臂多了個刺青上面是女孩在學長喝醉時畫的圖隔天學長覺得很喜歡就請刺青師朋友幫他刺上去學長跟女孩交往沒多久就同居了學長一直說等女孩畢業要把她娶回家他們好幸福我不能打擾他們的幸福可是…我那時候真的真的很喜歡他我以為我們會有機會但現在清醒了的確啊他完全沒有表明過他喜歡我愛過我都是我自己太傻了學長對我說：我在妳家樓下剛剛暗戀兩年的學長傳訊息給我學長：xx我在妳家樓下我有事情找你可以下來嗎最近常聽到學長的兄弟說學長有喜歡的人了！這個時間點來找我是不是要對我說什麼！內心激動啊雀躍啊學長終於要跟我告白了嗎？！超激動完全不知道要回什麼！立刻衝去換衣服化妝整理頭髮然後轉身準備完美的下樓接受學長的愛叮咚～學長傳來訊息學長：學妹你在家嗎？教授說我們明天要交報告你之前做報告的資料可以借我一下嗎訊息框：好我等等馬上下去（準備發送叮咚～閨蜜?：欸妳知道嗎學長有女朋友了隔壁班那個xxx，這樣妳這些年都是學長的工具人哦他每次需要妳才會找你誇張欸！還說對妳有好感根本屁.....學長的訊息框：抱歉我現在不在家（發送關掉手機轉身卸妝脫衣服不知道為什麼就是忍不住一直落淚不知道為什麼明明堅持很久了但真的好累喜歡別人是一件很辛苦的事情祝你幸福準備睡一覺明天開始我只想喜歡我自己學長再見?",
    "time": "2017/05/31 18:00:24",
    "event": "slide"
  }
]