[
  {
    "category": "20",
    "app": "Dcard",
    "id": "37",
    "context": "#圖多#臺南被拋棄的臺南行長話短說就是我被放鳥了也算是被拋棄吧哈哈但又能說什麼?然後民宿退掉了錢也拿不回來一直在猶豫著「真的要自己去臺南嗎」就在看了幾個人分享自己旅行才真的給了我勇氣星期五下班後搭著客運到了臺南大概是晚上10:30到達幸好民宿離火車站非常之近我的民宿是像小套房那種廁所客廳廚房是共用兩個晚上的價格總共3600$(算是便宜,缺點就是要共用廁所房間沒鏡子)第一晚整層樓只有我一個人雖然也不用顧慮到別人可以一直用廁所但一個人待在那種空間也是會怕怕的在一到達民宿後我就打視訊給我朋友那晚她一直跟我通話到我想睡覺了才掛掉再掛完電話大概一分鐘後直接睡死到早上隔天一早出門就先去租機車因為也沒有先訂車所以蠻多間都沒車了看到新開的「阿里巴巴」就走過去車種都是有點大臺的唯獨一臺小臺的一天價格是500$我也懶了再去找其他間直接租了第一站/豆漿嫂的早餐店記得蛋餅30$豆漿大杯20$吃下來才50$在臺北吃久了結帳聽到價格會傻眼餅皮真的是很q然後好多塊我小鳥胃根本吃不完第二站/臺江公園臺江整個就是白色建築物走到哪邊都好好拍又好看女生的最愛那時候去的時候人有點點多自己走到了角落開始立腳架拍照我真的覺得這很需要一個勇氣不在乎別人眼光還要可以拍的很自然那樣當你踏出那一步就天下無敵了哈哈哈第三站/神田のlavie風格誌就是一個非常少女心的下午茶店外面可以拿乾燥花拍照整間店粉嫩桌子又是大理石我吃的是suprise彩虹派180$唯獨一個有棉花糖的甜點下方是水果派認真說真的不錯吃棉花糖上還摻著跳跳糖第四站/虎山國小這地方望過去就是一個無盡頭的感覺而且在樹林裡怎麼拍都好看哈哈然後這裡蚊子爆多請攜帶防蚊液第五站/十鼓文創園區會想來這裡是看到很多人推薦這邊夜景蠻美的走到天台的時候就有注意到一個男的站在那邊也沒多想的繼續拍著我的照拍完後也才快五點想著不如坐著就等夜景吧那男的也一直站在那邊沒有走就在快七點的時候吧人開始很多大家都來拍照於是我站了起來走到另一個地方看著景突然一聲「你在等什麼」我說喔沒有啊在等夜景就開始著我們的對話聊聊聊聊聊聊著彼此生活啊經歷啊國際志工等等覺得這男的真的很獨立國中就自己出去當國際志工我自己本身又是那種嚮往國外生活愛跑國外的人所以真的是很聊的開至少聊了一小時多最後我們決定一起去吃個晚餐酒吧喝個酒先獻上夜景照我的最後一站/酒吧(我真心忘記名字?)總共喝了兩杯的我結帳時才500$好真的是超級便宜酒也很不錯喝完酒後這男的就送我回民宿結束了一整天事後跟我朋友說我們也沒有交換line什麼的他們都說怎麼可能啦不相信欸啊就真的沒有啊?一個人旅行真的能夠讓心很平靜去跟自己相處可以很安靜的獨處不用為了聊天而聊天可以想去哪邊就直接去不用顧慮到誰可以愛拍幾張就拍幾張不用讓誰等待然後最後想對遇到的這男的說南臺的西裝哥：有時候當個邊緣人也是種幸福哈哈其實真的是很羨慕你的生活經歷希望你可以朝著自己夢想去追體驗更多不一樣的事不管你最後是轉學到了國外或是繼續臺南生活人活著就是為了快樂自己快樂纔是最重要的感謝你鼓起勇氣對我搭上第一句話讓我這趟旅程收穫滿滿的感覺",
    "time": "2017/05/31 18:18:24",
    "event": "click"
  },
  {
    "category": "20",
    "app": "Dcard",
    "id": "38",
    "context": "#圖多#臺南被拋棄的臺南行長話短說就是我被放鳥了也算是被拋棄吧哈哈但又能說什麼?然後民宿退掉了錢也拿不回來一直在猶豫著「真的要自己去臺南嗎」就在看了幾個人分享自己旅行才真的給了我勇氣星期五下班後搭著客運到了臺南大概是晚上10:30到達幸好民宿離火車站非常之近我的民宿是像小套房那種廁所客廳廚房是共用兩個晚上的價格總共3600$(算是便宜,缺點就是要共用廁所房間沒鏡子)第一晚整層樓只有我一個人雖然也不用顧慮到別人可以一直用廁所但一個人待在那種空間也是會怕怕的在一到達民宿後我就打視訊給我朋友那晚她一直跟我通話到我想睡覺了才掛掉再掛完電話大概一分鐘後直接睡死到早上隔天一早出門就先去租機車因為也沒有先訂車所以蠻多間都沒車了看到新開的「阿里巴巴」就走過去車種都是有點大臺的唯獨一臺小臺的一天價格是500$我也懶了再去找其他間直接租了第一站/豆漿嫂的早餐店記得蛋餅30$豆漿大杯20$吃下來才50$在臺北吃久了結帳聽到價格會傻眼餅皮真的是很q然後好多塊我小鳥胃根本吃不完第二站/臺江公園臺江整個就是白色建築物走到哪邊都好好拍又好看女生的最愛那時候去的時候人有點點多自己走到了角落開始立腳架拍照我真的覺得這很需要一個勇氣不在乎別人眼光還要可以拍的很自然那樣當你踏出那一步就天下無敵了哈哈哈第三站/神田のlavie風格誌就是一個非常少女心的下午茶店外面可以拿乾燥花拍照整間店粉嫩桌子又是大理石我吃的是suprise彩虹派180$唯獨一個有棉花糖的甜點下方是水果派認真說真的不錯吃棉花糖上還摻著跳跳糖第四站/虎山國小這地方望過去就是一個無盡頭的感覺而且在樹林裡怎麼拍都好看哈哈然後這裡蚊子爆多請攜帶防蚊液第五站/十鼓文創園區會想來這裡是看到很多人推薦這邊夜景蠻美的走到天台的時候就有注意到一個男的站在那邊也沒多想的繼續拍著我的照拍完後也才快五點想著不如坐著就等夜景吧那男的也一直站在那邊沒有走就在快七點的時候吧人開始很多大家都來拍照於是我站了起來走到另一個地方看著景突然一聲「你在等什麼」我說喔沒有啊在等夜景就開始著我們的對話聊聊聊聊聊聊著彼此生活啊經歷啊國際志工等等覺得這男的真的很獨立國中就自己出去當國際志工我自己本身又是那種嚮往國外生活愛跑國外的人所以真的是很聊的開至少聊了一小時多最後我們決定一起去吃個晚餐酒吧喝個酒先獻上夜景照我的最後一站/酒吧(我真心忘記名字?)總共喝了兩杯的我結帳時才500$好真的是超級便宜酒也很不錯喝完酒後這男的就送我回民宿結束了一整天事後跟我朋友說我們也沒有交換line什麼的他們都說怎麼可能啦不相信欸啊就真的沒有啊?一個人旅行真的能夠讓心很平靜去跟自己相處可以很安靜的獨處不用為了聊天而聊天可以想去哪邊就直接去不用顧慮到誰可以愛拍幾張就拍幾張不用讓誰等待然後最後想對遇到的這男的說南臺的西裝哥：有時候當個邊緣人也是種幸福哈哈其實真的是很羨慕你的生活經歷希望你可以朝著自己夢想去追體驗更多不一樣的事不管你最後是轉學到了國外或是繼續臺南生活人活著就是為了快樂自己快樂纔是最重要的感謝你鼓起勇氣對我搭上第一句話讓我這趟旅程收穫滿滿的感覺",
    "time": "2017/05/31 18:18:24",
    "event": "slide"
  },
  {
    "category": "20",
    "app": "Dcard",
    "id": "39",
    "context": "#英國#倫敦九天的流浪從小就嚮往著英國迷人的腔調高雅的氣質磅礴的建築終於在去年12月去造訪了雖然說是一個人去但那邊有朋友感謝他們帶我去了很多地方day1不虧是霧都因為霧過濃所以在倫敦上盤旋了好一陣子才降落終於看到傳說中的地鐵它是本人阿!!!(激動)但我去的那幾天剛好在罷工所以班次異動?班機跟地鐵都delay約好的airbnb屋主等了我兩個多小時這是住的地方旁邊有廚房跟浴室一晚80英鎊是適合兩人的不過我只有一個人所以這價格算高但離市中心才四站地鐵day2一早起來就往倫敦鐵橋跑剛好聖誕節前夕在河道旁散步周圍有許多小攤販慢慢走慢慢享受著冷風吹著唯一美中不足的地方是橋在維修跨過橋旁邊就是toweroflondon裡面是個大古堡介紹倫敦歷史皇室等等逛下來至少兩個小時跑不掉吧逛完突然好想成為英國皇室阿…(莫名奇妙的人)下午朋友訂了一家聽說很難訂到的下午茶必須穿正式西裝叫做ritz整個我的老天鵝也太華麗了吧因為正值聖誕節前旁邊還有人在唱聖誕歌曲吃到飽食物甜點都可以續男生必須戴領帶女生必需穿高跟鞋每人可挑選一款香檳跟一款茶一人80英鎊一開始沒跟朋友溝通好時間我在門口等有個穿著一般服裝的人一進門就被攔下來關切害我在旁邊嚇到想說這也太嚴惹對了英國的帳單上小費是已經算入所以只要照上面金額付不用再加吃完後跟朋友在牛津街上逛真的好有氣氛阿好久沒有穿著西裝在路上走倫敦的街上完全可以分辨出來遊客跟本地人本地人真的很會打扮男生女生都很優雅的氣質多層次穿搭遊客相比之下穿著就很隨便day3這天風不知道在大什麼但終於見到大笨鐘本人了!!!還有倫敦之眼!!!(忘記拍紅色電話亭)瞬間有種不真實感會懷疑自己真的在這傳說中的地方嗎(對不起鄉巴佬逛大街)旁邊是westminsterabbey裡面不能拍照也要門票但非常值得進去一看真的太美了每個細節真的都會讓人屏息真的很捨不得離開裡面接著再走到白金漢宮可以看衛兵交接但我錯過時機了(笑)旁邊有個皇室的周邊商品店買禮的好地方不小心重度撒錢惹(但要打好人際關係阿~)其實這天還跑了很多地方走到腳鐵腿對不起我的腳兒~day4上午跑去了royalpark很大~一個公園但在這慢慢散步真的好愜意心中希望這公園不要有盡頭如果有下次很希望是帶著喜歡的人一起真的很想把這裡分享給喜歡的人下午跑回riverthames搭觀光船其實倫敦逛得差不多了w接著去harrods逛街但就是個高級的百貨公司不夠還是硬買了個東西只是想要拿那個袋子xd晚上跟朋友在piccadillycircus吃飯跟逛逛之前都不知道這裡是很有名的景點說到這裡我嘴殘的很難發piccadilly這詞於是我改叫它pikachu(皮卡~)day5出發去牛津!要先到達一個大車站人們忙碌快速的走著跟悠閒的我行成了對比買了當天來回票出發前往牛津當天天氣不好但景色依然很美有種回到過去的錯覺牛津的人類顏值滿高的(也太膚淺的我)當然來到這裡必需去看傳說中的哈利波特食堂!!!當然還是要門票但還是大排長龍而且還有時間限制因為真的有人會在這吃飯逛完當然下午茶阿?來英國當然要一直吃下午茶不然要幹嘛吃完再到附近逛逛後來因為雨太大就提早回倫敦休息day6今天到了greenwich最有名的就是天文館囉站在世界的時間起點有種微妙的感覺附近有很多地方可以走走逛逛有點脫離大城市的喧囂讓人很舒服晚上回到了市中心跑到了人山人海的聖誕市集winterwonderland場地大到一個不可思議人也多到一個境界但因為什麼都要排隊價位也不便宜於是大概看完就回家了(也花了一個小時吧)day7前幾天在地鐵出口看到stonehenge的巴士團猶豫一下就買了其實沒有想像中雄偉報著到此一遊的心態完成這個景點我個人是天文迷所以雖說有點失望但還是很滿足畢竟看到了總是在書上看到的東西單純喜歡這個星空版的地鐵標誌xd回到倫敦之眼等到日落後搭上了它耳朵不斷播著藍又時的倫敦的愛情晚上朋友帶我去了中華街吃了旋轉火鍋他把一個平民美食吃成高檔的價位囧後來去吃了甜點不得不大力推這一家saidcafe這是我這輩子吃過最好吃的巧克力我是個甜食主義者很少會會吃到讓我為之瘋狂的甜食這真的是少數之一左邊那杯espressoshot旁邊塗滿巧克力一開始是咖啡的苦味夾著微酸但後勁是先苦後甜的濃巧克力味差點跪著跟朋友說感恩他帶我來店內氣氛也很cozy我要歌頌這家巧克力的偉大day8早安9又4分之3月臺很多遊客旁邊是哈利波特周邊商品專賣店還有專人幫你拍照下午又是下午茶而且又是大推的一家叫sketch裡面的裝潢真的很厲害而且聽朋友說兩年會換一次入口飲料區洗手間蛋型裡的是馬桶真的酷到爆!!!真的大愛這家鹹食也很不錯我個人覺得各方面都比ritz好也是吃到飽一個人80英鎊合唱團在旁邊好幸福阿~吃完當然是去逛街聖誕氣氛超濃大概跟saidcafe的巧克力一樣濃鬱朋友帶我到了世界上最大家的burberry不只這樣旁邊還有完全不同世界的旋轉樓梯還有電梯在這裡敗了人生最貴的一筆錢因為換算匯率同樣一件風衣在臺灣賣7萬2這邊只要4萬8這差距都可以買張來回機票了你說我不買對得起自己嗎你說!!!(激動)購物完滿足自己的虛榮心跟準備接下來都吃土後跟朋友來看歌舞劇挑的是wicked因為好喜歡這齣的主題曲defyinggravity第一次看這種大型的演出好震撼狂起雞皮疙瘩但朋友說歌劇魅影還有悲慘世界比較好看差點把他頭折斷(也不必)散場後也結束了最後一晚day9把東西收拾好後就回國了掰掰倫敦!謝謝你讓我的美夢成真!以上歌舞劇先生",
    "time": "2017/05/31 18:21:12",
    "event": "click"
  },
  {
    "category": "20",
    "app": "Dcard",
    "id": "40",
    "context": "#英國#倫敦九天的流浪從小就嚮往著英國迷人的腔調高雅的氣質磅礴的建築終於在去年12月去造訪了雖然說是一個人去但那邊有朋友感謝他們帶我去了很多地方day1不虧是霧都因為霧過濃所以在倫敦上盤旋了好一陣子才降落終於看到傳說中的地鐵它是本人阿!!!(激動)但我去的那幾天剛好在罷工所以班次異動?班機跟地鐵都delay約好的airbnb屋主等了我兩個多小時這是住的地方旁邊有廚房跟浴室一晚80英鎊是適合兩人的不過我只有一個人所以這價格算高但離市中心才四站地鐵day2一早起來就往倫敦鐵橋跑剛好聖誕節前夕在河道旁散步周圍有許多小攤販慢慢走慢慢享受著冷風吹著唯一美中不足的地方是橋在維修跨過橋旁邊就是toweroflondon裡面是個大古堡介紹倫敦歷史皇室等等逛下來至少兩個小時跑不掉吧逛完突然好想成為英國皇室阿…(莫名奇妙的人)下午朋友訂了一家聽說很難訂到的下午茶必須穿正式西裝叫做ritz整個我的老天鵝也太華麗了吧因為正值聖誕節前旁邊還有人在唱聖誕歌曲吃到飽食物甜點都可以續男生必須戴領帶女生必需穿高跟鞋每人可挑選一款香檳跟一款茶一人80英鎊一開始沒跟朋友溝通好時間我在門口等有個穿著一般服裝的人一進門就被攔下來關切害我在旁邊嚇到想說這也太嚴惹對了英國的帳單上小費是已經算入所以只要照上面金額付不用再加吃完後跟朋友在牛津街上逛真的好有氣氛阿好久沒有穿著西裝在路上走倫敦的街上完全可以分辨出來遊客跟本地人本地人真的很會打扮男生女生都很優雅的氣質多層次穿搭遊客相比之下穿著就很隨便day3這天風不知道在大什麼但終於見到大笨鐘本人了!!!還有倫敦之眼!!!(忘記拍紅色電話亭)瞬間有種不真實感會懷疑自己真的在這傳說中的地方嗎(對不起鄉巴佬逛大街)旁邊是westminsterabbey裡面不能拍照也要門票但非常值得進去一看真的太美了每個細節真的都會讓人屏息真的很捨不得離開裡面接著再走到白金漢宮可以看衛兵交接但我錯過時機了(笑)旁邊有個皇室的周邊商品店買禮的好地方不小心重度撒錢惹(但要打好人際關係阿~)其實這天還跑了很多地方走到腳鐵腿對不起我的腳兒~day4上午跑去了royalpark很大~一個公園但在這慢慢散步真的好愜意心中希望這公園不要有盡頭如果有下次很希望是帶著喜歡的人一起真的很想把這裡分享給喜歡的人下午跑回riverthames搭觀光船其實倫敦逛得差不多了w接著去harrods逛街但就是個高級的百貨公司不夠還是硬買了個東西只是想要拿那個袋子xd晚上跟朋友在piccadillycircus吃飯跟逛逛之前都不知道這裡是很有名的景點說到這裡我嘴殘的很難發piccadilly這詞於是我改叫它pikachu(皮卡~)day5出發去牛津!要先到達一個大車站人們忙碌快速的走著跟悠閒的我行成了對比買了當天來回票出發前往牛津當天天氣不好但景色依然很美有種回到過去的錯覺牛津的人類顏值滿高的(也太膚淺的我)當然來到這裡必需去看傳說中的哈利波特食堂!!!當然還是要門票但還是大排長龍而且還有時間限制因為真的有人會在這吃飯逛完當然下午茶阿?來英國當然要一直吃下午茶不然要幹嘛吃完再到附近逛逛後來因為雨太大就提早回倫敦休息day6今天到了greenwich最有名的就是天文館囉站在世界的時間起點有種微妙的感覺附近有很多地方可以走走逛逛有點脫離大城市的喧囂讓人很舒服晚上回到了市中心跑到了人山人海的聖誕市集winterwonderland場地大到一個不可思議人也多到一個境界但因為什麼都要排隊價位也不便宜於是大概看完就回家了(也花了一個小時吧)day7前幾天在地鐵出口看到stonehenge的巴士團猶豫一下就買了其實沒有想像中雄偉報著到此一遊的心態完成這個景點我個人是天文迷所以雖說有點失望但還是很滿足畢竟看到了總是在書上看到的東西單純喜歡這個星空版的地鐵標誌xd回到倫敦之眼等到日落後搭上了它耳朵不斷播著藍又時的倫敦的愛情晚上朋友帶我去了中華街吃了旋轉火鍋他把一個平民美食吃成高檔的價位囧後來去吃了甜點不得不大力推這一家saidcafe這是我這輩子吃過最好吃的巧克力我是個甜食主義者很少會會吃到讓我為之瘋狂的甜食這真的是少數之一左邊那杯espressoshot旁邊塗滿巧克力一開始是咖啡的苦味夾著微酸但後勁是先苦後甜的濃巧克力味差點跪著跟朋友說感恩他帶我來店內氣氛也很cozy我要歌頌這家巧克力的偉大day8早安9又4分之3月臺很多遊客旁邊是哈利波特周邊商品專賣店還有專人幫你拍照下午又是下午茶而且又是大推的一家叫sketch裡面的裝潢真的很厲害而且聽朋友說兩年會換一次入口飲料區洗手間蛋型裡的是馬桶真的酷到爆!!!真的大愛這家鹹食也很不錯我個人覺得各方面都比ritz好也是吃到飽一個人80英鎊合唱團在旁邊好幸福阿~吃完當然是去逛街聖誕氣氛超濃大概跟saidcafe的巧克力一樣濃鬱朋友帶我到了世界上最大家的burberry不只這樣旁邊還有完全不同世界的旋轉樓梯還有電梯在這裡敗了人生最貴的一筆錢因為換算匯率同樣一件風衣在臺灣賣7萬2這邊只要4萬8這差距都可以買張來回機票了你說我不買對得起自己嗎你說!!!(激動)購物完滿足自己的虛榮心跟準備接下來都吃土後跟朋友來看歌舞劇挑的是wicked因為好喜歡這齣的主題曲defyinggravity第一次看這種大型的演出好震撼狂起雞皮疙瘩但朋友說歌劇魅影還有悲慘世界比較好看差點把他頭折斷(也不必)散場後也結束了最後一晚day9把東西收拾好後就回國了掰掰倫敦!謝謝你讓我的美夢成真!以上歌舞劇先生",
    "time": "2017/05/31 18:21:12",
    "event": "slide"
  }
]