[
  {
    "category": "23",
    "app": "Dcard",
    "id": "41",
    "context": "siri：不再是你男朋友了今年初剛跟男友分手了但一直讓我很不知所措的就是siri的設定因為我們曾經口頭向siri設定過：嘿siri打給男朋友siri：請問你的男朋友是誰：***(他的名字)但後來我們分手了沒有不愛了，但還是分開了因著你家人的緣故，是我提的畢竟親情還是被放在愛情之上吧永遠不會被祝福的感情，我也不願將就了爬了文之後找到了更改設定的方法也許是我已經走出來了，不，我還是想念那也許就是我看到你已經走出來了吧相信我們都會遇到更好的也相信你的家人會祝福那下一個更好的女孩辛苦你了！",
    "time": "2017/05/31 18:23:07",
    "event": "click"
  },
  {
    "category": "23",
    "app": "Dcard",
    "id": "42",
    "context": "siri：不再是你男朋友了今年初剛跟男友分手了但一直讓我很不知所措的就是siri的設定因為我們曾經口頭向siri設定過：嘿siri打給男朋友siri：請問你的男朋友是誰：***(他的名字)但後來我們分手了沒有不愛了，但還是分開了因著你家人的緣故，是我提的畢竟親情還是被放在愛情之上吧永遠不會被祝福的感情，我也不願將就了爬了文之後找到了更改設定的方法也許是我已經走出來了，不，我還是想念那也許就是我看到你已經走出來了吧相信我們都會遇到更好的也相信你的家人會祝福那下一個更好的女孩辛苦你了！",
    "time": "2017/05/31 18:23:07",
    "event": "slide"
  }
]