[
  {
    "category": "26",
    "app": "Dcard",
    "id": "47",
    "context": "#食譜超簡單義美巧克力酥餅?嗨—今天要來分享一個食譜讓大家也可以在家簡單的就做出小時候最愛的義美巧克力酥餅這個食譜分成兩個部分：?首先我們要先做巧克力碎餅食材如下：✔️糖粉100克✔️奶油80克✔️麵粉（低筋）100克✔️可可粉20克✔️鹽巴2克➡️作法如下：▪️將奶油切成小方丁後先放冷藏▪️將奶油以外的所有材料秤在一個鋼盆裡，加入冷藏的切丁奶油把所有材料混均勻成團狀▪️把麵團桿成大約0.5mm厚，用160度烤約14分鐘，出爐放涼▪️放涼後把烤過的碎餅放入食物處理機，或用篩網把酥餅用成小碎塊狀，放到密封袋裡放著?第二部分的食譜需要準備以下東西：➡️食材如下：✔️早餐玉米脆片100克（我用的是雀巢的巧克力麥片超愛?）✔️剛剛做的巧克力碎餅100克✔️切碎的黑巧克力50克✔️碎可可豆50克（沒有的話也能用以上代替呦）✔️黑巧克力125克✔️奶油25克➡️作法▪️將巧克力和奶油一起融化▪️把所有材料和融化的巧克力拌勻▪️準備一個小圓模、烤盤、烤盤紙，利用湯匙把巧克力鋪平在烤盤上，拿去冷藏等巧克力凝固就完成了?是不是超簡單?而且真的好吃到不行也沒有義美酥餅來的那麼甜膩大家快在家做做看超簡單的餅乾吧！如果你也跟我一樣很喜歡做甜點歡迎來ig聊聊天：@anytime_dessert（無盈利純分享）希望你們會喜歡今天的食譜?",
    "time": "2017/05/31 18:26:14",
    "event": "click"
  },
  {
    "category": "26",
    "app": "Dcard",
    "id": "48",
    "context": "#食譜超簡單義美巧克力酥餅?嗨—今天要來分享一個食譜讓大家也可以在家簡單的就做出小時候最愛的義美巧克力酥餅這個食譜分成兩個部分：?首先我們要先做巧克力碎餅食材如下：✔️糖粉100克✔️奶油80克✔️麵粉（低筋）100克✔️可可粉20克✔️鹽巴2克➡️作法如下：▪️將奶油切成小方丁後先放冷藏▪️將奶油以外的所有材料秤在一個鋼盆裡，加入冷藏的切丁奶油把所有材料混均勻成團狀▪️把麵團桿成大約0.5mm厚，用160度烤約14分鐘，出爐放涼▪️放涼後把烤過的碎餅放入食物處理機，或用篩網把酥餅用成小碎塊狀，放到密封袋裡放著?第二部分的食譜需要準備以下東西：➡️食材如下：✔️早餐玉米脆片100克（我用的是雀巢的巧克力麥片超愛?）✔️剛剛做的巧克力碎餅100克✔️切碎的黑巧克力50克✔️碎可可豆50克（沒有的話也能用以上代替呦）✔️黑巧克力125克✔️奶油25克➡️作法▪️將巧克力和奶油一起融化▪️把所有材料和融化的巧克力拌勻▪️準備一個小圓模、烤盤、烤盤紙，利用湯匙把巧克力鋪平在烤盤上，拿去冷藏等巧克力凝固就完成了?是不是超簡單?而且真的好吃到不行也沒有義美酥餅來的那麼甜膩大家快在家做做看超簡單的餅乾吧！如果你也跟我一樣很喜歡做甜點歡迎來ig聊聊天：@anytime_dessert（無盈利純分享）希望你們會喜歡今天的食譜?",
    "time": "2017/05/31 18:26:14",
    "event": "slide"
  }
]