[
  {
    "category": "27",
    "app": "Facebook",
    "id": "49",
    "context": "小學生「恐怖日記」的漫畫又再現風潮！不過這次是惡搞版的了...看了後你還要不要減肥?▼這篇漫畫不但讓網友們廣為傳閱，也有不少惡搞的圖片在網路上出現。今天要跟大家分享的就是蛋事超有事eggthings所創作的小學生日記，風格靈感就是來自漫畫《禁日》。她上傳了這張平凡無奇的自拍照後，朋友卻都叫她「不要回頭快逃！」，因為照片那裏竟然有……有些看似平凡無奇甚至到無趣的照片，例如魔術方塊跟一大片橘色佈景，裏頭卻都暗藏著令人震驚的祕密。根據作者讀書有道分享，以下4張圖片都有著「明明擺在眼前」卻很難被發現的不合理之處，來看看你能找到幾項吧。（答案在下面，不要偷看喔！）",
    "time": "2017/05/31 18:28:01",
    "event": "click"
  },
  {
    "category": "27",
    "app": "Facebook",
    "id": "50",
    "context": "小學生「恐怖日記」的漫畫又再現風潮！不過這次是惡搞版的了...看了後你還要不要減肥?▼這篇漫畫不但讓網友們廣為傳閱，也有不少惡搞的圖片在網路上出現。今天要跟大家分享的就是蛋事超有事eggthings所創作的小學生日記，風格靈感就是來自漫畫《禁日》。她上傳了這張平凡無奇的自拍照後，朋友卻都叫她「不要回頭快逃！」，因為照片那裏竟然有……有些看似平凡無奇甚至到無趣的照片，例如魔術方塊跟一大片橘色佈景，裏頭卻都暗藏著令人震驚的祕密。根據作者讀書有道分享，以下4張圖片都有著「明明擺在眼前」卻很難被發現的不合理之處，來看看你能找到幾項吧。（答案在下面，不要偷看喔！）",
    "time": "2017/05/31 18:28:01",
    "event": "slide"
  }
]