[
  {
    "category": "28",
    "app": "Facebook",
    "id": "51",
    "context": "貧富差距太懸殊！《神奇寶貝》小智一行不愁吃穿，火箭隊卻天天打工籌旅費...背後真相讓人覺得超不公平qq相信各位喜愛《神奇寶貝》的動漫迷、電玩迷都覺得讓才10歲的小智出遠門，媽媽心臟也太大，不過根據頭條號「陽光菌的動漫世界」的說法，最匪夷所思的設定，還是在「錢」身上。小智出生在普通的家庭，並沒有富裕到可以亂花錢，可是他的旅途中也沒見他打工，卻活的逍遙自在。反觀火箭隊都是成年人了，小次郎還是個富二代，卻常常看三人組過著貧困的生活，還到處打工籌旅費，為什麼會有這樣的差異呢，看看陽光菌的分析吧！以下為陽光菌的動漫世界為我們帶來的講解餐桌上留下的是一張1150円的賬單，這是整部動漫裏最開始與主角相關的金錢事件，如果不是因為這個賬單，陽光菌真的會以為神奇寶貝訓練家們在旅行中不需要付出任何費用，在這一集裏，小智看到小霞留下賬單走了之後反應也不是很淡定。▲從小智的反應上來看，小智應該不屬於「富二代」的行列，不然的話也不需要為了一頓飯錢而緊張到手舞足蹈了。之後，同為第一部的劇情裏再次出現了小智他們需要付錢的事件，在鬼斯第一次出現的故事裏，鬼斯假扮的老婆婆告訴小智他們，想要保護被幽靈詛咒的小剛只有用她的退治靈符，當然，靈符是需要用錢買的，而結果是小智與小霞竟然買了能貼滿整間房子的護符，雖然為了救朋友義無反顧是一件值得贊揚的事，但就現實因素而言，有能力救和想不想救是兩回事，很明顯小智他們屬於第一種，由此可見他們旅行的路上並不是不需要用錢，只是在動漫裏沒有詳細提到而已。在《神奇寶貝》裏我們總是看到反派角色的火箭隊總是為了食物到處打工，很多時候武藏小次郎與喵喵都是饑腸轆轆餓到半死從火箭隊身上看到的通常都是辛辛苦苦的打著各種工，但每次依然是為了食物和皮卡丘苦苦掙扎，以此推斷神奇寶貝世界裏的錢並不是很好賺，但是小智他們卻從不會為錢煩惱，那麼，他們的錢又是怎麼得來的呢？按照《口袋妖怪》遊戲裏的設定，主角每次對戰之後都會得到一些獎金作為獎勵，而戰勝道館館主得到徽章之後聯盟也會有一些相應的撥款補助除了聯盟補助戰鬥獎金之外，神奇寶貝世界裏對訓練家們有很多的優惠政策，例如治療、住宿免費之類，動畫版的《神奇寶貝》也很好的繼承了遊戲的這些要素。除了聯盟補助戰鬥獎金之外，神奇寶貝世界裏對訓練家們有很多的優惠政策，例如治療、住宿免費之類，動畫版的《神奇寶貝》也很好的繼承了遊戲的這些要素。所以在這個世界裏，只要你是一名神奇寶貝訓練家就不用擔心沒有錢、餓肚子等等，陽光菌只能說能生在一個政策如此給力的世界裏簡直太幸福了！─end─看得我都想當神奇寶貝訓練師了qq",
    "time": "2017/05/31 18:28:52",
    "event": "click"
  },
  {
    "category": "28",
    "app": "Facebook",
    "id": "52",
    "context": "貧富差距太懸殊！《神奇寶貝》小智一行不愁吃穿，火箭隊卻天天打工籌旅費...背後真相讓人覺得超不公平qq相信各位喜愛《神奇寶貝》的動漫迷、電玩迷都覺得讓才10歲的小智出遠門，媽媽心臟也太大，不過根據頭條號「陽光菌的動漫世界」的說法，最匪夷所思的設定，還是在「錢」身上。小智出生在普通的家庭，並沒有富裕到可以亂花錢，可是他的旅途中也沒見他打工，卻活的逍遙自在。反觀火箭隊都是成年人了，小次郎還是個富二代，卻常常看三人組過著貧困的生活，還到處打工籌旅費，為什麼會有這樣的差異呢，看看陽光菌的分析吧！以下為陽光菌的動漫世界為我們帶來的講解餐桌上留下的是一張1150円的賬單，這是整部動漫裏最開始與主角相關的金錢事件，如果不是因為這個賬單，陽光菌真的會以為神奇寶貝訓練家們在旅行中不需要付出任何費用，在這一集裏，小智看到小霞留下賬單走了之後反應也不是很淡定。▲從小智的反應上來看，小智應該不屬於「富二代」的行列，不然的話也不需要為了一頓飯錢而緊張到手舞足蹈了。之後，同為第一部的劇情裏再次出現了小智他們需要付錢的事件，在鬼斯第一次出現的故事裏，鬼斯假扮的老婆婆告訴小智他們，想要保護被幽靈詛咒的小剛只有用她的退治靈符，當然，靈符是需要用錢買的，而結果是小智與小霞竟然買了能貼滿整間房子的護符，雖然為了救朋友義無反顧是一件值得贊揚的事，但就現實因素而言，有能力救和想不想救是兩回事，很明顯小智他們屬於第一種，由此可見他們旅行的路上並不是不需要用錢，只是在動漫裏沒有詳細提到而已。在《神奇寶貝》裏我們總是看到反派角色的火箭隊總是為了食物到處打工，很多時候武藏小次郎與喵喵都是饑腸轆轆餓到半死從火箭隊身上看到的通常都是辛辛苦苦的打著各種工，但每次依然是為了食物和皮卡丘苦苦掙扎，以此推斷神奇寶貝世界裏的錢並不是很好賺，但是小智他們卻從不會為錢煩惱，那麼，他們的錢又是怎麼得來的呢？按照《口袋妖怪》遊戲裏的設定，主角每次對戰之後都會得到一些獎金作為獎勵，而戰勝道館館主得到徽章之後聯盟也會有一些相應的撥款補助除了聯盟補助戰鬥獎金之外，神奇寶貝世界裏對訓練家們有很多的優惠政策，例如治療、住宿免費之類，動畫版的《神奇寶貝》也很好的繼承了遊戲的這些要素。除了聯盟補助戰鬥獎金之外，神奇寶貝世界裏對訓練家們有很多的優惠政策，例如治療、住宿免費之類，動畫版的《神奇寶貝》也很好的繼承了遊戲的這些要素。所以在這個世界裏，只要你是一名神奇寶貝訓練家就不用擔心沒有錢、餓肚子等等，陽光菌只能說能生在一個政策如此給力的世界裏簡直太幸福了！─end─看得我都想當神奇寶貝訓練師了qq",
    "time": "2017/05/31 18:28:52",
    "event": "slide"
  }
]