[
  {
    "category": "29",
    "app": "Facebook",
    "id": "53",
    "context": "19個雙性戀分享他們常常會被問到的超蠢問題！1.聽到「雙性戀者應該要選邊才對」時的反應：2.「朋友：『當雙性戀比較好，可以有更多約會選擇』我：『但0x2依然是0』」3.「我終於要回應有關我是個典型邪惡雙性戀的謠言了：我很邪惡，我是雙性戀，但這兩者是不相干的。謝謝。」4.「『雙性戀(bisexual)也算是lgbt族羣的一部分嗎？』嗯b指的當然不是你這蠢b」5.「雙性戀即便有交往對象都還是雙性戀。異性戀：」6.「是的，我的雙性戀特質是階段性的，我只想繼續聽那些異性戀和lgbt族羣的無知者繼續說蠢話」7.「科學：『雙性戀的人都很焦慮』大家：『ㄏㄏ為何』大家：左邊牌子「太gay了」右邊牌子「不夠gay」8.「只是一些雙性戀的事情：外人都會無視『雙』的部分、外人都會過度強調『性』的部分、我很不爽」9.「饑餓指數、心理疾病、家暴、強暴、性病、慢性健康問題、失業，這些問題對雙性戀女性來說都比女同性戀嚴重」「什麼雙性戀特權？什麼異性戀特權？什麼跨性別特權？他x的什麼異性戀感情？這些都不存在」10.「那些在tinder尋找雙性戀雙插頭的人都去喝星巴克最新推出的星冰樂就好了啦」11.「偶素一ㄍ雙性戀偶ㄅ覺ㄉ恐同有什ㄇ錯」12.「那些有恐雙性戀癥、絕不跟雙性戀男人交往、說『男人不能是雙性戀』的女人，你們可以回家洗洗睡了。最棒的男人都是雙性戀。」13.「所有在tinder尋找『可以一起玩的雙性戀女生』的情侶們都欠我30塊，對不起啊規則不是我訂的」14.「該怎麼稱呼那些會被不同性別吸引但只對一個性別有特別偏好的人呢？雙重標準戀」15.「我花了十多年才確定自己的性向，那是個很漫長的過程。那些只想了2秒的人，你們並非真的雙性戀」16.「每當你講到『雙性戀』這個關鍵字就會被問56個問題，有關你喜歡某個性別的百分比，還有你交往過幾個同性伴侶」17.「早安，我是徹頭徹尾的雙性戀，我的敵人現在掌權了」18.「我有個朋友想介紹給你」「我再9天就要離開了，現在不是交新朋友的好時機吧？」「看吧，其實她也是雙性戀，而且你們有很多共同點。我跟她聊過你給她看了你的照片，她很有興趣。我們可以喝幾杯聊聊看？」「ㄏㄏ某些人是雙性戀不代表他們會想要跟你玩3.p」「不，她有興趣！」「我是說我。」",
    "time": "2017/05/31 18:37:26",
    "event": "click"
  },
  {
    "category": "29",
    "app": "Facebook",
    "id": "54",
    "context": "19個雙性戀分享他們常常會被問到的超蠢問題！1.聽到「雙性戀者應該要選邊才對」時的反應：2.「朋友：『當雙性戀比較好，可以有更多約會選擇』我：『但0x2依然是0』」3.「我終於要回應有關我是個典型邪惡雙性戀的謠言了：我很邪惡，我是雙性戀，但這兩者是不相干的。謝謝。」4.「『雙性戀(bisexual)也算是lgbt族羣的一部分嗎？』嗯b指的當然不是你這蠢b」5.「雙性戀即便有交往對象都還是雙性戀。異性戀：」6.「是的，我的雙性戀特質是階段性的，我只想繼續聽那些異性戀和lgbt族羣的無知者繼續說蠢話」7.「科學：『雙性戀的人都很焦慮』大家：『ㄏㄏ為何』大家：左邊牌子「太gay了」右邊牌子「不夠gay」8.「只是一些雙性戀的事情：外人都會無視『雙』的部分、外人都會過度強調『性』的部分、我很不爽」9.「饑餓指數、心理疾病、家暴、強暴、性病、慢性健康問題、失業，這些問題對雙性戀女性來說都比女同性戀嚴重」「什麼雙性戀特權？什麼異性戀特權？什麼跨性別特權？他x的什麼異性戀感情？這些都不存在」10.「那些在tinder尋找雙性戀雙插頭的人都去喝星巴克最新推出的星冰樂就好了啦」11.「偶素一ㄍ雙性戀偶ㄅ覺ㄉ恐同有什ㄇ錯」12.「那些有恐雙性戀癥、絕不跟雙性戀男人交往、說『男人不能是雙性戀』的女人，你們可以回家洗洗睡了。最棒的男人都是雙性戀。」13.「所有在tinder尋找『可以一起玩的雙性戀女生』的情侶們都欠我30塊，對不起啊規則不是我訂的」14.「該怎麼稱呼那些會被不同性別吸引但只對一個性別有特別偏好的人呢？雙重標準戀」15.「我花了十多年才確定自己的性向，那是個很漫長的過程。那些只想了2秒的人，你們並非真的雙性戀」16.「每當你講到『雙性戀』這個關鍵字就會被問56個問題，有關你喜歡某個性別的百分比，還有你交往過幾個同性伴侶」17.「早安，我是徹頭徹尾的雙性戀，我的敵人現在掌權了」18.「我有個朋友想介紹給你」「我再9天就要離開了，現在不是交新朋友的好時機吧？」「看吧，其實她也是雙性戀，而且你們有很多共同點。我跟她聊過你給她看了你的照片，她很有興趣。我們可以喝幾杯聊聊看？」「ㄏㄏ某些人是雙性戀不代表他們會想要跟你玩3.p」「不，她有興趣！」「我是說我。」",
    "time": "2017/05/31 18:37:26",
    "event": "slide"
  }
]