[
  {
    "category": "3",
    "app": "Dcard",
    "id": "5",
    "context": "你們網美真的都要這樣才開心嗎？穿搭配色褲子之前有一位穿搭上熱門的網美因為蠻喜歡她的穿著所以追蹤她結果今天看到這種照片真的很傻眼超級難爬？地標錯的？還附上地址可是明明新聞就寫了私人土地！！！！難道為了裝美一定要這樣嗎？真的該強烈抵制這樣的行為....認真回你等等一定會有人說可以不要針對網美或是不要發類似的文了嗎或是覺得你在公審等等之類的...穿搭但我還是要說這些人的腦袋都不知道怎麼長的竟然可以過濾掉不想看的中文字我由衷佩服",
    "time": "2017/05/31 17:58:38",
    "event": "click"
  },
  {
    "category": "3",
    "app": "Dcard",
    "id": "6",
    "context": "你們網美真的都要這樣才開心嗎？穿搭配色褲子之前有一位穿搭上熱門的網美因為蠻喜歡她的穿著所以追蹤她結果今天看到這種照片真的很傻眼超級難爬？地標錯的？還附上地址可是明明新聞就寫了私人土地！！！！難道為了裝美一定要這樣嗎？真的該強烈抵制這樣的行為....認真回你等等一定會有人說可以不要針對網美或是不要發類似的文了嗎或是覺得你在公審等等之類的...穿搭但我還是要說這些人的腦袋都不知道怎麼長的竟然可以過濾掉不想看的中文字我由衷佩服",
    "time": "2017/05/31 17:58:38",
    "event": "slide"
  }
]