[
  {
    "category": "30",
    "app": "Facebook",
    "id": "55",
    "context": "如果漫威英雄是在中國誕生的話那該會怎麼樣...？雷神變雷公孫悟空屌打浩克，中國隊長我不敢看啊…根據漫威粉報導，美國漫威公司正在向全世界拓展他的影響力，世界各國也在漫威畫家們豐富的想像力下變成了超級英雄培養場。（中國隊長？）(比如這位英國隊長sourse:toutiao)，下同但是教授覺得很可惜的一點是，中國這個大國家在漫威世界裏存在感並不強，不過這是情理之中的，畢竟對於西方來說，中國是一個神祕的象徵，除了長城啊漢字啊這些符號化的東西他們瞭解的中國就很少了。(不要跟我提萬眾俠，太尬了)不過這並不妨礙我們開開腦洞，想像一下假如漫威世界加入了中國的超級英雄看起來會是怎樣的（已經加入的超級英雄暫不考慮，如十豪俠、萬眾俠等）。第一位：齊天大聖孫悟空教授在想哪些角色適合加入漫威時，一下就想到了這個石猴，他可以說是四大名著中對讀者最友好的一個了，小孩子喜歡他的神通廣大，上天入地無所不能時的炫酷，大人們也可以享受他快意恩仇時的痛快淋漓，可以說《西遊記》就是因為這個角色才變成了成年人和孩子們都可以享受的童話。(圖片來源：英雄聯盟，考慮到漫威有過雷神，lol裏也真的有孫猴子，漫威裏來個齊天大聖也不是不可能)教授在想哪些角色適合加入漫威時，一下就想到了這個石猴，他可以說是四大名著中對讀者最友好的一個了，小孩子喜歡他的神通廣大，上天入地無所不能時的炫酷，大人們也可以享受他快意恩仇時的痛快淋漓，可以說《西遊記》就是因為這個角色才變成了成年人和孩子們都可以享受的童話。(圖片來源：英雄聯盟，考慮到漫威有過雷神，lol裏也真的有孫猴子，漫威裏來個齊天大聖也不是不可能)但是細細一想，孫悟空背後的內涵太深，故事太豐富了，剛生下來時是個妖精，後來大鬧天宮有無所不能時的狂妄，五指山下有失敗者的屈辱，取經路上有九九八十一難的艱辛委屈吳承恩的筆法太好，限制了後人的發揮。當然，優秀的「同人」作品還是有的，比如周星馳的電影。(黃渤版的孫悟空五指山下狼狽的那個)那麼漫威要讓他加入「豪華午餐」，應該截取孫悟空的那一個側面呢?我認為應該是孫悟空天不怕地不怕的叛逆精神，齊天，齊天，我就是要變得和天一樣高，我就是要讓天也管不著我!(一句「俺老孫來也!」是專屬於中國人的不屈)而這種精神剛好和美國人的民族精神有了交集，美國人自己就是不服殖民宗主的「反賊」國父們在《獨立宣言》裏千叮嚀萬囑咐，告誡後人千萬不要丟掉了自由精神，這也是漫威英雄們的信條，而如果編劇們發現東方居然也有這樣一個神通廣大的自由鬥士，不知道會有多驚喜。(希臘神話裏的戰神阿瑞斯被漫威拿來和北歐雷神打了一架)而天性不羈的他，可能會因為痛恨宇宙規則對生命的限制，從此立志將宇宙規則統統打碎，一棍擊飛天神組，一拳打碎無限寶石，沒人控制的住他。假如他在無限制的破壞當中迷失了自我，還可以讓人一通嘴炮說服他，嗯，一定是被嘴炮打敗，這是漫威的「套路」。(綠巨人世界大戰→孫悟空世界大戰)至於是誰對他說出那些話，我覺得可以寫成是他利用七十二變變成凡人時「邂逅」的某位朋友。(哈，紫霞仙子)第二位：國寶(我嗎?)把動物變成超級英雄，這倒不是教授的腦洞太大，而是漫威開有先河，銀河護衛隊原著漫畫裏就有一隻叫科茲莫的宇航狗，可以與人對話交流，並且有強大的心靈感應能力，可以控制住滅霸，被星爵稱為「可見宇宙中最強大的三個心靈感應者之一」(不用看我，三個人裏沒有x-教授我的份，很氣)。(狗有文化，誰都害怕)而教授覺得，憨厚，不好動的熊貓比起活躍的狗狗更適合作為心靈能力所有者，說不定他還會像中國的隱士那樣，帶著一些祕密知識隱居山林，誰能拿出最高誠意，獻上最新鮮的竹子，誰就能聽他講過去的故事我已經在期待漫威畫一個山神了。(熊貓人)第三位：某環衛工人的傳奇故事中國有句話叫做「高手在民間」，但是把這句話用到淋漓盡致的卻是美國的超級英雄，漫威世界裏不知道有多少「街頭英雄」，馬特律師白天工作，晚上變身夜魔俠行俠仗義，彼得帕克平常是報社記者(現在是公司老闆了)一聽見警笛立馬變身蜘蛛俠，還有盧克凱奇，鐵拳，艾麗卡(民風純樸曼哈頓)平凡到讓人幾乎忽略的人，也許有某一天會為了正義爆發出無與倫比的力量，這是漫威的精神，也是漫畫能讓人產生共鳴的地方，那麼咱們國家誰平凡的讓人忘記了存在?當然是那些身著橙衣拿著竹掃帚掃地的環衛工人了。(其實他們很辛苦的)而在現實生活中，我們也確確實實看到了他們的力量，每年暴雨季，都是他們堅守崗位，清理污泥，疏通下水道，把破壞降到最低，而暴雨過後，他們又消失在了市民們看不見的地方，默默清理著街道。要是有人問我中國的大城市裏誰適合做超級英雄，我會毫不猶豫的指向那一抹橙色。(小心，連金庸都不敢小瞧「掃大街的」)寫了這麼多，事實上是想跟大家說，漫威畫的是英雄的故事，而在我們中國，英雄的故事其實並不缺，不用主旋律電影宣傳，不用祭出黨的光輝照耀別人，在神話裏，生活中，在中國人的心裏，英雄都在。比如，看了這篇文章的讀者裏，要是有人真的把他們的故事寫出來了，畫出來了，那我覺得，他就是英雄。更多漫威原創解析，可訂閱公眾號「漫威粉」。",
    "time": "2017/05/31 18:40:00",
    "event": "click"
  },
  {
    "category": "30",
    "app": "Facebook",
    "id": "56",
    "context": "如果漫威英雄是在中國誕生的話那該會怎麼樣...？雷神變雷公孫悟空屌打浩克，中國隊長我不敢看啊…根據漫威粉報導，美國漫威公司正在向全世界拓展他的影響力，世界各國也在漫威畫家們豐富的想像力下變成了超級英雄培養場。（中國隊長？）(比如這位英國隊長sourse:toutiao)，下同但是教授覺得很可惜的一點是，中國這個大國家在漫威世界裏存在感並不強，不過這是情理之中的，畢竟對於西方來說，中國是一個神祕的象徵，除了長城啊漢字啊這些符號化的東西他們瞭解的中國就很少了。(不要跟我提萬眾俠，太尬了)不過這並不妨礙我們開開腦洞，想像一下假如漫威世界加入了中國的超級英雄看起來會是怎樣的（已經加入的超級英雄暫不考慮，如十豪俠、萬眾俠等）。第一位：齊天大聖孫悟空教授在想哪些角色適合加入漫威時，一下就想到了這個石猴，他可以說是四大名著中對讀者最友好的一個了，小孩子喜歡他的神通廣大，上天入地無所不能時的炫酷，大人們也可以享受他快意恩仇時的痛快淋漓，可以說《西遊記》就是因為這個角色才變成了成年人和孩子們都可以享受的童話。(圖片來源：英雄聯盟，考慮到漫威有過雷神，lol裏也真的有孫猴子，漫威裏來個齊天大聖也不是不可能)教授在想哪些角色適合加入漫威時，一下就想到了這個石猴，他可以說是四大名著中對讀者最友好的一個了，小孩子喜歡他的神通廣大，上天入地無所不能時的炫酷，大人們也可以享受他快意恩仇時的痛快淋漓，可以說《西遊記》就是因為這個角色才變成了成年人和孩子們都可以享受的童話。(圖片來源：英雄聯盟，考慮到漫威有過雷神，lol裏也真的有孫猴子，漫威裏來個齊天大聖也不是不可能)但是細細一想，孫悟空背後的內涵太深，故事太豐富了，剛生下來時是個妖精，後來大鬧天宮有無所不能時的狂妄，五指山下有失敗者的屈辱，取經路上有九九八十一難的艱辛委屈吳承恩的筆法太好，限制了後人的發揮。當然，優秀的「同人」作品還是有的，比如周星馳的電影。(黃渤版的孫悟空五指山下狼狽的那個)那麼漫威要讓他加入「豪華午餐」，應該截取孫悟空的那一個側面呢?我認為應該是孫悟空天不怕地不怕的叛逆精神，齊天，齊天，我就是要變得和天一樣高，我就是要讓天也管不著我!(一句「俺老孫來也!」是專屬於中國人的不屈)而這種精神剛好和美國人的民族精神有了交集，美國人自己就是不服殖民宗主的「反賊」國父們在《獨立宣言》裏千叮嚀萬囑咐，告誡後人千萬不要丟掉了自由精神，這也是漫威英雄們的信條，而如果編劇們發現東方居然也有這樣一個神通廣大的自由鬥士，不知道會有多驚喜。(希臘神話裏的戰神阿瑞斯被漫威拿來和北歐雷神打了一架)而天性不羈的他，可能會因為痛恨宇宙規則對生命的限制，從此立志將宇宙規則統統打碎，一棍擊飛天神組，一拳打碎無限寶石，沒人控制的住他。假如他在無限制的破壞當中迷失了自我，還可以讓人一通嘴炮說服他，嗯，一定是被嘴炮打敗，這是漫威的「套路」。(綠巨人世界大戰→孫悟空世界大戰)至於是誰對他說出那些話，我覺得可以寫成是他利用七十二變變成凡人時「邂逅」的某位朋友。(哈，紫霞仙子)第二位：國寶(我嗎?)把動物變成超級英雄，這倒不是教授的腦洞太大，而是漫威開有先河，銀河護衛隊原著漫畫裏就有一隻叫科茲莫的宇航狗，可以與人對話交流，並且有強大的心靈感應能力，可以控制住滅霸，被星爵稱為「可見宇宙中最強大的三個心靈感應者之一」(不用看我，三個人裏沒有x-教授我的份，很氣)。(狗有文化，誰都害怕)而教授覺得，憨厚，不好動的熊貓比起活躍的狗狗更適合作為心靈能力所有者，說不定他還會像中國的隱士那樣，帶著一些祕密知識隱居山林，誰能拿出最高誠意，獻上最新鮮的竹子，誰就能聽他講過去的故事我已經在期待漫威畫一個山神了。(熊貓人)第三位：某環衛工人的傳奇故事中國有句話叫做「高手在民間」，但是把這句話用到淋漓盡致的卻是美國的超級英雄，漫威世界裏不知道有多少「街頭英雄」，馬特律師白天工作，晚上變身夜魔俠行俠仗義，彼得帕克平常是報社記者(現在是公司老闆了)一聽見警笛立馬變身蜘蛛俠，還有盧克凱奇，鐵拳，艾麗卡(民風純樸曼哈頓)平凡到讓人幾乎忽略的人，也許有某一天會為了正義爆發出無與倫比的力量，這是漫威的精神，也是漫畫能讓人產生共鳴的地方，那麼咱們國家誰平凡的讓人忘記了存在?當然是那些身著橙衣拿著竹掃帚掃地的環衛工人了。(其實他們很辛苦的)而在現實生活中，我們也確確實實看到了他們的力量，每年暴雨季，都是他們堅守崗位，清理污泥，疏通下水道，把破壞降到最低，而暴雨過後，他們又消失在了市民們看不見的地方，默默清理著街道。要是有人問我中國的大城市裏誰適合做超級英雄，我會毫不猶豫的指向那一抹橙色。(小心，連金庸都不敢小瞧「掃大街的」)寫了這麼多，事實上是想跟大家說，漫威畫的是英雄的故事，而在我們中國，英雄的故事其實並不缺，不用主旋律電影宣傳，不用祭出黨的光輝照耀別人，在神話裏，生活中，在中國人的心裏，英雄都在。比如，看了這篇文章的讀者裏，要是有人真的把他們的故事寫出來了，畫出來了，那我覺得，他就是英雄。更多漫威原創解析，可訂閱公眾號「漫威粉」。",
    "time": "2017/05/31 18:40:00",
    "event": "slide"
  },
  {
    "category": "30",
    "app": "Facebook",
    "id": "57",
    "context": "除了正史世界「蜘蛛人」，他在平行世界竟然成爲這8種「平行世界角色」#5這個版本蜘蛛人「足以毀滅整個地球」漫威的世界中，平行宇宙是非常司空見慣的事情，甚至每個宇宙都有自己的編號，而且每個世界都有自己的獨特風格。根據頭條號主叉叉說漫畫報導，以下就來介紹蜘蛛人在各個平行宇宙中的樣子。#1暗影蜘蛛所在世界：earth-90214，初次登場：spider-mannoir#1，角色本名：彼得‧帕克。故事起源：在30年代的經濟大蕭條時期，彼得的伯伯班領導一羣工人參予對血汗工廠的罷工，而被一個腐敗商人諾曼給殘忍殺害，自此彼得決定要替社會正義盡一份心力，而跟號角日報記者benurich合作。在一次意外得到的線報中，彼得阻止諾曼的人偷取一個蜘蛛形狀的古董雕像，但雕像摔破後跑出一團蜘蛛，其中一隻還咬傷了彼得。彼得的意識跟蜘蛛之神交流後，就獲得了蜘蛛般的超能力，就決定以蜘蛛人的稱呼打擊犯罪。earth-90214是怎樣的世界？為一個將marvel角色設定在30年代，並以黑色電影元素，以及用黑幫與犯罪故事為主題風格的世界。每一個系列都有該世界版本的連載，非常有趣且能讓人融入經濟大蕭條時期的美國。此蜘蛛人跟上面那位蜘蛛人2099一樣，都是電玩遊戲spider-manshattereddimensions四大主角之一。#2蜘蛛人2099所在世界：earth-928，初次登場：spider-man2099#1，角色本名：miguelo'hara（米圭爾·奧哈拉）。故事起源：米圭爾原是alchemax公司的基因科學家，但遭小人陷害而獲得蜘蛛能力，他想起過去英雄時代的眾多英雄們所代表涵義，於是從不想成英雄，到最後決定繼承蜘蛛人這名字，打算在此時代對抗財團控制的社會所產生之不公義。曾到過正統世界與彼得合作過，在蜘蛛宇宙故事中又來到正統世界，但遇到的是靈魂被章魚博士控制的究極蜘蛛人，然後蜘蛛人2099打算留在正統世界一陣子，之後將會有新的漫畫講述。earth-928是怎樣的世界？為正史世界earth-616可能的未來，是賽博朋克風格的非烏託邦世界，由財團控制政府和社會，警察也相當於財團的走狗。正史世界英雄已經是過去的歷史，但其圖像都被財團當作自己的倡導人物一樣，象徵所作所為宛如正當化的思想洗腦民眾。這世界有未來x戰警、未來惡靈騎士、未來末日博士、未來制裁者、未來蜘蛛人、未來浩克和未來驚奇四超人等英雄，來對抗這個社會體系。#3印度蜘蛛人地球50101，印度蜘蛛人最早出現在《蜘蛛人：印度》第一話，本名pavitrprabhakar，pavitrprabhakar是一個來自邊遠農村的印度男孩，從小父母雙亡，後隨叔父和嬸母來到孟買讀書。pavitr知道叔父拼命打工賺錢供自己讀書，學習非常用功，但因出身寒微，經常受到同學們的嘲笑，只有一個叫meerajain的時尚女生願意與他交往。當地有一個叫nalinobero的黑幫老大，利用一個護身符舉行儀式變身綠色惡魔威脅人類和平。這時pavitr遇見了一位瑜珈信徒，賦予了他變身為蜘蛛人的能力來戰勝惡魔，保護地球。一天，一個婦女遭到幾個歹徒的襲擊，擁有超能力的pavitr坐視不管，他的叔父卻挺身而出，被歹徒殺害。面對叔父的死，pavitr明白了一個道理：能力越大，責任越大。從此發誓要利用自己的超能力懲惡揚善。#4克瓦庫‧阿南西所在世界：earth-7082，初次登場：spider-man:fairytales#2，角色本名：克瓦庫‧阿南西。故事起源：克瓦庫是位非洲神族，傳說中他是世界上第一位蜘蛛，是非洲眾神之父恩雅梅之子，常以人類和蜘蛛，或者兩者混合的形態出現，父親要他學習力量越大、責任越大的道理。而這次克瓦庫想找尋傳說的蜘蛛蘭花，卻遇到四大元素（剛好四個蜘蛛人惡棍）的挑戰，但也突破萬難成功完成自己旅程，開始人生下一步計劃。earth-7082是怎樣的世界？是spider-man:fairytales的系列其中一個短篇，顧名思義就是把世界上的寓言故事改編成蜘蛛人版本。而此世界就是改編非洲神話阿南西的故事，四大元素是沙人（土）、綠惡魔（火）、深水人（水）和swarm（氣），但都沒有人的。#5宇宙隊長蜘蛛人所在世界：earth-7082，初次登場：whatifvol.2#31，角色本名：彼得‧帕克。故事起源：彼得沒有將宇宙隊長的uni-poewer能量弄掉，於是決定退休卻被猛毒打擾，但猛毒自知敵不過是宇宙隊長的蜘蛛人，於是接受跟彼得談好的條件，他會替蜘蛛人行俠仗義。之後彼得用宇宙隊長能力，全球性災難一一被克服，但這種近似完全無敵的力量，讓彼得已經失去身為人類的同理心。有次他帶索爾到非洲，希望能降雨解決非洲的旱災，但索爾拒絕，認為身為一個神無法干涉人類生活而讓兩人打起來，直到末日博士射倒索爾才結束。末日博士說到自己有辦法可以讓彼得跟uni-power分離，但是彼得拒絕這項提議，因為他知道末日博士想獨佔這股力量。最後末日博士搶奪失敗，因為它不是真正的末日博士，只是一個機器人替身，承受不住其能量。接著彼得再度用宇宙隊長的能力，將這機器偷過來用在自己身上，不只解除了他的uni-power，也讓他的蜘蛛能力不見了，索爾幫助他回美國。不久，他與瑪麗珍的女兒誕生，但眼睛包含眼珠整個是白的，也許在彼得還是宇宙隊長時，就讓瑪利珍懷孕了吧，所以瑪莉珍開玩笑的說＂她繼承了爸爸的眼睛＂。earth-7082是怎樣的世界？為正史世界earth-616的分岔現實，不同點在於正史世界的蜘蛛人有成功放棄掉身為宇宙隊長的uni-power能量，而此世界是探討彼得繼續留下來，會怎樣的情況與發展。#6惡靈蜘蛛所在世界：earth-11638，初次登場：amazingspider-manannual#38，角色本名：彼得‧帕克。故事起源：這個世界由於班伯伯沒死，他訓練彼得用蜘蛛能力成為theamazing-spider這個著名英雄，同時彼得也是位成功的科學家，並開設一家公司parkertechnologies（帕克科技），以此成為富豪。他傳送正史世界的彼得來到自己世界，讓他以為自己是因意外而來，然後將其抓住。此世界的班伯伯和彼得，其實已經殺死許多世界來的蜘蛛人，為的就是增加自己實力。最後在此世界的至尊法師布魯斯‧班納幫忙下，注入了復仇之靈，才讓這彼得後悔自己行徑，將正史世界的蜘蛛人、死侍和浩克送回去。earth-11638是怎樣的世界？是一個看似美好的世界，該世界至尊法師是布魯斯‧班納，他用魔法將體內的惡魔浩克給給分離，而死侍是末日博士，末日博士則是死侍。為故事identitywars登場，由蜘蛛人、死侍和浩克的年刊連載三本一起crossover進行。",
    "time": "2017/05/31 18:41:05",
    "event": "click"
  },
  {
    "category": "30",
    "app": "Facebook",
    "id": "58",
    "context": "除了正史世界「蜘蛛人」，他在平行世界竟然成爲這8種「平行世界角色」#5這個版本蜘蛛人「足以毀滅整個地球」漫威的世界中，平行宇宙是非常司空見慣的事情，甚至每個宇宙都有自己的編號，而且每個世界都有自己的獨特風格。根據頭條號主叉叉說漫畫報導，以下就來介紹蜘蛛人在各個平行宇宙中的樣子。#1暗影蜘蛛所在世界：earth-90214，初次登場：spider-mannoir#1，角色本名：彼得‧帕克。故事起源：在30年代的經濟大蕭條時期，彼得的伯伯班領導一羣工人參予對血汗工廠的罷工，而被一個腐敗商人諾曼給殘忍殺害，自此彼得決定要替社會正義盡一份心力，而跟號角日報記者benurich合作。在一次意外得到的線報中，彼得阻止諾曼的人偷取一個蜘蛛形狀的古董雕像，但雕像摔破後跑出一團蜘蛛，其中一隻還咬傷了彼得。彼得的意識跟蜘蛛之神交流後，就獲得了蜘蛛般的超能力，就決定以蜘蛛人的稱呼打擊犯罪。earth-90214是怎樣的世界？為一個將marvel角色設定在30年代，並以黑色電影元素，以及用黑幫與犯罪故事為主題風格的世界。每一個系列都有該世界版本的連載，非常有趣且能讓人融入經濟大蕭條時期的美國。此蜘蛛人跟上面那位蜘蛛人2099一樣，都是電玩遊戲spider-manshattereddimensions四大主角之一。#2蜘蛛人2099所在世界：earth-928，初次登場：spider-man2099#1，角色本名：miguelo'hara（米圭爾·奧哈拉）。故事起源：米圭爾原是alchemax公司的基因科學家，但遭小人陷害而獲得蜘蛛能力，他想起過去英雄時代的眾多英雄們所代表涵義，於是從不想成英雄，到最後決定繼承蜘蛛人這名字，打算在此時代對抗財團控制的社會所產生之不公義。曾到過正統世界與彼得合作過，在蜘蛛宇宙故事中又來到正統世界，但遇到的是靈魂被章魚博士控制的究極蜘蛛人，然後蜘蛛人2099打算留在正統世界一陣子，之後將會有新的漫畫講述。earth-928是怎樣的世界？為正史世界earth-616可能的未來，是賽博朋克風格的非烏託邦世界，由財團控制政府和社會，警察也相當於財團的走狗。正史世界英雄已經是過去的歷史，但其圖像都被財團當作自己的倡導人物一樣，象徵所作所為宛如正當化的思想洗腦民眾。這世界有未來x戰警、未來惡靈騎士、未來末日博士、未來制裁者、未來蜘蛛人、未來浩克和未來驚奇四超人等英雄，來對抗這個社會體系。#3印度蜘蛛人地球50101，印度蜘蛛人最早出現在《蜘蛛人：印度》第一話，本名pavitrprabhakar，pavitrprabhakar是一個來自邊遠農村的印度男孩，從小父母雙亡，後隨叔父和嬸母來到孟買讀書。pavitr知道叔父拼命打工賺錢供自己讀書，學習非常用功，但因出身寒微，經常受到同學們的嘲笑，只有一個叫meerajain的時尚女生願意與他交往。當地有一個叫nalinobero的黑幫老大，利用一個護身符舉行儀式變身綠色惡魔威脅人類和平。這時pavitr遇見了一位瑜珈信徒，賦予了他變身為蜘蛛人的能力來戰勝惡魔，保護地球。一天，一個婦女遭到幾個歹徒的襲擊，擁有超能力的pavitr坐視不管，他的叔父卻挺身而出，被歹徒殺害。面對叔父的死，pavitr明白了一個道理：能力越大，責任越大。從此發誓要利用自己的超能力懲惡揚善。#4克瓦庫‧阿南西所在世界：earth-7082，初次登場：spider-man:fairytales#2，角色本名：克瓦庫‧阿南西。故事起源：克瓦庫是位非洲神族，傳說中他是世界上第一位蜘蛛，是非洲眾神之父恩雅梅之子，常以人類和蜘蛛，或者兩者混合的形態出現，父親要他學習力量越大、責任越大的道理。而這次克瓦庫想找尋傳說的蜘蛛蘭花，卻遇到四大元素（剛好四個蜘蛛人惡棍）的挑戰，但也突破萬難成功完成自己旅程，開始人生下一步計劃。earth-7082是怎樣的世界？是spider-man:fairytales的系列其中一個短篇，顧名思義就是把世界上的寓言故事改編成蜘蛛人版本。而此世界就是改編非洲神話阿南西的故事，四大元素是沙人（土）、綠惡魔（火）、深水人（水）和swarm（氣），但都沒有人的。#5宇宙隊長蜘蛛人所在世界：earth-7082，初次登場：whatifvol.2#31，角色本名：彼得‧帕克。故事起源：彼得沒有將宇宙隊長的uni-poewer能量弄掉，於是決定退休卻被猛毒打擾，但猛毒自知敵不過是宇宙隊長的蜘蛛人，於是接受跟彼得談好的條件，他會替蜘蛛人行俠仗義。之後彼得用宇宙隊長能力，全球性災難一一被克服，但這種近似完全無敵的力量，讓彼得已經失去身為人類的同理心。有次他帶索爾到非洲，希望能降雨解決非洲的旱災，但索爾拒絕，認為身為一個神無法干涉人類生活而讓兩人打起來，直到末日博士射倒索爾才結束。末日博士說到自己有辦法可以讓彼得跟uni-power分離，但是彼得拒絕這項提議，因為他知道末日博士想獨佔這股力量。最後末日博士搶奪失敗，因為它不是真正的末日博士，只是一個機器人替身，承受不住其能量。接著彼得再度用宇宙隊長的能力，將這機器偷過來用在自己身上，不只解除了他的uni-power，也讓他的蜘蛛能力不見了，索爾幫助他回美國。不久，他與瑪麗珍的女兒誕生，但眼睛包含眼珠整個是白的，也許在彼得還是宇宙隊長時，就讓瑪利珍懷孕了吧，所以瑪莉珍開玩笑的說＂她繼承了爸爸的眼睛＂。earth-7082是怎樣的世界？為正史世界earth-616的分岔現實，不同點在於正史世界的蜘蛛人有成功放棄掉身為宇宙隊長的uni-power能量，而此世界是探討彼得繼續留下來，會怎樣的情況與發展。#6惡靈蜘蛛所在世界：earth-11638，初次登場：amazingspider-manannual#38，角色本名：彼得‧帕克。故事起源：這個世界由於班伯伯沒死，他訓練彼得用蜘蛛能力成為theamazing-spider這個著名英雄，同時彼得也是位成功的科學家，並開設一家公司parkertechnologies（帕克科技），以此成為富豪。他傳送正史世界的彼得來到自己世界，讓他以為自己是因意外而來，然後將其抓住。此世界的班伯伯和彼得，其實已經殺死許多世界來的蜘蛛人，為的就是增加自己實力。最後在此世界的至尊法師布魯斯‧班納幫忙下，注入了復仇之靈，才讓這彼得後悔自己行徑，將正史世界的蜘蛛人、死侍和浩克送回去。earth-11638是怎樣的世界？是一個看似美好的世界，該世界至尊法師是布魯斯‧班納，他用魔法將體內的惡魔浩克給給分離，而死侍是末日博士，末日博士則是死侍。為故事identitywars登場，由蜘蛛人、死侍和浩克的年刊連載三本一起crossover進行。",
    "time": "2017/05/31 18:41:05",
    "event": "slide"
  }
]