[
  {
    "category": "31",
    "app": "Dcard",
    "id": "23",
    "context": "生小孩的不同意見?昨天和男友租歡樂好聲音來看裡面的豬媽媽有20幾個小孩?每天都要忙著照顧他們男友看著看著突然問他：寶貝你以後會想生這麼多嗎我：(隨口回答)好啊他：真的嗎⊙_⊙……我：嗯嗯那你想生幾個？他：最多三個吧聽到之後想逗他一下就漫不經心的說我：是哦那我們可能不能結婚了哦他：(沉默)因為男友是標準男子漢類型，以為他可能不想鳥我的無聊玩笑就在我以為這個話題結束了之後過了幾分鐘他面有難色的把電影按暫停我：怎麼了？他：……真的不能結婚嗎……?真的不能結婚嗎……?真的不能結婚嗎……?認真屁哦好可愛哈哈哈哈哈哈哈?-犬型男的主人",
    "time": "2017/05/31 18:06:15",
    "event": "click"
  },
  {
    "category": "31",
    "app": "Dcard",
    "id": "24",
    "context": "生小孩的不同意見?昨天和男友租歡樂好聲音來看裡面的豬媽媽有20幾個小孩?每天都要忙著照顧他們男友看著看著突然問他：寶貝你以後會想生這麼多嗎我：(隨口回答)好啊他：真的嗎⊙_⊙……我：嗯嗯那你想生幾個？他：最多三個吧聽到之後想逗他一下就漫不經心的說我：是哦那我們可能不能結婚了哦他：(沉默)因為男友是標準男子漢類型，以為他可能不想鳥我的無聊玩笑就在我以為這個話題結束了之後過了幾分鐘他面有難色的把電影按暫停我：怎麼了？他：……真的不能結婚嗎……?真的不能結婚嗎……?真的不能結婚嗎……?認真屁哦好可愛哈哈哈哈哈哈哈?-犬型男的主人",
    "time": "2017/05/31 18:06:15",
    "event": "slide"
  }
]