[
  {
    "category": "4",
    "app": "Dcard",
    "id": "7",
    "context": "#圖#夜市魚誰說夜市魚容易死夜市看見的魚是這麼大隻約兩三公分左右(圖原至於網路https://goo.gl/images/kjoqsl)小小的很可愛❤可是..男友家養的夜市魚...竟然...可以...養成這麼大隻！！！有15公分長了吧???男友表示他養了快四年了???覺得佩服男友的女子❤也養得太好了吧，佩服！",
    "time": "2017/05/31 17:58:57",
    "event": "click"
  },
  {
    "category": "4",
    "app": "Dcard",
    "id": "8",
    "context": "#圖#夜市魚誰說夜市魚容易死夜市看見的魚是這麼大隻約兩三公分左右(圖原至於網路https://goo.gl/images/kjoqsl)小小的很可愛❤可是..男友家養的夜市魚...竟然...可以...養成這麼大隻！！！有15公分長了吧???男友表示他養了快四年了???覺得佩服男友的女子❤也養得太好了吧，佩服！",
    "time": "2017/05/31 17:58:57",
    "event": "slide"
  }
]