[
  {
    "category": "5",
    "app": "Dcard",
    "id": "9",
    "context": "電梯裡的無聲屁今天聽學弟了講一件他發生過的糗事學弟他在家裡是那種放屁很臭但不承認愛怪別人的人例如正在看電視的時候正看到一半學弟：（蹼）他媽：吼呦！誰啦！！！他爸：也太臭了吧！！學弟：妹！你到底吃了什麼！！！他妹：不是我(･᷄ὢ･᷅)學弟：每個人都會裝呀！放屁就承認反正都是家裡人他媽：對呀不過也太臭了吧？他妹：(･᷄ὢ･᷅)反正在家裡只要學弟一放屁他都會推給他妹第一二次他爸媽還相信是妹妹放的久而久之他們全家好像也習慣了-------------以下故事開始------------（學弟視角）還記得有一天我帶我妹妹出去玩玩回來要回家的時候我們在一個很多人的電梯裡面突然聞到一股超級臭的屁味！然後大家都不出聲很安靜但真的好臭突然！！他妹：哥！你又放屁了呀？學弟：沒阿！！別亂講不是我！！是別人！他妹：你是不是又要把屁推到我身上呀？這個屁那麼臭一定是你放的(･ิω･ิ)學弟：不是我是別人！！！他妹：你這次要推到別人身上呦？你每次在家放屁都推到我身上這次要推給別人(･ิω･ิ)學弟：不是我！真的不是我！他妹：可是每次你在家都這樣講只是每次都推到我身上呀(･ิω･ิ)(･ิω･ิ)(･ิω･ิ)學弟：這次真的不是我！！他妹：每個人都會裝呀！都可以說這次不是我呀(･᷄ὢ･᷅)他妹：這個屁那麼臭一定是你啦(☞ﾟ∀ﾟ)☞學弟心想：（這電梯也太長了吧）థ౪థ哈哈哈以其人之道還治其人之身的概念-⛷加拿大青峯?",
    "time": "2017/05/31 17:59:14",
    "event": "click"
  },
  {
    "category": "5",
    "app": "Dcard",
    "id": "10",
    "context": "電梯裡的無聲屁今天聽學弟了講一件他發生過的糗事學弟他在家裡是那種放屁很臭但不承認愛怪別人的人例如正在看電視的時候正看到一半學弟：（蹼）他媽：吼呦！誰啦！！！他爸：也太臭了吧！！學弟：妹！你到底吃了什麼！！！他妹：不是我(･᷄ὢ･᷅)學弟：每個人都會裝呀！放屁就承認反正都是家裡人他媽：對呀不過也太臭了吧？他妹：(･᷄ὢ･᷅)反正在家裡只要學弟一放屁他都會推給他妹第一二次他爸媽還相信是妹妹放的久而久之他們全家好像也習慣了-------------以下故事開始------------（學弟視角）還記得有一天我帶我妹妹出去玩玩回來要回家的時候我們在一個很多人的電梯裡面突然聞到一股超級臭的屁味！然後大家都不出聲很安靜但真的好臭突然！！他妹：哥！你又放屁了呀？學弟：沒阿！！別亂講不是我！！是別人！他妹：你是不是又要把屁推到我身上呀？這個屁那麼臭一定是你放的(･ิω･ิ)學弟：不是我是別人！！！他妹：你這次要推到別人身上呦？你每次在家放屁都推到我身上這次要推給別人(･ิω･ิ)學弟：不是我！真的不是我！他妹：可是每次你在家都這樣講只是每次都推到我身上呀(･ิω･ิ)(･ิω･ิ)(･ิω･ิ)學弟：這次真的不是我！！他妹：每個人都會裝呀！都可以說這次不是我呀(･᷄ὢ･᷅)他妹：這個屁那麼臭一定是你啦(☞ﾟ∀ﾟ)☞學弟心想：（這電梯也太長了吧）థ౪థ哈哈哈以其人之道還治其人之身的概念-⛷加拿大青峯?",
    "time": "2017/05/31 17:59:14",
    "event": "slide"
  }
]