[
  {
    "category": "6",
    "app": "Dcard",
    "id": "11",
    "context": "what'sinmyroom哈囉～～入住新家也有一個半月了跟大家分享一下自己的房間一直以來都很喜歡無印良品的風格還有清水模如果剛好有喜歡這類風格的人可以參考一下唷先介紹主牆～～這是用水泥板拼貼的比起仿清水模施工便宜很多喔效果我個人覺得還蠻滿意！因拍攝角度兩張照片顏色有點不一樣實際的顏色是接近第一張照片的顏色這是我畫給木工施作的草稿我先量牆壁的長寬看要切成幾塊清水模板再去抓每個洞跟洞之間的距離幸好做起來不算突兀?因為牆壁是灰色所以也找了同色系的插座蓋板是鋁的材質～一直都想要在牀頭櫃上方擺燈剛好找到一盞同時具有木頭和水泥質感的燈（下方有點色差其實近看有蠻多瑕疵但是因為是水泥材質比較粗曠）牀頭小櫃是木作由於空間有限只能放得下35公分寬所以只能手作外型是參考無印的梳妝臺（其實書桌也是下面會附圖～）書桌抽屜是兩個淺抽放化妝用品還有一些文具椅子的話是買現成的喔因為設計師說請木工做會不划算建議直接買接下來是牀上方的櫃子是用噴漆噴漆的優點是好擦拭缺點是怕敲到撞倒最後是衣櫃～為了不要從外面就能看到裡面的衣服所以選用墨玻璃看得太清楚怕會有凌亂的感覺櫃子打開（左）（右）最後是房間的全貌（牀臺也是參考無印請木工做的下方共有六個收納抽屜）謝謝大家耐心看完～～～～?",
    "time": "2017/05/31 17:59:47",
    "event": "click"
  },
  {
    "category": "6",
    "app": "Dcard",
    "id": "12",
    "context": "what'sinmyroom哈囉～～入住新家也有一個半月了跟大家分享一下自己的房間一直以來都很喜歡無印良品的風格還有清水模如果剛好有喜歡這類風格的人可以參考一下唷先介紹主牆～～這是用水泥板拼貼的比起仿清水模施工便宜很多喔效果我個人覺得還蠻滿意！因拍攝角度兩張照片顏色有點不一樣實際的顏色是接近第一張照片的顏色這是我畫給木工施作的草稿我先量牆壁的長寬看要切成幾塊清水模板再去抓每個洞跟洞之間的距離幸好做起來不算突兀?因為牆壁是灰色所以也找了同色系的插座蓋板是鋁的材質～一直都想要在牀頭櫃上方擺燈剛好找到一盞同時具有木頭和水泥質感的燈（下方有點色差其實近看有蠻多瑕疵但是因為是水泥材質比較粗曠）牀頭小櫃是木作由於空間有限只能放得下35公分寬所以只能手作外型是參考無印的梳妝臺（其實書桌也是下面會附圖～）書桌抽屜是兩個淺抽放化妝用品還有一些文具椅子的話是買現成的喔因為設計師說請木工做會不划算建議直接買接下來是牀上方的櫃子是用噴漆噴漆的優點是好擦拭缺點是怕敲到撞倒最後是衣櫃～為了不要從外面就能看到裡面的衣服所以選用墨玻璃看得太清楚怕會有凌亂的感覺櫃子打開（左）（右）最後是房間的全貌（牀臺也是參考無印請木工做的下方共有六個收納抽屜）謝謝大家耐心看完～～～～?",
    "time": "2017/05/31 17:59:47",
    "event": "slide"
  }
]