[
  {
    "category": "8",
    "app": "Dcard",
    "id": "15",
    "context": "這限時動態也太狂?剛剛看到朋友的限時想說是什麼東東越往下看讓我吃驚?直接來看吧兩點到底在幹嘛乾！！！原來是你哈哈哈哈哈哈哈哈他這是爆炸嗎?究竟會進化成什麼樣啦?",
    "time": "2017/05/31 18:04:15",
    "event": "click"
  },
  {
    "category": "8",
    "app": "Dcard",
    "id": "16",
    "context": "這限時動態也太狂?剛剛看到朋友的限時想說是什麼東東越往下看讓我吃驚?直接來看吧兩點到底在幹嘛乾！！！原來是你哈哈哈哈哈哈哈哈他這是爆炸嗎?究竟會進化成什麼樣啦?",
    "time": "2017/05/31 18:04:15",
    "event": "slide"
  }
]