[
  {
    "category": "9",
    "app": "Dcard",
    "id": "17",
    "context": "每天抽卡只為...每天在dcard抽卡，目標永遠只有一個...就是你。國中就開始喜歡的你在高中錯過緣分的你大學與我分隔兩地的你我不甘心緣分就這樣斷了，只想在dcard抽到你，然候說一聲：欸！我們真是孽緣！希望你會因此相信，我可能還愛你。-與你相距半個地球的女孩❤️",
    "time": "2017/05/31 18:05:11",
    "event": "click"
  },
  {
    "category": "9",
    "app": "Dcard",
    "id": "18",
    "context": "每天抽卡只為...每天在dcard抽卡，目標永遠只有一個...就是你。國中就開始喜歡的你在高中錯過緣分的你大學與我分隔兩地的你我不甘心緣分就這樣斷了，只想在dcard抽到你，然候說一聲：欸！我們真是孽緣！希望你會因此相信，我可能還愛你。-與你相距半個地球的女孩❤️",
    "time": "2017/05/31 18:05:11",
    "event": "slide"
  }
]